target,theta,z_real,z_imag,smin,diagnostic_status,configuration_digest,source_digest,cache_key
alpha^1,0.0,0.7637499999999999,0.0,3.737883943792322e-11,diagnostic_only_not_theorem_gate,4a09b46da042bd99120c3c23c0cc81b0e6b3f33dd2de64fa567151fb2cf15c72,2f4b8aa5a0edfdafeadf5c67ac561b97ec266443615d65a715c735eac6203ef6,169421e73b25e00e379d0a24e476d5f26da19186f48a179e3a8bf83ce889b3b8
alpha^1,0.04908738521234052,0.7636129831433383,0.005581447954743794,3.737917572330528e-11,diagnostic_only_not_theorem_gate,4a09b46da042bd99120c3c23c0cc81b0e6b3f33dd2de64fa567151fb2cf15c72,2f4b8aa5a0edfdafeadf5c67ac561b97ec266443615d65a715c735eac6203ef6,169421e73b25e00e379d0a24e476d5f26da19186f48a179e3a8bf83ce889b3b8
alpha^1,0.09817477042468103,0.7632022626589623,0.011149449712487509,3.73808074496581e-11,diagnostic_only_not_theorem_gate,4a09b46da042bd99120c3c23c0cc81b0e6b3f33dd2de64fa567151fb2cf15c72,2f4b8aa5a0edfdafeadf5c67ac561b97ec266443615d65a715c735eac6203ef6,169421e73b25e00e379d0a24e476d5f26da19186f48a179e3a8bf83ce889b3b8
alpha^1,0.14726215563702155,0.7625188280084938,0.016690591469297387,3.738292542581944e-11,diagnostic_only_not_theorem_gate,4a09b46da042bd99120c3c23c0cc81b0e6b3f33dd2de64fa567151fb2cf15c72,2f4b8aa5a0edfdafeadf5c67ac561b97ec266443615d65a715c735eac6203ef6,169421e73b25e00e379d0a24e476d5f26da19186f48a179e3a8bf83ce889b3b8
alpha^1,0.19634954084936207,0.7615643256458674,0.02219152412933457,3.738462361004139e-11,diagnostic_only_not_theorem_gate,4a09b46da042bd99120c3c23c0cc81b0e6b3f33dd2de64fa567151fb2cf15c72,2f4b8aa5a0edfdafeadf5c67ac561b97ec266443615d65a715c735eac6203ef6,169421e73b25e00e379d0a24e476d5f26da19186f48a179e3a8bf83ce889b3b8
alpha^1,0.2454369260617026,0.7603410550508793,0.027638995463996244,3.738665832037959e-11,diagnostic_only_not_theorem_gate,4a09b46da042bd99120c3c23c0cc81b0e6b3f33dd2de64fa567151fb2cf15c72,2f4b8aa5a0edfdafeadf5c67ac561b97ec266443615d65a715c735eac6203ef6,169421e73b25e00e379d0a24e476d5f26da19186f48a179e3a8bf83ce889b3b8
alpha^1,0.2945243112740431,0.7588519631895387,0.03301988203769506,3.738609583684488e-11,diagnostic_only_not_theorem_gate,4a09b46da042bd99120c3c23c0cc81b0e6b3f33dd2de64fa567151fb2cf15c72,2f4b8aa5a0edfdafeadf5c67ac561b97ec266443615d65a715c735eac6203ef6,169421e73b25e00e379d0a24e476d5f26da19186f48a179e3a8bf83ce889b3b8
alpha^1,0.3436116964863836,0.7571006374145686,0.038321220823365,3.738251442685695e-11,diagnostic_only_not_theorem_gate,4a09b46da042bd99120c3c23c0cc81b0e6b3f33dd2de64fa567151fb2cf15c72,2f4b8aa5a0edfdafeadf5c67ac561b97ec266443615d65a715c735eac6203ef6,169421e73b25e00e379d0a24e476d5f26da19186f48a179e3a8bf83ce889b3b8
alpha^1,0.39269908169872414,0.7550912968231588,0.04353024043152893,3.737494007964698e-11,diagnostic_only_not_theorem_gate,4a09b46da042bd99120c3c23c0cc81b0e6b3f33dd2de64fa567151fb2cf15c72,2f4b8aa5a0edfdafeadf5c67ac561b97ec266443615d65a715c735eac6203ef6,169421e73b25e00e379d0a24e476d5f26da19186f48a179e3a8bf83ce889b3b8
alpha^1,0.44178646691106466,0.7528287820927916,0.04863439187769455,3.736123867917307e-11,diagnostic_only_not_theorem_gate,4a09b46da042bd99120c3c23c0cc81b0e6b3f33dd2de64fa567151fb2cf15c72,2f4b8aa5a0edfdafeadf5c67ac561b97ec266443615d65a715c735eac6203ef6,169421e73b25e00e379d0a24e476d5f26da19186f48a179e3a8bf83ce889b3b8
alpha^1,0.4908738521234052,0.7503185438196254,0.05362137881395719,3.7342535473600605e-11,diagnostic_only_not_theorem_gate,4a09b46da042bd99120c3c23c0cc81b0e6b3f33dd2de64fa567151fb2cf15c72,2f4b8aa5a0edfdafeadf5c67ac561b97ec266443615d65a715c735eac6203ef6,169421e73b25e00e379d0a24e476d5f26da19186f48a179e3a8bf83ce889b3b8
alpha^1,0.5399612373357456,0.7475666293875309,0.05847918715197892,3.731410557685345e-11,diagnostic_only_not_theorem_gate,4a09b46da042bd99120c3c23c0cc81b0e6b3f33dd2de64fa567151fb2cf15c72,2f4b8aa5a0edfdafeadf5c67ac561b97ec266443615d65a715c735eac6203ef6,169421e73b25e00e379d0a24e476d5f26da19186f48a179e3a8bf83ce889b3b8
alpha^1,0.5890486225480862,0.7445796683994145,0.0631961140059797,3.727750155730735e-11,diagnostic_only_not_theorem_gate,4a09b46da042bd99120c3c23c0cc81b0e6b3f33dd2de64fa567151fb2cf15c72,2f4b8aa5a0edfdafeadf5c67ac561b97ec266443615d65a715c735eac6203ef6,169421e73b25e00e379d0a24e476d5f26da19186f48a179e3a8bf83ce889b3b8
alpha^1,0.6381360077604268,0.7413648567059233,0.06776079588601423,3.723092189466807e-11,diagnostic_only_not_theorem_gate,4a09b46da042bd99120c3c23c0cc81b0e6b3f33dd2de64fa567151fb2cf15c72,2f4b8aa5a0edfdafeadf5c67ac561b97ec266443615d65a715c735eac6203ef6,169421e73b25e00e379d0a24e476d5f26da19186f48a179e3a8bf83ce889b3b8
alpha^1,0.6872233929727672,0.7379299390700113,0.07216223607361462,3.717316079086085e-11,diagnostic_only_not_theorem_gate,4a09b46da042bd99120c3c23c0cc81b0e6b3f33dd2de64fa567151fb2cf15c72,2f4b8aa5a0edfdafeadf5c67ac561b97ec266443615d65a715c735eac6203ef6,169421e73b25e00e379d0a24e476d5f26da19186f48a179e3a8bf83ce889b3b8
alpha^1,0.7363107781851077,0.7342831905091265,0.07638983111384827,3.710518180949099e-11,diagnostic_only_not_theorem_gate,4a09b46da042bd99120c3c23c0cc81b0e6b3f33dd2de64fa567151fb2cf15c72,2f4b8aa5a0edfdafeadf5c67ac561b97ec266443615d65a715c735eac6203ef6,169421e73b25e00e379d0a24e476d5f26da19186f48a179e3a8bf83ce889b3b8
alpha^1,0.7853981633974483,0.7304333963599697,0.08043339635996971,3.7024504984143214e-11,diagnostic_only_not_theorem_gate,4a09b46da042bd99120c3c23c0cc81b0e6b3f33dd2de64fa567151fb2cf15c72,2f4b8aa5a0edfdafeadf5c67ac561b97ec266443615d65a715c735eac6203ef6,169421e73b25e00e379d0a24e476d5f26da19186f48a179e3a8bf83ce889b3b8
alpha^1,0.8344855486097889,0.7263898311138482,0.08428319050912653,3.693118378287187e-11,diagnostic_only_not_theorem_gate,4a09b46da042bd99120c3c23c0cc81b0e6b3f33dd2de64fa567151fb2cf15c72,2f4b8aa5a0edfdafeadf5c67ac561b97ec266443615d65a715c735eac6203ef6,169421e73b25e00e379d0a24e476d5f26da19186f48a179e3a8bf83ce889b3b8
alpha^1,0.8835729338221293,0.7221622360736146,0.08792993907001126,3.6825724456709684e-11,diagnostic_only_not_theorem_gate,4a09b46da042bd99120c3c23c0cc81b0e6b3f33dd2de64fa567151fb2cf15c72,2f4b8aa5a0edfdafeadf5c67ac561b97ec266443615d65a715c735eac6203ef6,169421e73b25e00e379d0a24e476d5f26da19186f48a179e3a8bf83ce889b3b8
alpha^1,0.9326603190344698,0.7177607958860143,0.09136485670592327,3.6707268894496805e-11,diagnostic_only_not_theorem_gate,4a09b46da042bd99120c3c23c0cc81b0e6b3f33dd2de64fa567151fb2cf15c72,2f4b8aa5a0edfdafeadf5c67ac561b97ec266443615d65a715c735eac6203ef6,169421e73b25e00e379d0a24e476d5f26da19186f48a179e3a8bf83ce889b3b8
alpha^1,0.9817477042468103,0.7131961140059797,0.09457966839941444,3.657565635353601e-11,diagnostic_only_not_theorem_gate,4a09b46da042bd99120c3c23c0cc81b0e6b3f33dd2de64fa567151fb2cf15c72,2f4b8aa5a0edfdafeadf5c67ac561b97ec266443615d65a715c735eac6203ef6,169421e73b25e00e379d0a24e476d5f26da19186f48a179e3a8bf83ce889b3b8
alpha^1,1.030835089459151,0.7084791871519789,0.09756662938753087,3.6431184921303345e-11,diagnostic_only_not_theorem_gate,4a09b46da042bd99120c3c23c0cc81b0e6b3f33dd2de64fa567151fb2cf15c72,2f4b8aa5a0edfdafeadf5c67ac561b97ec266443615d65a715c735eac6203ef6,169421e73b25e00e379d0a24e476d5f26da19186f48a179e3a8bf83ce889b3b8
alpha^1,1.0799224746714913,0.7036213788139573,0.1003185438196253,3.6274075162824424e-11,diagnostic_only_not_theorem_gate,4a09b46da042bd99120c3c23c0cc81b0e6b3f33dd2de64fa567151fb2cf15c72,2f4b8aa5a0edfdafeadf5c67ac561b97ec266443615d65a715c735eac6203ef6,169421e73b25e00e379d0a24e476d5f26da19186f48a179e3a8bf83ce889b3b8
alpha^1,1.1290098598838318,0.6986343918776946,0.1028287820927916,3.610490801753643e-11,diagnostic_only_not_theorem_gate,4a09b46da042bd99120c3c23c0cc81b0e6b3f33dd2de64fa567151fb2cf15c72,2f4b8aa5a0edfdafeadf5c67ac561b97ec266443615d65a715c735eac6203ef6,169421e73b25e00e379d0a24e476d5f26da19186f48a179e3a8bf83ce889b3b8
alpha^1,1.1780972450961724,0.693530240431529,0.10509129682315878,3.592287199825064e-11,diagnostic_only_not_theorem_gate,4a09b46da042bd99120c3c23c0cc81b0e6b3f33dd2de64fa567151fb2cf15c72,2f4b8aa5a0edfdafeadf5c67ac561b97ec266443615d65a715c735eac6203ef6,169421e73b25e00e379d0a24e476d5f26da19186f48a179e3a8bf83ce889b3b8
alpha^1,1.227184630308513,0.688321220823365,0.10710063741456853,3.572915032573142e-11,diagnostic_only_not_theorem_gate,4a09b46da042bd99120c3c23c0cc81b0e6b3f33dd2de64fa567151fb2cf15c72,2f4b8aa5a0edfdafeadf5c67ac561b97ec266443615d65a715c735eac6203ef6,169421e73b25e00e379d0a24e476d5f26da19186f48a179e3a8bf83ce889b3b8
alpha^1,1.2762720155208536,0.683019882037695,0.10885196318953867,3.552410302789756e-11,diagnostic_only_not_theorem_gate,4a09b46da042bd99120c3c23c0cc81b0e6b3f33dd2de64fa567151fb2cf15c72,2f4b8aa5a0edfdafeadf5c67ac561b97ec266443615d65a715c735eac6203ef6,169421e73b25e00e379d0a24e476d5f26da19186f48a179e3a8bf83ce889b3b8
alpha^1,1.325359400733194,0.6776389954639963,0.11034105505087928,3.530802311785606e-11,diagnostic_only_not_theorem_gate,4a09b46da042bd99120c3c23c0cc81b0e6b3f33dd2de64fa567151fb2cf15c72,2f4b8aa5a0edfdafeadf5c67ac561b97ec266443615d65a715c735eac6203ef6,169421e73b25e00e379d0a24e476d5f26da19186f48a179e3a8bf83ce889b3b8
alpha^1,1.3744467859455345,0.6721915241293346,0.11156432564586737,3.508149814845783e-11,diagnostic_only_not_theorem_gate,4a09b46da042bd99120c3c23c0cc81b0e6b3f33dd2de64fa567151fb2cf15c72,2f4b8aa5a0edfdafeadf5c67ac561b97ec266443615d65a715c735eac6203ef6,169421e73b25e00e379d0a24e476d5f26da19186f48a179e3a8bf83ce889b3b8
alpha^1,1.423534171157875,0.6666905914692974,0.11251882800849375,3.484484226686286e-11,diagnostic_only_not_theorem_gate,4a09b46da042bd99120c3c23c0cc81b0e6b3f33dd2de64fa567151fb2cf15c72,2f4b8aa5a0edfdafeadf5c67ac561b97ec266443615d65a715c735eac6203ef6,169421e73b25e00e379d0a24e476d5f26da19186f48a179e3a8bf83ce889b3b8
alpha^1,1.4726215563702154,0.6611494497124876,0.1132022626589623,3.45987890820164e-11,diagnostic_only_not_theorem_gate,4a09b46da042bd99120c3c23c0cc81b0e6b3f33dd2de64fa567151fb2cf15c72,2f4b8aa5a0edfdafeadf5c67ac561b97ec266443615d65a715c735eac6203ef6,169421e73b25e00e379d0a24e476d5f26da19186f48a179e3a8bf83ce889b3b8
alpha^1,1.521708941582556,0.6555814479547438,0.11361298314333827,3.4343816763523985e-11,diagnostic_only_not_theorem_gate,4a09b46da042bd99120c3c23c0cc81b0e6b3f33dd2de64fa567151fb2cf15c72,2f4b8aa5a0edfdafeadf5c67ac561b97ec266443615d65a715c735eac6203ef6,169421e73b25e00e379d0a24e476d5f26da19186f48a179e3a8bf83ce889b3b8
alpha^1,1.5707963267948966,0.65,0.1137499999999999,3.4080376072475566e-11,diagnostic_only_not_theorem_gate,4a09b46da042bd99120c3c23c0cc81b0e6b3f33dd2de64fa567151fb2cf15c72,2f4b8aa5a0edfdafeadf5c67ac561b97ec266443615d65a715c735eac6203ef6,169421e73b25e00e379d0a24e476d5f26da19186f48a179e3a8bf83ce889b3b8
alpha^1,1.6198837120072371,0.6444185520452562,0.11361298314333827,3.380913710880777e-11,diagnostic_only_not_theorem_gate,4a09b46da042bd99120c3c23c0cc81b0e6b3f33dd2de64fa567151fb2cf15c72,2f4b8aa5a0edfdafeadf5c67ac561b97ec266443615d65a715c735eac6203ef6,169421e73b25e00e379d0a24e476d5f26da19186f48a179e3a8bf83ce889b3b8
alpha^1,1.6689710972195777,0.6388505502875125,0.11320226265896231,3.353039014694163e-11,diagnostic_only_not_theorem_gate,4a09b46da042bd99120c3c23c0cc81b0e6b3f33dd2de64fa567151fb2cf15c72,2f4b8aa5a0edfdafeadf5c67ac561b97ec266443615d65a715c735eac6203ef6,169421e73b25e00e379d0a24e476d5f26da19186f48a179e3a8bf83ce889b3b8
alpha^1,1.718058482431918,0.6333094085307026,0.11251882800849375,3.324534621055362e-11,diagnostic_only_not_theorem_gate,4a09b46da042bd99120c3c23c0cc81b0e6b3f33dd2de64fa567151fb2cf15c72,2f4b8aa5a0edfdafeadf5c67ac561b97ec266443615d65a715c735eac6203ef6,169421e73b25e00e379d0a24e476d5f26da19186f48a179e3a8bf83ce889b3b8
alpha^1,1.7671458676442586,0.6278084758706655,0.11156432564586737,3.295386472515885e-11,diagnostic_only_not_theorem_gate,4a09b46da042bd99120c3c23c0cc81b0e6b3f33dd2de64fa567151fb2cf15c72,2f4b8aa5a0edfdafeadf5c67ac561b97ec266443615d65a715c735eac6203ef6,169421e73b25e00e379d0a24e476d5f26da19186f48a179e3a8bf83ce889b3b8
alpha^1,1.8162332528565992,0.6223610045360037,0.11034105505087928,3.265659036855431e-11,diagnostic_only_not_theorem_gate,4a09b46da042bd99120c3c23c0cc81b0e6b3f33dd2de64fa567151fb2cf15c72,2f4b8aa5a0edfdafeadf5c67ac561b97ec266443615d65a715c735eac6203ef6,169421e73b25e00e379d0a24e476d5f26da19186f48a179e3a8bf83ce889b3b8
alpha^1,1.8653206380689396,0.616980117962305,0.10885196318953867,3.2354122846405516e-11,diagnostic_only_not_theorem_gate,4a09b46da042bd99120c3c23c0cc81b0e6b3f33dd2de64fa567151fb2cf15c72,2f4b8aa5a0edfdafeadf5c67ac561b97ec266443615d65a715c735eac6203ef6,169421e73b25e00e379d0a24e476d5f26da19186f48a179e3a8bf83ce889b3b8
alpha^1,1.9144080232812801,0.611678779176635,0.10710063741456853,3.204707674092145e-11,diagnostic_only_not_theorem_gate,4a09b46da042bd99120c3c23c0cc81b0e6b3f33dd2de64fa567151fb2cf15c72,2f4b8aa5a0edfdafeadf5c67ac561b97ec266443615d65a715c735eac6203ef6,169421e73b25e00e379d0a24e476d5f26da19186f48a179e3a8bf83ce889b3b8
alpha^1,1.9634954084936207,0.6064697595684712,0.10509129682315878,3.1735292054616934e-11,diagnostic_only_not_theorem_gate,4a09b46da042bd99120c3c23c0cc81b0e6b3f33dd2de64fa567151fb2cf15c72,2f4b8aa5a0edfdafeadf5c67ac561b97ec266443615d65a715c735eac6203ef6,169421e73b25e00e379d0a24e476d5f26da19186f48a179e3a8bf83ce889b3b8
alpha^1,2.012582793705961,0.6013656081223056,0.1028287820927916,3.142001056035451e-11,diagnostic_only_not_theorem_gate,4a09b46da042bd99120c3c23c0cc81b0e6b3f33dd2de64fa567151fb2cf15c72,2f4b8aa5a0edfdafeadf5c67ac561b97ec266443615d65a715c735eac6203ef6,169421e73b25e00e379d0a24e476d5f26da19186f48a179e3a8bf83ce889b3b8
alpha^1,2.061670178918302,0.5963786211860428,0.10031854381962531,3.110086763209599e-11,diagnostic_only_not_theorem_gate,4a09b46da042bd99120c3c23c0cc81b0e6b3f33dd2de64fa567151fb2cf15c72,2f4b8aa5a0edfdafeadf5c67ac561b97ec266443615d65a715c735eac6203ef6,169421e73b25e00e379d0a24e476d5f26da19186f48a179e3a8bf83ce889b3b8
alpha^1,2.110757564130642,0.5915208128480212,0.09756662938753087,3.077866122821007e-11,diagnostic_only_not_theorem_gate,4a09b46da042bd99120c3c23c0cc81b0e6b3f33dd2de64fa567151fb2cf15c72,2f4b8aa5a0edfdafeadf5c67ac561b97ec266443615d65a715c735eac6203ef6,169421e73b25e00e379d0a24e476d5f26da19186f48a179e3a8bf83ce889b3b8
alpha^1,2.1598449493429825,0.5868038859940203,0.09457966839941447,3.045311536634365e-11,diagnostic_only_not_theorem_gate,4a09b46da042bd99120c3c23c0cc81b0e6b3f33dd2de64fa567151fb2cf15c72,2f4b8aa5a0edfdafeadf5c67ac561b97ec266443615d65a715c735eac6203ef6,169421e73b25e00e379d0a24e476d5f26da19186f48a179e3a8bf83ce889b3b8
alpha^1,2.2089323345553233,0.5822392041139858,0.09136485670592329,3.012515488356328e-11,diagnostic_only_not_theorem_gate,4a09b46da042bd99120c3c23c0cc81b0e6b3f33dd2de64fa567151fb2cf15c72,2f4b8aa5a0edfdafeadf5c67ac561b97ec266443615d65a715c735eac6203ef6,169421e73b25e00e379d0a24e476d5f26da19186f48a179e3a8bf83ce889b3b8
alpha^1,2.2580197197676637,0.5778377639263854,0.08792993907001127,2.97946814750929e-11,diagnostic_only_not_theorem_gate,4a09b46da042bd99120c3c23c0cc81b0e6b3f33dd2de64fa567151fb2cf15c72,2f4b8aa5a0edfdafeadf5c67ac561b97ec266443615d65a715c735eac6203ef6,169421e73b25e00e379d0a24e476d5f26da19186f48a179e3a8bf83ce889b3b8
alpha^1,2.3071071049800045,0.5736101688861517,0.08428319050912651,2.946188270908778e-11,diagnostic_only_not_theorem_gate,4a09b46da042bd99120c3c23c0cc81b0e6b3f33dd2de64fa567151fb2cf15c72,2f4b8aa5a0edfdafeadf5c67ac561b97ec266443615d65a715c735eac6203ef6,169421e73b25e00e379d0a24e476d5f26da19186f48a179e3a8bf83ce889b3b8
alpha^1,2.356194490192345,0.5695666036400303,0.08043339635996972,2.9127486827365704e-11,diagnostic_only_not_theorem_gate,4a09b46da042bd99120c3c23c0cc81b0e6b3f33dd2de64fa567151fb2cf15c72,2f4b8aa5a0edfdafeadf5c67ac561b97ec266443615d65a715c735eac6203ef6,169421e73b25e00e379d0a24e476d5f26da19186f48a179e3a8bf83ce889b3b8
alpha^1,2.405281875404685,0.5657168094908736,0.0763898311138483,2.8791291417320258e-11,diagnostic_only_not_theorem_gate,4a09b46da042bd99120c3c23c0cc81b0e6b3f33dd2de64fa567151fb2cf15c72,2f4b8aa5a0edfdafeadf5c67ac561b97ec266443615d65a715c735eac6203ef6,169421e73b25e00e379d0a24e476d5f26da19186f48a179e3a8bf83ce889b3b8
alpha^1,2.454369260617026,0.5620700609299888,0.07216223607361462,2.845469833475248e-11,diagnostic_only_not_theorem_gate,4a09b46da042bd99120c3c23c0cc81b0e6b3f33dd2de64fa567151fb2cf15c72,2f4b8aa5a0edfdafeadf5c67ac561b97ec266443615d65a715c735eac6203ef6,169421e73b25e00e379d0a24e476d5f26da19186f48a179e3a8bf83ce889b3b8
alpha^1,2.5034566458293663,0.5586351432940767,0.06776079588601425,2.8117661205537515e-11,diagnostic_only_not_theorem_gate,4a09b46da042bd99120c3c23c0cc81b0e6b3f33dd2de64fa567151fb2cf15c72,2f4b8aa5a0edfdafeadf5c67ac561b97ec266443615d65a715c735eac6203ef6,169421e73b25e00e379d0a24e476d5f26da19186f48a179e3a8bf83ce889b3b8
alpha^1,2.552544031041707,0.5554203316005856,0.0631961140059797,2.7781947602134113e-11,diagnostic_only_not_theorem_gate,4a09b46da042bd99120c3c23c0cc81b0e6b3f33dd2de64fa567151fb2cf15c72,2f4b8aa5a0edfdafeadf5c67ac561b97ec266443615d65a715c735eac6203ef6,169421e73b25e00e379d0a24e476d5f26da19186f48a179e3a8bf83ce889b3b8
alpha^1,2.6016314162540475,0.5524333706124691,0.05847918715197893,2.744917569611574e-11,diagnostic_only_not_theorem_gate,4a09b46da042bd99120c3c23c0cc81b0e6b3f33dd2de64fa567151fb2cf15c72,2f4b8aa5a0edfdafeadf5c67ac561b97ec266443615d65a715c735eac6203ef6,169421e73b25e00e379d0a24e476d5f26da19186f48a179e3a8bf83ce889b3b8
alpha^1,2.650718801466388,0.5496814561803747,0.05362137881395721,2.7121493535255053e-11,diagnostic_only_not_theorem_gate,4a09b46da042bd99120c3c23c0cc81b0e6b3f33dd2de64fa567151fb2cf15c72,2f4b8aa5a0edfdafeadf5c67ac561b97ec266443615d65a715c735eac6203ef6,169421e73b25e00e379d0a24e476d5f26da19186f48a179e3a8bf83ce889b3b8
alpha^1,2.6998061866787286,0.5471712179072085,0.04863439187769454,2.6801870860659366e-11,diagnostic_only_not_theorem_gate,4a09b46da042bd99120c3c23c0cc81b0e6b3f33dd2de64fa567151fb2cf15c72,2f4b8aa5a0edfdafeadf5c67ac561b97ec266443615d65a715c735eac6203ef6,169421e73b25e00e379d0a24e476d5f26da19186f48a179e3a8bf83ce889b3b8
alpha^1,2.748893571891069,0.5449087031768413,0.04353024043152894,2.6493891459164783e-11,diagnostic_only_not_theorem_gate,4a09b46da042bd99120c3c23c0cc81b0e6b3f33dd2de64fa567151fb2cf15c72,2f4b8aa5a0edfdafeadf5c67ac561b97ec266443615d65a715c735eac6203ef6,169421e73b25e00e379d0a24e476d5f26da19186f48a179e3a8bf83ce889b3b8
alpha^1,2.7979809571034093,0.5428993625854315,0.03832122082336503,2.620202870593552e-11,diagnostic_only_not_theorem_gate,4a09b46da042bd99120c3c23c0cc81b0e6b3f33dd2de64fa567151fb2cf15c72,2f4b8aa5a0edfdafeadf5c67ac561b97ec266443615d65a715c735eac6203ef6,169421e73b25e00e379d0a24e476d5f26da19186f48a179e3a8bf83ce889b3b8
alpha^1,2.84706834231575,0.5411480368104613,0.03301988203769507,2.593154060834594e-11,diagnostic_only_not_theorem_gate,4a09b46da042bd99120c3c23c0cc81b0e6b3f33dd2de64fa567151fb2cf15c72,2f4b8aa5a0edfdafeadf5c67ac561b97ec266443615d65a715c735eac6203ef6,169421e73b25e00e379d0a24e476d5f26da19186f48a179e3a8bf83ce889b3b8
alpha^1,2.8961557275280905,0.5396589449491207,0.027638995463996265,2.5688239722345682e-11,diagnostic_only_not_theorem_gate,4a09b46da042bd99120c3c23c0cc81b0e6b3f33dd2de64fa567151fb2cf15c72,2f4b8aa5a0edfdafeadf5c67ac561b97ec266443615d65a715c735eac6203ef6,169421e73b25e00e379d0a24e476d5f26da19186f48a179e3a8bf83ce889b3b8
alpha^1,2.945243112740431,0.5384356743541326,0.02219152412933461,2.5478211005324038e-11,diagnostic_only_not_theorem_gate,4a09b46da042bd99120c3c23c0cc81b0e6b3f33dd2de64fa567151fb2cf15c72,2f4b8aa5a0edfdafeadf5c67ac561b97ec266443615d65a715c735eac6203ef6,169421e73b25e00e379d0a24e476d5f26da19186f48a179e3a8bf83ce889b3b8
alpha^1,2.9943304979527716,0.5374811719915062,0.01669059146929739,2.5307339539639254e-11,diagnostic_only_not_theorem_gate,4a09b46da042bd99120c3c23c0cc81b0e6b3f33dd2de64fa567151fb2cf15c72,2f4b8aa5a0edfdafeadf5c67ac561b97ec266443615d65a715c735eac6203ef6,169421e73b25e00e379d0a24e476d5f26da19186f48a179e3a8bf83ce889b3b8
alpha^1,3.043417883165112,0.5367977373410378,0.011149449712487535,2.518124368184913e-11,diagnostic_only_not_theorem_gate,4a09b46da042bd99120c3c23c0cc81b0e6b3f33dd2de64fa567151fb2cf15c72,2f4b8aa5a0edfdafeadf5c67ac561b97ec266443615d65a715c735eac6203ef6,169421e73b25e00e379d0a24e476d5f26da19186f48a179e3a8bf83ce889b3b8
alpha^1,3.0925052683774528,0.5363870168566618,0.005581447954743789,2.5102991615347946e-11,diagnostic_only_not_theorem_gate,4a09b46da042bd99120c3c23c0cc81b0e6b3f33dd2de64fa567151fb2cf15c72,2f4b8aa5a0edfdafeadf5c67ac561b97ec266443615d65a715c735eac6203ef6,169421e73b25e00e379d0a24e476d5f26da19186f48a179e3a8bf83ce889b3b8
alpha^1,3.141592653589793,0.5362500000000001,1.393035734030113e-17,2.5077010173905985e-11,diagnostic_only_not_theorem_gate,4a09b46da042bd99120c3c23c0cc81b0e6b3f33dd2de64fa567151fb2cf15c72,2f4b8aa5a0edfdafeadf5c67ac561b97ec266443615d65a715c735eac6203ef6,169421e73b25e00e379d0a24e476d5f26da19186f48a179e3a8bf83ce889b3b8
alpha^1,3.1906800388021335,0.5363870168566618,-0.005581447954743761,2.510308778075436e-11,diagnostic_only_not_theorem_gate,4a09b46da042bd99120c3c23c0cc81b0e6b3f33dd2de64fa567151fb2cf15c72,2f4b8aa5a0edfdafeadf5c67ac561b97ec266443615d65a715c735eac6203ef6,169421e73b25e00e379d0a24e476d5f26da19186f48a179e3a8bf83ce889b3b8
alpha^1,3.2397674240144743,0.5367977373410378,-0.011149449712487509,2.518117903882162e-11,diagnostic_only_not_theorem_gate,4a09b46da042bd99120c3c23c0cc81b0e6b3f33dd2de64fa567151fb2cf15c72,2f4b8aa5a0edfdafeadf5c67ac561b97ec266443615d65a715c735eac6203ef6,169421e73b25e00e379d0a24e476d5f26da19186f48a179e3a8bf83ce889b3b8
alpha^1,3.2888548092268146,0.5374811719915062,-0.016690591469297366,2.5307522972336414e-11,diagnostic_only_not_theorem_gate,4a09b46da042bd99120c3c23c0cc81b0e6b3f33dd2de64fa567151fb2cf15c72,2f4b8aa5a0edfdafeadf5c67ac561b97ec266443615d65a715c735eac6203ef6,169421e73b25e00e379d0a24e476d5f26da19186f48a179e3a8bf83ce889b3b8
alpha^1,3.3379421944391554,0.5384356743541326,-0.022191524129334582,2.5478229776322654e-11,diagnostic_only_not_theorem_gate,4a09b46da042bd99120c3c23c0cc81b0e6b3f33dd2de64fa567151fb2cf15c72,2f4b8aa5a0edfdafeadf5c67ac561b97ec266443615d65a715c735eac6203ef6,169421e73b25e00e379d0a24e476d5f26da19186f48a179e3a8bf83ce889b3b8
alpha^1,3.3870295796514958,0.5396589449491207,-0.027638995463996237,2.5688372674365813e-11,diagnostic_only_not_theorem_gate,4a09b46da042bd99120c3c23c0cc81b0e6b3f33dd2de64fa567151fb2cf15c72,2f4b8aa5a0edfdafeadf5c67ac561b97ec266443615d65a715c735eac6203ef6,169421e73b25e00e379d0a24e476d5f26da19186f48a179e3a8bf83ce889b3b8
alpha^1,3.436116964863836,0.5411480368104613,-0.033019882037695035,2.5931527825774135e-11,diagnostic_only_not_theorem_gate,4a09b46da042bd99120c3c23c0cc81b0e6b3f33dd2de64fa567151fb2cf15c72,2f4b8aa5a0edfdafeadf5c67ac561b97ec266443615d65a715c735eac6203ef6,169421e73b25e00e379d0a24e476d5f26da19186f48a179e3a8bf83ce889b3b8
alpha^1,3.485204350076177,0.5428993625854315,-0.038321220823365004,2.6202098617655127e-11,diagnostic_only_not_theorem_gate,4a09b46da042bd99120c3c23c0cc81b0e6b3f33dd2de64fa567151fb2cf15c72,2f4b8aa5a0edfdafeadf5c67ac561b97ec266443615d65a715c735eac6203ef6,169421e73b25e00e379d0a24e476d5f26da19186f48a179e3a8bf83ce889b3b8
alpha^1,3.5342917352885173,0.5449087031768413,-0.043530240431528915,2.649395659396823e-11,diagnostic_only_not_theorem_gate,4a09b46da042bd99120c3c23c0cc81b0e6b3f33dd2de64fa567151fb2cf15c72,2f4b8aa5a0edfdafeadf5c67ac561b97ec266443615d65a715c735eac6203ef6,169421e73b25e00e379d0a24e476d5f26da19186f48a179e3a8bf83ce889b3b8
alpha^1,3.5833791205008576,0.5471712179072085,-0.04863439187769451,2.680189805948745e-11,diagnostic_only_not_theorem_gate,4a09b46da042bd99120c3c23c0cc81b0e6b3f33dd2de64fa567151fb2cf15c72,2f4b8aa5a0edfdafeadf5c67ac561b97ec266443615d65a715c735eac6203ef6,169421e73b25e00e379d0a24e476d5f26da19186f48a179e3a8bf83ce889b3b8
alpha^1,3.6324665057131984,0.5496814561803747,-0.05362137881395719,2.7121497626369233e-11,diagnostic_only_not_theorem_gate,4a09b46da042bd99120c3c23c0cc81b0e6b3f33dd2de64fa567151fb2cf15c72,2f4b8aa5a0edfdafeadf5c67ac561b97ec266443615d65a715c735eac6203ef6,169421e73b25e00e379d0a24e476d5f26da19186f48a179e3a8bf83ce889b3b8
alpha^1,3.6815538909255388,0.5524333706124691,-0.058479187151978904,2.7449025379414572e-11,diagnostic_only_not_theorem_gate,4a09b46da042bd99120c3c23c0cc81b0e6b3f33dd2de64fa567151fb2cf15c72,2f4b8aa5a0edfdafeadf5c67ac561b97ec266443615d65a715c735eac6203ef6,169421e73b25e00e379d0a24e476d5f26da19186f48a179e3a8bf83ce889b3b8
alpha^1,3.730641276137879,0.5554203316005856,-0.06319611400597967,2.7781923199556245e-11,diagnostic_only_not_theorem_gate,4a09b46da042bd99120c3c23c0cc81b0e6b3f33dd2de64fa567151fb2cf15c72,2f4b8aa5a0edfdafeadf5c67ac561b97ec266443615d65a715c735eac6203ef6,169421e73b25e00e379d0a24e476d5f26da19186f48a179e3a8bf83ce889b3b8
alpha^1,3.77972866135022,0.5586351432940767,-0.06776079588601423,2.8117690433862997e-11,diagnostic_only_not_theorem_gate,4a09b46da042bd99120c3c23c0cc81b0e6b3f33dd2de64fa567151fb2cf15c72,2f4b8aa5a0edfdafeadf5c67ac561b97ec266443615d65a715c735eac6203ef6,169421e73b25e00e379d0a24e476d5f26da19186f48a179e3a8bf83ce889b3b8
alpha^1,3.8288160465625602,0.5620700609299888,-0.07216223607361459,2.845449610215027e-11,diagnostic_only_not_theorem_gate,4a09b46da042bd99120c3c23c0cc81b0e6b3f33dd2de64fa567151fb2cf15c72,2f4b8aa5a0edfdafeadf5c67ac561b97ec266443615d65a715c735eac6203ef6,169421e73b25e00e379d0a24e476d5f26da19186f48a179e3a8bf83ce889b3b8
alpha^1,3.877903431774901,0.5657168094908736,-0.07638983111384828,2.8791346703566677e-11,diagnostic_only_not_theorem_gate,4a09b46da042bd99120c3c23c0cc81b0e6b3f33dd2de64fa567151fb2cf15c72,2f4b8aa5a0edfdafeadf5c67ac561b97ec266443615d65a715c735eac6203ef6,169421e73b25e00e379d0a24e476d5f26da19186f48a179e3a8bf83ce889b3b8
alpha^1,3.9269908169872414,0.5695666036400303,-0.08043339635996971,2.91274945444821e-11,diagnostic_only_not_theorem_gate,4a09b46da042bd99120c3c23c0cc81b0e6b3f33dd2de64fa567151fb2cf15c72,2f4b8aa5a0edfdafeadf5c67ac561b97ec266443615d65a715c735eac6203ef6,169421e73b25e00e379d0a24e476d5f26da19186f48a179e3a8bf83ce889b3b8
alpha^1,3.9760782021995817,0.5736101688861517,-0.0842831905091265,2.946193411385093e-11,diagnostic_only_not_theorem_gate,4a09b46da042bd99120c3c23c0cc81b0e6b3f33dd2de64fa567151fb2cf15c72,2f4b8aa5a0edfdafeadf5c67ac561b97ec266443615d65a715c735eac6203ef6,169421e73b25e00e379d0a24e476d5f26da19186f48a179e3a8bf83ce889b3b8
alpha^1,4.025165587411922,0.5778377639263854,-0.08792993907001122,2.979475207623018e-11,diagnostic_only_not_theorem_gate,4a09b46da042bd99120c3c23c0cc81b0e6b3f33dd2de64fa567151fb2cf15c72,2f4b8aa5a0edfdafeadf5c67ac561b97ec266443615d65a715c735eac6203ef6,169421e73b25e00e379d0a24e476d5f26da19186f48a179e3a8bf83ce889b3b8
alpha^1,4.074252972624263,0.5822392041139858,-0.0913648567059233,3.0125117512988984e-11,diagnostic_only_not_theorem_gate,4a09b46da042bd99120c3c23c0cc81b0e6b3f33dd2de64fa567151fb2cf15c72,2f4b8aa5a0edfdafeadf5c67ac561b97ec266443615d65a715c735eac6203ef6,169421e73b25e00e379d0a24e476d5f26da19186f48a179e3a8bf83ce889b3b8
alpha^1,4.123340357836604,0.5868038859940203,-0.09457966839941444,3.045307376125673e-11,diagnostic_only_not_theorem_gate,4a09b46da042bd99120c3c23c0cc81b0e6b3f33dd2de64fa567151fb2cf15c72,2f4b8aa5a0edfdafeadf5c67ac561b97ec266443615d65a715c735eac6203ef6,169421e73b25e00e379d0a24e476d5f26da19186f48a179e3a8bf83ce889b3b8
alpha^1,4.172427743048944,0.591520812848021,-0.09756662938753086,3.077862343760659e-11,diagnostic_only_not_theorem_gate,4a09b46da042bd99120c3c23c0cc81b0e6b3f33dd2de64fa567151fb2cf15c72,2f4b8aa5a0edfdafeadf5c67ac561b97ec266443615d65a715c735eac6203ef6,169421e73b25e00e379d0a24e476d5f26da19186f48a179e3a8bf83ce889b3b8
alpha^1,4.221515128261284,0.5963786211860428,-0.1003185438196253,3.110096617104242e-11,diagnostic_only_not_theorem_gate,4a09b46da042bd99120c3c23c0cc81b0e6b3f33dd2de64fa567151fb2cf15c72,2f4b8aa5a0edfdafeadf5c67ac561b97ec266443615d65a715c735eac6203ef6,169421e73b25e00e379d0a24e476d5f26da19186f48a179e3a8bf83ce889b3b8
alpha^1,4.270602513473625,0.6013656081223054,-0.10282878209279157,3.1420048288097994e-11,diagnostic_only_not_theorem_gate,4a09b46da042bd99120c3c23c0cc81b0e6b3f33dd2de64fa567151fb2cf15c72,2f4b8aa5a0edfdafeadf5c67ac561b97ec266443615d65a715c735eac6203ef6,169421e73b25e00e379d0a24e476d5f26da19186f48a179e3a8bf83ce889b3b8
alpha^1,4.319689898685965,0.606469759568471,-0.10509129682315875,3.173536005457114e-11,diagnostic_only_not_theorem_gate,4a09b46da042bd99120c3c23c0cc81b0e6b3f33dd2de64fa567151fb2cf15c72,2f4b8aa5a0edfdafeadf5c67ac561b97ec266443615d65a715c735eac6203ef6,169421e73b25e00e379d0a24e476d5f26da19186f48a179e3a8bf83ce889b3b8
alpha^1,4.368777283898306,0.611678779176635,-0.10710063741456853,3.204707674092145e-11,diagnostic_only_not_theorem_gate,4a09b46da042bd99120c3c23c0cc81b0e6b3f33dd2de64fa567151fb2cf15c72,2f4b8aa5a0edfdafeadf5c67ac561b97ec266443615d65a715c735eac6203ef6,169421e73b25e00e379d0a24e476d5f26da19186f48a179e3a8bf83ce889b3b8
alpha^1,4.417864669110647,0.6169801179623049,-0.10885196318953866,3.2354036463505655e-11,diagnostic_only_not_theorem_gate,4a09b46da042bd99120c3c23c0cc81b0e6b3f33dd2de64fa567151fb2cf15c72,2f4b8aa5a0edfdafeadf5c67ac561b97ec266443615d65a715c735eac6203ef6,169421e73b25e00e379d0a24e476d5f26da19186f48a179e3a8bf83ce889b3b8
alpha^1,4.466952054322987,0.6223610045360037,-0.11034105505087928,3.265659036855431e-11,diagnostic_only_not_theorem_gate,4a09b46da042bd99120c3c23c0cc81b0e6b3f33dd2de64fa567151fb2cf15c72,2f4b8aa5a0edfdafeadf5c67ac561b97ec266443615d65a715c735eac6203ef6,169421e73b25e00e379d0a24e476d5f26da19186f48a179e3a8bf83ce889b3b8
alpha^1,4.516039439535327,0.6278084758706655,-0.11156432564586735,3.295363637369892e-11,diagnostic_only_not_theorem_gate,4a09b46da042bd99120c3c23c0cc81b0e6b3f33dd2de64fa567151fb2cf15c72,2f4b8aa5a0edfdafeadf5c67ac561b97ec266443615d65a715c735eac6203ef6,169421e73b25e00e379d0a24e476d5f26da19186f48a179e3a8bf83ce889b3b8
alpha^1,4.565126824747668,0.6333094085307026,-0.11251882800849373,3.3245377275836114e-11,diagnostic_only_not_theorem_gate,4a09b46da042bd99120c3c23c0cc81b0e6b3f33dd2de64fa567151fb2cf15c72,2f4b8aa5a0edfdafeadf5c67ac561b97ec266443615d65a715c735eac6203ef6,169421e73b25e00e379d0a24e476d5f26da19186f48a179e3a8bf83ce889b3b8
alpha^1,4.614214209960009,0.6388505502875126,-0.11320226265896231,3.353046199593632e-11,diagnostic_only_not_theorem_gate,4a09b46da042bd99120c3c23c0cc81b0e6b3f33dd2de64fa567151fb2cf15c72,2f4b8aa5a0edfdafeadf5c67ac561b97ec266443615d65a715c735eac6203ef6,169421e73b25e00e379d0a24e476d5f26da19186f48a179e3a8bf83ce889b3b8
alpha^1,4.663301595172349,0.6444185520452562,-0.11361298314333827,3.380913710880777e-11,diagnostic_only_not_theorem_gate,4a09b46da042bd99120c3c23c0cc81b0e6b3f33dd2de64fa567151fb2cf15c72,2f4b8aa5a0edfdafeadf5c67ac561b97ec266443615d65a715c735eac6203ef6,169421e73b25e00e379d0a24e476d5f26da19186f48a179e3a8bf83ce889b3b8
alpha^1,4.71238898038469,0.65,-0.1137499999999999,3.4080376072475566e-11,diagnostic_only_not_theorem_gate,4a09b46da042bd99120c3c23c0cc81b0e6b3f33dd2de64fa567151fb2cf15c72,2f4b8aa5a0edfdafeadf5c67ac561b97ec266443615d65a715c735eac6203ef6,169421e73b25e00e379d0a24e476d5f26da19186f48a179e3a8bf83ce889b3b8
alpha^1,4.76147636559703,0.6555814479547438,-0.11361298314333827,3.4343816763523985e-11,diagnostic_only_not_theorem_gate,4a09b46da042bd99120c3c23c0cc81b0e6b3f33dd2de64fa567151fb2cf15c72,2f4b8aa5a0edfdafeadf5c67ac561b97ec266443615d65a715c735eac6203ef6,169421e73b25e00e379d0a24e476d5f26da19186f48a179e3a8bf83ce889b3b8
alpha^1,4.81056375080937,0.6611494497124875,-0.11320226265896231,3.4598867002770746e-11,diagnostic_only_not_theorem_gate,4a09b46da042bd99120c3c23c0cc81b0e6b3f33dd2de64fa567151fb2cf15c72,2f4b8aa5a0edfdafeadf5c67ac561b97ec266443615d65a715c735eac6203ef6,169421e73b25e00e379d0a24e476d5f26da19186f48a179e3a8bf83ce889b3b8
alpha^1,4.859651136021712,0.6666905914692974,-0.11251882800849373,3.4844877449598516e-11,diagnostic_only_not_theorem_gate,4a09b46da042bd99120c3c23c0cc81b0e6b3f33dd2de64fa567151fb2cf15c72,2f4b8aa5a0edfdafeadf5c67ac561b97ec266443615d65a715c735eac6203ef6,169421e73b25e00e379d0a24e476d5f26da19186f48a179e3a8bf83ce889b3b8
alpha^1,4.908738521234052,0.6721915241293346,-0.11156432564586737,3.508149814845783e-11,diagnostic_only_not_theorem_gate,4a09b46da042bd99120c3c23c0cc81b0e6b3f33dd2de64fa567151fb2cf15c72,2f4b8aa5a0edfdafeadf5c67ac561b97ec266443615d65a715c735eac6203ef6,169421e73b25e00e379d0a24e476d5f26da19186f48a179e3a8bf83ce889b3b8
alpha^1,4.957825906446392,0.6776389954639963,-0.11034105505087928,3.530802311785606e-11,diagnostic_only_not_theorem_gate,4a09b46da042bd99120c3c23c0cc81b0e6b3f33dd2de64fa567151fb2cf15c72,2f4b8aa5a0edfdafeadf5c67ac561b97ec266443615d65a715c735eac6203ef6,169421e73b25e00e379d0a24e476d5f26da19186f48a179e3a8bf83ce889b3b8
alpha^1,5.006913291658733,0.683019882037695,-0.10885196318953867,3.552410302789756e-11,diagnostic_only_not_theorem_gate,4a09b46da042bd99120c3c23c0cc81b0e6b3f33dd2de64fa567151fb2cf15c72,2f4b8aa5a0edfdafeadf5c67ac561b97ec266443615d65a715c735eac6203ef6,169421e73b25e00e379d0a24e476d5f26da19186f48a179e3a8bf83ce889b3b8
alpha^1,5.056000676871073,0.688321220823365,-0.10710063741456854,3.5729255954861135e-11,diagnostic_only_not_theorem_gate,4a09b46da042bd99120c3c23c0cc81b0e6b3f33dd2de64fa567151fb2cf15c72,2f4b8aa5a0edfdafeadf5c67ac561b97ec266443615d65a715c735eac6203ef6,169421e73b25e00e379d0a24e476d5f26da19186f48a179e3a8bf83ce889b3b8
alpha^1,5.105088062083414,0.693530240431529,-0.10509129682315876,3.592281765580757e-11,diagnostic_only_not_theorem_gate,4a09b46da042bd99120c3c23c0cc81b0e6b3f33dd2de64fa567151fb2cf15c72,2f4b8aa5a0edfdafeadf5c67ac561b97ec266443615d65a715c735eac6203ef6,169421e73b25e00e379d0a24e476d5f26da19186f48a179e3a8bf83ce889b3b8
alpha^1,5.154175447295755,0.6986343918776946,-0.1028287820927916,3.610490801753643e-11,diagnostic_only_not_theorem_gate,4a09b46da042bd99120c3c23c0cc81b0e6b3f33dd2de64fa567151fb2cf15c72,2f4b8aa5a0edfdafeadf5c67ac561b97ec266443615d65a715c735eac6203ef6,169421e73b25e00e379d0a24e476d5f26da19186f48a179e3a8bf83ce889b3b8
alpha^1,5.203262832508095,0.7036213788139573,-0.10031854381962531,3.62742414211712e-11,diagnostic_only_not_theorem_gate,4a09b46da042bd99120c3c23c0cc81b0e6b3f33dd2de64fa567151fb2cf15c72,2f4b8aa5a0edfdafeadf5c67ac561b97ec266443615d65a715c735eac6203ef6,169421e73b25e00e379d0a24e476d5f26da19186f48a179e3a8bf83ce889b3b8
alpha^1,5.252350217720435,0.7084791871519789,-0.09756662938753088,3.6431098464198985e-11,diagnostic_only_not_theorem_gate,4a09b46da042bd99120c3c23c0cc81b0e6b3f33dd2de64fa567151fb2cf15c72,2f4b8aa5a0edfdafeadf5c67ac561b97ec266443615d65a715c735eac6203ef6,169421e73b25e00e379d0a24e476d5f26da19186f48a179e3a8bf83ce889b3b8
alpha^1,5.301437602932776,0.7131961140059797,-0.09457966839941447,3.657580851273273e-11,diagnostic_only_not_theorem_gate,4a09b46da042bd99120c3c23c0cc81b0e6b3f33dd2de64fa567151fb2cf15c72,2f4b8aa5a0edfdafeadf5c67ac561b97ec266443615d65a715c735eac6203ef6,169421e73b25e00e379d0a24e476d5f26da19186f48a179e3a8bf83ce889b3b8
alpha^1,5.350524988145116,0.7177607958860142,-0.09136485670592333,3.670700458258566e-11,diagnostic_only_not_theorem_gate,4a09b46da042bd99120c3c23c0cc81b0e6b3f33dd2de64fa567151fb2cf15c72,2f4b8aa5a0edfdafeadf5c67ac561b97ec266443615d65a715c735eac6203ef6,169421e73b25e00e379d0a24e476d5f26da19186f48a179e3a8bf83ce889b3b8
alpha^1,5.399612373357457,0.7221622360736146,-0.08792993907001125,3.682580598671688e-11,diagnostic_only_not_theorem_gate,4a09b46da042bd99120c3c23c0cc81b0e6b3f33dd2de64fa567151fb2cf15c72,2f4b8aa5a0edfdafeadf5c67ac561b97ec266443615d65a715c735eac6203ef6,169421e73b25e00e379d0a24e476d5f26da19186f48a179e3a8bf83ce889b3b8
alpha^1,5.448699758569798,0.7263898311138482,-0.08428319050912653,3.693118378287187e-11,diagnostic_only_not_theorem_gate,4a09b46da042bd99120c3c23c0cc81b0e6b3f33dd2de64fa567151fb2cf15c72,2f4b8aa5a0edfdafeadf5c67ac561b97ec266443615d65a715c735eac6203ef6,169421e73b25e00e379d0a24e476d5f26da19186f48a179e3a8bf83ce889b3b8
alpha^1,5.497787143782138,0.7304333963599697,-0.08043339635996974,3.702438781999418e-11,diagnostic_only_not_theorem_gate,4a09b46da042bd99120c3c23c0cc81b0e6b3f33dd2de64fa567151fb2cf15c72,2f4b8aa5a0edfdafeadf5c67ac561b97ec266443615d65a715c735eac6203ef6,169421e73b25e00e379d0a24e476d5f26da19186f48a179e3a8bf83ce889b3b8
alpha^1,5.546874528994478,0.7342831905091265,-0.07638983111384831,3.7105389337449904e-11,diagnostic_only_not_theorem_gate,4a09b46da042bd99120c3c23c0cc81b0e6b3f33dd2de64fa567151fb2cf15c72,2f4b8aa5a0edfdafeadf5c67ac561b97ec266443615d65a715c735eac6203ef6,169421e73b25e00e379d0a24e476d5f26da19186f48a179e3a8bf83ce889b3b8
alpha^1,5.595961914206819,0.7379299390700113,-0.07216223607361466,3.717317217308696e-11,diagnostic_only_not_theorem_gate,4a09b46da042bd99120c3c23c0cc81b0e6b3f33dd2de64fa567151fb2cf15c72,2f4b8aa5a0edfdafeadf5c67ac561b97ec266443615d65a715c735eac6203ef6,169421e73b25e00e379d0a24e476d5f26da19186f48a179e3a8bf83ce889b3b8
alpha^1,5.64504929941916,0.7413648567059233,-0.06776079588601423,3.723092189466807e-11,diagnostic_only_not_theorem_gate,4a09b46da042bd99120c3c23c0cc81b0e6b3f33dd2de64fa567151fb2cf15c72,2f4b8aa5a0edfdafeadf5c67ac561b97ec266443615d65a715c735eac6203ef6,169421e73b25e00e379d0a24e476d5f26da19186f48a179e3a8bf83ce889b3b8
alpha^1,5.6941366846315,0.7445796683994145,-0.0631961140059797,3.727750155730735e-11,diagnostic_only_not_theorem_gate,4a09b46da042bd99120c3c23c0cc81b0e6b3f33dd2de64fa567151fb2cf15c72,2f4b8aa5a0edfdafeadf5c67ac561b97ec266443615d65a715c735eac6203ef6,169421e73b25e00e379d0a24e476d5f26da19186f48a179e3a8bf83ce889b3b8
alpha^1,5.743224069843841,0.7475666293875309,-0.05847918715197894,3.7314259336603354e-11,diagnostic_only_not_theorem_gate,4a09b46da042bd99120c3c23c0cc81b0e6b3f33dd2de64fa567151fb2cf15c72,2f4b8aa5a0edfdafeadf5c67ac561b97ec266443615d65a715c735eac6203ef6,169421e73b25e00e379d0a24e476d5f26da19186f48a179e3a8bf83ce889b3b8
alpha^1,5.792311455056181,0.7503185438196253,-0.05362137881395722,3.7342263599339876e-11,diagnostic_only_not_theorem_gate,4a09b46da042bd99120c3c23c0cc81b0e6b3f33dd2de64fa567151fb2cf15c72,2f4b8aa5a0edfdafeadf5c67ac561b97ec266443615d65a715c735eac6203ef6,169421e73b25e00e379d0a24e476d5f26da19186f48a179e3a8bf83ce889b3b8
alpha^1,5.841398840268521,0.7528287820927916,-0.0486343918776946,3.736136616523166e-11,diagnostic_only_not_theorem_gate,4a09b46da042bd99120c3c23c0cc81b0e6b3f33dd2de64fa567151fb2cf15c72,2f4b8aa5a0edfdafeadf5c67ac561b97ec266443615d65a715c735eac6203ef6,169421e73b25e00e379d0a24e476d5f26da19186f48a179e3a8bf83ce889b3b8
alpha^1,5.890486225480862,0.7550912968231588,-0.043530240431529,3.737499403894683e-11,diagnostic_only_not_theorem_gate,4a09b46da042bd99120c3c23c0cc81b0e6b3f33dd2de64fa567151fb2cf15c72,2f4b8aa5a0edfdafeadf5c67ac561b97ec266443615d65a715c735eac6203ef6,169421e73b25e00e379d0a24e476d5f26da19186f48a179e3a8bf83ce889b3b8
alpha^1,5.939573610693203,0.7571006374145686,-0.03832122082336499,3.73824807435404e-11,diagnostic_only_not_theorem_gate,4a09b46da042bd99120c3c23c0cc81b0e6b3f33dd2de64fa567151fb2cf15c72,2f4b8aa5a0edfdafeadf5c67ac561b97ec266443615d65a715c735eac6203ef6,169421e73b25e00e379d0a24e476d5f26da19186f48a179e3a8bf83ce889b3b8
alpha^1,5.988660995905543,0.7588519631895387,-0.033019882037695084,3.7386071476666046e-11,diagnostic_only_not_theorem_gate,4a09b46da042bd99120c3c23c0cc81b0e6b3f33dd2de64fa567151fb2cf15c72,2f4b8aa5a0edfdafeadf5c67ac561b97ec266443615d65a715c735eac6203ef6,169421e73b25e00e379d0a24e476d5f26da19186f48a179e3a8bf83ce889b3b8
alpha^1,6.037748381117884,0.7603410550508793,-0.02763899546399628,3.738648651337713e-11,diagnostic_only_not_theorem_gate,4a09b46da042bd99120c3c23c0cc81b0e6b3f33dd2de64fa567151fb2cf15c72,2f4b8aa5a0edfdafeadf5c67ac561b97ec266443615d65a715c735eac6203ef6,169421e73b25e00e379d0a24e476d5f26da19186f48a179e3a8bf83ce889b3b8
alpha^1,6.086835766330224,0.7615643256458674,-0.022191524129334624,3.7384913387077084e-11,diagnostic_only_not_theorem_gate,4a09b46da042bd99120c3c23c0cc81b0e6b3f33dd2de64fa567151fb2cf15c72,2f4b8aa5a0edfdafeadf5c67ac561b97ec266443615d65a715c735eac6203ef6,169421e73b25e00e379d0a24e476d5f26da19186f48a179e3a8bf83ce889b3b8
alpha^1,6.135923151542564,0.7625188280084938,-0.016690591469297456,3.738283103918564e-11,diagnostic_only_not_theorem_gate,4a09b46da042bd99120c3c23c0cc81b0e6b3f33dd2de64fa567151fb2cf15c72,2f4b8aa5a0edfdafeadf5c67ac561b97ec266443615d65a715c735eac6203ef6,169421e73b25e00e379d0a24e476d5f26da19186f48a179e3a8bf83ce889b3b8
alpha^1,6.1850105367549055,0.7632022626589623,-0.011149449712487498,3.738101695794989e-11,diagnostic_only_not_theorem_gate,4a09b46da042bd99120c3c23c0cc81b0e6b3f33dd2de64fa567151fb2cf15c72,2f4b8aa5a0edfdafeadf5c67ac561b97ec266443615d65a715c735eac6203ef6,169421e73b25e00e379d0a24e476d5f26da19186f48a179e3a8bf83ce889b3b8
alpha^1,6.234097921967246,0.7636129831433383,-0.005581447954743803,3.737917024069077e-11,diagnostic_only_not_theorem_gate,4a09b46da042bd99120c3c23c0cc81b0e6b3f33dd2de64fa567151fb2cf15c72,2f4b8aa5a0edfdafeadf5c67ac561b97ec266443615d65a715c735eac6203ef6,169421e73b25e00e379d0a24e476d5f26da19186f48a179e3a8bf83ce889b3b8
alpha^2,0.0,0.48374999999999907,0.0,1.8176655350530684e-11,diagnostic_only_not_theorem_gate,4a09b46da042bd99120c3c23c0cc81b0e6b3f33dd2de64fa567151fb2cf15c72,2f4b8aa5a0edfdafeadf5c67ac561b97ec266443615d65a715c735eac6203ef6,169421e73b25e00e379d0a24e476d5f26da19186f48a179e3a8bf83ce889b3b8
alpha^2,0.04908738521234052,0.48367622169256586,0.0030053950525543082,1.8175466906111155e-11,diagnostic_only_not_theorem_gate,4a09b46da042bd99120c3c23c0cc81b0e6b3f33dd2de64fa567151fb2cf15c72,2f4b8aa5a0edfdafeadf5c67ac561b97ec266443615d65a715c735eac6203ef6,169421e73b25e00e379d0a24e476d5f26da19186f48a179e3a8bf83ce889b3b8
alpha^2,0.09817477042468103,0.48345506450867115,0.0060035498451854975,1.8172673586517298e-11,diagnostic_only_not_theorem_gate,4a09b46da042bd99120c3c23c0cc81b0e6b3f33dd2de64fa567151fb2cf15c72,2f4b8aa5a0edfdafeadf5c67ac561b97ec266443615d65a715c735eac6203ef6,169421e73b25e00e379d0a24e476d5f26da19186f48a179e3a8bf83ce889b3b8
alpha^2,0.14726215563702155,0.4830870612353419,0.008987241560390772,1.8167976364332455e-11,diagnostic_only_not_theorem_gate,4a09b46da042bd99120c3c23c0cc81b0e6b3f33dd2de64fa567151fb2cf15c72,2f4b8aa5a0edfdafeadf5c67ac561b97ec266443615d65a715c735eac6203ef6,169421e73b25e00e379d0a24e476d5f26da19186f48a179e3a8bf83ce889b3b8
alpha^2,0.19634954084936207,0.482573098424697,0.011949282223487677,1.8160605499600794e-11,diagnostic_only_not_theorem_gate,4a09b46da042bd99120c3c23c0cc81b0e6b3f33dd2de64fa567151fb2cf15c72,2f4b8aa5a0edfdafeadf5c67ac561b97ec266443615d65a715c735eac6203ef6,169421e73b25e00e379d0a24e476d5f26da19186f48a179e3a8bf83ce889b3b8
alpha^2,0.2454369260617026,0.4819144142581649,0.01488253601907469,1.815110498820937e-11,diagnostic_only_not_theorem_gate,4a09b46da042bd99120c3c23c0cc81b0e6b3f33dd2de64fa567151fb2cf15c72,2f4b8aa5a0edfdafeadf5c67ac561b97ec266443615d65a715c735eac6203ef6,169421e73b25e00e379d0a24e476d5f26da19186f48a179e3a8bf83ce889b3b8
alpha^2,0.2945243112740431,0.4811125955635969,0.01777993648183555,1.8139019397677565e-11,diagnostic_only_not_theorem_gate,4a09b46da042bd99120c3c23c0cc81b0e6b3f33dd2de64fa567151fb2cf15c72,2f4b8aa5a0edfdafeadf5c67ac561b97ec266443615d65a715c735eac6203ef6,169421e73b25e00e379d0a24e476d5f26da19186f48a179e3a8bf83ce889b3b8
alpha^2,0.3436116964863836,0.48016957399245913,0.02063450352027317,1.8123212489721642e-11,diagnostic_only_not_theorem_gate,4a09b46da042bd99120c3c23c0cc81b0e6b3f33dd2de64fa567151fb2cf15c72,2f4b8aa5a0edfdafeadf5c67ac561b97ec266443615d65a715c735eac6203ef6,169421e73b25e00e379d0a24e476d5f26da19186f48a179e3a8bf83ce889b3b8
alpha^2,0.39269908169872414,0.47908762136631544,0.023439360232361397,1.810434551213702e-11,diagnostic_only_not_theorem_gate,4a09b46da042bd99120c3c23c0cc81b0e6b3f33dd2de64fa567151fb2cf15c72,2f4b8aa5a0edfdafeadf5c67ac561b97ec266443615d65a715c735eac6203ef6,169421e73b25e00e379d0a24e476d5f26da19186f48a179e3a8bf83ce889b3b8
alpha^2,0.44178646691106466,0.47786934420381005,0.026187749472604386,1.808157313113204e-11,diagnostic_only_not_theorem_gate,4a09b46da042bd99120c3c23c0cc81b0e6b3f33dd2de64fa567151fb2cf15c72,2f4b8aa5a0edfdafeadf5c67ac561b97ec266443615d65a715c735eac6203ef6,169421e73b25e00e379d0a24e476d5f26da19186f48a179e3a8bf83ce889b3b8
alpha^2,0.4908738521234052,0.47651767744133594,0.028873050130591923,1.8054256680995067e-11,diagnostic_only_not_theorem_gate,4a09b46da042bd99120c3c23c0cc81b0e6b3f33dd2de64fa567151fb2cf15c72,2f4b8aa5a0edfdafeadf5c67ac561b97ec266443615d65a715c735eac6203ef6,169421e73b25e00e379d0a24e476d5f26da19186f48a179e3a8bf83ce889b3b8
alpha^2,0.5399612373357456,0.47503587736251585,0.03148879308183435,1.8022073147096243e-11,diagnostic_only_not_theorem_gate,4a09b46da042bd99120c3c23c0cc81b0e6b3f33dd2de64fa567151fb2cf15c72,2f4b8aa5a0edfdafeadf5c67ac561b97ec266443615d65a715c735eac6203ef6,169421e73b25e00e379d0a24e476d5f26da19186f48a179e3a8bf83ce889b3b8
alpha^2,0.5890486225480862,0.4734275137535301,0.034028676772450125,1.798469527467155e-11,diagnostic_only_not_theorem_gate,4a09b46da042bd99120c3c23c0cc81b0e6b3f33dd2de64fa567151fb2cf15c72,2f4b8aa5a0edfdafeadf5c67ac561b97ec266443615d65a715c735eac6203ef6,169421e73b25e00e379d0a24e476d5f26da19186f48a179e3a8bf83ce889b3b8
alpha^2,0.6381360077604268,0.47169646130318876,0.036486582400161,1.794141200051005e-11,diagnostic_only_not_theorem_gate,4a09b46da042bd99120c3c23c0cc81b0e6b3f33dd2de64fa567151fb2cf15c72,2f4b8aa5a0edfdafeadf5c67ac561b97ec266443615d65a715c735eac6203ef6,169421e73b25e00e379d0a24e476d5f26da19186f48a179e3a8bf83ce889b3b8
alpha^2,0.6872233929727672,0.46984689026846693,0.03885658865502271,1.7892122816943153e-11,diagnostic_only_not_theorem_gate,4a09b46da042bd99120c3c23c0cc81b0e6b3f33dd2de64fa567151fb2cf15c72,2f4b8aa5a0edfdafeadf5c67ac561b97ec266443615d65a715c735eac6203ef6,169421e73b25e00e379d0a24e476d5f26da19186f48a179e3a8bf83ce889b3b8
alpha^2,0.7363107781851077,0.46788325642799056,0.041132985984379256,1.7836366535321287e-11,diagnostic_only_not_theorem_gate,4a09b46da042bd99120c3c23c0cc81b0e6b3f33dd2de64fa567151fb2cf15c72,2f4b8aa5a0edfdafeadf5c67ac561b97ec266443615d65a715c735eac6203ef6,169421e73b25e00e379d0a24e476d5f26da19186f48a179e3a8bf83ce889b3b8
alpha^2,0.7853981633974483,0.4658102903476754,0.04331029034767538,1.7773653718383966e-11,diagnostic_only_not_theorem_gate,4a09b46da042bd99120c3c23c0cc81b0e6b3f33dd2de64fa567151fb2cf15c72,2f4b8aa5a0edfdafeadf5c67ac561b97ec266443615d65a715c735eac6203ef6,169421e73b25e00e379d0a24e476d5f26da19186f48a179e3a8bf83ce889b3b8
alpha^2,0.8344855486097889,0.46363298598437924,0.04538325642799056,1.7703582180441454e-11,diagnostic_only_not_theorem_gate,4a09b46da042bd99120c3c23c0cc81b0e6b3f33dd2de64fa567151fb2cf15c72,2f4b8aa5a0edfdafeadf5c67ac561b97ec266443615d65a715c735eac6203ef6,169421e73b25e00e379d0a24e476d5f26da19186f48a179e3a8bf83ce889b3b8
alpha^2,0.8835729338221293,0.4613565886550227,0.04734689026846693,1.76260445751447e-11,diagnostic_only_not_theorem_gate,4a09b46da042bd99120c3c23c0cc81b0e6b3f33dd2de64fa567151fb2cf15c72,2f4b8aa5a0edfdafeadf5c67ac561b97ec266443615d65a715c735eac6203ef6,169421e73b25e00e379d0a24e476d5f26da19186f48a179e3a8bf83ce889b3b8
alpha^2,0.9326603190344698,0.458986582400161,0.04919646130318876,1.7540490262126547e-11,diagnostic_only_not_theorem_gate,4a09b46da042bd99120c3c23c0cc81b0e6b3f33dd2de64fa567151fb2cf15c72,2f4b8aa5a0edfdafeadf5c67ac561b97ec266443615d65a715c735eac6203ef6,169421e73b25e00e379d0a24e476d5f26da19186f48a179e3a8bf83ce889b3b8
alpha^2,0.9817477042468103,0.4565286767724501,0.050927513753530135,1.7446851449916427e-11,diagnostic_only_not_theorem_gate,4a09b46da042bd99120c3c23c0cc81b0e6b3f33dd2de64fa567151fb2cf15c72,2f4b8aa5a0edfdafeadf5c67ac561b97ec266443615d65a715c735eac6203ef6,169421e73b25e00e379d0a24e476d5f26da19186f48a179e3a8bf83ce889b3b8
alpha^2,1.030835089459151,0.4539887930818343,0.05253587736251588,1.7344800845145295e-11,diagnostic_only_not_theorem_gate,4a09b46da042bd99120c3c23c0cc81b0e6b3f33dd2de64fa567151fb2cf15c72,2f4b8aa5a0edfdafeadf5c67ac561b97ec266443615d65a715c735eac6203ef6,169421e73b25e00e379d0a24e476d5f26da19186f48a179e3a8bf83ce889b3b8
alpha^2,1.0799224746714913,0.4513730501305919,0.05401767744133593,1.7234148029449997e-11,diagnostic_only_not_theorem_gate,4a09b46da042bd99120c3c23c0cc81b0e6b3f33dd2de64fa567151fb2cf15c72,2f4b8aa5a0edfdafeadf5c67ac561b97ec266443615d65a715c735eac6203ef6,169421e73b25e00e379d0a24e476d5f26da19186f48a179e3a8bf83ce889b3b8
alpha^2,1.1290098598838318,0.44868774947260437,0.055369344203810074,1.7114443713962404e-11,diagnostic_only_not_theorem_gate,4a09b46da042bd99120c3c23c0cc81b0e6b3f33dd2de64fa567151fb2cf15c72,2f4b8aa5a0edfdafeadf5c67ac561b97ec266443615d65a715c735eac6203ef6,169421e73b25e00e379d0a24e476d5f26da19186f48a179e3a8bf83ce889b3b8
alpha^2,1.1780972450961724,0.44593936023236136,0.05658762136631547,1.6985866296566712e-11,diagnostic_only_not_theorem_gate,4a09b46da042bd99120c3c23c0cc81b0e6b3f33dd2de64fa567151fb2cf15c72,2f4b8aa5a0edfdafeadf5c67ac561b97ec266443615d65a715c735eac6203ef6,169421e73b25e00e379d0a24e476d5f26da19186f48a179e3a8bf83ce889b3b8
alpha^2,1.227184630308513,0.44313450352027317,0.05766957399245916,1.684815957372217e-11,diagnostic_only_not_theorem_gate,4a09b46da042bd99120c3c23c0cc81b0e6b3f33dd2de64fa567151fb2cf15c72,2f4b8aa5a0edfdafeadf5c67ac561b97ec266443615d65a715c735eac6203ef6,169421e73b25e00e379d0a24e476d5f26da19186f48a179e3a8bf83ce889b3b8
alpha^2,1.2762720155208536,0.44027993648183555,0.05861259556359692,1.6701300466182277e-11,diagnostic_only_not_theorem_gate,4a09b46da042bd99120c3c23c0cc81b0e6b3f33dd2de64fa567151fb2cf15c72,2f4b8aa5a0edfdafeadf5c67ac561b97ec266443615d65a715c735eac6203ef6,169421e73b25e00e379d0a24e476d5f26da19186f48a179e3a8bf83ce889b3b8
alpha^2,1.325359400733194,0.4373825360190747,0.059414414258164926,1.6545089822442385e-11,diagnostic_only_not_theorem_gate,4a09b46da042bd99120c3c23c0cc81b0e6b3f33dd2de64fa567151fb2cf15c72,2f4b8aa5a0edfdafeadf5c67ac561b97ec266443615d65a715c735eac6203ef6,169421e73b25e00e379d0a24e476d5f26da19186f48a179e3a8bf83ce889b3b8
alpha^2,1.3744467859455345,0.43444928222348767,0.060073098424696963,1.6379520602982697e-11,diagnostic_only_not_theorem_gate,4a09b46da042bd99120c3c23c0cc81b0e6b3f33dd2de64fa567151fb2cf15c72,2f4b8aa5a0edfdafeadf5c67ac561b97ec266443615d65a715c735eac6203ef6,169421e73b25e00e379d0a24e476d5f26da19186f48a179e3a8bf83ce889b3b8
alpha^2,1.423534171157875,0.43148724156039076,0.06058706123534193,1.6204465769811348e-11,diagnostic_only_not_theorem_gate,4a09b46da042bd99120c3c23c0cc81b0e6b3f33dd2de64fa567151fb2cf15c72,2f4b8aa5a0edfdafeadf5c67ac561b97ec266443615d65a715c735eac6203ef6,169421e73b25e00e379d0a24e476d5f26da19186f48a179e3a8bf83ce889b3b8
alpha^2,1.4726215563702154,0.4285035498451855,0.06095506450867114,1.601979697255496e-11,diagnostic_only_not_theorem_gate,4a09b46da042bd99120c3c23c0cc81b0e6b3f33dd2de64fa567151fb2cf15c72,2f4b8aa5a0edfdafeadf5c67ac561b97ec266443615d65a715c735eac6203ef6,169421e73b25e00e379d0a24e476d5f26da19186f48a179e3a8bf83ce889b3b8
alpha^2,1.521708941582556,0.4255053950525543,0.061176221692565896,1.5825581597230584e-11,diagnostic_only_not_theorem_gate,4a09b46da042bd99120c3c23c0cc81b0e6b3f33dd2de64fa567151fb2cf15c72,2f4b8aa5a0edfdafeadf5c67ac561b97ec266443615d65a715c735eac6203ef6,169421e73b25e00e379d0a24e476d5f26da19186f48a179e3a8bf83ce889b3b8
alpha^2,1.5707963267948966,0.4225,0.06124999999999908,1.5621944879089254e-11,diagnostic_only_not_theorem_gate,4a09b46da042bd99120c3c23c0cc81b0e6b3f33dd2de64fa567151fb2cf15c72,2f4b8aa5a0edfdafeadf5c67ac561b97ec266443615d65a715c735eac6203ef6,169421e73b25e00e379d0a24e476d5f26da19186f48a179e3a8bf83ce889b3b8
alpha^2,1.6198837120072371,0.41949460494744567,0.061176221692565896,1.5408683737170283e-11,diagnostic_only_not_theorem_gate,4a09b46da042bd99120c3c23c0cc81b0e6b3f33dd2de64fa567151fb2cf15c72,2f4b8aa5a0edfdafeadf5c67ac561b97ec266443615d65a715c735eac6203ef6,169421e73b25e00e379d0a24e476d5f26da19186f48a179e3a8bf83ce889b3b8
alpha^2,1.6689710972195777,0.4164964501548145,0.06095506450867115,1.5186060409546487e-11,diagnostic_only_not_theorem_gate,4a09b46da042bd99120c3c23c0cc81b0e6b3f33dd2de64fa567151fb2cf15c72,2f4b8aa5a0edfdafeadf5c67ac561b97ec266443615d65a715c735eac6203ef6,169421e73b25e00e379d0a24e476d5f26da19186f48a179e3a8bf83ce889b3b8
alpha^2,1.718058482431918,0.4135127584396092,0.06058706123534193,1.4953802720359095e-11,diagnostic_only_not_theorem_gate,4a09b46da042bd99120c3c23c0cc81b0e6b3f33dd2de64fa567151fb2cf15c72,2f4b8aa5a0edfdafeadf5c67ac561b97ec266443615d65a715c735eac6203ef6,169421e73b25e00e379d0a24e476d5f26da19186f48a179e3a8bf83ce889b3b8
alpha^2,1.7671458676442586,0.4105507177765123,0.060073098424696963,1.4712440988312694e-11,diagnostic_only_not_theorem_gate,4a09b46da042bd99120c3c23c0cc81b0e6b3f33dd2de64fa567151fb2cf15c72,2f4b8aa5a0edfdafeadf5c67ac561b97ec266443615d65a715c735eac6203ef6,169421e73b25e00e379d0a24e476d5f26da19186f48a179e3a8bf83ce889b3b8
alpha^2,1.8162332528565992,0.4076174639809253,0.059414414258164926,1.4461824765804487e-11,diagnostic_only_not_theorem_gate,4a09b46da042bd99120c3c23c0cc81b0e6b3f33dd2de64fa567151fb2cf15c72,2f4b8aa5a0edfdafeadf5c67ac561b97ec266443615d65a715c735eac6203ef6,169421e73b25e00e379d0a24e476d5f26da19186f48a179e3a8bf83ce889b3b8
alpha^2,1.8653206380689396,0.4047200635181645,0.05861259556359692,1.4202353809990033e-11,diagnostic_only_not_theorem_gate,4a09b46da042bd99120c3c23c0cc81b0e6b3f33dd2de64fa567151fb2cf15c72,2f4b8aa5a0edfdafeadf5c67ac561b97ec266443615d65a715c735eac6203ef6,169421e73b25e00e379d0a24e476d5f26da19186f48a179e3a8bf83ce889b3b8
alpha^2,1.9144080232812801,0.4018654964797268,0.05766957399245916,1.3934162388486187e-11,diagnostic_only_not_theorem_gate,4a09b46da042bd99120c3c23c0cc81b0e6b3f33dd2de64fa567151fb2cf15c72,2f4b8aa5a0edfdafeadf5c67ac561b97ec266443615d65a715c735eac6203ef6,169421e73b25e00e379d0a24e476d5f26da19186f48a179e3a8bf83ce889b3b8
alpha^2,1.9634954084936207,0.3990606397676386,0.05658762136631547,1.3657586528202166e-11,diagnostic_only_not_theorem_gate,4a09b46da042bd99120c3c23c0cc81b0e6b3f33dd2de64fa567151fb2cf15c72,2f4b8aa5a0edfdafeadf5c67ac561b97ec266443615d65a715c735eac6203ef6,169421e73b25e00e379d0a24e476d5f26da19186f48a179e3a8bf83ce889b3b8
alpha^2,2.012582793705961,0.3963122505273956,0.05536934420381008,1.337296676835795e-11,diagnostic_only_not_theorem_gate,4a09b46da042bd99120c3c23c0cc81b0e6b3f33dd2de64fa567151fb2cf15c72,2f4b8aa5a0edfdafeadf5c67ac561b97ec266443615d65a715c735eac6203ef6,169421e73b25e00e379d0a24e476d5f26da19186f48a179e3a8bf83ce889b3b8
alpha^2,2.061670178918302,0.39362694986940805,0.05401767744133594,1.3080961771825565e-11,diagnostic_only_not_theorem_gate,4a09b46da042bd99120c3c23c0cc81b0e6b3f33dd2de64fa567151fb2cf15c72,2f4b8aa5a0edfdafeadf5c67ac561b97ec266443615d65a715c735eac6203ef6,169421e73b25e00e379d0a24e476d5f26da19186f48a179e3a8bf83ce889b3b8
alpha^2,2.110757564130642,0.39101120691816565,0.05253587736251588,1.2782093558323704e-11,diagnostic_only_not_theorem_gate,4a09b46da042bd99120c3c23c0cc81b0e6b3f33dd2de64fa567151fb2cf15c72,2f4b8aa5a0edfdafeadf5c67ac561b97ec266443615d65a715c735eac6203ef6,169421e73b25e00e379d0a24e476d5f26da19186f48a179e3a8bf83ce889b3b8
alpha^2,2.1598449493429825,0.38847132322754985,0.05092751375353015,1.2476933677656217e-11,diagnostic_only_not_theorem_gate,4a09b46da042bd99120c3c23c0cc81b0e6b3f33dd2de64fa567151fb2cf15c72,2f4b8aa5a0edfdafeadf5c67ac561b97ec266443615d65a715c735eac6203ef6,169421e73b25e00e379d0a24e476d5f26da19186f48a179e3a8bf83ce889b3b8
alpha^2,2.2089323345553233,0.386013417599839,0.04919646130318877,1.2166637606812736e-11,diagnostic_only_not_theorem_gate,4a09b46da042bd99120c3c23c0cc81b0e6b3f33dd2de64fa567151fb2cf15c72,2f4b8aa5a0edfdafeadf5c67ac561b97ec266443615d65a715c735eac6203ef6,169421e73b25e00e379d0a24e476d5f26da19186f48a179e3a8bf83ce889b3b8
alpha^2,2.2580197197676637,0.38364341134497726,0.04734689026846694,1.185202972529267e-11,diagnostic_only_not_theorem_gate,4a09b46da042bd99120c3c23c0cc81b0e6b3f33dd2de64fa567151fb2cf15c72,2f4b8aa5a0edfdafeadf5c67ac561b97ec266443615d65a715c735eac6203ef6,169421e73b25e00e379d0a24e476d5f26da19186f48a179e3a8bf83ce889b3b8
alpha^2,2.3071071049800045,0.38136701401562073,0.045383256427990556,1.153441830622299e-11,diagnostic_only_not_theorem_gate,4a09b46da042bd99120c3c23c0cc81b0e6b3f33dd2de64fa567151fb2cf15c72,2f4b8aa5a0edfdafeadf5c67ac561b97ec266443615d65a715c735eac6203ef6,169421e73b25e00e379d0a24e476d5f26da19186f48a179e3a8bf83ce889b3b8
alpha^2,2.356194490192345,0.3791897096523246,0.04331029034767539,1.1215101464113337e-11,diagnostic_only_not_theorem_gate,4a09b46da042bd99120c3c23c0cc81b0e6b3f33dd2de64fa567151fb2cf15c72,2f4b8aa5a0edfdafeadf5c67ac561b97ec266443615d65a715c735eac6203ef6,169421e73b25e00e379d0a24e476d5f26da19186f48a179e3a8bf83ce889b3b8
alpha^2,2.405281875404685,0.3771167435720094,0.04113298598437927,1.0895830580551841e-11,diagnostic_only_not_theorem_gate,4a09b46da042bd99120c3c23c0cc81b0e6b3f33dd2de64fa567151fb2cf15c72,2f4b8aa5a0edfdafeadf5c67ac561b97ec266443615d65a715c735eac6203ef6,169421e73b25e00e379d0a24e476d5f26da19186f48a179e3a8bf83ce889b3b8
alpha^2,2.454369260617026,0.37515310973153304,0.03885658865502271,1.0578204557860723e-11,diagnostic_only_not_theorem_gate,4a09b46da042bd99120c3c23c0cc81b0e6b3f33dd2de64fa567151fb2cf15c72,2f4b8aa5a0edfdafeadf5c67ac561b97ec266443615d65a715c735eac6203ef6,169421e73b25e00e379d0a24e476d5f26da19186f48a179e3a8bf83ce889b3b8
alpha^2,2.5034566458293663,0.3733035386968112,0.036486582400161005,1.0264430593529963e-11,diagnostic_only_not_theorem_gate,4a09b46da042bd99120c3c23c0cc81b0e6b3f33dd2de64fa567151fb2cf15c72,2f4b8aa5a0edfdafeadf5c67ac561b97ec266443615d65a715c735eac6203ef6,169421e73b25e00e379d0a24e476d5f26da19186f48a179e3a8bf83ce889b3b8
alpha^2,2.552544031041707,0.3715724862464698,0.034028676772450125,9.956737134738352e-12,diagnostic_only_not_theorem_gate,4a09b46da042bd99120c3c23c0cc81b0e6b3f33dd2de64fa567151fb2cf15c72,2f4b8aa5a0edfdafeadf5c67ac561b97ec266443615d65a715c735eac6203ef6,169421e73b25e00e379d0a24e476d5f26da19186f48a179e3a8bf83ce889b3b8
alpha^2,2.6016314162540475,0.3699641226374841,0.03148879308183436,9.657619680177435e-12,diagnostic_only_not_theorem_gate,4a09b46da042bd99120c3c23c0cc81b0e6b3f33dd2de64fa567151fb2cf15c72,2f4b8aa5a0edfdafeadf5c67ac561b97ec266443615d65a715c735eac6203ef6,169421e73b25e00e379d0a24e476d5f26da19186f48a179e3a8bf83ce889b3b8
alpha^2,2.650718801466388,0.36848232255866403,0.028873050130591937,9.369734572321347e-12,diagnostic_only_not_theorem_gate,4a09b46da042bd99120c3c23c0cc81b0e6b3f33dd2de64fa567151fb2cf15c72,2f4b8aa5a0edfdafeadf5c67ac561b97ec266443615d65a715c735eac6203ef6,169421e73b25e00e379d0a24e476d5f26da19186f48a179e3a8bf83ce889b3b8
alpha^2,2.6998061866787286,0.3671306557961899,0.026187749472604382,9.09597914745728e-12,diagnostic_only_not_theorem_gate,4a09b46da042bd99120c3c23c0cc81b0e6b3f33dd2de64fa567151fb2cf15c72,2f4b8aa5a0edfdafeadf5c67ac561b97ec266443615d65a715c735eac6203ef6,169421e73b25e00e379d0a24e476d5f26da19186f48a179e3a8bf83ce889b3b8
alpha^2,2.748893571891069,0.36591237863368453,0.023439360232361404,8.839190025857102e-12,diagnostic_only_not_theorem_gate,4a09b46da042bd99120c3c23c0cc81b0e6b3f33dd2de64fa567151fb2cf15c72,2f4b8aa5a0edfdafeadf5c67ac561b97ec266443615d65a715c735eac6203ef6,169421e73b25e00e379d0a24e476d5f26da19186f48a179e3a8bf83ce889b3b8
alpha^2,2.7979809571034093,0.36483042600754084,0.020634503520273188,8.6027687410557e-12,diagnostic_only_not_theorem_gate,4a09b46da042bd99120c3c23c0cc81b0e6b3f33dd2de64fa567151fb2cf15c72,2f4b8aa5a0edfdafeadf5c67ac561b97ec266443615d65a715c735eac6203ef6,169421e73b25e00e379d0a24e476d5f26da19186f48a179e3a8bf83ce889b3b8
alpha^2,2.84706834231575,0.36388740443640305,0.017779936481835554,8.389755355085434e-12,diagnostic_only_not_theorem_gate,4a09b46da042bd99120c3c23c0cc81b0e6b3f33dd2de64fa567151fb2cf15c72,2f4b8aa5a0edfdafeadf5c67ac561b97ec266443615d65a715c735eac6203ef6,169421e73b25e00e379d0a24e476d5f26da19186f48a179e3a8bf83ce889b3b8
alpha^2,2.8961557275280905,0.3630855857418351,0.014882536019074702,8.203169766447093e-12,diagnostic_only_not_theorem_gate,4a09b46da042bd99120c3c23c0cc81b0e6b3f33dd2de64fa567151fb2cf15c72,2f4b8aa5a0edfdafeadf5c67ac561b97ec266443615d65a715c735eac6203ef6,169421e73b25e00e379d0a24e476d5f26da19186f48a179e3a8bf83ce889b3b8
alpha^2,2.945243112740431,0.362426901575303,0.0119492822234877,8.045846426952805e-12,diagnostic_only_not_theorem_gate,4a09b46da042bd99120c3c23c0cc81b0e6b3f33dd2de64fa567151fb2cf15c72,2f4b8aa5a0edfdafeadf5c67ac561b97ec266443615d65a715c735eac6203ef6,169421e73b25e00e379d0a24e476d5f26da19186f48a179e3a8bf83ce889b3b8
alpha^2,2.9943304979527716,0.3619129387646581,0.008987241560390775,7.920540121481249e-12,diagnostic_only_not_theorem_gate,4a09b46da042bd99120c3c23c0cc81b0e6b3f33dd2de64fa567151fb2cf15c72,2f4b8aa5a0edfdafeadf5c67ac561b97ec266443615d65a715c735eac6203ef6,169421e73b25e00e379d0a24e476d5f26da19186f48a179e3a8bf83ce889b3b8
alpha^2,3.043417883165112,0.3615449354913288,0.0060035498451855105,7.82934736025364e-12,diagnostic_only_not_theorem_gate,4a09b46da042bd99120c3c23c0cc81b0e6b3f33dd2de64fa567151fb2cf15c72,2f4b8aa5a0edfdafeadf5c67ac561b97ec266443615d65a715c735eac6203ef6,169421e73b25e00e379d0a24e476d5f26da19186f48a179e3a8bf83ce889b3b8
alpha^2,3.0925052683774528,0.3613237783074341,0.0030053950525543056,7.773990509551583e-12,diagnostic_only_not_theorem_gate,4a09b46da042bd99120c3c23c0cc81b0e6b3f33dd2de64fa567151fb2cf15c72,2f4b8aa5a0edfdafeadf5c67ac561b97ec266443615d65a715c735eac6203ef6,169421e73b25e00e379d0a24e476d5f26da19186f48a179e3a8bf83ce889b3b8
alpha^2,3.141592653589793,0.3612500000000009,7.500961644777426e-18,7.755399057508108e-12,diagnostic_only_not_theorem_gate,4a09b46da042bd99120c3c23c0cc81b0e6b3f33dd2de64fa567151fb2cf15c72,2f4b8aa5a0edfdafeadf5c67ac561b97ec266443615d65a715c735eac6203ef6,169421e73b25e00e379d0a24e476d5f26da19186f48a179e3a8bf83ce889b3b8
alpha^2,3.1906800388021335,0.3613237783074341,-0.0030053950525542905,7.773991557443653e-12,diagnostic_only_not_theorem_gate,4a09b46da042bd99120c3c23c0cc81b0e6b3f33dd2de64fa567151fb2cf15c72,2f4b8aa5a0edfdafeadf5c67ac561b97ec266443615d65a715c735eac6203ef6,169421e73b25e00e379d0a24e476d5f26da19186f48a179e3a8bf83ce889b3b8
alpha^2,3.2397674240144743,0.3615449354913288,-0.006003549845185497,7.829364852990796e-12,diagnostic_only_not_theorem_gate,4a09b46da042bd99120c3c23c0cc81b0e6b3f33dd2de64fa567151fb2cf15c72,2f4b8aa5a0edfdafeadf5c67ac561b97ec266443615d65a715c735eac6203ef6,169421e73b25e00e379d0a24e476d5f26da19186f48a179e3a8bf83ce889b3b8
alpha^2,3.2888548092268146,0.3619129387646581,-0.008987241560390762,7.920538171332918e-12,diagnostic_only_not_theorem_gate,4a09b46da042bd99120c3c23c0cc81b0e6b3f33dd2de64fa567151fb2cf15c72,2f4b8aa5a0edfdafeadf5c67ac561b97ec266443615d65a715c735eac6203ef6,169421e73b25e00e379d0a24e476d5f26da19186f48a179e3a8bf83ce889b3b8
alpha^2,3.3379421944391554,0.362426901575303,-0.011949282223487684,8.045828877981192e-12,diagnostic_only_not_theorem_gate,4a09b46da042bd99120c3c23c0cc81b0e6b3f33dd2de64fa567151fb2cf15c72,2f4b8aa5a0edfdafeadf5c67ac561b97ec266443615d65a715c735eac6203ef6,169421e73b25e00e379d0a24e476d5f26da19186f48a179e3a8bf83ce889b3b8
alpha^2,3.3870295796514958,0.3630855857418351,-0.014882536019074686,8.203175092039709e-12,diagnostic_only_not_theorem_gate,4a09b46da042bd99120c3c23c0cc81b0e6b3f33dd2de64fa567151fb2cf15c72,2f4b8aa5a0edfdafeadf5c67ac561b97ec266443615d65a715c735eac6203ef6,169421e73b25e00e379d0a24e476d5f26da19186f48a179e3a8bf83ce889b3b8
alpha^2,3.436116964863836,0.36388740443640305,-0.017779936481835536,8.389798394952503e-12,diagnostic_only_not_theorem_gate,4a09b46da042bd99120c3c23c0cc81b0e6b3f33dd2de64fa567151fb2cf15c72,2f4b8aa5a0edfdafeadf5c67ac561b97ec266443615d65a715c735eac6203ef6,169421e73b25e00e379d0a24e476d5f26da19186f48a179e3a8bf83ce889b3b8
alpha^2,3.485204350076177,0.36483042600754084,-0.020634503520273174,8.602764924885292e-12,diagnostic_only_not_theorem_gate,4a09b46da042bd99120c3c23c0cc81b0e6b3f33dd2de64fa567151fb2cf15c72,2f4b8aa5a0edfdafeadf5c67ac561b97ec266443615d65a715c735eac6203ef6,169421e73b25e00e379d0a24e476d5f26da19186f48a179e3a8bf83ce889b3b8
alpha^2,3.5342917352885173,0.36591237863368453,-0.02343936023236139,8.839190051238481e-12,diagnostic_only_not_theorem_gate,4a09b46da042bd99120c3c23c0cc81b0e6b3f33dd2de64fa567151fb2cf15c72,2f4b8aa5a0edfdafeadf5c67ac561b97ec266443615d65a715c735eac6203ef6,169421e73b25e00e379d0a24e476d5f26da19186f48a179e3a8bf83ce889b3b8
alpha^2,3.5833791205008576,0.3671306557961899,-0.02618774947260437,9.0959229752001e-12,diagnostic_only_not_theorem_gate,4a09b46da042bd99120c3c23c0cc81b0e6b3f33dd2de64fa567151fb2cf15c72,2f4b8aa5a0edfdafeadf5c67ac561b97ec266443615d65a715c735eac6203ef6,169421e73b25e00e379d0a24e476d5f26da19186f48a179e3a8bf83ce889b3b8
alpha^2,3.6324665057131984,0.36848232255866403,-0.028873050130591923,9.369756895330854e-12,diagnostic_only_not_theorem_gate,4a09b46da042bd99120c3c23c0cc81b0e6b3f33dd2de64fa567151fb2cf15c72,2f4b8aa5a0edfdafeadf5c67ac561b97ec266443615d65a715c735eac6203ef6,169421e73b25e00e379d0a24e476d5f26da19186f48a179e3a8bf83ce889b3b8
alpha^2,3.6815538909255388,0.3699641226374841,-0.031488793081834346,9.657637746204728e-12,diagnostic_only_not_theorem_gate,4a09b46da042bd99120c3c23c0cc81b0e6b3f33dd2de64fa567151fb2cf15c72,2f4b8aa5a0edfdafeadf5c67ac561b97ec266443615d65a715c735eac6203ef6,169421e73b25e00e379d0a24e476d5f26da19186f48a179e3a8bf83ce889b3b8
alpha^2,3.730641276137879,0.3715724862464698,-0.03402867677245011,9.956768338634478e-12,diagnostic_only_not_theorem_gate,4a09b46da042bd99120c3c23c0cc81b0e6b3f33dd2de64fa567151fb2cf15c72,2f4b8aa5a0edfdafeadf5c67ac561b97ec266443615d65a715c735eac6203ef6,169421e73b25e00e379d0a24e476d5f26da19186f48a179e3a8bf83ce889b3b8
alpha^2,3.77972866135022,0.3733035386968112,-0.03648658240016099,1.0264388159529502e-11,diagnostic_only_not_theorem_gate,4a09b46da042bd99120c3c23c0cc81b0e6b3f33dd2de64fa567151fb2cf15c72,2f4b8aa5a0edfdafeadf5c67ac561b97ec266443615d65a715c735eac6203ef6,169421e73b25e00e379d0a24e476d5f26da19186f48a179e3a8bf83ce889b3b8
alpha^2,3.8288160465625602,0.37515310973153304,-0.03885658865502269,1.05782556558847e-11,diagnostic_only_not_theorem_gate,4a09b46da042bd99120c3c23c0cc81b0e6b3f33dd2de64fa567151fb2cf15c72,2f4b8aa5a0edfdafeadf5c67ac561b97ec266443615d65a715c735eac6203ef6,169421e73b25e00e379d0a24e476d5f26da19186f48a179e3a8bf83ce889b3b8
alpha^2,3.877903431774901,0.3771167435720094,-0.04113298598437926,1.089583272765305e-11,diagnostic_only_not_theorem_gate,4a09b46da042bd99120c3c23c0cc81b0e6b3f33dd2de64fa567151fb2cf15c72,2f4b8aa5a0edfdafeadf5c67ac561b97ec266443615d65a715c735eac6203ef6,169421e73b25e00e379d0a24e476d5f26da19186f48a179e3a8bf83ce889b3b8
alpha^2,3.9269908169872414,0.37918970965232457,-0.04331029034767538,1.1215104282349684e-11,diagnostic_only_not_theorem_gate,4a09b46da042bd99120c3c23c0cc81b0e6b3f33dd2de64fa567151fb2cf15c72,2f4b8aa5a0edfdafeadf5c67ac561b97ec266443615d65a715c735eac6203ef6,169421e73b25e00e379d0a24e476d5f26da19186f48a179e3a8bf83ce889b3b8
alpha^2,3.9760782021995817,0.38136701401562073,-0.04538325642799055,1.1534467351194187e-11,diagnostic_only_not_theorem_gate,4a09b46da042bd99120c3c23c0cc81b0e6b3f33dd2de64fa567151fb2cf15c72,2f4b8aa5a0edfdafeadf5c67ac561b97ec266443615d65a715c735eac6203ef6,169421e73b25e00e379d0a24e476d5f26da19186f48a179e3a8bf83ce889b3b8
alpha^2,4.025165587411922,0.38364341134497726,-0.04734689026846691,1.1852096787160718e-11,diagnostic_only_not_theorem_gate,4a09b46da042bd99120c3c23c0cc81b0e6b3f33dd2de64fa567151fb2cf15c72,2f4b8aa5a0edfdafeadf5c67ac561b97ec266443615d65a715c735eac6203ef6,169421e73b25e00e379d0a24e476d5f26da19186f48a179e3a8bf83ce889b3b8
alpha^2,4.074252972624263,0.386013417599839,-0.04919646130318877,1.2166637606812736e-11,diagnostic_only_not_theorem_gate,4a09b46da042bd99120c3c23c0cc81b0e6b3f33dd2de64fa567151fb2cf15c72,2f4b8aa5a0edfdafeadf5c67ac561b97ec266443615d65a715c735eac6203ef6,169421e73b25e00e379d0a24e476d5f26da19186f48a179e3a8bf83ce889b3b8
alpha^2,4.123340357836604,0.38847132322754985,-0.050927513753530135,1.2476911782139773e-11,diagnostic_only_not_theorem_gate,4a09b46da042bd99120c3c23c0cc81b0e6b3f33dd2de64fa567151fb2cf15c72,2f4b8aa5a0edfdafeadf5c67ac561b97ec266443615d65a715c735eac6203ef6,169421e73b25e00e379d0a24e476d5f26da19186f48a179e3a8bf83ce889b3b8
alpha^2,4.172427743048944,0.3910112069181656,-0.05253587736251587,1.278207219173594e-11,diagnostic_only_not_theorem_gate,4a09b46da042bd99120c3c23c0cc81b0e6b3f33dd2de64fa567151fb2cf15c72,2f4b8aa5a0edfdafeadf5c67ac561b97ec266443615d65a715c735eac6203ef6,169421e73b25e00e379d0a24e476d5f26da19186f48a179e3a8bf83ce889b3b8
alpha^2,4.221515128261284,0.39362694986940805,-0.05401767744133593,1.3080999213178197e-11,diagnostic_only_not_theorem_gate,4a09b46da042bd99120c3c23c0cc81b0e6b3f33dd2de64fa567151fb2cf15c72,2f4b8aa5a0edfdafeadf5c67ac561b97ec266443615d65a715c735eac6203ef6,169421e73b25e00e379d0a24e476d5f26da19186f48a179e3a8bf83ce889b3b8
alpha^2,4.270602513473625,0.3963122505273956,-0.05536934420381006,1.3372886920568061e-11,diagnostic_only_not_theorem_gate,4a09b46da042bd99120c3c23c0cc81b0e6b3f33dd2de64fa567151fb2cf15c72,2f4b8aa5a0edfdafeadf5c67ac561b97ec266443615d65a715c735eac6203ef6,169421e73b25e00e379d0a24e476d5f26da19186f48a179e3a8bf83ce889b3b8
alpha^2,4.319689898685965,0.39906063976763856,-0.056587621366315455,1.365752299980436e-11,diagnostic_only_not_theorem_gate,4a09b46da042bd99120c3c23c0cc81b0e6b3f33dd2de64fa567151fb2cf15c72,2f4b8aa5a0edfdafeadf5c67ac561b97ec266443615d65a715c735eac6203ef6,169421e73b25e00e379d0a24e476d5f26da19186f48a179e3a8bf83ce889b3b8
alpha^2,4.368777283898306,0.4018654964797268,-0.05766957399245916,1.3934162388486187e-11,diagnostic_only_not_theorem_gate,4a09b46da042bd99120c3c23c0cc81b0e6b3f33dd2de64fa567151fb2cf15c72,2f4b8aa5a0edfdafeadf5c67ac561b97ec266443615d65a715c735eac6203ef6,169421e73b25e00e379d0a24e476d5f26da19186f48a179e3a8bf83ce889b3b8
alpha^2,4.417864669110647,0.4047200635181644,-0.058612595563596916,1.4202367780410483e-11,diagnostic_only_not_theorem_gate,4a09b46da042bd99120c3c23c0cc81b0e6b3f33dd2de64fa567151fb2cf15c72,2f4b8aa5a0edfdafeadf5c67ac561b97ec266443615d65a715c735eac6203ef6,169421e73b25e00e379d0a24e476d5f26da19186f48a179e3a8bf83ce889b3b8
alpha^2,4.466952054322987,0.4076174639809253,-0.059414414258164926,1.4461824765804487e-11,diagnostic_only_not_theorem_gate,4a09b46da042bd99120c3c23c0cc81b0e6b3f33dd2de64fa567151fb2cf15c72,2f4b8aa5a0edfdafeadf5c67ac561b97ec266443615d65a715c735eac6203ef6,169421e73b25e00e379d0a24e476d5f26da19186f48a179e3a8bf83ce889b3b8
alpha^2,4.516039439535327,0.4105507177765123,-0.06007309842469696,1.471241620080251e-11,diagnostic_only_not_theorem_gate,4a09b46da042bd99120c3c23c0cc81b0e6b3f33dd2de64fa567151fb2cf15c72,2f4b8aa5a0edfdafeadf5c67ac561b97ec266443615d65a715c735eac6203ef6,169421e73b25e00e379d0a24e476d5f26da19186f48a179e3a8bf83ce889b3b8
alpha^2,4.565126824747668,0.41351275843960916,-0.060587061235341924,1.4953817127527285e-11,diagnostic_only_not_theorem_gate,4a09b46da042bd99120c3c23c0cc81b0e6b3f33dd2de64fa567151fb2cf15c72,2f4b8aa5a0edfdafeadf5c67ac561b97ec266443615d65a715c735eac6203ef6,169421e73b25e00e379d0a24e476d5f26da19186f48a179e3a8bf83ce889b3b8
alpha^2,4.614214209960009,0.4164964501548145,-0.06095506450867115,1.5186060409546487e-11,diagnostic_only_not_theorem_gate,4a09b46da042bd99120c3c23c0cc81b0e6b3f33dd2de64fa567151fb2cf15c72,2f4b8aa5a0edfdafeadf5c67ac561b97ec266443615d65a715c735eac6203ef6,169421e73b25e00e379d0a24e476d5f26da19186f48a179e3a8bf83ce889b3b8
alpha^2,4.663301595172349,0.41949460494744567,-0.061176221692565896,1.5408683737170283e-11,diagnostic_only_not_theorem_gate,4a09b46da042bd99120c3c23c0cc81b0e6b3f33dd2de64fa567151fb2cf15c72,2f4b8aa5a0edfdafeadf5c67ac561b97ec266443615d65a715c735eac6203ef6,169421e73b25e00e379d0a24e476d5f26da19186f48a179e3a8bf83ce889b3b8
alpha^2,4.71238898038469,0.4225,-0.06124999999999908,1.5621944879089254e-11,diagnostic_only_not_theorem_gate,4a09b46da042bd99120c3c23c0cc81b0e6b3f33dd2de64fa567151fb2cf15c72,2f4b8aa5a0edfdafeadf5c67ac561b97ec266443615d65a715c735eac6203ef6,169421e73b25e00e379d0a24e476d5f26da19186f48a179e3a8bf83ce889b3b8
alpha^2,4.76147636559703,0.42550539505255425,-0.061176221692565896,1.5825664899733835e-11,diagnostic_only_not_theorem_gate,4a09b46da042bd99120c3c23c0cc81b0e6b3f33dd2de64fa567151fb2cf15c72,2f4b8aa5a0edfdafeadf5c67ac561b97ec266443615d65a715c735eac6203ef6,169421e73b25e00e379d0a24e476d5f26da19186f48a179e3a8bf83ce889b3b8
alpha^2,4.81056375080937,0.42850354984518546,-0.06095506450867115,1.6019744724708135e-11,diagnostic_only_not_theorem_gate,4a09b46da042bd99120c3c23c0cc81b0e6b3f33dd2de64fa567151fb2cf15c72,2f4b8aa5a0edfdafeadf5c67ac561b97ec266443615d65a715c735eac6203ef6,169421e73b25e00e379d0a24e476d5f26da19186f48a179e3a8bf83ce889b3b8
alpha^2,4.859651136021712,0.43148724156039076,-0.060587061235341924,1.6204483474649063e-11,diagnostic_only_not_theorem_gate,4a09b46da042bd99120c3c23c0cc81b0e6b3f33dd2de64fa567151fb2cf15c72,2f4b8aa5a0edfdafeadf5c67ac561b97ec266443615d65a715c735eac6203ef6,169421e73b25e00e379d0a24e476d5f26da19186f48a179e3a8bf83ce889b3b8
alpha^2,4.908738521234052,0.43444928222348767,-0.060073098424696963,1.6379520602982697e-11,diagnostic_only_not_theorem_gate,4a09b46da042bd99120c3c23c0cc81b0e6b3f33dd2de64fa567151fb2cf15c72,2f4b8aa5a0edfdafeadf5c67ac561b97ec266443615d65a715c735eac6203ef6,169421e73b25e00e379d0a24e476d5f26da19186f48a179e3a8bf83ce889b3b8
alpha^2,4.957825906446392,0.4373825360190747,-0.059414414258164926,1.6545089822442385e-11,diagnostic_only_not_theorem_gate,4a09b46da042bd99120c3c23c0cc81b0e6b3f33dd2de64fa567151fb2cf15c72,2f4b8aa5a0edfdafeadf5c67ac561b97ec266443615d65a715c735eac6203ef6,169421e73b25e00e379d0a24e476d5f26da19186f48a179e3a8bf83ce889b3b8
alpha^2,5.006913291658733,0.4402799364818355,-0.05861259556359692,1.6701291566283673e-11,diagnostic_only_not_theorem_gate,4a09b46da042bd99120c3c23c0cc81b0e6b3f33dd2de64fa567151fb2cf15c72,2f4b8aa5a0edfdafeadf5c67ac561b97ec266443615d65a715c735eac6203ef6,169421e73b25e00e379d0a24e476d5f26da19186f48a179e3a8bf83ce889b3b8
alpha^2,5.056000676871073,0.4431345035202731,-0.057669573992459165,1.6848182746875084e-11,diagnostic_only_not_theorem_gate,4a09b46da042bd99120c3c23c0cc81b0e6b3f33dd2de64fa567151fb2cf15c72,2f4b8aa5a0edfdafeadf5c67ac561b97ec266443615d65a715c735eac6203ef6,169421e73b25e00e379d0a24e476d5f26da19186f48a179e3a8bf83ce889b3b8
alpha^2,5.105088062083414,0.4459393602323614,-0.05658762136631546,1.698590786509427e-11,diagnostic_only_not_theorem_gate,4a09b46da042bd99120c3c23c0cc81b0e6b3f33dd2de64fa567151fb2cf15c72,2f4b8aa5a0edfdafeadf5c67ac561b97ec266443615d65a715c735eac6203ef6,169421e73b25e00e379d0a24e476d5f26da19186f48a179e3a8bf83ce889b3b8
alpha^2,5.154175447295755,0.44868774947260437,-0.055369344203810074,1.7114443713962404e-11,diagnostic_only_not_theorem_gate,4a09b46da042bd99120c3c23c0cc81b0e6b3f33dd2de64fa567151fb2cf15c72,2f4b8aa5a0edfdafeadf5c67ac561b97ec266443615d65a715c735eac6203ef6,169421e73b25e00e379d0a24e476d5f26da19186f48a179e3a8bf83ce889b3b8
alpha^2,5.203262832508095,0.4513730501305919,-0.05401767744133594,1.7234151108167352e-11,diagnostic_only_not_theorem_gate,4a09b46da042bd99120c3c23c0cc81b0e6b3f33dd2de64fa567151fb2cf15c72,2f4b8aa5a0edfdafeadf5c67ac561b97ec266443615d65a715c735eac6203ef6,169421e73b25e00e379d0a24e476d5f26da19186f48a179e3a8bf83ce889b3b8
alpha^2,5.252350217720435,0.4539887930818343,-0.05253587736251589,1.7344831038618344e-11,diagnostic_only_not_theorem_gate,4a09b46da042bd99120c3c23c0cc81b0e6b3f33dd2de64fa567151fb2cf15c72,2f4b8aa5a0edfdafeadf5c67ac561b97ec266443615d65a715c735eac6203ef6,169421e73b25e00e379d0a24e476d5f26da19186f48a179e3a8bf83ce889b3b8
alpha^2,5.301437602932776,0.45652867677245007,-0.05092751375353015,1.744688884160894e-11,diagnostic_only_not_theorem_gate,4a09b46da042bd99120c3c23c0cc81b0e6b3f33dd2de64fa567151fb2cf15c72,2f4b8aa5a0edfdafeadf5c67ac561b97ec266443615d65a715c735eac6203ef6,169421e73b25e00e379d0a24e476d5f26da19186f48a179e3a8bf83ce889b3b8
alpha^2,5.350524988145116,0.45898658240016094,-0.04919646130318878,1.7540384355287735e-11,diagnostic_only_not_theorem_gate,4a09b46da042bd99120c3c23c0cc81b0e6b3f33dd2de64fa567151fb2cf15c72,2f4b8aa5a0edfdafeadf5c67ac561b97ec266443615d65a715c735eac6203ef6,169421e73b25e00e379d0a24e476d5f26da19186f48a179e3a8bf83ce889b3b8
alpha^2,5.399612373357457,0.4613565886550227,-0.047346890268466925,1.7626020223937374e-11,diagnostic_only_not_theorem_gate,4a09b46da042bd99120c3c23c0cc81b0e6b3f33dd2de64fa567151fb2cf15c72,2f4b8aa5a0edfdafeadf5c67ac561b97ec266443615d65a715c735eac6203ef6,169421e73b25e00e379d0a24e476d5f26da19186f48a179e3a8bf83ce889b3b8
alpha^2,5.448699758569798,0.46363298598437924,-0.04538325642799056,1.7703582180441454e-11,diagnostic_only_not_theorem_gate,4a09b46da042bd99120c3c23c0cc81b0e6b3f33dd2de64fa567151fb2cf15c72,2f4b8aa5a0edfdafeadf5c67ac561b97ec266443615d65a715c735eac6203ef6,169421e73b25e00e379d0a24e476d5f26da19186f48a179e3a8bf83ce889b3b8
alpha^2,5.497787143782138,0.46581029034767535,-0.0433102903476754,1.777368945132496e-11,diagnostic_only_not_theorem_gate,4a09b46da042bd99120c3c23c0cc81b0e6b3f33dd2de64fa567151fb2cf15c72,2f4b8aa5a0edfdafeadf5c67ac561b97ec266443615d65a715c735eac6203ef6,169421e73b25e00e379d0a24e476d5f26da19186f48a179e3a8bf83ce889b3b8
alpha^2,5.546874528994478,0.46788325642799056,-0.041132985984379276,1.7836327183214017e-11,diagnostic_only_not_theorem_gate,4a09b46da042bd99120c3c23c0cc81b0e6b3f33dd2de64fa567151fb2cf15c72,2f4b8aa5a0edfdafeadf5c67ac561b97ec266443615d65a715c735eac6203ef6,169421e73b25e00e379d0a24e476d5f26da19186f48a179e3a8bf83ce889b3b8
alpha^2,5.595961914206819,0.4698468902684669,-0.038856588655022735,1.7892172530688077e-11,diagnostic_only_not_theorem_gate,4a09b46da042bd99120c3c23c0cc81b0e6b3f33dd2de64fa567151fb2cf15c72,2f4b8aa5a0edfdafeadf5c67ac561b97ec266443615d65a715c735eac6203ef6,169421e73b25e00e379d0a24e476d5f26da19186f48a179e3a8bf83ce889b3b8
alpha^2,5.64504929941916,0.47169646130318876,-0.03648658240016099,1.7941475197377518e-11,diagnostic_only_not_theorem_gate,4a09b46da042bd99120c3c23c0cc81b0e6b3f33dd2de64fa567151fb2cf15c72,2f4b8aa5a0edfdafeadf5c67ac561b97ec266443615d65a715c735eac6203ef6,169421e73b25e00e379d0a24e476d5f26da19186f48a179e3a8bf83ce889b3b8
alpha^2,5.6941366846315,0.4734275137535301,-0.034028676772450125,1.798469527467155e-11,diagnostic_only_not_theorem_gate,4a09b46da042bd99120c3c23c0cc81b0e6b3f33dd2de64fa567151fb2cf15c72,2f4b8aa5a0edfdafeadf5c67ac561b97ec266443615d65a715c735eac6203ef6,169421e73b25e00e379d0a24e476d5f26da19186f48a179e3a8bf83ce889b3b8
alpha^2,5.743224069843841,0.47503587736251585,-0.03148879308183437,1.8022138764081314e-11,diagnostic_only_not_theorem_gate,4a09b46da042bd99120c3c23c0cc81b0e6b3f33dd2de64fa567151fb2cf15c72,2f4b8aa5a0edfdafeadf5c67ac561b97ec266443615d65a715c735eac6203ef6,169421e73b25e00e379d0a24e476d5f26da19186f48a179e3a8bf83ce889b3b8
alpha^2,5.792311455056181,0.4765176774413359,-0.02887305013059194,1.8054139944780302e-11,diagnostic_only_not_theorem_gate,4a09b46da042bd99120c3c23c0cc81b0e6b3f33dd2de64fa567151fb2cf15c72,2f4b8aa5a0edfdafeadf5c67ac561b97ec266443615d65a715c735eac6203ef6,169421e73b25e00e379d0a24e476d5f26da19186f48a179e3a8bf83ce889b3b8
alpha^2,5.841398840268521,0.47786934420381005,-0.026187749472604414,1.8081478538712516e-11,diagnostic_only_not_theorem_gate,4a09b46da042bd99120c3c23c0cc81b0e6b3f33dd2de64fa567151fb2cf15c72,2f4b8aa5a0edfdafeadf5c67ac561b97ec266443615d65a715c735eac6203ef6,169421e73b25e00e379d0a24e476d5f26da19186f48a179e3a8bf83ce889b3b8
alpha^2,5.890486225480862,0.47908762136631544,-0.023439360232361435,1.810443009472275e-11,diagnostic_only_not_theorem_gate,4a09b46da042bd99120c3c23c0cc81b0e6b3f33dd2de64fa567151fb2cf15c72,2f4b8aa5a0edfdafeadf5c67ac561b97ec266443615d65a715c735eac6203ef6,169421e73b25e00e379d0a24e476d5f26da19186f48a179e3a8bf83ce889b3b8
alpha^2,5.939573610693203,0.48016957399245913,-0.020634503520273167,1.812325714016095e-11,diagnostic_only_not_theorem_gate,4a09b46da042bd99120c3c23c0cc81b0e6b3f33dd2de64fa567151fb2cf15c72,2f4b8aa5a0edfdafeadf5c67ac561b97ec266443615d65a715c735eac6203ef6,169421e73b25e00e379d0a24e476d5f26da19186f48a179e3a8bf83ce889b3b8
alpha^2,5.988660995905543,0.4811125955635969,-0.01777993648183556,1.8139031465914328e-11,diagnostic_only_not_theorem_gate,4a09b46da042bd99120c3c23c0cc81b0e6b3f33dd2de64fa567151fb2cf15c72,2f4b8aa5a0edfdafeadf5c67ac561b97ec266443615d65a715c735eac6203ef6,169421e73b25e00e379d0a24e476d5f26da19186f48a179e3a8bf83ce889b3b8
alpha^2,6.037748381117884,0.4819144142581649,-0.014882536019074707,1.815106439589889e-11,diagnostic_only_not_theorem_gate,4a09b46da042bd99120c3c23c0cc81b0e6b3f33dd2de64fa567151fb2cf15c72,2f4b8aa5a0edfdafeadf5c67ac561b97ec266443615d65a715c735eac6203ef6,169421e73b25e00e379d0a24e476d5f26da19186f48a179e3a8bf83ce889b3b8
alpha^2,6.086835766330224,0.4825730984246969,-0.011949282223487704,1.8160529332853398e-11,diagnostic_only_not_theorem_gate,4a09b46da042bd99120c3c23c0cc81b0e6b3f33dd2de64fa567151fb2cf15c72,2f4b8aa5a0edfdafeadf5c67ac561b97ec266443615d65a715c735eac6203ef6,169421e73b25e00e379d0a24e476d5f26da19186f48a179e3a8bf83ce889b3b8
alpha^2,6.135923151542564,0.4830870612353419,-0.008987241560390812,1.8167953946240135e-11,diagnostic_only_not_theorem_gate,4a09b46da042bd99120c3c23c0cc81b0e6b3f33dd2de64fa567151fb2cf15c72,2f4b8aa5a0edfdafeadf5c67ac561b97ec266443615d65a715c735eac6203ef6,169421e73b25e00e379d0a24e476d5f26da19186f48a179e3a8bf83ce889b3b8
alpha^2,6.1850105367549055,0.48345506450867115,-0.006003549845185491,1.8172730610269476e-11,diagnostic_only_not_theorem_gate,4a09b46da042bd99120c3c23c0cc81b0e6b3f33dd2de64fa567151fb2cf15c72,2f4b8aa5a0edfdafeadf5c67ac561b97ec266443615d65a715c735eac6203ef6,169421e73b25e00e379d0a24e476d5f26da19186f48a179e3a8bf83ce889b3b8
alpha^2,6.234097921967246,0.48367622169256586,-0.003005395052554313,1.8175484802357875e-11,diagnostic_only_not_theorem_gate,4a09b46da042bd99120c3c23c0cc81b0e6b3f33dd2de64fa567151fb2cf15c72,2f4b8aa5a0edfdafeadf5c67ac561b97ec266443615d65a715c735eac6203ef6,169421e73b25e00e379d0a24e476d5f26da19186f48a179e3a8bf83ce889b3b8
mu^1,0.0,0.3126875000000013,0.0,1.8999867917145454e-12,diagnostic_only_not_theorem_gate,4a09b46da042bd99120c3c23c0cc81b0e6b3f33dd2de64fa567151fb2cf15c72,2f4b8aa5a0edfdafeadf5c67ac561b97ec266443615d65a715c735eac6203ef6,169421e73b25e00e379d0a24e476d5f26da19186f48a179e3a8bf83ce889b3b8
mu^1,0.04908738521234052,0.3126722173506044,0.0006225461180291796,1.899668692868424e-12,diagnostic_only_not_theorem_gate,4a09b46da042bd99120c3c23c0cc81b0e6b3f33dd2de64fa567151fb2cf15c72,2f4b8aa5a0edfdafeadf5c67ac561b97ec266443615d65a715c735eac6203ef6,169421e73b25e00e379d0a24e476d5f26da19186f48a179e3a8bf83ce889b3b8
mu^1,0.09817477042468103,0.31262640621965476,0.001243592467931427,1.898957081347054e-12,diagnostic_only_not_theorem_gate,4a09b46da042bd99120c3c23c0cc81b0e6b3f33dd2de64fa567151fb2cf15c72,2f4b8aa5a0edfdafeadf5c67ac561b97ec266443615d65a715c735eac6203ef6,169421e73b25e00e379d0a24e476d5f26da19186f48a179e3a8bf83ce889b3b8
mu^1,0.14726215563702155,0.31255017697017945,0.0018616428946525922,1.8977859641514364e-12,diagnostic_only_not_theorem_gate,4a09b46da042bd99120c3c23c0cc81b0e6b3f33dd2de64fa567151fb2cf15c72,2f4b8aa5a0edfdafeadf5c67ac561b97ec266443615d65a715c735eac6203ef6,169421e73b25e00e379d0a24e476d5f26da19186f48a179e3a8bf83ce889b3b8
mu^1,0.19634954084936207,0.31244371324511727,0.00247520846057988,1.896026164049937e-12,diagnostic_only_not_theorem_gate,4a09b46da042bd99120c3c23c0cc81b0e6b3f33dd2de64fa567151fb2cf15c72,2f4b8aa5a0edfdafeadf5c67ac561b97ec266443615d65a715c735eac6203ef6,169421e73b25e00e379d0a24e476d5f26da19186f48a179e3a8bf83ce889b3b8
mu^1,0.2454369260617026,0.312307271524907,0.003082811032522975,1.8936114320017863e-12,diagnostic_only_not_theorem_gate,4a09b46da042bd99120c3c23c0cc81b0e6b3f33dd2de64fa567151fb2cf15c72,2f4b8aa5a0edfdafeadf5c67ac561b97ec266443615d65a715c735eac6203ef6,169421e73b25e00e379d0a24e476d5f26da19186f48a179e3a8bf83ce889b3b8
mu^1,0.2945243112740431,0.3121411805096036,0.003682986842666367,1.8908313987596818e-12,diagnostic_only_not_theorem_gate,4a09b46da042bd99120c3c23c0cc81b0e6b3f33dd2de64fa567151fb2cf15c72,2f4b8aa5a0edfdafeadf5c67ac561b97ec266443615d65a715c735eac6203ef6,169421e73b25e00e379d0a24e476d5f26da19186f48a179e3a8bf83ce889b3b8
mu^1,0.3436116964863836,0.3119458403270108,0.004274290014914228,1.8875353898905908e-12,diagnostic_only_not_theorem_gate,4a09b46da042bd99120c3c23c0cc81b0e6b3f33dd2de64fa567151fb2cf15c72,2f4b8aa5a0edfdafeadf5c67ac561b97ec266443615d65a715c735eac6203ef6,169421e73b25e00e379d0a24e476d5f26da19186f48a179e3a8bf83ce889b3b8
mu^1,0.39269908169872414,0.3117217215687381,0.004855296048132572,1.8835099149815934e-12,diagnostic_only_not_theorem_gate,4a09b46da042bd99120c3c23c0cc81b0e6b3f33dd2de64fa567151fb2cf15c72,2f4b8aa5a0edfdafeadf5c67ac561b97ec266443615d65a715c735eac6203ef6,169421e73b25e00e379d0a24e476d5f26da19186f48a179e3a8bf83ce889b3b8
mu^1,0.44178646691106466,0.31146936415650484,0.005424605247897257,1.8789267587851344e-12,diagnostic_only_not_theorem_gate,4a09b46da042bd99120c3c23c0cc81b0e6b3f33dd2de64fa567151fb2cf15c72,2f4b8aa5a0edfdafeadf5c67ac561b97ec266443615d65a715c735eac6203ef6,169421e73b25e00e379d0a24e476d5f26da19186f48a179e3a8bf83ce889b3b8
mu^1,0.4908738521234052,0.3111893760414209,0.005980846098480455,1.873821453307083e-12,diagnostic_only_not_theorem_gate,4a09b46da042bd99120c3c23c0cc81b0e6b3f33dd2de64fa567151fb2cf15c72,2f4b8aa5a0edfdafeadf5c67ac561b97ec266443615d65a715c735eac6203ef6,169421e73b25e00e379d0a24e476d5f26da19186f48a179e3a8bf83ce889b3b8
mu^1,0.5399612373357456,0.31088243173937957,0.006522678566952165,1.8680640388141448e-12,diagnostic_only_not_theorem_gate,4a09b46da042bd99120c3c23c0cc81b0e6b3f33dd2de64fa567151fb2cf15c72,2f4b8aa5a0edfdafeadf5c67ac561b97ec266443615d65a715c735eac6203ef6,169421e73b25e00e379d0a24e476d5f26da19186f48a179e3a8bf83ce889b3b8
mu^1,0.5890486225480862,0.3105492707060896,0.007048797331436922,1.8615773493355287e-12,diagnostic_only_not_theorem_gate,4a09b46da042bd99120c3c23c0cc81b0e6b3f33dd2de64fa567151fb2cf15c72,2f4b8aa5a0edfdafeadf5c67ac561b97ec266443615d65a715c735eac6203ef6,169421e73b25e00e379d0a24e476d5f26da19186f48a179e3a8bf83ce889b3b8
mu^1,0.6381360077604268,0.3101906955556617,0.00755793492574852,1.8544677131034276e-12,diagnostic_only_not_theorem_gate,4a09b46da042bd99120c3c23c0cc81b0e6b3f33dd2de64fa567151fb2cf15c72,2f4b8aa5a0edfdafeadf5c67ac561b97ec266443615d65a715c735eac6203ef6,169421e73b25e00e379d0a24e476d5f26da19186f48a179e3a8bf83ce889b3b8
mu^1,0.6872233929727672,0.30980757012704074,0.008048864792827074,1.8467093849414637e-12,diagnostic_only_not_theorem_gate,4a09b46da042bd99120c3c23c0cc81b0e6b3f33dd2de64fa567151fb2cf15c72,2f4b8aa5a0edfdafeadf5c67ac561b97ec266443615d65a715c735eac6203ef6,169421e73b25e00e379d0a24e476d5f26da19186f48a179e3a8bf83ce889b3b8
mu^1,0.7363107781851077,0.309400817402942,0.008520404239622414,1.8381288019029872e-12,diagnostic_only_not_theorem_gate,4a09b46da042bd99120c3c23c0cc81b0e6b3f33dd2de64fa567151fb2cf15c72,2f4b8aa5a0edfdafeadf5c67ac561b97ec266443615d65a715c735eac6203ef6,169421e73b25e00e379d0a24e476d5f26da19186f48a179e3a8bf83ce889b3b8
mu^1,0.7853981633974483,0.3089714172863052,0.008971417286305237,1.8288049515240755e-12,diagnostic_only_not_theorem_gate,4a09b46da042bd99120c3c23c0cc81b0e6b3f33dd2de64fa567151fb2cf15c72,2f4b8aa5a0edfdafeadf5c67ac561b97ec266443615d65a715c735eac6203ef6,169421e73b25e00e379d0a24e476d5f26da19186f48a179e3a8bf83ce889b3b8
mu^1,0.8344855486097889,0.3085204042396224,0.009400817402942003,1.8186963672089567e-12,diagnostic_only_not_theorem_gate,4a09b46da042bd99120c3c23c0cc81b0e6b3f33dd2de64fa567151fb2cf15c72,2f4b8aa5a0edfdafeadf5c67ac561b97ec266443615d65a715c735eac6203ef6,169421e73b25e00e379d0a24e476d5f26da19186f48a179e3a8bf83ce889b3b8
mu^1,0.8835729338221293,0.30804886479282706,0.009807570127040727,1.807783377548111e-12,diagnostic_only_not_theorem_gate,4a09b46da042bd99120c3c23c0cc81b0e6b3f33dd2de64fa567151fb2cf15c72,2f4b8aa5a0edfdafeadf5c67ac561b97ec266443615d65a715c735eac6203ef6,169421e73b25e00e379d0a24e476d5f26da19186f48a179e3a8bf83ce889b3b8
mu^1,0.9326603190344698,0.3075579349257485,0.010190695555661721,1.7960463856017297e-12,diagnostic_only_not_theorem_gate,4a09b46da042bd99120c3c23c0cc81b0e6b3f33dd2de64fa567151fb2cf15c72,2f4b8aa5a0edfdafeadf5c67ac561b97ec266443615d65a715c735eac6203ef6,169421e73b25e00e379d0a24e476d5f26da19186f48a179e3a8bf83ce889b3b8
mu^1,0.9817477042468103,0.3070487973314369,0.010549270706089619,1.7834194199140735e-12,diagnostic_only_not_theorem_gate,4a09b46da042bd99120c3c23c0cc81b0e6b3f33dd2de64fa567151fb2cf15c72,2f4b8aa5a0edfdafeadf5c67ac561b97ec266443615d65a715c735eac6203ef6,169421e73b25e00e379d0a24e476d5f26da19186f48a179e3a8bf83ce889b3b8
mu^1,1.030835089459151,0.30652267856695214,0.010882431739379562,1.7699645835987186e-12,diagnostic_only_not_theorem_gate,4a09b46da042bd99120c3c23c0cc81b0e6b3f33dd2de64fa567151fb2cf15c72,2f4b8aa5a0edfdafeadf5c67ac561b97ec266443615d65a715c735eac6203ef6,169421e73b25e00e379d0a24e476d5f26da19186f48a179e3a8bf83ce889b3b8
mu^1,1.0799224746714913,0.3059808460984804,0.011189376041420895,1.755590876149745e-12,diagnostic_only_not_theorem_gate,4a09b46da042bd99120c3c23c0cc81b0e6b3f33dd2de64fa567151fb2cf15c72,2f4b8aa5a0edfdafeadf5c67ac561b97ec266443615d65a715c735eac6203ef6,169421e73b25e00e379d0a24e476d5f26da19186f48a179e3a8bf83ce889b3b8
mu^1,1.1290098598838318,0.3054246052478973,0.011469364156504859,1.7402996946144762e-12,diagnostic_only_not_theorem_gate,4a09b46da042bd99120c3c23c0cc81b0e6b3f33dd2de64fa567151fb2cf15c72,2f4b8aa5a0edfdafeadf5c67ac561b97ec266443615d65a715c735eac6203ef6,169421e73b25e00e379d0a24e476d5f26da19186f48a179e3a8bf83ce889b3b8
mu^1,1.1780972450961724,0.30485529604813255,0.011721721568738146,1.7240901617015058e-12,diagnostic_only_not_theorem_gate,4a09b46da042bd99120c3c23c0cc81b0e6b3f33dd2de64fa567151fb2cf15c72,2f4b8aa5a0edfdafeadf5c67ac561b97ec266443615d65a715c735eac6203ef6,169421e73b25e00e379d0a24e476d5f26da19186f48a179e3a8bf83ce889b3b8
mu^1,1.227184630308513,0.30427429001491424,0.011945840327010796,1.7069564948181356e-12,diagnostic_only_not_theorem_gate,4a09b46da042bd99120c3c23c0cc81b0e6b3f33dd2de64fa567151fb2cf15c72,2f4b8aa5a0edfdafeadf5c67ac561b97ec266443615d65a715c735eac6203ef6,169421e73b25e00e379d0a24e476d5f26da19186f48a179e3a8bf83ce889b3b8
mu^1,1.2762720155208536,0.30368298684266637,0.01214118050960364,1.6888543501866877e-12,diagnostic_only_not_theorem_gate,4a09b46da042bd99120c3c23c0cc81b0e6b3f33dd2de64fa567151fb2cf15c72,2f4b8aa5a0edfdafeadf5c67ac561b97ec266443615d65a715c735eac6203ef6,169421e73b25e00e379d0a24e476d5f26da19186f48a179e3a8bf83ce889b3b8
mu^1,1.325359400733194,0.303082811032523,0.012307271524907033,1.6698272521465084e-12,diagnostic_only_not_theorem_gate,4a09b46da042bd99120c3c23c0cc81b0e6b3f33dd2de64fa567151fb2cf15c72,2f4b8aa5a0edfdafeadf5c67ac561b97ec266443615d65a715c735eac6203ef6,169421e73b25e00e379d0a24e476d5f26da19186f48a179e3a8bf83ce889b3b8
mu^1,1.3744467859455345,0.30247520846057985,0.012443713245117257,1.6498243617832674e-12,diagnostic_only_not_theorem_gate,4a09b46da042bd99120c3c23c0cc81b0e6b3f33dd2de64fa567151fb2cf15c72,2f4b8aa5a0edfdafeadf5c67ac561b97ec266443615d65a715c735eac6203ef6,169421e73b25e00e379d0a24e476d5f26da19186f48a179e3a8bf83ce889b3b8
mu^1,1.423534171157875,0.30186164289465256,0.01255017697017944,1.6288881395806657e-12,diagnostic_only_not_theorem_gate,4a09b46da042bd99120c3c23c0cc81b0e6b3f33dd2de64fa567151fb2cf15c72,2f4b8aa5a0edfdafeadf5c67ac561b97ec266443615d65a715c735eac6203ef6,169421e73b25e00e379d0a24e476d5f26da19186f48a179e3a8bf83ce889b3b8
mu^1,1.4726215563702154,0.3012435924679314,0.012626406219654785,1.6070051302374248e-12,diagnostic_only_not_theorem_gate,4a09b46da042bd99120c3c23c0cc81b0e6b3f33dd2de64fa567151fb2cf15c72,2f4b8aa5a0edfdafeadf5c67ac561b97ec266443615d65a715c735eac6203ef6,169421e73b25e00e379d0a24e476d5f26da19186f48a179e3a8bf83ce889b3b8
mu^1,1.521708941582556,0.3006225461180292,0.012672217350604418,1.5841892657693378e-12,diagnostic_only_not_theorem_gate,4a09b46da042bd99120c3c23c0cc81b0e6b3f33dd2de64fa567151fb2cf15c72,2f4b8aa5a0edfdafeadf5c67ac561b97ec266443615d65a715c735eac6203ef6,169421e73b25e00e379d0a24e476d5f26da19186f48a179e3a8bf83ce889b3b8
mu^1,1.5707963267948966,0.3,0.012687500000001295,1.5604649528140935e-12,diagnostic_only_not_theorem_gate,4a09b46da042bd99120c3c23c0cc81b0e6b3f33dd2de64fa567151fb2cf15c72,2f4b8aa5a0edfdafeadf5c67ac561b97ec266443615d65a715c735eac6203ef6,169421e73b25e00e379d0a24e476d5f26da19186f48a179e3a8bf83ce889b3b8
mu^1,1.6198837120072371,0.2993774538819708,0.012672217350604418,1.5358244286914097e-12,diagnostic_only_not_theorem_gate,4a09b46da042bd99120c3c23c0cc81b0e6b3f33dd2de64fa567151fb2cf15c72,2f4b8aa5a0edfdafeadf5c67ac561b97ec266443615d65a715c735eac6203ef6,169421e73b25e00e379d0a24e476d5f26da19186f48a179e3a8bf83ce889b3b8
mu^1,1.6689710972195777,0.29875640753206856,0.012626406219654787,1.5103506402341717e-12,diagnostic_only_not_theorem_gate,4a09b46da042bd99120c3c23c0cc81b0e6b3f33dd2de64fa567151fb2cf15c72,2f4b8aa5a0edfdafeadf5c67ac561b97ec266443615d65a715c735eac6203ef6,169421e73b25e00e379d0a24e476d5f26da19186f48a179e3a8bf83ce889b3b8
mu^1,1.718058482431918,0.2981383571053474,0.01255017697017944,1.483994541759543e-12,diagnostic_only_not_theorem_gate,4a09b46da042bd99120c3c23c0cc81b0e6b3f33dd2de64fa567151fb2cf15c72,2f4b8aa5a0edfdafeadf5c67ac561b97ec266443615d65a715c735eac6203ef6,169421e73b25e00e379d0a24e476d5f26da19186f48a179e3a8bf83ce889b3b8
mu^1,1.7671458676442586,0.29752479153942013,0.012443713245117257,1.4567916225669747e-12,diagnostic_only_not_theorem_gate,4a09b46da042bd99120c3c23c0cc81b0e6b3f33dd2de64fa567151fb2cf15c72,2f4b8aa5a0edfdafeadf5c67ac561b97ec266443615d65a715c735eac6203ef6,169421e73b25e00e379d0a24e476d5f26da19186f48a179e3a8bf83ce889b3b8
mu^1,1.8162332528565992,0.296917188967477,0.012307271524907033,1.428870447911518e-12,diagnostic_only_not_theorem_gate,4a09b46da042bd99120c3c23c0cc81b0e6b3f33dd2de64fa567151fb2cf15c72,2f4b8aa5a0edfdafeadf5c67ac561b97ec266443615d65a715c735eac6203ef6,169421e73b25e00e379d0a24e476d5f26da19186f48a179e3a8bf83ce889b3b8
mu^1,1.8653206380689396,0.2963170131573336,0.01214118050960364,1.4002173170390308e-12,diagnostic_only_not_theorem_gate,4a09b46da042bd99120c3c23c0cc81b0e6b3f33dd2de64fa567151fb2cf15c72,2f4b8aa5a0edfdafeadf5c67ac561b97ec266443615d65a715c735eac6203ef6,169421e73b25e00e379d0a24e476d5f26da19186f48a179e3a8bf83ce889b3b8
mu^1,1.9144080232812801,0.29572570998508574,0.011945840327010796,1.3708168309247902e-12,diagnostic_only_not_theorem_gate,4a09b46da042bd99120c3c23c0cc81b0e6b3f33dd2de64fa567151fb2cf15c72,2f4b8aa5a0edfdafeadf5c67ac561b97ec266443615d65a715c735eac6203ef6,169421e73b25e00e379d0a24e476d5f26da19186f48a179e3a8bf83ce889b3b8
mu^1,1.9634954084936207,0.2951447039518674,0.011721721568738146,1.3408391073081872e-12,diagnostic_only_not_theorem_gate,4a09b46da042bd99120c3c23c0cc81b0e6b3f33dd2de64fa567151fb2cf15c72,2f4b8aa5a0edfdafeadf5c67ac561b97ec266443615d65a715c735eac6203ef6,169421e73b25e00e379d0a24e476d5f26da19186f48a179e3a8bf83ce889b3b8
mu^1,2.012582793705961,0.29457539475210276,0.011469364156504859,1.3102818620385609e-12,diagnostic_only_not_theorem_gate,4a09b46da042bd99120c3c23c0cc81b0e6b3f33dd2de64fa567151fb2cf15c72,2f4b8aa5a0edfdafeadf5c67ac561b97ec266443615d65a715c735eac6203ef6,169421e73b25e00e379d0a24e476d5f26da19186f48a179e3a8bf83ce889b3b8
mu^1,2.061670178918302,0.29401915390151956,0.011189376041420897,1.2792080482522112e-12,diagnostic_only_not_theorem_gate,4a09b46da042bd99120c3c23c0cc81b0e6b3f33dd2de64fa567151fb2cf15c72,2f4b8aa5a0edfdafeadf5c67ac561b97ec266443615d65a715c735eac6203ef6,169421e73b25e00e379d0a24e476d5f26da19186f48a179e3a8bf83ce889b3b8
mu^1,2.110757564130642,0.29347732143304783,0.010882431739379562,1.2477330756291827e-12,diagnostic_only_not_theorem_gate,4a09b46da042bd99120c3c23c0cc81b0e6b3f33dd2de64fa567151fb2cf15c72,2f4b8aa5a0edfdafeadf5c67ac561b97ec266443615d65a715c735eac6203ef6,169421e73b25e00e379d0a24e476d5f26da19186f48a179e3a8bf83ce889b3b8
mu^1,2.1598449493429825,0.29295120266856306,0.010549270706089622,1.2159498026149566e-12,diagnostic_only_not_theorem_gate,4a09b46da042bd99120c3c23c0cc81b0e6b3f33dd2de64fa567151fb2cf15c72,2f4b8aa5a0edfdafeadf5c67ac561b97ec266443615d65a715c735eac6203ef6,169421e73b25e00e379d0a24e476d5f26da19186f48a179e3a8bf83ce889b3b8
mu^1,2.2089323345553233,0.29244206507425147,0.010190695555661723,1.183922658825493e-12,diagnostic_only_not_theorem_gate,4a09b46da042bd99120c3c23c0cc81b0e6b3f33dd2de64fa567151fb2cf15c72,2f4b8aa5a0edfdafeadf5c67ac561b97ec266443615d65a715c735eac6203ef6,169421e73b25e00e379d0a24e476d5f26da19186f48a179e3a8bf83ce889b3b8
mu^1,2.2580197197676637,0.2919511352071729,0.009807570127040728,1.1518004540105342e-12,diagnostic_only_not_theorem_gate,4a09b46da042bd99120c3c23c0cc81b0e6b3f33dd2de64fa567151fb2cf15c72,2f4b8aa5a0edfdafeadf5c67ac561b97ec266443615d65a715c735eac6203ef6,169421e73b25e00e379d0a24e476d5f26da19186f48a179e3a8bf83ce889b3b8
mu^1,2.3071071049800045,0.2914795957603776,0.009400817402942001,1.1196006372666268e-12,diagnostic_only_not_theorem_gate,4a09b46da042bd99120c3c23c0cc81b0e6b3f33dd2de64fa567151fb2cf15c72,2f4b8aa5a0edfdafeadf5c67ac561b97ec266443615d65a715c735eac6203ef6,169421e73b25e00e379d0a24e476d5f26da19186f48a179e3a8bf83ce889b3b8
mu^1,2.356194490192345,0.29102858271369475,0.008971417286305239,1.0875911091917255e-12,diagnostic_only_not_theorem_gate,4a09b46da042bd99120c3c23c0cc81b0e6b3f33dd2de64fa567151fb2cf15c72,2f4b8aa5a0edfdafeadf5c67ac561b97ec266443615d65a715c735eac6203ef6,169421e73b25e00e379d0a24e476d5f26da19186f48a179e3a8bf83ce889b3b8
mu^1,2.405281875404685,0.29059918259705797,0.008520404239622418,1.055832139778282e-12,diagnostic_only_not_theorem_gate,4a09b46da042bd99120c3c23c0cc81b0e6b3f33dd2de64fa567151fb2cf15c72,2f4b8aa5a0edfdafeadf5c67ac561b97ec266443615d65a715c735eac6203ef6,169421e73b25e00e379d0a24e476d5f26da19186f48a179e3a8bf83ce889b3b8
mu^1,2.454369260617026,0.29019242987295923,0.008048864792827074,1.02455152197916e-12,diagnostic_only_not_theorem_gate,4a09b46da042bd99120c3c23c0cc81b0e6b3f33dd2de64fa567151fb2cf15c72,2f4b8aa5a0edfdafeadf5c67ac561b97ec266443615d65a715c735eac6203ef6,169421e73b25e00e379d0a24e476d5f26da19186f48a179e3a8bf83ce889b3b8
mu^1,2.5034566458293663,0.2898093044443383,0.007557934925748521,9.938487192218976e-13,diagnostic_only_not_theorem_gate,4a09b46da042bd99120c3c23c0cc81b0e6b3f33dd2de64fa567151fb2cf15c72,2f4b8aa5a0edfdafeadf5c67ac561b97ec266443615d65a715c735eac6203ef6,169421e73b25e00e379d0a24e476d5f26da19186f48a179e3a8bf83ce889b3b8
mu^1,2.552544031041707,0.28945072929391036,0.007048797331436922,9.639075237277529e-13,diagnostic_only_not_theorem_gate,4a09b46da042bd99120c3c23c0cc81b0e6b3f33dd2de64fa567151fb2cf15c72,2f4b8aa5a0edfdafeadf5c67ac561b97ec266443615d65a715c735eac6203ef6,169421e73b25e00e379d0a24e476d5f26da19186f48a179e3a8bf83ce889b3b8
mu^1,2.6016314162540475,0.2891175682606204,0.006522678566952167,9.350088668517566e-13,diagnostic_only_not_theorem_gate,4a09b46da042bd99120c3c23c0cc81b0e6b3f33dd2de64fa567151fb2cf15c72,2f4b8aa5a0edfdafeadf5c67ac561b97ec266443615d65a715c735eac6203ef6,169421e73b25e00e379d0a24e476d5f26da19186f48a179e3a8bf83ce889b3b8
mu^1,2.650718801466388,0.2888106239585791,0.005980846098480459,9.073739644037536e-13,diagnostic_only_not_theorem_gate,4a09b46da042bd99120c3c23c0cc81b0e6b3f33dd2de64fa567151fb2cf15c72,2f4b8aa5a0edfdafeadf5c67ac561b97ec266443615d65a715c735eac6203ef6,169421e73b25e00e379d0a24e476d5f26da19186f48a179e3a8bf83ce889b3b8
mu^1,2.6998061866787286,0.28853063584349514,0.005424605247897257,8.812598710066948e-13,diagnostic_only_not_theorem_gate,4a09b46da042bd99120c3c23c0cc81b0e6b3f33dd2de64fa567151fb2cf15c72,2f4b8aa5a0edfdafeadf5c67ac561b97ec266443615d65a715c735eac6203ef6,169421e73b25e00e379d0a24e476d5f26da19186f48a179e3a8bf83ce889b3b8
mu^1,2.748893571891069,0.28827827843126186,0.004855296048132574,8.568004195108719e-13,diagnostic_only_not_theorem_gate,4a09b46da042bd99120c3c23c0cc81b0e6b3f33dd2de64fa567151fb2cf15c72,2f4b8aa5a0edfdafeadf5c67ac561b97ec266443615d65a715c735eac6203ef6,169421e73b25e00e379d0a24e476d5f26da19186f48a179e3a8bf83ce889b3b8
mu^1,2.7979809571034093,0.2880541596729892,0.004274290014914231,8.34357009300618e-13,diagnostic_only_not_theorem_gate,4a09b46da042bd99120c3c23c0cc81b0e6b3f33dd2de64fa567151fb2cf15c72,2f4b8aa5a0edfdafeadf5c67ac561b97ec266443615d65a715c735eac6203ef6,169421e73b25e00e379d0a24e476d5f26da19186f48a179e3a8bf83ce889b3b8
mu^1,2.84706834231575,0.2878588194903964,0.0036829868426663673,8.142201194618753e-13,diagnostic_only_not_theorem_gate,4a09b46da042bd99120c3c23c0cc81b0e6b3f33dd2de64fa567151fb2cf15c72,2f4b8aa5a0edfdafeadf5c67ac561b97ec266443615d65a715c735eac6203ef6,169421e73b25e00e379d0a24e476d5f26da19186f48a179e3a8bf83ce889b3b8
mu^1,2.8961557275280905,0.287692728475093,0.0030828110325229773,7.966349724700767e-13,diagnostic_only_not_theorem_gate,4a09b46da042bd99120c3c23c0cc81b0e6b3f33dd2de64fa567151fb2cf15c72,2f4b8aa5a0edfdafeadf5c67ac561b97ec266443615d65a715c735eac6203ef6,169421e73b25e00e379d0a24e476d5f26da19186f48a179e3a8bf83ce889b3b8
mu^1,2.945243112740431,0.2875562867548827,0.0024752084605798846,7.817380627291801e-13,diagnostic_only_not_theorem_gate,4a09b46da042bd99120c3c23c0cc81b0e6b3f33dd2de64fa567151fb2cf15c72,2f4b8aa5a0edfdafeadf5c67ac561b97ec266443615d65a715c735eac6203ef6,169421e73b25e00e379d0a24e476d5f26da19186f48a179e3a8bf83ce889b3b8
mu^1,2.9943304979527716,0.28744982302982053,0.0018616428946525928,7.699930002190643e-13,diagnostic_only_not_theorem_gate,4a09b46da042bd99120c3c23c0cc81b0e6b3f33dd2de64fa567151fb2cf15c72,2f4b8aa5a0edfdafeadf5c67ac561b97ec266443615d65a715c735eac6203ef6,169421e73b25e00e379d0a24e476d5f26da19186f48a179e3a8bf83ce889b3b8
mu^1,3.043417883165112,0.2873735937803452,0.00124359246793143,7.614529763345844e-13,diagnostic_only_not_theorem_gate,4a09b46da042bd99120c3c23c0cc81b0e6b3f33dd2de64fa567151fb2cf15c72,2f4b8aa5a0edfdafeadf5c67ac561b97ec266443615d65a715c735eac6203ef6,169421e73b25e00e379d0a24e476d5f26da19186f48a179e3a8bf83ce889b3b8
mu^1,3.0925052683774528,0.28732778264939557,0.000622546118029179,7.56272136905115e-13,diagnostic_only_not_theorem_gate,4a09b46da042bd99120c3c23c0cc81b0e6b3f33dd2de64fa567151fb2cf15c72,2f4b8aa5a0edfdafeadf5c67ac561b97ec266443615d65a715c735eac6203ef6,169421e73b25e00e379d0a24e476d5f26da19186f48a179e3a8bf83ce889b3b8
mu^1,3.141592653589793,0.2873124999999987,1.553770626418363e-18,7.544489453319001e-13,diagnostic_only_not_theorem_gate,4a09b46da042bd99120c3c23c0cc81b0e6b3f33dd2de64fa567151fb2cf15c72,2f4b8aa5a0edfdafeadf5c67ac561b97ec266443615d65a715c735eac6203ef6,169421e73b25e00e379d0a24e476d5f26da19186f48a179e3a8bf83ce889b3b8
mu^1,3.1906800388021335,0.28732778264939557,-0.0006225461180291759,7.562626387942619e-13,diagnostic_only_not_theorem_gate,4a09b46da042bd99120c3c23c0cc81b0e6b3f33dd2de64fa567151fb2cf15c72,2f4b8aa5a0edfdafeadf5c67ac561b97ec266443615d65a715c735eac6203ef6,169421e73b25e00e379d0a24e476d5f26da19186f48a179e3a8bf83ce889b3b8
mu^1,3.2397674240144743,0.2873735937803452,-0.0012435924679314269,7.614593641695166e-13,diagnostic_only_not_theorem_gate,4a09b46da042bd99120c3c23c0cc81b0e6b3f33dd2de64fa567151fb2cf15c72,2f4b8aa5a0edfdafeadf5c67ac561b97ec266443615d65a715c735eac6203ef6,169421e73b25e00e379d0a24e476d5f26da19186f48a179e3a8bf83ce889b3b8
mu^1,3.2888548092268146,0.28744982302982053,-0.00186164289465259,7.699984141362912e-13,diagnostic_only_not_theorem_gate,4a09b46da042bd99120c3c23c0cc81b0e6b3f33dd2de64fa567151fb2cf15c72,2f4b8aa5a0edfdafeadf5c67ac561b97ec266443615d65a715c735eac6203ef6,169421e73b25e00e379d0a24e476d5f26da19186f48a179e3a8bf83ce889b3b8
mu^1,3.3379421944391554,0.2875562867548827,-0.002475208460579881,7.817598154499819e-13,diagnostic_only_not_theorem_gate,4a09b46da042bd99120c3c23c0cc81b0e6b3f33dd2de64fa567151fb2cf15c72,2f4b8aa5a0edfdafeadf5c67ac561b97ec266443615d65a715c735eac6203ef6,169421e73b25e00e379d0a24e476d5f26da19186f48a179e3a8bf83ce889b3b8
mu^1,3.3870295796514958,0.287692728475093,-0.0030828110325229743,7.966324103541827e-13,diagnostic_only_not_theorem_gate,4a09b46da042bd99120c3c23c0cc81b0e6b3f33dd2de64fa567151fb2cf15c72,2f4b8aa5a0edfdafeadf5c67ac561b97ec266443615d65a715c735eac6203ef6,169421e73b25e00e379d0a24e476d5f26da19186f48a179e3a8bf83ce889b3b8
mu^1,3.436116964863836,0.2878588194903963,-0.003682986842666364,8.142202347077025e-13,diagnostic_only_not_theorem_gate,4a09b46da042bd99120c3c23c0cc81b0e6b3f33dd2de64fa567151fb2cf15c72,2f4b8aa5a0edfdafeadf5c67ac561b97ec266443615d65a715c735eac6203ef6,169421e73b25e00e379d0a24e476d5f26da19186f48a179e3a8bf83ce889b3b8
mu^1,3.485204350076177,0.2880541596729892,-0.004274290014914229,8.34367697382019e-13,diagnostic_only_not_theorem_gate,4a09b46da042bd99120c3c23c0cc81b0e6b3f33dd2de64fa567151fb2cf15c72,2f4b8aa5a0edfdafeadf5c67ac561b97ec266443615d65a715c735eac6203ef6,169421e73b25e00e379d0a24e476d5f26da19186f48a179e3a8bf83ce889b3b8
mu^1,3.5342917352885173,0.28827827843126186,-0.004855296048132571,8.568040733886598e-13,diagnostic_only_not_theorem_gate,4a09b46da042bd99120c3c23c0cc81b0e6b3f33dd2de64fa567151fb2cf15c72,2f4b8aa5a0edfdafeadf5c67ac561b97ec266443615d65a715c735eac6203ef6,169421e73b25e00e379d0a24e476d5f26da19186f48a179e3a8bf83ce889b3b8
mu^1,3.5833791205008576,0.28853063584349514,-0.005424605247897254,8.812585921299586e-13,diagnostic_only_not_theorem_gate,4a09b46da042bd99120c3c23c0cc81b0e6b3f33dd2de64fa567151fb2cf15c72,2f4b8aa5a0edfdafeadf5c67ac561b97ec266443615d65a715c735eac6203ef6,169421e73b25e00e379d0a24e476d5f26da19186f48a179e3a8bf83ce889b3b8
mu^1,3.6324665057131984,0.2888106239585791,-0.005980846098480455,9.073544403339637e-13,diagnostic_only_not_theorem_gate,4a09b46da042bd99120c3c23c0cc81b0e6b3f33dd2de64fa567151fb2cf15c72,2f4b8aa5a0edfdafeadf5c67ac561b97ec266443615d65a715c735eac6203ef6,169421e73b25e00e379d0a24e476d5f26da19186f48a179e3a8bf83ce889b3b8
mu^1,3.6815538909255388,0.2891175682606204,-0.0065226785669521645,9.350135366926797e-13,diagnostic_only_not_theorem_gate,4a09b46da042bd99120c3c23c0cc81b0e6b3f33dd2de64fa567151fb2cf15c72,2f4b8aa5a0edfdafeadf5c67ac561b97ec266443615d65a715c735eac6203ef6,169421e73b25e00e379d0a24e476d5f26da19186f48a179e3a8bf83ce889b3b8
mu^1,3.730641276137879,0.28945072929391036,-0.0070487973314369195,9.639127494910263e-13,diagnostic_only_not_theorem_gate,4a09b46da042bd99120c3c23c0cc81b0e6b3f33dd2de64fa567151fb2cf15c72,2f4b8aa5a0edfdafeadf5c67ac561b97ec266443615d65a715c735eac6203ef6,169421e73b25e00e379d0a24e476d5f26da19186f48a179e3a8bf83ce889b3b8
mu^1,3.77972866135022,0.2898093044443383,-0.007557934925748518,9.938541219283205e-13,diagnostic_only_not_theorem_gate,4a09b46da042bd99120c3c23c0cc81b0e6b3f33dd2de64fa567151fb2cf15c72,2f4b8aa5a0edfdafeadf5c67ac561b97ec266443615d65a715c735eac6203ef6,169421e73b25e00e379d0a24e476d5f26da19186f48a179e3a8bf83ce889b3b8
mu^1,3.8288160465625602,0.29019242987295923,-0.00804886479282707,1.0245316449117659e-12,diagnostic_only_not_theorem_gate,4a09b46da042bd99120c3c23c0cc81b0e6b3f33dd2de64fa567151fb2cf15c72,2f4b8aa5a0edfdafeadf5c67ac561b97ec266443615d65a715c735eac6203ef6,169421e73b25e00e379d0a24e476d5f26da19186f48a179e3a8bf83ce889b3b8
mu^1,3.877903431774901,0.29059918259705797,-0.008520404239622416,1.0558451657456427e-12,diagnostic_only_not_theorem_gate,4a09b46da042bd99120c3c23c0cc81b0e6b3f33dd2de64fa567151fb2cf15c72,2f4b8aa5a0edfdafeadf5c67ac561b97ec266443615d65a715c735eac6203ef6,169421e73b25e00e379d0a24e476d5f26da19186f48a179e3a8bf83ce889b3b8
mu^1,3.9269908169872414,0.29102858271369475,-0.008971417286305237,1.0875843672772134e-12,diagnostic_only_not_theorem_gate,4a09b46da042bd99120c3c23c0cc81b0e6b3f33dd2de64fa567151fb2cf15c72,2f4b8aa5a0edfdafeadf5c67ac561b97ec266443615d65a715c735eac6203ef6,169421e73b25e00e379d0a24e476d5f26da19186f48a179e3a8bf83ce889b3b8
mu^1,3.9760782021995817,0.2914795957603776,-0.009400817402942,1.1195944080794497e-12,diagnostic_only_not_theorem_gate,4a09b46da042bd99120c3c23c0cc81b0e6b3f33dd2de64fa567151fb2cf15c72,2f4b8aa5a0edfdafeadf5c67ac561b97ec266443615d65a715c735eac6203ef6,169421e73b25e00e379d0a24e476d5f26da19186f48a179e3a8bf83ce889b3b8
mu^1,4.025165587411922,0.2919511352071729,-0.009807570127040723,1.151804325378277e-12,diagnostic_only_not_theorem_gate,4a09b46da042bd99120c3c23c0cc81b0e6b3f33dd2de64fa567151fb2cf15c72,2f4b8aa5a0edfdafeadf5c67ac561b97ec266443615d65a715c735eac6203ef6,169421e73b25e00e379d0a24e476d5f26da19186f48a179e3a8bf83ce889b3b8
mu^1,4.074252972624263,0.29244206507425147,-0.010190695555661725,1.1839413282847086e-12,diagnostic_only_not_theorem_gate,4a09b46da042bd99120c3c23c0cc81b0e6b3f33dd2de64fa567151fb2cf15c72,2f4b8aa5a0edfdafeadf5c67ac561b97ec266443615d65a715c735eac6203ef6,169421e73b25e00e379d0a24e476d5f26da19186f48a179e3a8bf83ce889b3b8
mu^1,4.123340357836604,0.29295120266856306,-0.010549270706089619,1.2159773633364146e-12,diagnostic_only_not_theorem_gate,4a09b46da042bd99120c3c23c0cc81b0e6b3f33dd2de64fa567151fb2cf15c72,2f4b8aa5a0edfdafeadf5c67ac561b97ec266443615d65a715c735eac6203ef6,169421e73b25e00e379d0a24e476d5f26da19186f48a179e3a8bf83ce889b3b8
mu^1,4.172427743048944,0.29347732143304783,-0.010882431739379562,1.2477330756291827e-12,diagnostic_only_not_theorem_gate,4a09b46da042bd99120c3c23c0cc81b0e6b3f33dd2de64fa567151fb2cf15c72,2f4b8aa5a0edfdafeadf5c67ac561b97ec266443615d65a715c735eac6203ef6,169421e73b25e00e379d0a24e476d5f26da19186f48a179e3a8bf83ce889b3b8
mu^1,4.221515128261284,0.2940191539015195,-0.011189376041420895,1.2792005739023935e-12,diagnostic_only_not_theorem_gate,4a09b46da042bd99120c3c23c0cc81b0e6b3f33dd2de64fa567151fb2cf15c72,2f4b8aa5a0edfdafeadf5c67ac561b97ec266443615d65a715c735eac6203ef6,169421e73b25e00e379d0a24e476d5f26da19186f48a179e3a8bf83ce889b3b8
mu^1,4.270602513473625,0.2945753947521027,-0.011469364156504855,1.310289336376831e-12,diagnostic_only_not_theorem_gate,4a09b46da042bd99120c3c23c0cc81b0e6b3f33dd2de64fa567151fb2cf15c72,2f4b8aa5a0edfdafeadf5c67ac561b97ec266443615d65a715c735eac6203ef6,169421e73b25e00e379d0a24e476d5f26da19186f48a179e3a8bf83ce889b3b8
mu^1,4.319689898685965,0.2951447039518674,-0.011721721568738144,1.3408081122321667e-12,diagnostic_only_not_theorem_gate,4a09b46da042bd99120c3c23c0cc81b0e6b3f33dd2de64fa567151fb2cf15c72,2f4b8aa5a0edfdafeadf5c67ac561b97ec266443615d65a715c735eac6203ef6,169421e73b25e00e379d0a24e476d5f26da19186f48a179e3a8bf83ce889b3b8
mu^1,4.368777283898306,0.29572570998508574,-0.011945840327010796,1.3708168309247902e-12,diagnostic_only_not_theorem_gate,4a09b46da042bd99120c3c23c0cc81b0e6b3f33dd2de64fa567151fb2cf15c72,2f4b8aa5a0edfdafeadf5c67ac561b97ec266443615d65a715c735eac6203ef6,169421e73b25e00e379d0a24e476d5f26da19186f48a179e3a8bf83ce889b3b8
mu^1,4.417864669110647,0.2963170131573336,-0.012141180509603638,1.4002053545426464e-12,diagnostic_only_not_theorem_gate,4a09b46da042bd99120c3c23c0cc81b0e6b3f33dd2de64fa567151fb2cf15c72,2f4b8aa5a0edfdafeadf5c67ac561b97ec266443615d65a715c735eac6203ef6,169421e73b25e00e379d0a24e476d5f26da19186f48a179e3a8bf83ce889b3b8
mu^1,4.466952054322987,0.296917188967477,-0.012307271524907033,1.428870447911518e-12,diagnostic_only_not_theorem_gate,4a09b46da042bd99120c3c23c0cc81b0e6b3f33dd2de64fa567151fb2cf15c72,2f4b8aa5a0edfdafeadf5c67ac561b97ec266443615d65a715c735eac6203ef6,169421e73b25e00e379d0a24e476d5f26da19186f48a179e3a8bf83ce889b3b8
mu^1,4.516039439535327,0.29752479153942013,-0.012443713245117255,1.4568013096730038e-12,diagnostic_only_not_theorem_gate,4a09b46da042bd99120c3c23c0cc81b0e6b3f33dd2de64fa567151fb2cf15c72,2f4b8aa5a0edfdafeadf5c67ac561b97ec266443615d65a715c735eac6203ef6,169421e73b25e00e379d0a24e476d5f26da19186f48a179e3a8bf83ce889b3b8
mu^1,4.565126824747668,0.29813835710534736,-0.012550176970179438,1.4839941627812757e-12,diagnostic_only_not_theorem_gate,4a09b46da042bd99120c3c23c0cc81b0e6b3f33dd2de64fa567151fb2cf15c72,2f4b8aa5a0edfdafeadf5c67ac561b97ec266443615d65a715c735eac6203ef6,169421e73b25e00e379d0a24e476d5f26da19186f48a179e3a8bf83ce889b3b8
mu^1,4.614214209960009,0.29875640753206856,-0.012626406219654787,1.5103506402341717e-12,diagnostic_only_not_theorem_gate,4a09b46da042bd99120c3c23c0cc81b0e6b3f33dd2de64fa567151fb2cf15c72,2f4b8aa5a0edfdafeadf5c67ac561b97ec266443615d65a715c735eac6203ef6,169421e73b25e00e379d0a24e476d5f26da19186f48a179e3a8bf83ce889b3b8
mu^1,4.663301595172349,0.2993774538819708,-0.012672217350604418,1.5358244286914097e-12,diagnostic_only_not_theorem_gate,4a09b46da042bd99120c3c23c0cc81b0e6b3f33dd2de64fa567151fb2cf15c72,2f4b8aa5a0edfdafeadf5c67ac561b97ec266443615d65a715c735eac6203ef6,169421e73b25e00e379d0a24e476d5f26da19186f48a179e3a8bf83ce889b3b8
mu^1,4.71238898038469,0.3,-0.012687500000001295,1.5604649528140935e-12,diagnostic_only_not_theorem_gate,4a09b46da042bd99120c3c23c0cc81b0e6b3f33dd2de64fa567151fb2cf15c72,2f4b8aa5a0edfdafeadf5c67ac561b97ec266443615d65a715c735eac6203ef6,169421e73b25e00e379d0a24e476d5f26da19186f48a179e3a8bf83ce889b3b8
mu^1,4.76147636559703,0.3006225461180292,-0.012672217350604418,1.5841892657693378e-12,diagnostic_only_not_theorem_gate,4a09b46da042bd99120c3c23c0cc81b0e6b3f33dd2de64fa567151fb2cf15c72,2f4b8aa5a0edfdafeadf5c67ac561b97ec266443615d65a715c735eac6203ef6,169421e73b25e00e379d0a24e476d5f26da19186f48a179e3a8bf83ce889b3b8
mu^1,4.81056375080937,0.3012435924679314,-0.012626406219654787,1.6070086167374943e-12,diagnostic_only_not_theorem_gate,4a09b46da042bd99120c3c23c0cc81b0e6b3f33dd2de64fa567151fb2cf15c72,2f4b8aa5a0edfdafeadf5c67ac561b97ec266443615d65a715c735eac6203ef6,169421e73b25e00e379d0a24e476d5f26da19186f48a179e3a8bf83ce889b3b8
mu^1,4.859651136021712,0.30186164289465256,-0.012550176970179438,1.6288867247740194e-12,diagnostic_only_not_theorem_gate,4a09b46da042bd99120c3c23c0cc81b0e6b3f33dd2de64fa567151fb2cf15c72,2f4b8aa5a0edfdafeadf5c67ac561b97ec266443615d65a715c735eac6203ef6,169421e73b25e00e379d0a24e476d5f26da19186f48a179e3a8bf83ce889b3b8
mu^1,4.908738521234052,0.30247520846057985,-0.012443713245117257,1.6498243617832674e-12,diagnostic_only_not_theorem_gate,4a09b46da042bd99120c3c23c0cc81b0e6b3f33dd2de64fa567151fb2cf15c72,2f4b8aa5a0edfdafeadf5c67ac561b97ec266443615d65a715c735eac6203ef6,169421e73b25e00e379d0a24e476d5f26da19186f48a179e3a8bf83ce889b3b8
mu^1,4.957825906446392,0.30308281103252294,-0.012307271524907033,1.6698198651681268e-12,diagnostic_only_not_theorem_gate,4a09b46da042bd99120c3c23c0cc81b0e6b3f33dd2de64fa567151fb2cf15c72,2f4b8aa5a0edfdafeadf5c67ac561b97ec266443615d65a715c735eac6203ef6,169421e73b25e00e379d0a24e476d5f26da19186f48a179e3a8bf83ce889b3b8
mu^1,5.006913291658733,0.30368298684266637,-0.01214118050960364,1.6888543501866877e-12,diagnostic_only_not_theorem_gate,4a09b46da042bd99120c3c23c0cc81b0e6b3f33dd2de64fa567151fb2cf15c72,2f4b8aa5a0edfdafeadf5c67ac561b97ec266443615d65a715c735eac6203ef6,169421e73b25e00e379d0a24e476d5f26da19186f48a179e3a8bf83ce889b3b8
mu^1,5.056000676871073,0.30427429001491424,-0.011945840327010798,1.70695246298919e-12,diagnostic_only_not_theorem_gate,4a09b46da042bd99120c3c23c0cc81b0e6b3f33dd2de64fa567151fb2cf15c72,2f4b8aa5a0edfdafeadf5c67ac561b97ec266443615d65a715c735eac6203ef6,169421e73b25e00e379d0a24e476d5f26da19186f48a179e3a8bf83ce889b3b8
mu^1,5.105088062083414,0.30485529604813255,-0.011721721568738146,1.7240901617015058e-12,diagnostic_only_not_theorem_gate,4a09b46da042bd99120c3c23c0cc81b0e6b3f33dd2de64fa567151fb2cf15c72,2f4b8aa5a0edfdafeadf5c67ac561b97ec266443615d65a715c735eac6203ef6,169421e73b25e00e379d0a24e476d5f26da19186f48a179e3a8bf83ce889b3b8
mu^1,5.154175447295755,0.3054246052478973,-0.011469364156504859,1.7402996946144762e-12,diagnostic_only_not_theorem_gate,4a09b46da042bd99120c3c23c0cc81b0e6b3f33dd2de64fa567151fb2cf15c72,2f4b8aa5a0edfdafeadf5c67ac561b97ec266443615d65a715c735eac6203ef6,169421e73b25e00e379d0a24e476d5f26da19186f48a179e3a8bf83ce889b3b8
mu^1,5.203262832508095,0.3059808460984804,-0.011189376041420897,1.7556004071738014e-12,diagnostic_only_not_theorem_gate,4a09b46da042bd99120c3c23c0cc81b0e6b3f33dd2de64fa567151fb2cf15c72,2f4b8aa5a0edfdafeadf5c67ac561b97ec266443615d65a715c735eac6203ef6,169421e73b25e00e379d0a24e476d5f26da19186f48a179e3a8bf83ce889b3b8
mu^1,5.252350217720435,0.30652267856695214,-0.010882431739379564,1.7699634867079785e-12,diagnostic_only_not_theorem_gate,4a09b46da042bd99120c3c23c0cc81b0e6b3f33dd2de64fa567151fb2cf15c72,2f4b8aa5a0edfdafeadf5c67ac561b97ec266443615d65a715c735eac6203ef6,169421e73b25e00e379d0a24e476d5f26da19186f48a179e3a8bf83ce889b3b8
mu^1,5.301437602932776,0.3070487973314369,-0.010549270706089622,1.7834105785376692e-12,diagnostic_only_not_theorem_gate,4a09b46da042bd99120c3c23c0cc81b0e6b3f33dd2de64fa567151fb2cf15c72,2f4b8aa5a0edfdafeadf5c67ac561b97ec266443615d65a715c735eac6203ef6,169421e73b25e00e379d0a24e476d5f26da19186f48a179e3a8bf83ce889b3b8
mu^1,5.350524988145116,0.3075579349257485,-0.010190695555661726,1.796064195925442e-12,diagnostic_only_not_theorem_gate,4a09b46da042bd99120c3c23c0cc81b0e6b3f33dd2de64fa567151fb2cf15c72,2f4b8aa5a0edfdafeadf5c67ac561b97ec266443615d65a715c735eac6203ef6,169421e73b25e00e379d0a24e476d5f26da19186f48a179e3a8bf83ce889b3b8
mu^1,5.399612373357457,0.30804886479282706,-0.009807570127040725,1.8077864679842354e-12,diagnostic_only_not_theorem_gate,4a09b46da042bd99120c3c23c0cc81b0e6b3f33dd2de64fa567151fb2cf15c72,2f4b8aa5a0edfdafeadf5c67ac561b97ec266443615d65a715c735eac6203ef6,169421e73b25e00e379d0a24e476d5f26da19186f48a179e3a8bf83ce889b3b8
mu^1,5.448699758569798,0.3085204042396224,-0.009400817402942003,1.8186963672089567e-12,diagnostic_only_not_theorem_gate,4a09b46da042bd99120c3c23c0cc81b0e6b3f33dd2de64fa567151fb2cf15c72,2f4b8aa5a0edfdafeadf5c67ac561b97ec266443615d65a715c735eac6203ef6,169421e73b25e00e379d0a24e476d5f26da19186f48a179e3a8bf83ce889b3b8
mu^1,5.497787143782138,0.3089714172863052,-0.008971417286305239,1.8288008276056348e-12,diagnostic_only_not_theorem_gate,4a09b46da042bd99120c3c23c0cc81b0e6b3f33dd2de64fa567151fb2cf15c72,2f4b8aa5a0edfdafeadf5c67ac561b97ec266443615d65a715c735eac6203ef6,169421e73b25e00e379d0a24e476d5f26da19186f48a179e3a8bf83ce889b3b8
mu^1,5.546874528994478,0.309400817402942,-0.00852040423962242,1.8380937144933643e-12,diagnostic_only_not_theorem_gate,4a09b46da042bd99120c3c23c0cc81b0e6b3f33dd2de64fa567151fb2cf15c72,2f4b8aa5a0edfdafeadf5c67ac561b97ec266443615d65a715c735eac6203ef6,169421e73b25e00e379d0a24e476d5f26da19186f48a179e3a8bf83ce889b3b8
mu^1,5.595961914206819,0.3098075701270407,-0.00804886479282708,1.8467059518197606e-12,diagnostic_only_not_theorem_gate,4a09b46da042bd99120c3c23c0cc81b0e6b3f33dd2de64fa567151fb2cf15c72,2f4b8aa5a0edfdafeadf5c67ac561b97ec266443615d65a715c735eac6203ef6,169421e73b25e00e379d0a24e476d5f26da19186f48a179e3a8bf83ce889b3b8
mu^1,5.64504929941916,0.3101906955556617,-0.007557934925748518,1.854465780425912e-12,diagnostic_only_not_theorem_gate,4a09b46da042bd99120c3c23c0cc81b0e6b3f33dd2de64fa567151fb2cf15c72,2f4b8aa5a0edfdafeadf5c67ac561b97ec266443615d65a715c735eac6203ef6,169421e73b25e00e379d0a24e476d5f26da19186f48a179e3a8bf83ce889b3b8
mu^1,5.6941366846315,0.3105492707060896,-0.007048797331436922,1.8615773493355287e-12,diagnostic_only_not_theorem_gate,4a09b46da042bd99120c3c23c0cc81b0e6b3f33dd2de64fa567151fb2cf15c72,2f4b8aa5a0edfdafeadf5c67ac561b97ec266443615d65a715c735eac6203ef6,169421e73b25e00e379d0a24e476d5f26da19186f48a179e3a8bf83ce889b3b8
mu^1,5.743224069843841,0.31088243173937957,-0.006522678566952168,1.8680749506020277e-12,diagnostic_only_not_theorem_gate,4a09b46da042bd99120c3c23c0cc81b0e6b3f33dd2de64fa567151fb2cf15c72,2f4b8aa5a0edfdafeadf5c67ac561b97ec266443615d65a715c735eac6203ef6,169421e73b25e00e379d0a24e476d5f26da19186f48a179e3a8bf83ce889b3b8
mu^1,5.792311455056181,0.3111893760414209,-0.005980846098480459,1.8738501935759613e-12,diagnostic_only_not_theorem_gate,4a09b46da042bd99120c3c23c0cc81b0e6b3f33dd2de64fa567151fb2cf15c72,2f4b8aa5a0edfdafeadf5c67ac561b97ec266443615d65a715c735eac6203ef6,169421e73b25e00e379d0a24e476d5f26da19186f48a179e3a8bf83ce889b3b8
mu^1,5.841398840268521,0.31146936415650484,-0.005424605247897263,1.8789209774584397e-12,diagnostic_only_not_theorem_gate,4a09b46da042bd99120c3c23c0cc81b0e6b3f33dd2de64fa567151fb2cf15c72,2f4b8aa5a0edfdafeadf5c67ac561b97ec266443615d65a715c735eac6203ef6,169421e73b25e00e379d0a24e476d5f26da19186f48a179e3a8bf83ce889b3b8
mu^1,5.890486225480862,0.3117217215687381,-0.00485529604813258,1.8835316481911518e-12,diagnostic_only_not_theorem_gate,4a09b46da042bd99120c3c23c0cc81b0e6b3f33dd2de64fa567151fb2cf15c72,2f4b8aa5a0edfdafeadf5c67ac561b97ec266443615d65a715c735eac6203ef6,169421e73b25e00e379d0a24e476d5f26da19186f48a179e3a8bf83ce889b3b8
mu^1,5.939573610693203,0.3119458403270108,-0.004274290014914228,1.8875353898905908e-12,diagnostic_only_not_theorem_gate,4a09b46da042bd99120c3c23c0cc81b0e6b3f33dd2de64fa567151fb2cf15c72,2f4b8aa5a0edfdafeadf5c67ac561b97ec266443615d65a715c735eac6203ef6,169421e73b25e00e379d0a24e476d5f26da19186f48a179e3a8bf83ce889b3b8
mu^1,5.988660995905543,0.3121411805096036,-0.003682986842666369,1.8907779118462714e-12,diagnostic_only_not_theorem_gate,4a09b46da042bd99120c3c23c0cc81b0e6b3f33dd2de64fa567151fb2cf15c72,2f4b8aa5a0edfdafeadf5c67ac561b97ec266443615d65a715c735eac6203ef6,169421e73b25e00e379d0a24e476d5f26da19186f48a179e3a8bf83ce889b3b8
mu^1,6.037748381117884,0.312307271524907,-0.003082811032522979,1.893638173393346e-12,diagnostic_only_not_theorem_gate,4a09b46da042bd99120c3c23c0cc81b0e6b3f33dd2de64fa567151fb2cf15c72,2f4b8aa5a0edfdafeadf5c67ac561b97ec266443615d65a715c735eac6203ef6,169421e73b25e00e379d0a24e476d5f26da19186f48a179e3a8bf83ce889b3b8
mu^1,6.086835766330224,0.3124437132451172,-0.002475208460579886,1.8959664731708977e-12,diagnostic_only_not_theorem_gate,4a09b46da042bd99120c3c23c0cc81b0e6b3f33dd2de64fa567151fb2cf15c72,2f4b8aa5a0edfdafeadf5c67ac561b97ec266443615d65a715c735eac6203ef6,169421e73b25e00e379d0a24e476d5f26da19186f48a179e3a8bf83ce889b3b8
mu^1,6.135923151542564,0.31255017697017945,-0.0018616428946526002,1.89771814001028e-12,diagnostic_only_not_theorem_gate,4a09b46da042bd99120c3c23c0cc81b0e6b3f33dd2de64fa567151fb2cf15c72,2f4b8aa5a0edfdafeadf5c67ac561b97ec266443615d65a715c735eac6203ef6,169421e73b25e00e379d0a24e476d5f26da19186f48a179e3a8bf83ce889b3b8
mu^1,6.1850105367549055,0.31262640621965476,-0.0012435924679314258,1.8989440638411517e-12,diagnostic_only_not_theorem_gate,4a09b46da042bd99120c3c23c0cc81b0e6b3f33dd2de64fa567151fb2cf15c72,2f4b8aa5a0edfdafeadf5c67ac561b97ec266443615d65a715c735eac6203ef6,169421e73b25e00e379d0a24e476d5f26da19186f48a179e3a8bf83ce889b3b8
mu^1,6.234097921967246,0.3126722173506044,-0.0006225461180291806,1.8996570382359366e-12,diagnostic_only_not_theorem_gate,4a09b46da042bd99120c3c23c0cc81b0e6b3f33dd2de64fa567151fb2cf15c72,2f4b8aa5a0edfdafeadf5c67ac561b97ec266443615d65a715c735eac6203ef6,169421e73b25e00e379d0a24e476d5f26da19186f48a179e3a8bf83ce889b3b8
alpha^3,0.0,0.2873125000000004,0.0,7.544490739908638e-13,diagnostic_only_not_theorem_gate,4a09b46da042bd99120c3c23c0cc81b0e6b3f33dd2de64fa567151fb2cf15c72,2f4b8aa5a0edfdafeadf5c67ac561b97ec266443615d65a715c735eac6203ef6,169421e73b25e00e379d0a24e476d5f26da19186f48a179e3a8bf83ce889b3b8
alpha^3,0.04908738521234052,0.28729721735060354,0.0006225461180291346,7.562738838652362e-13,diagnostic_only_not_theorem_gate,4a09b46da042bd99120c3c23c0cc81b0e6b3f33dd2de64fa567151fb2cf15c72,2f4b8aa5a0edfdafeadf5c67ac561b97ec266443615d65a715c735eac6203ef6,169421e73b25e00e379d0a24e476d5f26da19186f48a179e3a8bf83ce889b3b8
alpha^3,0.09817477042468103,0.2872514062196539,0.0012435924679313373,7.615382070510209e-13,diagnostic_only_not_theorem_gate,4a09b46da042bd99120c3c23c0cc81b0e6b3f33dd2de64fa567151fb2cf15c72,2f4b8aa5a0edfdafeadf5c67ac561b97ec266443615d65a715c735eac6203ef6,169421e73b25e00e379d0a24e476d5f26da19186f48a179e3a8bf83ce889b3b8
alpha^3,0.14726215563702155,0.2871751769701785,0.0018616428946524577,7.702615722499611e-13,diagnostic_only_not_theorem_gate,4a09b46da042bd99120c3c23c0cc81b0e6b3f33dd2de64fa567151fb2cf15c72,2f4b8aa5a0edfdafeadf5c67ac561b97ec266443615d65a715c735eac6203ef6,169421e73b25e00e379d0a24e476d5f26da19186f48a179e3a8bf83ce889b3b8
alpha^3,0.19634954084936207,0.28706871324511635,0.002475208460579701,7.823340815318945e-13,diagnostic_only_not_theorem_gate,4a09b46da042bd99120c3c23c0cc81b0e6b3f33dd2de64fa567151fb2cf15c72,2f4b8aa5a0edfdafeadf5c67ac561b97ec266443615d65a715c735eac6203ef6,169421e73b25e00e379d0a24e476d5f26da19186f48a179e3a8bf83ce889b3b8
alpha^3,0.2454369260617026,0.28693227152490614,0.0030828110325227523,7.974665305694528e-13,diagnostic_only_not_theorem_gate,4a09b46da042bd99120c3c23c0cc81b0e6b3f33dd2de64fa567151fb2cf15c72,2f4b8aa5a0edfdafeadf5c67ac561b97ec266443615d65a715c735eac6203ef6,169421e73b25e00e379d0a24e476d5f26da19186f48a179e3a8bf83ce889b3b8
alpha^3,0.2945243112740431,0.2867661805096028,0.003682986842666101,8.155010554084281e-13,diagnostic_only_not_theorem_gate,4a09b46da042bd99120c3c23c0cc81b0e6b3f33dd2de64fa567151fb2cf15c72,2f4b8aa5a0edfdafeadf5c67ac561b97ec266443615d65a715c735eac6203ef6,169421e73b25e00e379d0a24e476d5f26da19186f48a179e3a8bf83ce889b3b8
alpha^3,0.3436116964863836,0.28657084032700997,0.00427429001491392,8.361320894815156e-13,diagnostic_only_not_theorem_gate,4a09b46da042bd99120c3c23c0cc81b0e6b3f33dd2de64fa567151fb2cf15c72,2f4b8aa5a0edfdafeadf5c67ac561b97ec266443615d65a715c735eac6203ef6,169421e73b25e00e379d0a24e476d5f26da19186f48a179e3a8bf83ce889b3b8
alpha^3,0.39269908169872414,0.2863467215687373,0.0048552960481322216,8.591317029300839e-13,diagnostic_only_not_theorem_gate,4a09b46da042bd99120c3c23c0cc81b0e6b3f33dd2de64fa567151fb2cf15c72,2f4b8aa5a0edfdafeadf5c67ac561b97ec266443615d65a715c735eac6203ef6,169421e73b25e00e379d0a24e476d5f26da19186f48a179e3a8bf83ce889b3b8
alpha^3,0.44178646691106466,0.286094364156504,0.005424605247896866,8.842553190806648e-13,diagnostic_only_not_theorem_gate,4a09b46da042bd99120c3c23c0cc81b0e6b3f33dd2de64fa567151fb2cf15c72,2f4b8aa5a0edfdafeadf5c67ac561b97ec266443615d65a715c735eac6203ef6,169421e73b25e00e379d0a24e476d5f26da19186f48a179e3a8bf83ce889b3b8
alpha^3,0.4908738521234052,0.28581437604142007,0.005980846098480023,9.112261650427311e-13,diagnostic_only_not_theorem_gate,4a09b46da042bd99120c3c23c0cc81b0e6b3f33dd2de64fa567151fb2cf15c72,2f4b8aa5a0edfdafeadf5c67ac561b97ec266443615d65a715c735eac6203ef6,169421e73b25e00e379d0a24e476d5f26da19186f48a179e3a8bf83ce889b3b8
alpha^3,0.5399612373357456,0.28550743173937876,0.006522678566951694,9.398107168908831e-13,diagnostic_only_not_theorem_gate,4a09b46da042bd99120c3c23c0cc81b0e6b3f33dd2de64fa567151fb2cf15c72,2f4b8aa5a0edfdafeadf5c67ac561b97ec266443615d65a715c735eac6203ef6,169421e73b25e00e379d0a24e476d5f26da19186f48a179e3a8bf83ce889b3b8
alpha^3,0.5890486225480862,0.28517427070608886,0.007048797331436413,9.697979501021992e-13,diagnostic_only_not_theorem_gate,4a09b46da042bd99120c3c23c0cc81b0e6b3f33dd2de64fa567151fb2cf15c72,2f4b8aa5a0edfdafeadf5c67ac561b97ec266443615d65a715c735eac6203ef6,169421e73b25e00e379d0a24e476d5f26da19186f48a179e3a8bf83ce889b3b8
alpha^3,0.6381360077604268,0.284815695555661,0.007557934925747974,1.0007812719348475e-12,diagnostic_only_not_theorem_gate,4a09b46da042bd99120c3c23c0cc81b0e6b3f33dd2de64fa567151fb2cf15c72,2f4b8aa5a0edfdafeadf5c67ac561b97ec266443615d65a715c735eac6203ef6,169421e73b25e00e379d0a24e476d5f26da19186f48a179e3a8bf83ce889b3b8
alpha^3,0.6872233929727672,0.28443257012704004,0.008048864792826493,1.032804233794168e-12,diagnostic_only_not_theorem_gate,4a09b46da042bd99120c3c23c0cc81b0e6b3f33dd2de64fa567151fb2cf15c72,2f4b8aa5a0edfdafeadf5c67ac561b97ec266443615d65a715c735eac6203ef6,169421e73b25e00e379d0a24e476d5f26da19186f48a179e3a8bf83ce889b3b8
alpha^3,0.7363107781851077,0.2840258174029413,0.0085204042396218,1.0655825122479755e-12,diagnostic_only_not_theorem_gate,4a09b46da042bd99120c3c23c0cc81b0e6b3f33dd2de64fa567151fb2cf15c72,2f4b8aa5a0edfdafeadf5c67ac561b97ec266443615d65a715c735eac6203ef6,169421e73b25e00e379d0a24e476d5f26da19186f48a179e3a8bf83ce889b3b8
alpha^3,0.7853981633974483,0.2835964172863046,0.008971417286304588,1.0988679595532123e-12,diagnostic_only_not_theorem_gate,4a09b46da042bd99120c3c23c0cc81b0e6b3f33dd2de64fa567151fb2cf15c72,2f4b8aa5a0edfdafeadf5c67ac561b97ec266443615d65a715c735eac6203ef6,169421e73b25e00e379d0a24e476d5f26da19186f48a179e3a8bf83ce889b3b8
alpha^3,0.8344855486097889,0.2831454042396218,0.009400817402941325,1.1326234178877347e-12,diagnostic_only_not_theorem_gate,4a09b46da042bd99120c3c23c0cc81b0e6b3f33dd2de64fa567151fb2cf15c72,2f4b8aa5a0edfdafeadf5c67ac561b97ec266443615d65a715c735eac6203ef6,169421e73b25e00e379d0a24e476d5f26da19186f48a179e3a8bf83ce889b3b8
alpha^3,0.8835729338221293,0.2826738647928265,0.009807570127040019,1.16665004005726e-12,diagnostic_only_not_theorem_gate,4a09b46da042bd99120c3c23c0cc81b0e6b3f33dd2de64fa567151fb2cf15c72,2f4b8aa5a0edfdafeadf5c67ac561b97ec266443615d65a715c735eac6203ef6,169421e73b25e00e379d0a24e476d5f26da19186f48a179e3a8bf83ce889b3b8
alpha^3,0.9326603190344698,0.282182934925748,0.010190695555660986,1.200783018439162e-12,diagnostic_only_not_theorem_gate,4a09b46da042bd99120c3c23c0cc81b0e6b3f33dd2de64fa567151fb2cf15c72,2f4b8aa5a0edfdafeadf5c67ac561b97ec266443615d65a715c735eac6203ef6,169421e73b25e00e379d0a24e476d5f26da19186f48a179e3a8bf83ce889b3b8
alpha^3,0.9817477042468103,0.28167379733143644,0.010549270706088857,1.2349431223591174e-12,diagnostic_only_not_theorem_gate,4a09b46da042bd99120c3c23c0cc81b0e6b3f33dd2de64fa567151fb2cf15c72,2f4b8aa5a0edfdafeadf5c67ac561b97ec266443615d65a715c735eac6203ef6,169421e73b25e00e379d0a24e476d5f26da19186f48a179e3a8bf83ce889b3b8
alpha^3,1.030835089459151,0.2811476785669517,0.010882431739378778,1.269059679881735e-12,diagnostic_only_not_theorem_gate,4a09b46da042bd99120c3c23c0cc81b0e6b3f33dd2de64fa567151fb2cf15c72,2f4b8aa5a0edfdafeadf5c67ac561b97ec266443615d65a715c735eac6203ef6,169421e73b25e00e379d0a24e476d5f26da19186f48a179e3a8bf83ce889b3b8
alpha^3,1.0799224746714913,0.28060584609848005,0.011189376041420087,1.3029652528212279e-12,diagnostic_only_not_theorem_gate,4a09b46da042bd99120c3c23c0cc81b0e6b3f33dd2de64fa567151fb2cf15c72,2f4b8aa5a0edfdafeadf5c67ac561b97ec266443615d65a715c735eac6203ef6,169421e73b25e00e379d0a24e476d5f26da19186f48a179e3a8bf83ce889b3b8
alpha^3,1.1290098598838318,0.28004960524789685,0.01146936415650403,1.336609026860755e-12,diagnostic_only_not_theorem_gate,4a09b46da042bd99120c3c23c0cc81b0e6b3f33dd2de64fa567151fb2cf15c72,2f4b8aa5a0edfdafeadf5c67ac561b97ec266443615d65a715c735eac6203ef6,169421e73b25e00e379d0a24e476d5f26da19186f48a179e3a8bf83ce889b3b8
alpha^3,1.1780972450961724,0.27948029604813224,0.011721721568737301,1.369844953240373e-12,diagnostic_only_not_theorem_gate,4a09b46da042bd99120c3c23c0cc81b0e6b3f33dd2de64fa567151fb2cf15c72,2f4b8aa5a0edfdafeadf5c67ac561b97ec266443615d65a715c735eac6203ef6,169421e73b25e00e379d0a24e476d5f26da19186f48a179e3a8bf83ce889b3b8
alpha^3,1.227184630308513,0.2788992900149139,0.011945840327009934,1.402655387857749e-12,diagnostic_only_not_theorem_gate,4a09b46da042bd99120c3c23c0cc81b0e6b3f33dd2de64fa567151fb2cf15c72,2f4b8aa5a0edfdafeadf5c67ac561b97ec266443615d65a715c735eac6203ef6,169421e73b25e00e379d0a24e476d5f26da19186f48a179e3a8bf83ce889b3b8
alpha^3,1.2762720155208536,0.2783079868426661,0.012141180509602764,1.4349646855184227e-12,diagnostic_only_not_theorem_gate,4a09b46da042bd99120c3c23c0cc81b0e6b3f33dd2de64fa567151fb2cf15c72,2f4b8aa5a0edfdafeadf5c67ac561b97ec266443615d65a715c735eac6203ef6,169421e73b25e00e379d0a24e476d5f26da19186f48a179e3a8bf83ce889b3b8
alpha^3,1.325359400733194,0.2777078110325228,0.012307271524906144,1.4667333336935283e-12,diagnostic_only_not_theorem_gate,4a09b46da042bd99120c3c23c0cc81b0e6b3f33dd2de64fa567151fb2cf15c72,2f4b8aa5a0edfdafeadf5c67ac561b97ec266443615d65a715c735eac6203ef6,169421e73b25e00e379d0a24e476d5f26da19186f48a179e3a8bf83ce889b3b8
alpha^3,1.3744467859455345,0.2771002084605797,0.012443713245116358,1.4978229114280249e-12,diagnostic_only_not_theorem_gate,4a09b46da042bd99120c3c23c0cc81b0e6b3f33dd2de64fa567151fb2cf15c72,2f4b8aa5a0edfdafeadf5c67ac561b97ec266443615d65a715c735eac6203ef6,169421e73b25e00e379d0a24e476d5f26da19186f48a179e3a8bf83ce889b3b8
alpha^3,1.423534171157875,0.27648664289465247,0.012550176970178534,1.5282744086886545e-12,diagnostic_only_not_theorem_gate,4a09b46da042bd99120c3c23c0cc81b0e6b3f33dd2de64fa567151fb2cf15c72,2f4b8aa5a0edfdafeadf5c67ac561b97ec266443615d65a715c735eac6203ef6,169421e73b25e00e379d0a24e476d5f26da19186f48a179e3a8bf83ce889b3b8
alpha^3,1.4726215563702154,0.27586859246793133,0.012626406219653875,1.5579837829711308e-12,diagnostic_only_not_theorem_gate,4a09b46da042bd99120c3c23c0cc81b0e6b3f33dd2de64fa567151fb2cf15c72,2f4b8aa5a0edfdafeadf5c67ac561b97ec266443615d65a715c735eac6203ef6,169421e73b25e00e379d0a24e476d5f26da19186f48a179e3a8bf83ce889b3b8
alpha^3,1.521708941582556,0.27524754611802915,0.012672217350603504,1.5869219204850515e-12,diagnostic_only_not_theorem_gate,4a09b46da042bd99120c3c23c0cc81b0e6b3f33dd2de64fa567151fb2cf15c72,2f4b8aa5a0edfdafeadf5c67ac561b97ec266443615d65a715c735eac6203ef6,169421e73b25e00e379d0a24e476d5f26da19186f48a179e3a8bf83ce889b3b8
alpha^3,1.5707963267948966,0.274625,0.012687500000000379,1.615050928794296e-12,diagnostic_only_not_theorem_gate,4a09b46da042bd99120c3c23c0cc81b0e6b3f33dd2de64fa567151fb2cf15c72,2f4b8aa5a0edfdafeadf5c67ac561b97ec266443615d65a715c735eac6203ef6,169421e73b25e00e379d0a24e476d5f26da19186f48a179e3a8bf83ce889b3b8
alpha^3,1.6198837120072371,0.27400245388197086,0.012672217350603504,1.6423825860413365e-12,diagnostic_only_not_theorem_gate,4a09b46da042bd99120c3c23c0cc81b0e6b3f33dd2de64fa567151fb2cf15c72,2f4b8aa5a0edfdafeadf5c67ac561b97ec266443615d65a715c735eac6203ef6,169421e73b25e00e379d0a24e476d5f26da19186f48a179e3a8bf83ce889b3b8
alpha^3,1.6689710972195777,0.2733814075320687,0.012626406219653876,1.6688141928917487e-12,diagnostic_only_not_theorem_gate,4a09b46da042bd99120c3c23c0cc81b0e6b3f33dd2de64fa567151fb2cf15c72,2f4b8aa5a0edfdafeadf5c67ac561b97ec266443615d65a715c735eac6203ef6,169421e73b25e00e379d0a24e476d5f26da19186f48a179e3a8bf83ce889b3b8
alpha^3,1.718058482431918,0.27276335710534755,0.012550176970178534,1.694385451223596e-12,diagnostic_only_not_theorem_gate,4a09b46da042bd99120c3c23c0cc81b0e6b3f33dd2de64fa567151fb2cf15c72,2f4b8aa5a0edfdafeadf5c67ac561b97ec266443615d65a715c735eac6203ef6,169421e73b25e00e379d0a24e476d5f26da19186f48a179e3a8bf83ce889b3b8
alpha^3,1.7671458676442586,0.2721497915394203,0.012443713245116358,1.7190370753075382e-12,diagnostic_only_not_theorem_gate,4a09b46da042bd99120c3c23c0cc81b0e6b3f33dd2de64fa567151fb2cf15c72,2f4b8aa5a0edfdafeadf5c67ac561b97ec266443615d65a715c735eac6203ef6,169421e73b25e00e379d0a24e476d5f26da19186f48a179e3a8bf83ce889b3b8
alpha^3,1.8162332528565992,0.2715421889674773,0.012307271524906144,1.742760913513479e-12,diagnostic_only_not_theorem_gate,4a09b46da042bd99120c3c23c0cc81b0e6b3f33dd2de64fa567151fb2cf15c72,2f4b8aa5a0edfdafeadf5c67ac561b97ec266443615d65a715c735eac6203ef6,169421e73b25e00e379d0a24e476d5f26da19186f48a179e3a8bf83ce889b3b8
alpha^3,1.8653206380689396,0.2709420131573339,0.012141180509602764,1.7655449428328395e-12,diagnostic_only_not_theorem_gate,4a09b46da042bd99120c3c23c0cc81b0e6b3f33dd2de64fa567151fb2cf15c72,2f4b8aa5a0edfdafeadf5c67ac561b97ec266443615d65a715c735eac6203ef6,169421e73b25e00e379d0a24e476d5f26da19186f48a179e3a8bf83ce889b3b8
alpha^3,1.9144080232812801,0.2703507099850861,0.011945840327009934,1.7873476334031064e-12,diagnostic_only_not_theorem_gate,4a09b46da042bd99120c3c23c0cc81b0e6b3f33dd2de64fa567151fb2cf15c72,2f4b8aa5a0edfdafeadf5c67ac561b97ec266443615d65a715c735eac6203ef6,169421e73b25e00e379d0a24e476d5f26da19186f48a179e3a8bf83ce889b3b8
alpha^3,1.9634954084936207,0.2697697039518678,0.011721721568737301,1.808231801981513e-12,diagnostic_only_not_theorem_gate,4a09b46da042bd99120c3c23c0cc81b0e6b3f33dd2de64fa567151fb2cf15c72,2f4b8aa5a0edfdafeadf5c67ac561b97ec266443615d65a715c735eac6203ef6,169421e73b25e00e379d0a24e476d5f26da19186f48a179e3a8bf83ce889b3b8
alpha^3,2.012582793705961,0.26920039475210317,0.011469364156504031,1.828120130209467e-12,diagnostic_only_not_theorem_gate,4a09b46da042bd99120c3c23c0cc81b0e6b3f33dd2de64fa567151fb2cf15c72,2f4b8aa5a0edfdafeadf5c67ac561b97ec266443615d65a715c735eac6203ef6,169421e73b25e00e379d0a24e476d5f26da19186f48a179e3a8bf83ce889b3b8
alpha^3,2.061670178918302,0.26864415390151997,0.011189376041420089,1.8470439271223556e-12,diagnostic_only_not_theorem_gate,4a09b46da042bd99120c3c23c0cc81b0e6b3f33dd2de64fa567151fb2cf15c72,2f4b8aa5a0edfdafeadf5c67ac561b97ec266443615d65a715c735eac6203ef6,169421e73b25e00e379d0a24e476d5f26da19186f48a179e3a8bf83ce889b3b8
alpha^3,2.110757564130642,0.2681023214330483,0.010882431739378778,1.8649984169040204e-12,diagnostic_only_not_theorem_gate,4a09b46da042bd99120c3c23c0cc81b0e6b3f33dd2de64fa567151fb2cf15c72,2f4b8aa5a0edfdafeadf5c67ac561b97ec266443615d65a715c735eac6203ef6,169421e73b25e00e379d0a24e476d5f26da19186f48a179e3a8bf83ce889b3b8
alpha^3,2.1598449493429825,0.2675762026685636,0.01054927070608886,1.8819843727500604e-12,diagnostic_only_not_theorem_gate,4a09b46da042bd99120c3c23c0cc81b0e6b3f33dd2de64fa567151fb2cf15c72,2f4b8aa5a0edfdafeadf5c67ac561b97ec266443615d65a715c735eac6203ef6,169421e73b25e00e379d0a24e476d5f26da19186f48a179e3a8bf83ce889b3b8
alpha^3,2.2089323345553233,0.26706706507425204,0.010190695555660987,1.8980275360594023e-12,diagnostic_only_not_theorem_gate,4a09b46da042bd99120c3c23c0cc81b0e6b3f33dd2de64fa567151fb2cf15c72,2f4b8aa5a0edfdafeadf5c67ac561b97ec266443615d65a715c735eac6203ef6,169421e73b25e00e379d0a24e476d5f26da19186f48a179e3a8bf83ce889b3b8
alpha^3,2.2580197197676637,0.2665761352071735,0.00980757012704002,1.9131002633557383e-12,diagnostic_only_not_theorem_gate,4a09b46da042bd99120c3c23c0cc81b0e6b3f33dd2de64fa567151fb2cf15c72,2f4b8aa5a0edfdafeadf5c67ac561b97ec266443615d65a715c735eac6203ef6,169421e73b25e00e379d0a24e476d5f26da19186f48a179e3a8bf83ce889b3b8
alpha^3,2.3071071049800045,0.2661045957603782,0.009400817402941323,1.927246196378584e-12,diagnostic_only_not_theorem_gate,4a09b46da042bd99120c3c23c0cc81b0e6b3f33dd2de64fa567151fb2cf15c72,2f4b8aa5a0edfdafeadf5c67ac561b97ec266443615d65a715c735eac6203ef6,169421e73b25e00e379d0a24e476d5f26da19186f48a179e3a8bf83ce889b3b8
alpha^3,2.356194490192345,0.26565358271369544,0.00897141728630459,1.9404517542261834e-12,diagnostic_only_not_theorem_gate,4a09b46da042bd99120c3c23c0cc81b0e6b3f33dd2de64fa567151fb2cf15c72,2f4b8aa5a0edfdafeadf5c67ac561b97ec266443615d65a715c735eac6203ef6,169421e73b25e00e379d0a24e476d5f26da19186f48a179e3a8bf83ce889b3b8
alpha^3,2.405281875404685,0.2652241825970587,0.008520404239621802,1.9527510406551923e-12,diagnostic_only_not_theorem_gate,4a09b46da042bd99120c3c23c0cc81b0e6b3f33dd2de64fa567151fb2cf15c72,2f4b8aa5a0edfdafeadf5c67ac561b97ec266443615d65a715c735eac6203ef6,169421e73b25e00e379d0a24e476d5f26da19186f48a179e3a8bf83ce889b3b8
alpha^3,2.454369260617026,0.26481742987296,0.008048864792826493,1.9641403192634983e-12,diagnostic_only_not_theorem_gate,4a09b46da042bd99120c3c23c0cc81b0e6b3f33dd2de64fa567151fb2cf15c72,2f4b8aa5a0edfdafeadf5c67ac561b97ec266443615d65a715c735eac6203ef6,169421e73b25e00e379d0a24e476d5f26da19186f48a179e3a8bf83ce889b3b8
alpha^3,2.5034566458293663,0.264434304444339,0.007557934925747975,1.9746365588734582e-12,diagnostic_only_not_theorem_gate,4a09b46da042bd99120c3c23c0cc81b0e6b3f33dd2de64fa567151fb2cf15c72,2f4b8aa5a0edfdafeadf5c67ac561b97ec266443615d65a715c735eac6203ef6,169421e73b25e00e379d0a24e476d5f26da19186f48a179e3a8bf83ce889b3b8
alpha^3,2.552544031041707,0.26407572929391115,0.007048797331436413,1.984281867441095e-12,diagnostic_only_not_theorem_gate,4a09b46da042bd99120c3c23c0cc81b0e6b3f33dd2de64fa567151fb2cf15c72,2f4b8aa5a0edfdafeadf5c67ac561b97ec266443615d65a715c735eac6203ef6,169421e73b25e00e379d0a24e476d5f26da19186f48a179e3a8bf83ce889b3b8
alpha^3,2.6016314162540475,0.26374256826062126,0.006522678566951696,1.9930873047567413e-12,diagnostic_only_not_theorem_gate,4a09b46da042bd99120c3c23c0cc81b0e6b3f33dd2de64fa567151fb2cf15c72,2f4b8aa5a0edfdafeadf5c67ac561b97ec266443615d65a715c735eac6203ef6,169421e73b25e00e379d0a24e476d5f26da19186f48a179e3a8bf83ce889b3b8
alpha^3,2.650718801466388,0.26343562395857995,0.005980846098480027,2.001052672938228e-12,diagnostic_only_not_theorem_gate,4a09b46da042bd99120c3c23c0cc81b0e6b3f33dd2de64fa567151fb2cf15c72,2f4b8aa5a0edfdafeadf5c67ac561b97ec266443615d65a715c735eac6203ef6,169421e73b25e00e379d0a24e476d5f26da19186f48a179e3a8bf83ce889b3b8
alpha^3,2.6998061866787286,0.263155635843496,0.005424605247896865,2.008159528430527e-12,diagnostic_only_not_theorem_gate,4a09b46da042bd99120c3c23c0cc81b0e6b3f33dd2de64fa567151fb2cf15c72,2f4b8aa5a0edfdafeadf5c67ac561b97ec266443615d65a715c735eac6203ef6,169421e73b25e00e379d0a24e476d5f26da19186f48a179e3a8bf83ce889b3b8
alpha^3,2.748893571891069,0.2629032784312627,0.004855296048132223,2.0145316300336033e-12,diagnostic_only_not_theorem_gate,4a09b46da042bd99120c3c23c0cc81b0e6b3f33dd2de64fa567151fb2cf15c72,2f4b8aa5a0edfdafeadf5c67ac561b97ec266443615d65a715c735eac6203ef6,169421e73b25e00e379d0a24e476d5f26da19186f48a179e3a8bf83ce889b3b8
alpha^3,2.7979809571034093,0.26267915967299005,0.004274290014913923,2.0200799474921366e-12,diagnostic_only_not_theorem_gate,4a09b46da042bd99120c3c23c0cc81b0e6b3f33dd2de64fa567151fb2cf15c72,2f4b8aa5a0edfdafeadf5c67ac561b97ec266443615d65a715c735eac6203ef6,169421e73b25e00e379d0a24e476d5f26da19186f48a179e3a8bf83ce889b3b8
alpha^3,2.84706834231575,0.26248381949039723,0.0036829868426661015,2.0248443278549276e-12,diagnostic_only_not_theorem_gate,4a09b46da042bd99120c3c23c0cc81b0e6b3f33dd2de64fa567151fb2cf15c72,2f4b8aa5a0edfdafeadf5c67ac561b97ec266443615d65a715c735eac6203ef6,169421e73b25e00e379d0a24e476d5f26da19186f48a179e3a8bf83ce889b3b8
alpha^3,2.8961557275280905,0.2623177284750939,0.003082811032522755,2.0288643012339216e-12,diagnostic_only_not_theorem_gate,4a09b46da042bd99120c3c23c0cc81b0e6b3f33dd2de64fa567151fb2cf15c72,2f4b8aa5a0edfdafeadf5c67ac561b97ec266443615d65a715c735eac6203ef6,169421e73b25e00e379d0a24e476d5f26da19186f48a179e3a8bf83ce889b3b8
alpha^3,2.945243112740431,0.26218128675488367,0.0024752084605797055,2.0321324883077083e-12,diagnostic_only_not_theorem_gate,4a09b46da042bd99120c3c23c0cc81b0e6b3f33dd2de64fa567151fb2cf15c72,2f4b8aa5a0edfdafeadf5c67ac561b97ec266443615d65a715c735eac6203ef6,169421e73b25e00e379d0a24e476d5f26da19186f48a179e3a8bf83ce889b3b8
alpha^3,2.9943304979527716,0.2620748230298215,0.0018616428946524584,2.0346764064987105e-12,diagnostic_only_not_theorem_gate,4a09b46da042bd99120c3c23c0cc81b0e6b3f33dd2de64fa567151fb2cf15c72,2f4b8aa5a0edfdafeadf5c67ac561b97ec266443615d65a715c735eac6203ef6,169421e73b25e00e379d0a24e476d5f26da19186f48a179e3a8bf83ce889b3b8
alpha^3,3.043417883165112,0.2619985937803461,0.0012435924679313401,2.036464707608913e-12,diagnostic_only_not_theorem_gate,4a09b46da042bd99120c3c23c0cc81b0e6b3f33dd2de64fa567151fb2cf15c72,2f4b8aa5a0edfdafeadf5c67ac561b97ec266443615d65a715c735eac6203ef6,169421e73b25e00e379d0a24e476d5f26da19186f48a179e3a8bf83ce889b3b8
alpha^3,3.0925052683774528,0.2619527826493965,0.0006225461180291341,2.0375465460972496e-12,diagnostic_only_not_theorem_gate,4a09b46da042bd99120c3c23c0cc81b0e6b3f33dd2de64fa567151fb2cf15c72,2f4b8aa5a0edfdafeadf5c67ac561b97ec266443615d65a715c735eac6203ef6,169421e73b25e00e379d0a24e476d5f26da19186f48a179e3a8bf83ce889b3b8
alpha^3,3.141592653589793,0.2619374999999996,1.5537706264182508e-18,2.0379077042081025e-12,diagnostic_only_not_theorem_gate,4a09b46da042bd99120c3c23c0cc81b0e6b3f33dd2de64fa567151fb2cf15c72,2f4b8aa5a0edfdafeadf5c67ac561b97ec266443615d65a715c735eac6203ef6,169421e73b25e00e379d0a24e476d5f26da19186f48a179e3a8bf83ce889b3b8
alpha^3,3.1906800388021335,0.2619527826493965,-0.0006225461180291309,2.037543708167375e-12,diagnostic_only_not_theorem_gate,4a09b46da042bd99120c3c23c0cc81b0e6b3f33dd2de64fa567151fb2cf15c72,2f4b8aa5a0edfdafeadf5c67ac561b97ec266443615d65a715c735eac6203ef6,169421e73b25e00e379d0a24e476d5f26da19186f48a179e3a8bf83ce889b3b8
alpha^3,3.2397674240144743,0.2619985937803461,-0.001243592467931337,2.0364601792014613e-12,diagnostic_only_not_theorem_gate,4a09b46da042bd99120c3c23c0cc81b0e6b3f33dd2de64fa567151fb2cf15c72,2f4b8aa5a0edfdafeadf5c67ac561b97ec266443615d65a715c735eac6203ef6,169421e73b25e00e379d0a24e476d5f26da19186f48a179e3a8bf83ce889b3b8
alpha^3,3.2888548092268146,0.2620748230298215,-0.0018616428946524556,2.0346740061520647e-12,diagnostic_only_not_theorem_gate,4a09b46da042bd99120c3c23c0cc81b0e6b3f33dd2de64fa567151fb2cf15c72,2f4b8aa5a0edfdafeadf5c67ac561b97ec266443615d65a715c735eac6203ef6,169421e73b25e00e379d0a24e476d5f26da19186f48a179e3a8bf83ce889b3b8
alpha^3,3.3379421944391554,0.26218128675488367,-0.0024752084605797024,2.032124468252615e-12,diagnostic_only_not_theorem_gate,4a09b46da042bd99120c3c23c0cc81b0e6b3f33dd2de64fa567151fb2cf15c72,2f4b8aa5a0edfdafeadf5c67ac561b97ec266443615d65a715c735eac6203ef6,169421e73b25e00e379d0a24e476d5f26da19186f48a179e3a8bf83ce889b3b8
alpha^3,3.3870295796514958,0.2623177284750939,-0.003082811032522752,2.0288771315063536e-12,diagnostic_only_not_theorem_gate,4a09b46da042bd99120c3c23c0cc81b0e6b3f33dd2de64fa567151fb2cf15c72,2f4b8aa5a0edfdafeadf5c67ac561b97ec266443615d65a715c735eac6203ef6,169421e73b25e00e379d0a24e476d5f26da19186f48a179e3a8bf83ce889b3b8
alpha^3,3.436116964863836,0.26248381949039723,-0.003682986842666098,2.0248539399962276e-12,diagnostic_only_not_theorem_gate,4a09b46da042bd99120c3c23c0cc81b0e6b3f33dd2de64fa567151fb2cf15c72,2f4b8aa5a0edfdafeadf5c67ac561b97ec266443615d65a715c735eac6203ef6,169421e73b25e00e379d0a24e476d5f26da19186f48a179e3a8bf83ce889b3b8
alpha^3,3.485204350076177,0.26267915967299005,-0.00427429001491392,2.020083323665129e-12,diagnostic_only_not_theorem_gate,4a09b46da042bd99120c3c23c0cc81b0e6b3f33dd2de64fa567151fb2cf15c72,2f4b8aa5a0edfdafeadf5c67ac561b97ec266443615d65a715c735eac6203ef6,169421e73b25e00e379d0a24e476d5f26da19186f48a179e3a8bf83ce889b3b8
alpha^3,3.5342917352885173,0.2629032784312627,-0.00485529604813222,2.0145356151681946e-12,diagnostic_only_not_theorem_gate,4a09b46da042bd99120c3c23c0cc81b0e6b3f33dd2de64fa567151fb2cf15c72,2f4b8aa5a0edfdafeadf5c67ac561b97ec266443615d65a715c735eac6203ef6,169421e73b25e00e379d0a24e476d5f26da19186f48a179e3a8bf83ce889b3b8
alpha^3,3.5833791205008576,0.263155635843496,-0.005424605247896863,2.008163705969881e-12,diagnostic_only_not_theorem_gate,4a09b46da042bd99120c3c23c0cc81b0e6b3f33dd2de64fa567151fb2cf15c72,2f4b8aa5a0edfdafeadf5c67ac561b97ec266443615d65a715c735eac6203ef6,169421e73b25e00e379d0a24e476d5f26da19186f48a179e3a8bf83ce889b3b8
alpha^3,3.6324665057131984,0.26343562395857995,-0.005980846098480023,2.0010476107619224e-12,diagnostic_only_not_theorem_gate,4a09b46da042bd99120c3c23c0cc81b0e6b3f33dd2de64fa567151fb2cf15c72,2f4b8aa5a0edfdafeadf5c67ac561b97ec266443615d65a715c735eac6203ef6,169421e73b25e00e379d0a24e476d5f26da19186f48a179e3a8bf83ce889b3b8
alpha^3,3.6815538909255388,0.26374256826062126,-0.0065226785669516936,1.9930841794949926e-12,diagnostic_only_not_theorem_gate,4a09b46da042bd99120c3c23c0cc81b0e6b3f33dd2de64fa567151fb2cf15c72,2f4b8aa5a0edfdafeadf5c67ac561b97ec266443615d65a715c735eac6203ef6,169421e73b25e00e379d0a24e476d5f26da19186f48a179e3a8bf83ce889b3b8
alpha^3,3.730641276137879,0.26407572929391115,-0.00704879733143641,1.9842904727124313e-12,diagnostic_only_not_theorem_gate,4a09b46da042bd99120c3c23c0cc81b0e6b3f33dd2de64fa567151fb2cf15c72,2f4b8aa5a0edfdafeadf5c67ac561b97ec266443615d65a715c735eac6203ef6,169421e73b25e00e379d0a24e476d5f26da19186f48a179e3a8bf83ce889b3b8
alpha^3,3.77972866135022,0.264434304444339,-0.007557934925747973,1.9746387920517732e-12,diagnostic_only_not_theorem_gate,4a09b46da042bd99120c3c23c0cc81b0e6b3f33dd2de64fa567151fb2cf15c72,2f4b8aa5a0edfdafeadf5c67ac561b97ec266443615d65a715c735eac6203ef6,169421e73b25e00e379d0a24e476d5f26da19186f48a179e3a8bf83ce889b3b8
alpha^3,3.8288160465625602,0.26481742987296,-0.00804886479282649,1.964141946832007e-12,diagnostic_only_not_theorem_gate,4a09b46da042bd99120c3c23c0cc81b0e6b3f33dd2de64fa567151fb2cf15c72,2f4b8aa5a0edfdafeadf5c67ac561b97ec266443615d65a715c735eac6203ef6,169421e73b25e00e379d0a24e476d5f26da19186f48a179e3a8bf83ce889b3b8
alpha^3,3.877903431774901,0.2652241825970587,-0.0085204042396218,1.9527565198920946e-12,diagnostic_only_not_theorem_gate,4a09b46da042bd99120c3c23c0cc81b0e6b3f33dd2de64fa567151fb2cf15c72,2f4b8aa5a0edfdafeadf5c67ac561b97ec266443615d65a715c735eac6203ef6,169421e73b25e00e379d0a24e476d5f26da19186f48a179e3a8bf83ce889b3b8
alpha^3,3.9269908169872414,0.26565358271369544,-0.008971417286304588,1.9404432387022214e-12,diagnostic_only_not_theorem_gate,4a09b46da042bd99120c3c23c0cc81b0e6b3f33dd2de64fa567151fb2cf15c72,2f4b8aa5a0edfdafeadf5c67ac561b97ec266443615d65a715c735eac6203ef6,169421e73b25e00e379d0a24e476d5f26da19186f48a179e3a8bf83ce889b3b8
alpha^3,3.9760782021995817,0.2661045957603782,-0.009400817402941321,1.9272523939319206e-12,diagnostic_only_not_theorem_gate,4a09b46da042bd99120c3c23c0cc81b0e6b3f33dd2de64fa567151fb2cf15c72,2f4b8aa5a0edfdafeadf5c67ac561b97ec266443615d65a715c735eac6203ef6,169421e73b25e00e379d0a24e476d5f26da19186f48a179e3a8bf83ce889b3b8
alpha^3,4.025165587411922,0.2665761352071735,-0.009807570127040014,1.913101479746041e-12,diagnostic_only_not_theorem_gate,4a09b46da042bd99120c3c23c0cc81b0e6b3f33dd2de64fa567151fb2cf15c72,2f4b8aa5a0edfdafeadf5c67ac561b97ec266443615d65a715c735eac6203ef6,169421e73b25e00e379d0a24e476d5f26da19186f48a179e3a8bf83ce889b3b8
alpha^3,4.074252972624263,0.26706706507425204,-0.010190695555660989,1.8980244950075605e-12,diagnostic_only_not_theorem_gate,4a09b46da042bd99120c3c23c0cc81b0e6b3f33dd2de64fa567151fb2cf15c72,2f4b8aa5a0edfdafeadf5c67ac561b97ec266443615d65a715c735eac6203ef6,169421e73b25e00e379d0a24e476d5f26da19186f48a179e3a8bf83ce889b3b8
alpha^3,4.123340357836604,0.2675762026685636,-0.010549270706088857,1.8819883317383377e-12,diagnostic_only_not_theorem_gate,4a09b46da042bd99120c3c23c0cc81b0e6b3f33dd2de64fa567151fb2cf15c72,2f4b8aa5a0edfdafeadf5c67ac561b97ec266443615d65a715c735eac6203ef6,169421e73b25e00e379d0a24e476d5f26da19186f48a179e3a8bf83ce889b3b8
alpha^3,4.172427743048944,0.2681023214330483,-0.010882431739378777,1.865004861629488e-12,diagnostic_only_not_theorem_gate,4a09b46da042bd99120c3c23c0cc81b0e6b3f33dd2de64fa567151fb2cf15c72,2f4b8aa5a0edfdafeadf5c67ac561b97ec266443615d65a715c735eac6203ef6,169421e73b25e00e379d0a24e476d5f26da19186f48a179e3a8bf83ce889b3b8
alpha^3,4.221515128261284,0.26864415390151997,-0.011189376041420087,1.8470456173544344e-12,diagnostic_only_not_theorem_gate,4a09b46da042bd99120c3c23c0cc81b0e6b3f33dd2de64fa567151fb2cf15c72,2f4b8aa5a0edfdafeadf5c67ac561b97ec266443615d65a715c735eac6203ef6,169421e73b25e00e379d0a24e476d5f26da19186f48a179e3a8bf83ce889b3b8
alpha^3,4.270602513473625,0.2692003947521031,-0.011469364156504028,1.8281226767527202e-12,diagnostic_only_not_theorem_gate,4a09b46da042bd99120c3c23c0cc81b0e6b3f33dd2de64fa567151fb2cf15c72,2f4b8aa5a0edfdafeadf5c67ac561b97ec266443615d65a715c735eac6203ef6,169421e73b25e00e379d0a24e476d5f26da19186f48a179e3a8bf83ce889b3b8
alpha^3,4.319689898685965,0.2697697039518678,-0.011721721568737298,1.8082184093082629e-12,diagnostic_only_not_theorem_gate,4a09b46da042bd99120c3c23c0cc81b0e6b3f33dd2de64fa567151fb2cf15c72,2f4b8aa5a0edfdafeadf5c67ac561b97ec266443615d65a715c735eac6203ef6,169421e73b25e00e379d0a24e476d5f26da19186f48a179e3a8bf83ce889b3b8
alpha^3,4.368777283898306,0.2703507099850861,-0.011945840327009934,1.7873476334031064e-12,diagnostic_only_not_theorem_gate,4a09b46da042bd99120c3c23c0cc81b0e6b3f33dd2de64fa567151fb2cf15c72,2f4b8aa5a0edfdafeadf5c67ac561b97ec266443615d65a715c735eac6203ef6,169421e73b25e00e379d0a24e476d5f26da19186f48a179e3a8bf83ce889b3b8
alpha^3,4.417864669110647,0.2709420131573339,-0.012141180509602762,1.7655438213937492e-12,diagnostic_only_not_theorem_gate,4a09b46da042bd99120c3c23c0cc81b0e6b3f33dd2de64fa567151fb2cf15c72,2f4b8aa5a0edfdafeadf5c67ac561b97ec266443615d65a715c735eac6203ef6,169421e73b25e00e379d0a24e476d5f26da19186f48a179e3a8bf83ce889b3b8
alpha^3,4.466952054322987,0.2715421889674772,-0.012307271524906144,1.7427447766120151e-12,diagnostic_only_not_theorem_gate,4a09b46da042bd99120c3c23c0cc81b0e6b3f33dd2de64fa567151fb2cf15c72,2f4b8aa5a0edfdafeadf5c67ac561b97ec266443615d65a715c735eac6203ef6,169421e73b25e00e379d0a24e476d5f26da19186f48a179e3a8bf83ce889b3b8
alpha^3,4.516039439535327,0.2721497915394203,-0.012443713245116356,1.719025155201241e-12,diagnostic_only_not_theorem_gate,4a09b46da042bd99120c3c23c0cc81b0e6b3f33dd2de64fa567151fb2cf15c72,2f4b8aa5a0edfdafeadf5c67ac561b97ec266443615d65a715c735eac6203ef6,169421e73b25e00e379d0a24e476d5f26da19186f48a179e3a8bf83ce889b3b8
alpha^3,4.565126824747668,0.27276335710534755,-0.012550176970178533,1.6944034625096898e-12,diagnostic_only_not_theorem_gate,4a09b46da042bd99120c3c23c0cc81b0e6b3f33dd2de64fa567151fb2cf15c72,2f4b8aa5a0edfdafeadf5c67ac561b97ec266443615d65a715c735eac6203ef6,169421e73b25e00e379d0a24e476d5f26da19186f48a179e3a8bf83ce889b3b8
alpha^3,4.614214209960009,0.2733814075320687,-0.012626406219653876,1.6688141928917487e-12,diagnostic_only_not_theorem_gate,4a09b46da042bd99120c3c23c0cc81b0e6b3f33dd2de64fa567151fb2cf15c72,2f4b8aa5a0edfdafeadf5c67ac561b97ec266443615d65a715c735eac6203ef6,169421e73b25e00e379d0a24e476d5f26da19186f48a179e3a8bf83ce889b3b8
alpha^3,4.663301595172349,0.27400245388197086,-0.012672217350603504,1.6423825860413365e-12,diagnostic_only_not_theorem_gate,4a09b46da042bd99120c3c23c0cc81b0e6b3f33dd2de64fa567151fb2cf15c72,2f4b8aa5a0edfdafeadf5c67ac561b97ec266443615d65a715c735eac6203ef6,169421e73b25e00e379d0a24e476d5f26da19186f48a179e3a8bf83ce889b3b8
alpha^3,4.71238898038469,0.274625,-0.012687500000000379,1.615050928794296e-12,diagnostic_only_not_theorem_gate,4a09b46da042bd99120c3c23c0cc81b0e6b3f33dd2de64fa567151fb2cf15c72,2f4b8aa5a0edfdafeadf5c67ac561b97ec266443615d65a715c735eac6203ef6,169421e73b25e00e379d0a24e476d5f26da19186f48a179e3a8bf83ce889b3b8
alpha^3,4.76147636559703,0.27524754611802915,-0.012672217350603504,1.5869219204850515e-12,diagnostic_only_not_theorem_gate,4a09b46da042bd99120c3c23c0cc81b0e6b3f33dd2de64fa567151fb2cf15c72,2f4b8aa5a0edfdafeadf5c67ac561b97ec266443615d65a715c735eac6203ef6,169421e73b25e00e379d0a24e476d5f26da19186f48a179e3a8bf83ce889b3b8
alpha^3,4.81056375080937,0.27586859246793133,-0.012626406219653876,1.557978406302069e-12,diagnostic_only_not_theorem_gate,4a09b46da042bd99120c3c23c0cc81b0e6b3f33dd2de64fa567151fb2cf15c72,2f4b8aa5a0edfdafeadf5c67ac561b97ec266443615d65a715c735eac6203ef6,169421e73b25e00e379d0a24e476d5f26da19186f48a179e3a8bf83ce889b3b8
alpha^3,4.859651136021712,0.27648664289465247,-0.012550176970178533,1.5282619325515803e-12,diagnostic_only_not_theorem_gate,4a09b46da042bd99120c3c23c0cc81b0e6b3f33dd2de64fa567151fb2cf15c72,2f4b8aa5a0edfdafeadf5c67ac561b97ec266443615d65a715c735eac6203ef6,169421e73b25e00e379d0a24e476d5f26da19186f48a179e3a8bf83ce889b3b8
alpha^3,4.908738521234052,0.2771002084605797,-0.012443713245116358,1.4978229114280249e-12,diagnostic_only_not_theorem_gate,4a09b46da042bd99120c3c23c0cc81b0e6b3f33dd2de64fa567151fb2cf15c72,2f4b8aa5a0edfdafeadf5c67ac561b97ec266443615d65a715c735eac6203ef6,169421e73b25e00e379d0a24e476d5f26da19186f48a179e3a8bf83ce889b3b8
alpha^3,4.957825906446392,0.27770781103252273,-0.012307271524906144,1.4667333679739724e-12,diagnostic_only_not_theorem_gate,4a09b46da042bd99120c3c23c0cc81b0e6b3f33dd2de64fa567151fb2cf15c72,2f4b8aa5a0edfdafeadf5c67ac561b97ec266443615d65a715c735eac6203ef6,169421e73b25e00e379d0a24e476d5f26da19186f48a179e3a8bf83ce889b3b8
alpha^3,5.006913291658733,0.2783079868426661,-0.012141180509602764,1.4349646855184227e-12,diagnostic_only_not_theorem_gate,4a09b46da042bd99120c3c23c0cc81b0e6b3f33dd2de64fa567151fb2cf15c72,2f4b8aa5a0edfdafeadf5c67ac561b97ec266443615d65a715c735eac6203ef6,169421e73b25e00e379d0a24e476d5f26da19186f48a179e3a8bf83ce889b3b8
alpha^3,5.056000676871073,0.2788992900149139,-0.011945840327009934,1.402655387857749e-12,diagnostic_only_not_theorem_gate,4a09b46da042bd99120c3c23c0cc81b0e6b3f33dd2de64fa567151fb2cf15c72,2f4b8aa5a0edfdafeadf5c67ac561b97ec266443615d65a715c735eac6203ef6,169421e73b25e00e379d0a24e476d5f26da19186f48a179e3a8bf83ce889b3b8
alpha^3,5.105088062083414,0.27948029604813224,-0.0117217215687373,1.3698315504666e-12,diagnostic_only_not_theorem_gate,4a09b46da042bd99120c3c23c0cc81b0e6b3f33dd2de64fa567151fb2cf15c72,2f4b8aa5a0edfdafeadf5c67ac561b97ec266443615d65a715c735eac6203ef6,169421e73b25e00e379d0a24e476d5f26da19186f48a179e3a8bf83ce889b3b8
alpha^3,5.154175447295755,0.28004960524789685,-0.01146936415650403,1.336609026860755e-12,diagnostic_only_not_theorem_gate,4a09b46da042bd99120c3c23c0cc81b0e6b3f33dd2de64fa567151fb2cf15c72,2f4b8aa5a0edfdafeadf5c67ac561b97ec266443615d65a715c735eac6203ef6,169421e73b25e00e379d0a24e476d5f26da19186f48a179e3a8bf83ce889b3b8
alpha^3,5.203262832508095,0.28060584609848005,-0.011189376041420089,1.3029686776739773e-12,diagnostic_only_not_theorem_gate,4a09b46da042bd99120c3c23c0cc81b0e6b3f33dd2de64fa567151fb2cf15c72,2f4b8aa5a0edfdafeadf5c67ac561b97ec266443615d65a715c735eac6203ef6,169421e73b25e00e379d0a24e476d5f26da19186f48a179e3a8bf83ce889b3b8
alpha^3,5.252350217720435,0.2811476785669517,-0.010882431739378778,1.269059679881735e-12,diagnostic_only_not_theorem_gate,4a09b46da042bd99120c3c23c0cc81b0e6b3f33dd2de64fa567151fb2cf15c72,2f4b8aa5a0edfdafeadf5c67ac561b97ec266443615d65a715c735eac6203ef6,169421e73b25e00e379d0a24e476d5f26da19186f48a179e3a8bf83ce889b3b8
alpha^3,5.301437602932776,0.28167379733143644,-0.01054927070608886,1.2349225857622812e-12,diagnostic_only_not_theorem_gate,4a09b46da042bd99120c3c23c0cc81b0e6b3f33dd2de64fa567151fb2cf15c72,2f4b8aa5a0edfdafeadf5c67ac561b97ec266443615d65a715c735eac6203ef6,169421e73b25e00e379d0a24e476d5f26da19186f48a179e3a8bf83ce889b3b8
alpha^3,5.350524988145116,0.282182934925748,-0.01019069555566099,1.2008035059224986e-12,diagnostic_only_not_theorem_gate,4a09b46da042bd99120c3c23c0cc81b0e6b3f33dd2de64fa567151fb2cf15c72,2f4b8aa5a0edfdafeadf5c67ac561b97ec266443615d65a715c735eac6203ef6,169421e73b25e00e379d0a24e476d5f26da19186f48a179e3a8bf83ce889b3b8
alpha^3,5.399612373357457,0.2826738647928265,-0.009807570127040017,1.1666394632921895e-12,diagnostic_only_not_theorem_gate,4a09b46da042bd99120c3c23c0cc81b0e6b3f33dd2de64fa567151fb2cf15c72,2f4b8aa5a0edfdafeadf5c67ac561b97ec266443615d65a715c735eac6203ef6,169421e73b25e00e379d0a24e476d5f26da19186f48a179e3a8bf83ce889b3b8
alpha^3,5.448699758569798,0.2831454042396218,-0.009400817402941325,1.1326234178877347e-12,diagnostic_only_not_theorem_gate,4a09b46da042bd99120c3c23c0cc81b0e6b3f33dd2de64fa567151fb2cf15c72,2f4b8aa5a0edfdafeadf5c67ac561b97ec266443615d65a715c735eac6203ef6,169421e73b25e00e379d0a24e476d5f26da19186f48a179e3a8bf83ce889b3b8
alpha^3,5.497787143782138,0.2835964172863046,-0.008971417286304592,1.098874734091165e-12,diagnostic_only_not_theorem_gate,4a09b46da042bd99120c3c23c0cc81b0e6b3f33dd2de64fa567151fb2cf15c72,2f4b8aa5a0edfdafeadf5c67ac561b97ec266443615d65a715c735eac6203ef6,169421e73b25e00e379d0a24e476d5f26da19186f48a179e3a8bf83ce889b3b8
alpha^3,5.546874528994478,0.2840258174029413,-0.008520404239621804,1.0655860190170824e-12,diagnostic_only_not_theorem_gate,4a09b46da042bd99120c3c23c0cc81b0e6b3f33dd2de64fa567151fb2cf15c72,2f4b8aa5a0edfdafeadf5c67ac561b97ec266443615d65a715c735eac6203ef6,169421e73b25e00e379d0a24e476d5f26da19186f48a179e3a8bf83ce889b3b8
alpha^3,5.595961914206819,0.28443257012704004,-0.008048864792826498,1.0328118473162567e-12,diagnostic_only_not_theorem_gate,4a09b46da042bd99120c3c23c0cc81b0e6b3f33dd2de64fa567151fb2cf15c72,2f4b8aa5a0edfdafeadf5c67ac561b97ec266443615d65a715c735eac6203ef6,169421e73b25e00e379d0a24e476d5f26da19186f48a179e3a8bf83ce889b3b8
alpha^3,5.64504929941916,0.284815695555661,-0.007557934925747973,1.0007872879553028e-12,diagnostic_only_not_theorem_gate,4a09b46da042bd99120c3c23c0cc81b0e6b3f33dd2de64fa567151fb2cf15c72,2f4b8aa5a0edfdafeadf5c67ac561b97ec266443615d65a715c735eac6203ef6,169421e73b25e00e379d0a24e476d5f26da19186f48a179e3a8bf83ce889b3b8
alpha^3,5.6941366846315,0.28517427070608886,-0.007048797331436413,9.697979501021992e-13,diagnostic_only_not_theorem_gate,4a09b46da042bd99120c3c23c0cc81b0e6b3f33dd2de64fa567151fb2cf15c72,2f4b8aa5a0edfdafeadf5c67ac561b97ec266443615d65a715c735eac6203ef6,169421e73b25e00e379d0a24e476d5f26da19186f48a179e3a8bf83ce889b3b8
alpha^3,5.743224069843841,0.28550743173937876,-0.006522678566951698,9.398127030291204e-13,diagnostic_only_not_theorem_gate,4a09b46da042bd99120c3c23c0cc81b0e6b3f33dd2de64fa567151fb2cf15c72,2f4b8aa5a0edfdafeadf5c67ac561b97ec266443615d65a715c735eac6203ef6,169421e73b25e00e379d0a24e476d5f26da19186f48a179e3a8bf83ce889b3b8
alpha^3,5.792311455056181,0.28581437604142007,-0.005980846098480028,9.112322385044962e-13,diagnostic_only_not_theorem_gate,4a09b46da042bd99120c3c23c0cc81b0e6b3f33dd2de64fa567151fb2cf15c72,2f4b8aa5a0edfdafeadf5c67ac561b97ec266443615d65a715c735eac6203ef6,169421e73b25e00e379d0a24e476d5f26da19186f48a179e3a8bf83ce889b3b8
alpha^3,5.841398840268521,0.286094364156504,-0.005424605247896871,8.842683540140719e-13,diagnostic_only_not_theorem_gate,4a09b46da042bd99120c3c23c0cc81b0e6b3f33dd2de64fa567151fb2cf15c72,2f4b8aa5a0edfdafeadf5c67ac561b97ec266443615d65a715c735eac6203ef6,169421e73b25e00e379d0a24e476d5f26da19186f48a179e3a8bf83ce889b3b8
alpha^3,5.890486225480862,0.2863467215687373,-0.004855296048132229,8.591436263957742e-13,diagnostic_only_not_theorem_gate,4a09b46da042bd99120c3c23c0cc81b0e6b3f33dd2de64fa567151fb2cf15c72,2f4b8aa5a0edfdafeadf5c67ac561b97ec266443615d65a715c735eac6203ef6,169421e73b25e00e379d0a24e476d5f26da19186f48a179e3a8bf83ce889b3b8
alpha^3,5.939573610693203,0.28657084032700997,-0.004274290014913919,8.361213044116683e-13,diagnostic_only_not_theorem_gate,4a09b46da042bd99120c3c23c0cc81b0e6b3f33dd2de64fa567151fb2cf15c72,2f4b8aa5a0edfdafeadf5c67ac561b97ec266443615d65a715c735eac6203ef6,169421e73b25e00e379d0a24e476d5f26da19186f48a179e3a8bf83ce889b3b8
alpha^3,5.988660995905543,0.2867661805096028,-0.0036829868426661028,8.155158071612837e-13,diagnostic_only_not_theorem_gate,4a09b46da042bd99120c3c23c0cc81b0e6b3f33dd2de64fa567151fb2cf15c72,2f4b8aa5a0edfdafeadf5c67ac561b97ec266443615d65a715c735eac6203ef6,169421e73b25e00e379d0a24e476d5f26da19186f48a179e3a8bf83ce889b3b8
alpha^3,6.037748381117884,0.28693227152490614,-0.003082811032522756,7.974604225015088e-13,diagnostic_only_not_theorem_gate,4a09b46da042bd99120c3c23c0cc81b0e6b3f33dd2de64fa567151fb2cf15c72,2f4b8aa5a0edfdafeadf5c67ac561b97ec266443615d65a715c735eac6203ef6,169421e73b25e00e379d0a24e476d5f26da19186f48a179e3a8bf83ce889b3b8
alpha^3,6.086835766330224,0.28706871324511635,-0.002475208460579707,7.823454100907081e-13,diagnostic_only_not_theorem_gate,4a09b46da042bd99120c3c23c0cc81b0e6b3f33dd2de64fa567151fb2cf15c72,2f4b8aa5a0edfdafeadf5c67ac561b97ec266443615d65a715c735eac6203ef6,169421e73b25e00e379d0a24e476d5f26da19186f48a179e3a8bf83ce889b3b8
alpha^3,6.135923151542564,0.2871751769701785,-0.001861642894652466,7.702728225454748e-13,diagnostic_only_not_theorem_gate,4a09b46da042bd99120c3c23c0cc81b0e6b3f33dd2de64fa567151fb2cf15c72,2f4b8aa5a0edfdafeadf5c67ac561b97ec266443615d65a715c735eac6203ef6,169421e73b25e00e379d0a24e476d5f26da19186f48a179e3a8bf83ce889b3b8
alpha^3,6.1850105367549055,0.2872514062196539,-0.001243592467931336,7.615281390361001e-13,diagnostic_only_not_theorem_gate,4a09b46da042bd99120c3c23c0cc81b0e6b3f33dd2de64fa567151fb2cf15c72,2f4b8aa5a0edfdafeadf5c67ac561b97ec266443615d65a715c735eac6203ef6,169421e73b25e00e379d0a24e476d5f26da19186f48a179e3a8bf83ce889b3b8
alpha^3,6.234097921967246,0.28729721735060354,-0.0006225461180291356,7.562884224233512e-13,diagnostic_only_not_theorem_gate,4a09b46da042bd99120c3c23c0cc81b0e6b3f33dd2de64fa567151fb2cf15c72,2f4b8aa5a0edfdafeadf5c67ac561b97ec266443615d65a715c735eac6203ef6,169421e73b25e00e379d0a24e476d5f26da19186f48a179e3a8bf83ce889b3b8
alpha^4,0.0,0.20974484375000013,0.0,5.841378297185347e-12,diagnostic_only_not_theorem_gate,4a09b46da042bd99120c3c23c0cc81b0e6b3f33dd2de64fa567151fb2cf15c72,2f4b8aa5a0edfdafeadf5c67ac561b97ec266443615d65a715c735eac6203ef6,169421e73b25e00e379d0a24e476d5f26da19186f48a179e3a8bf83ce889b3b8
alpha^4,0.04908738521234052,0.20970721549573942,0.0015328051445715224,5.844554759463814e-12,diagnostic_only_not_theorem_gate,4a09b46da042bd99120c3c23c0cc81b0e6b3f33dd2de64fa567151fb2cf15c72,2f4b8aa5a0edfdafeadf5c67ac561b97ec266443615d65a715c735eac6203ef6,169421e73b25e00e379d0a24e476d5f26da19186f48a179e3a8bf83ce889b3b8
alpha^4,0.09817477042468103,0.2095944213827177,0.003061917627291898,5.8540945372680566e-12,diagnostic_only_not_theorem_gate,4a09b46da042bd99120c3c23c0cc81b0e6b3f33dd2de64fa567151fb2cf15c72,2f4b8aa5a0edfdafeadf5c67ac561b97ec266443615d65a715c735eac6203ef6,169421e73b25e00e379d0a24e476d5f26da19186f48a179e3a8bf83ce889b3b8
alpha^4,0.14726215563702155,0.20940673314183275,0.004583653682255818,5.869943085219629e-12,diagnostic_only_not_theorem_gate,4a09b46da042bd99120c3c23c0cc81b0e6b3f33dd2de64fa567151fb2cf15c72,2f4b8aa5a0edfdafeadf5c67ac561b97ec266443615d65a715c735eac6203ef6,169421e73b25e00e379d0a24e476d5f26da19186f48a179e3a8bf83ce889b3b8
alpha^4,0.19634954084936207,0.2091446029304965,0.006094347314018538,5.891738976181745e-12,diagnostic_only_not_theorem_gate,4a09b46da042bd99120c3c23c0cc81b0e6b3f33dd2de64fa567151fb2cf15c72,2f4b8aa5a0edfdafeadf5c67ac561b97ec266443615d65a715c735eac6203ef6,169421e73b25e00e379d0a24e476d5f26da19186f48a179e3a8bf83ce889b3b8
alpha^4,0.2454369260617026,0.20880866224334788,0.007590359129300007,5.919276102282763e-12,diagnostic_only_not_theorem_gate,4a09b46da042bd99120c3c23c0cc81b0e6b3f33dd2de64fa567151fb2cf15c72,2f4b8aa5a0edfdafeadf5c67ac561b97ec266443615d65a715c735eac6203ef6,169421e73b25e00e379d0a24e476d5f26da19186f48a179e3a8bf83ce889b3b8
alpha^4,0.2945243112740431,0.20839972039092722,0.009068085104602053,5.952275320579137e-12,diagnostic_only_not_theorem_gate,4a09b46da042bd99120c3c23c0cc81b0e6b3f33dd2de64fa567151fb2cf15c72,2f4b8aa5a0edfdafeadf5c67ac561b97ec266443615d65a715c735eac6203ef6,169421e73b25e00e379d0a24e476d5f26da19186f48a179e3a8bf83ce889b3b8
alpha^4,0.3436116964863836,0.20791876254997604,0.010523965268616667,5.990253170215471e-12,diagnostic_only_not_theorem_gate,4a09b46da042bd99120c3c23c0cc81b0e6b3f33dd2de64fa567151fb2cf15c72,2f4b8aa5a0edfdafeadf5c67ac561b97ec266443615d65a715c735eac6203ef6,169421e73b25e00e379d0a24e476d5f26da19186f48a179e3a8bf83ce889b3b8
alpha^4,0.39269908169872414,0.20736694739006012,0.011954492278508692,6.0326820817967085e-12,diagnostic_only_not_theorem_gate,4a09b46da042bd99120c3c23c0cc81b0e6b3f33dd2de64fa567151fb2cf15c72,2f4b8aa5a0edfdafeadf5c67ac561b97ec266443615d65a715c735eac6203ef6,169421e73b25e00e379d0a24e476d5f26da19186f48a179e3a8bf83ce889b3b8
alpha^4,0.44178646691106466,0.20674560428223304,0.013356219869411934,6.079081893206865e-12,diagnostic_only_not_theorem_gate,4a09b46da042bd99120c3c23c0cc81b0e6b3f33dd2de64fa567151fb2cf15c72,2f4b8aa5a0edfdafeadf5c67ac561b97ec266443615d65a715c735eac6203ef6,169421e73b25e00e379d0a24e476d5f26da19186f48a179e3a8bf83ce889b3b8
alpha^4,0.4908738521234052,0.20605623009646473,0.014725771156783068,6.128783503713053e-12,diagnostic_only_not_theorem_gate,4a09b46da042bd99120c3c23c0cc81b0e6b3f33dd2de64fa567151fb2cf15c72,2f4b8aa5a0edfdafeadf5c67ac561b97ec266443615d65a715c735eac6203ef6,169421e73b25e00e379d0a24e476d5f26da19186f48a179e3a8bf83ce889b3b8
alpha^4,0.5399612373357456,0.2053004855955508,0.01605984677161229,6.18134395551315e-12,diagnostic_only_not_theorem_gate,4a09b46da042bd99120c3c23c0cc81b0e6b3f33dd2de64fa567151fb2cf15c72,2f4b8aa5a0edfdafeadf5c67ac561b97ec266443615d65a715c735eac6203ef6,169421e73b25e00e379d0a24e476d5f26da19186f48a179e3a8bf83ce889b3b8
alpha^4,0.5890486225480862,0.20448019143418933,0.017355232808892264,6.235896641491578e-12,diagnostic_only_not_theorem_gate,4a09b46da042bd99120c3c23c0cc81b0e6b3f33dd2de64fa567151fb2cf15c72,2f4b8aa5a0edfdafeadf5c67ac561b97ec266443615d65a715c735eac6203ef6,169421e73b25e00e379d0a24e476d5f26da19186f48a179e3a8bf83ce889b3b8
alpha^4,0.6381360077604268,0.20359732377286432,0.018608808570196755,6.29174191931361e-12,diagnostic_only_not_theorem_gate,4a09b46da042bd99120c3c23c0cc81b0e6b3f33dd2de64fa567151fb2cf15c72,2f4b8aa5a0edfdafeadf5c67ac561b97ec266443615d65a715c735eac6203ef6,169421e73b25e00e379d0a24e476d5f26da19186f48a179e3a8bf83ce889b3b8
alpha^4,0.6872233929727672,0.20265400951710197,0.019817554081716513,6.348212293146785e-12,diagnostic_only_not_theorem_gate,4a09b46da042bd99120c3c23c0cc81b0e6b3f33dd2de64fa567151fb2cf15c72,2f4b8aa5a0edfdafeadf5c67ac561b97ec266443615d65a715c735eac6203ef6,169421e73b25e00e379d0a24e476d5f26da19186f48a179e3a8bf83ce889b3b8
alpha^4,0.7363107781851077,0.201652521193569,0.020978557369640688,6.4044284043236035e-12,diagnostic_only_not_theorem_gate,4a09b46da042bd99120c3c23c0cc81b0e6b3f33dd2de64fa567151fb2cf15c72,2f4b8aa5a0edfdafeadf5c67ac561b97ec266443615d65a715c735eac6203ef6,169421e73b25e00e379d0a24e476d5f26da19186f48a179e3a8bf83ce889b3b8
alpha^4,0.7853981633974483,0.2005952714753568,0.022089021475356792,6.459866613495239e-12,diagnostic_only_not_theorem_gate,4a09b46da042bd99120c3c23c0cc81b0e6b3f33dd2de64fa567151fb2cf15c72,2f4b8aa5a0edfdafeadf5c67ac561b97ec266443615d65a715c735eac6203ef6,169421e73b25e00e379d0a24e476d5f26da19186f48a179e3a8bf83ce889b3b8
alpha^4,0.8344855486097889,0.1994848073696407,0.02314627119356899,6.513513551830862e-12,diagnostic_only_not_theorem_gate,4a09b46da042bd99120c3c23c0cc81b0e6b3f33dd2de64fa567151fb2cf15c72,2f4b8aa5a0edfdafeadf5c67ac561b97ec266443615d65a715c735eac6203ef6,169421e73b25e00e379d0a24e476d5f26da19186f48a179e3a8bf83ce889b3b8
alpha^4,0.8835729338221293,0.19832380408171651,0.024147759517101967,6.564608472271678e-12,diagnostic_only_not_theorem_gate,4a09b46da042bd99120c3c23c0cc81b0e6b3f33dd2de64fa567151fb2cf15c72,2f4b8aa5a0edfdafeadf5c67ac561b97ec266443615d65a715c735eac6203ef6,169421e73b25e00e379d0a24e476d5f26da19186f48a179e3a8bf83ce889b3b8
alpha^4,0.9326603190344698,0.19711505857019676,0.025091073772864306,6.6123409759865755e-12,diagnostic_only_not_theorem_gate,4a09b46da042bd99120c3c23c0cc81b0e6b3f33dd2de64fa567151fb2cf15c72,2f4b8aa5a0edfdafeadf5c67ac561b97ec266443615d65a715c735eac6203ef6,169421e73b25e00e379d0a24e476d5f26da19186f48a179e3a8bf83ce889b3b8
alpha^4,0.9817477042468103,0.19586148280889226,0.025973941434189324,6.6560621122216786e-12,diagnostic_only_not_theorem_gate,4a09b46da042bd99120c3c23c0cc81b0e6b3f33dd2de64fa567151fb2cf15c72,2f4b8aa5a0edfdafeadf5c67ac561b97ec266443615d65a715c735eac6203ef6,169421e73b25e00e379d0a24e476d5f26da19186f48a179e3a8bf83ce889b3b8
alpha^4,1.030835089459151,0.1945660967716123,0.026794235595550803,6.694977580239147e-12,diagnostic_only_not_theorem_gate,4a09b46da042bd99120c3c23c0cc81b0e6b3f33dd2de64fa567151fb2cf15c72,2f4b8aa5a0edfdafeadf5c67ac561b97ec266443615d65a715c735eac6203ef6,169421e73b25e00e379d0a24e476d5f26da19186f48a179e3a8bf83ce889b3b8
alpha^4,1.0799224746714913,0.1932320211567831,0.027549980096464737,6.728445803465396e-12,diagnostic_only_not_theorem_gate,4a09b46da042bd99120c3c23c0cc81b0e6b3f33dd2de64fa567151fb2cf15c72,2f4b8aa5a0edfdafeadf5c67ac561b97ec266443615d65a715c735eac6203ef6,169421e73b25e00e379d0a24e476d5f26da19186f48a179e3a8bf83ce889b3b8
alpha^4,1.1290098598838318,0.19186246986941194,0.028239354282233037,6.7554745433399055e-12,diagnostic_only_not_theorem_gate,4a09b46da042bd99120c3c23c0cc81b0e6b3f33dd2de64fa567151fb2cf15c72,2f4b8aa5a0edfdafeadf5c67ac561b97ec266443615d65a715c735eac6203ef6,169421e73b25e00e379d0a24e476d5f26da19186f48a179e3a8bf83ce889b3b8
alpha^4,1.1780972450961724,0.1904607422785087,0.028860697390060128,6.775797335688789e-12,diagnostic_only_not_theorem_gate,4a09b46da042bd99120c3c23c0cc81b0e6b3f33dd2de64fa567151fb2cf15c72,2f4b8aa5a0edfdafeadf5c67ac561b97ec266443615d65a715c735eac6203ef6,169421e73b25e00e379d0a24e476d5f26da19186f48a179e3a8bf83ce889b3b8
alpha^4,1.227184630308513,0.18903021526861669,0.029412512549976032,6.788546861554377e-12,diagnostic_only_not_theorem_gate,4a09b46da042bd99120c3c23c0cc81b0e6b3f33dd2de64fa567151fb2cf15c72,2f4b8aa5a0edfdafeadf5c67ac561b97ec266443615d65a715c735eac6203ef6,169421e73b25e00e379d0a24e476d5f26da19186f48a179e3a8bf83ce889b3b8
alpha^4,1.2762720155208536,0.18757433510460206,0.029893470390927213,6.793267824269319e-12,diagnostic_only_not_theorem_gate,4a09b46da042bd99120c3c23c0cc81b0e6b3f33dd2de64fa567151fb2cf15c72,2f4b8aa5a0edfdafeadf5c67ac561b97ec266443615d65a715c735eac6203ef6,169421e73b25e00e379d0a24e476d5f26da19186f48a179e3a8bf83ce889b3b8
alpha^4,1.325359400733194,0.1860966091293,0.030302412243347877,6.7895275612482704e-12,diagnostic_only_not_theorem_gate,4a09b46da042bd99120c3c23c0cc81b0e6b3f33dd2de64fa567151fb2cf15c72,2f4b8aa5a0edfdafeadf5c67ac561b97ec266443615d65a715c735eac6203ef6,169421e73b25e00e379d0a24e476d5f26da19186f48a179e3a8bf83ce889b3b8
alpha^4,1.3744467859455345,0.18460059731401854,0.030638352930496483,6.776872866971638e-12,diagnostic_only_not_theorem_gate,4a09b46da042bd99120c3c23c0cc81b0e6b3f33dd2de64fa567151fb2cf15c72,2f4b8aa5a0edfdafeadf5c67ac561b97ec266443615d65a715c735eac6203ef6,169421e73b25e00e379d0a24e476d5f26da19186f48a179e3a8bf83ce889b3b8
alpha^4,1.423534171157875,0.18308990368225583,0.030900483141832753,6.75486893953557e-12,diagnostic_only_not_theorem_gate,4a09b46da042bd99120c3c23c0cc81b0e6b3f33dd2de64fa567151fb2cf15c72,2f4b8aa5a0edfdafeadf5c67ac561b97ec266443615d65a715c735eac6203ef6,169421e73b25e00e379d0a24e476d5f26da19186f48a179e3a8bf83ce889b3b8
alpha^4,1.4726215563702154,0.18156816762729192,0.031088171382717678,6.7233597374795765e-12,diagnostic_only_not_theorem_gate,4a09b46da042bd99120c3c23c0cc81b0e6b3f33dd2de64fa567151fb2cf15c72,2f4b8aa5a0edfdafeadf5c67ac561b97ec266443615d65a715c735eac6203ef6,169421e73b25e00e379d0a24e476d5f26da19186f48a179e3a8bf83ce889b3b8
alpha^4,1.521708941582556,0.18003905514457152,0.03120096549573943,6.682176375716431e-12,diagnostic_only_not_theorem_gate,4a09b46da042bd99120c3c23c0cc81b0e6b3f33dd2de64fa567151fb2cf15c72,2f4b8aa5a0edfdafeadf5c67ac561b97ec266443615d65a715c735eac6203ef6,169421e73b25e00e379d0a24e476d5f26da19186f48a179e3a8bf83ce889b3b8
alpha^4,1.5707963267948966,0.17850625,0.031238593750000133,6.631218878834276e-12,diagnostic_only_not_theorem_gate,4a09b46da042bd99120c3c23c0cc81b0e6b3f33dd2de64fa567151fb2cf15c72,2f4b8aa5a0edfdafeadf5c67ac561b97ec266443615d65a715c735eac6203ef6,169421e73b25e00e379d0a24e476d5f26da19186f48a179e3a8bf83ce889b3b8
alpha^4,1.6198837120072371,0.17697344485542849,0.03120096549573943,6.5705039824049546e-12,diagnostic_only_not_theorem_gate,4a09b46da042bd99120c3c23c0cc81b0e6b3f33dd2de64fa567151fb2cf15c72,2f4b8aa5a0edfdafeadf5c67ac561b97ec266443615d65a715c735eac6203ef6,169421e73b25e00e379d0a24e476d5f26da19186f48a179e3a8bf83ce889b3b8
alpha^4,1.6689710972195777,0.1754443323727081,0.03108817138271768,6.500082850577067e-12,diagnostic_only_not_theorem_gate,4a09b46da042bd99120c3c23c0cc81b0e6b3f33dd2de64fa567151fb2cf15c72,2f4b8aa5a0edfdafeadf5c67ac561b97ec266443615d65a715c735eac6203ef6,169421e73b25e00e379d0a24e476d5f26da19186f48a179e3a8bf83ce889b3b8
alpha^4,1.718058482431918,0.1739225963177442,0.030900483141832753,6.420238220782038e-12,diagnostic_only_not_theorem_gate,4a09b46da042bd99120c3c23c0cc81b0e6b3f33dd2de64fa567151fb2cf15c72,2f4b8aa5a0edfdafeadf5c67ac561b97ec266443615d65a715c735eac6203ef6,169421e73b25e00e379d0a24e476d5f26da19186f48a179e3a8bf83ce889b3b8
alpha^4,1.7671458676442586,0.17241190268598147,0.030638352930496483,6.331104288486006e-12,diagnostic_only_not_theorem_gate,4a09b46da042bd99120c3c23c0cc81b0e6b3f33dd2de64fa567151fb2cf15c72,2f4b8aa5a0edfdafeadf5c67ac561b97ec266443615d65a715c735eac6203ef6,169421e73b25e00e379d0a24e476d5f26da19186f48a179e3a8bf83ce889b3b8
alpha^4,1.8162332528565992,0.1709158908707,0.030302412243347877,6.2333672090740196e-12,diagnostic_only_not_theorem_gate,4a09b46da042bd99120c3c23c0cc81b0e6b3f33dd2de64fa567151fb2cf15c72,2f4b8aa5a0edfdafeadf5c67ac561b97ec266443615d65a715c735eac6203ef6,169421e73b25e00e379d0a24e476d5f26da19186f48a179e3a8bf83ce889b3b8
alpha^4,1.8653206380689396,0.16943816489539795,0.029893470390927213,6.12719641691462e-12,diagnostic_only_not_theorem_gate,4a09b46da042bd99120c3c23c0cc81b0e6b3f33dd2de64fa567151fb2cf15c72,2f4b8aa5a0edfdafeadf5c67ac561b97ec266443615d65a715c735eac6203ef6,169421e73b25e00e379d0a24e476d5f26da19186f48a179e3a8bf83ce889b3b8
alpha^4,1.9144080232812801,0.16798228473138335,0.029412512549976032,6.013450816067593e-12,diagnostic_only_not_theorem_gate,4a09b46da042bd99120c3c23c0cc81b0e6b3f33dd2de64fa567151fb2cf15c72,2f4b8aa5a0edfdafeadf5c67ac561b97ec266443615d65a715c735eac6203ef6,169421e73b25e00e379d0a24e476d5f26da19186f48a179e3a8bf83ce889b3b8
alpha^4,1.9634954084936207,0.1665517577214913,0.028860697390060128,5.8925769988543256e-12,diagnostic_only_not_theorem_gate,4a09b46da042bd99120c3c23c0cc81b0e6b3f33dd2de64fa567151fb2cf15c72,2f4b8aa5a0edfdafeadf5c67ac561b97ec266443615d65a715c735eac6203ef6,169421e73b25e00e379d0a24e476d5f26da19186f48a179e3a8bf83ce889b3b8
alpha^4,2.012582793705961,0.16515003013058807,0.02823935428223304,5.765448133833404e-12,diagnostic_only_not_theorem_gate,4a09b46da042bd99120c3c23c0cc81b0e6b3f33dd2de64fa567151fb2cf15c72,2f4b8aa5a0edfdafeadf5c67ac561b97ec266443615d65a715c735eac6203ef6,169421e73b25e00e379d0a24e476d5f26da19186f48a179e3a8bf83ce889b3b8
alpha^4,2.061670178918302,0.16378047884321695,0.02754998009646474,5.632841294752802e-12,diagnostic_only_not_theorem_gate,4a09b46da042bd99120c3c23c0cc81b0e6b3f33dd2de64fa567151fb2cf15c72,2f4b8aa5a0edfdafeadf5c67ac561b97ec266443615d65a715c735eac6203ef6,169421e73b25e00e379d0a24e476d5f26da19186f48a179e3a8bf83ce889b3b8
alpha^4,2.110757564130642,0.16244640322838771,0.026794235595550803,5.495724086049008e-12,diagnostic_only_not_theorem_gate,4a09b46da042bd99120c3c23c0cc81b0e6b3f33dd2de64fa567151fb2cf15c72,2f4b8aa5a0edfdafeadf5c67ac561b97ec266443615d65a715c735eac6203ef6,169421e73b25e00e379d0a24e476d5f26da19186f48a179e3a8bf83ce889b3b8
alpha^4,2.1598449493429825,0.16115101719110775,0.02597394143418933,5.35486668884979e-12,diagnostic_only_not_theorem_gate,4a09b46da042bd99120c3c23c0cc81b0e6b3f33dd2de64fa567151fb2cf15c72,2f4b8aa5a0edfdafeadf5c67ac561b97ec266443615d65a715c735eac6203ef6,169421e73b25e00e379d0a24e476d5f26da19186f48a179e3a8bf83ce889b3b8
alpha^4,2.2089323345553233,0.15989744142980325,0.02509107377286431,5.211524277954369e-12,diagnostic_only_not_theorem_gate,4a09b46da042bd99120c3c23c0cc81b0e6b3f33dd2de64fa567151fb2cf15c72,2f4b8aa5a0edfdafeadf5c67ac561b97ec266443615d65a715c735eac6203ef6,169421e73b25e00e379d0a24e476d5f26da19186f48a179e3a8bf83ce889b3b8
alpha^4,2.2580197197676637,0.1586886959182835,0.02414775951710197,5.066458674644206e-12,diagnostic_only_not_theorem_gate,4a09b46da042bd99120c3c23c0cc81b0e6b3f33dd2de64fa567151fb2cf15c72,2f4b8aa5a0edfdafeadf5c67ac561b97ec266443615d65a715c735eac6203ef6,169421e73b25e00e379d0a24e476d5f26da19186f48a179e3a8bf83ce889b3b8
alpha^4,2.3071071049800045,0.15752769263035932,0.023146271193568987,4.920861683354988e-12,diagnostic_only_not_theorem_gate,4a09b46da042bd99120c3c23c0cc81b0e6b3f33dd2de64fa567151fb2cf15c72,2f4b8aa5a0edfdafeadf5c67ac561b97ec266443615d65a715c735eac6203ef6,169421e73b25e00e379d0a24e476d5f26da19186f48a179e3a8bf83ce889b3b8
alpha^4,2.356194490192345,0.1564172285246432,0.022089021475356796,4.77581813073772e-12,diagnostic_only_not_theorem_gate,4a09b46da042bd99120c3c23c0cc81b0e6b3f33dd2de64fa567151fb2cf15c72,2f4b8aa5a0edfdafeadf5c67ac561b97ec266443615d65a715c735eac6203ef6,169421e73b25e00e379d0a24e476d5f26da19186f48a179e3a8bf83ce889b3b8
alpha^4,2.405281875404685,0.15535997880643101,0.020978557369640695,4.6324740694562746e-12,diagnostic_only_not_theorem_gate,4a09b46da042bd99120c3c23c0cc81b0e6b3f33dd2de64fa567151fb2cf15c72,2f4b8aa5a0edfdafeadf5c67ac561b97ec266443615d65a715c735eac6203ef6,169421e73b25e00e379d0a24e476d5f26da19186f48a179e3a8bf83ce889b3b8
alpha^4,2.454369260617026,0.15435849048289804,0.019817554081716513,4.491806276192048e-12,diagnostic_only_not_theorem_gate,4a09b46da042bd99120c3c23c0cc81b0e6b3f33dd2de64fa567151fb2cf15c72,2f4b8aa5a0edfdafeadf5c67ac561b97ec266443615d65a715c735eac6203ef6,169421e73b25e00e379d0a24e476d5f26da19186f48a179e3a8bf83ce889b3b8
alpha^4,2.5034566458293663,0.15341517622713569,0.01860880857019676,4.354916284725838e-12,diagnostic_only_not_theorem_gate,4a09b46da042bd99120c3c23c0cc81b0e6b3f33dd2de64fa567151fb2cf15c72,2f4b8aa5a0edfdafeadf5c67ac561b97ec266443615d65a715c735eac6203ef6,169421e73b25e00e379d0a24e476d5f26da19186f48a179e3a8bf83ce889b3b8
alpha^4,2.552544031041707,0.15253230856581068,0.017355232808892264,4.222780777578253e-12,diagnostic_only_not_theorem_gate,4a09b46da042bd99120c3c23c0cc81b0e6b3f33dd2de64fa567151fb2cf15c72,2f4b8aa5a0edfdafeadf5c67ac561b97ec266443615d65a715c735eac6203ef6,169421e73b25e00e379d0a24e476d5f26da19186f48a179e3a8bf83ce889b3b8
alpha^4,2.6016314162540475,0.1517120144044492,0.016059846771612294,4.09661126384634e-12,diagnostic_only_not_theorem_gate,4a09b46da042bd99120c3c23c0cc81b0e6b3f33dd2de64fa567151fb2cf15c72,2f4b8aa5a0edfdafeadf5c67ac561b97ec266443615d65a715c735eac6203ef6,169421e73b25e00e379d0a24e476d5f26da19186f48a179e3a8bf83ce889b3b8
alpha^4,2.650718801466388,0.15095626990353528,0.014725771156783075,3.97719683490137e-12,diagnostic_only_not_theorem_gate,4a09b46da042bd99120c3c23c0cc81b0e6b3f33dd2de64fa567151fb2cf15c72,2f4b8aa5a0edfdafeadf5c67ac561b97ec266443615d65a715c735eac6203ef6,169421e73b25e00e379d0a24e476d5f26da19186f48a179e3a8bf83ce889b3b8
alpha^4,2.6998061866787286,0.15026689571776697,0.013356219869411932,3.8656121113459685e-12,diagnostic_only_not_theorem_gate,4a09b46da042bd99120c3c23c0cc81b0e6b3f33dd2de64fa567151fb2cf15c72,2f4b8aa5a0edfdafeadf5c67ac561b97ec266443615d65a715c735eac6203ef6,169421e73b25e00e379d0a24e476d5f26da19186f48a179e3a8bf83ce889b3b8
alpha^4,2.748893571891069,0.1496455526099399,0.011954492278508696,3.762743136075765e-12,diagnostic_only_not_theorem_gate,4a09b46da042bd99120c3c23c0cc81b0e6b3f33dd2de64fa567151fb2cf15c72,2f4b8aa5a0edfdafeadf5c67ac561b97ec266443615d65a715c735eac6203ef6,169421e73b25e00e379d0a24e476d5f26da19186f48a179e3a8bf83ce889b3b8
alpha^4,2.7979809571034093,0.14909373745002397,0.010523965268616675,3.669461324468915e-12,diagnostic_only_not_theorem_gate,4a09b46da042bd99120c3c23c0cc81b0e6b3f33dd2de64fa567151fb2cf15c72,2f4b8aa5a0edfdafeadf5c67ac561b97ec266443615d65a715c735eac6203ef6,169421e73b25e00e379d0a24e476d5f26da19186f48a179e3a8bf83ce889b3b8
alpha^4,2.84706834231575,0.1486127796090728,0.009068085104602054,3.5865980214283708e-12,diagnostic_only_not_theorem_gate,4a09b46da042bd99120c3c23c0cc81b0e6b3f33dd2de64fa567151fb2cf15c72,2f4b8aa5a0edfdafeadf5c67ac561b97ec266443615d65a715c735eac6203ef6,169421e73b25e00e379d0a24e476d5f26da19186f48a179e3a8bf83ce889b3b8
alpha^4,2.8961557275280905,0.14820383775665213,0.007590359129300013,3.5149007880125534e-12,diagnostic_only_not_theorem_gate,4a09b46da042bd99120c3c23c0cc81b0e6b3f33dd2de64fa567151fb2cf15c72,2f4b8aa5a0edfdafeadf5c67ac561b97ec266443615d65a715c735eac6203ef6,169421e73b25e00e379d0a24e476d5f26da19186f48a179e3a8bf83ce889b3b8
alpha^4,2.945243112740431,0.1478678970695035,0.006094347314018549,3.45515886023e-12,diagnostic_only_not_theorem_gate,4a09b46da042bd99120c3c23c0cc81b0e6b3f33dd2de64fa567151fb2cf15c72,2f4b8aa5a0edfdafeadf5c67ac561b97ec266443615d65a715c735eac6203ef6,169421e73b25e00e379d0a24e476d5f26da19186f48a179e3a8bf83ce889b3b8
alpha^4,2.9943304979527716,0.14760576685816726,0.00458365368225582,3.4079666801032897e-12,diagnostic_only_not_theorem_gate,4a09b46da042bd99120c3c23c0cc81b0e6b3f33dd2de64fa567151fb2cf15c72,2f4b8aa5a0edfdafeadf5c67ac561b97ec266443615d65a715c735eac6203ef6,169421e73b25e00e379d0a24e476d5f26da19186f48a179e3a8bf83ce889b3b8
alpha^4,3.043417883165112,0.14741807861728232,0.003061917627291905,3.3738619162573615e-12,diagnostic_only_not_theorem_gate,4a09b46da042bd99120c3c23c0cc81b0e6b3f33dd2de64fa567151fb2cf15c72,2f4b8aa5a0edfdafeadf5c67ac561b97ec266443615d65a715c735eac6203ef6,169421e73b25e00e379d0a24e476d5f26da19186f48a179e3a8bf83ce889b3b8
alpha^4,3.0925052683774528,0.1473052845042606,0.001532805144571521,3.3531871204597766e-12,diagnostic_only_not_theorem_gate,4a09b46da042bd99120c3c23c0cc81b0e6b3f33dd2de64fa567151fb2cf15c72,2f4b8aa5a0edfdafeadf5c67ac561b97ec266443615d65a715c735eac6203ef6,169421e73b25e00e379d0a24e476d5f26da19186f48a179e3a8bf83ce889b3b8
alpha^4,3.141592653589793,0.14726765624999988,3.8256243845802174e-18,3.3463036155139283e-12,diagnostic_only_not_theorem_gate,4a09b46da042bd99120c3c23c0cc81b0e6b3f33dd2de64fa567151fb2cf15c72,2f4b8aa5a0edfdafeadf5c67ac561b97ec266443615d65a715c735eac6203ef6,169421e73b25e00e379d0a24e476d5f26da19186f48a179e3a8bf83ce889b3b8
alpha^4,3.1906800388021335,0.1473052845042606,-0.0015328051445715133,3.3531801879888506e-12,diagnostic_only_not_theorem_gate,4a09b46da042bd99120c3c23c0cc81b0e6b3f33dd2de64fa567151fb2cf15c72,2f4b8aa5a0edfdafeadf5c67ac561b97ec266443615d65a715c735eac6203ef6,169421e73b25e00e379d0a24e476d5f26da19186f48a179e3a8bf83ce889b3b8
alpha^4,3.2397674240144743,0.14741807861728232,-0.0030619176272918976,3.373859403917274e-12,diagnostic_only_not_theorem_gate,4a09b46da042bd99120c3c23c0cc81b0e6b3f33dd2de64fa567151fb2cf15c72,2f4b8aa5a0edfdafeadf5c67ac561b97ec266443615d65a715c735eac6203ef6,169421e73b25e00e379d0a24e476d5f26da19186f48a179e3a8bf83ce889b3b8
alpha^4,3.2888548092268146,0.14760576685816726,-0.004583653682255813,3.4079828573533337e-12,diagnostic_only_not_theorem_gate,4a09b46da042bd99120c3c23c0cc81b0e6b3f33dd2de64fa567151fb2cf15c72,2f4b8aa5a0edfdafeadf5c67ac561b97ec266443615d65a715c735eac6203ef6,169421e73b25e00e379d0a24e476d5f26da19186f48a179e3a8bf83ce889b3b8
alpha^4,3.3379421944391554,0.1478678970695035,-0.006094347314018541,3.4551588261508555e-12,diagnostic_only_not_theorem_gate,4a09b46da042bd99120c3c23c0cc81b0e6b3f33dd2de64fa567151fb2cf15c72,2f4b8aa5a0edfdafeadf5c67ac561b97ec266443615d65a715c735eac6203ef6,169421e73b25e00e379d0a24e476d5f26da19186f48a179e3a8bf83ce889b3b8
alpha^4,3.3870295796514958,0.14820383775665213,-0.007590359129300005,3.5149049738370397e-12,diagnostic_only_not_theorem_gate,4a09b46da042bd99120c3c23c0cc81b0e6b3f33dd2de64fa567151fb2cf15c72,2f4b8aa5a0edfdafeadf5c67ac561b97ec266443615d65a715c735eac6203ef6,169421e73b25e00e379d0a24e476d5f26da19186f48a179e3a8bf83ce889b3b8
alpha^4,3.436116964863836,0.1486127796090728,-0.009068085104602046,3.586606119772025e-12,diagnostic_only_not_theorem_gate,4a09b46da042bd99120c3c23c0cc81b0e6b3f33dd2de64fa567151fb2cf15c72,2f4b8aa5a0edfdafeadf5c67ac561b97ec266443615d65a715c735eac6203ef6,169421e73b25e00e379d0a24e476d5f26da19186f48a179e3a8bf83ce889b3b8
alpha^4,3.485204350076177,0.14909373745002397,-0.010523965268616669,3.6694622940416106e-12,diagnostic_only_not_theorem_gate,4a09b46da042bd99120c3c23c0cc81b0e6b3f33dd2de64fa567151fb2cf15c72,2f4b8aa5a0edfdafeadf5c67ac561b97ec266443615d65a715c735eac6203ef6,169421e73b25e00e379d0a24e476d5f26da19186f48a179e3a8bf83ce889b3b8
alpha^4,3.5342917352885173,0.14964555260993986,-0.011954492278508689,3.762746770093048e-12,diagnostic_only_not_theorem_gate,4a09b46da042bd99120c3c23c0cc81b0e6b3f33dd2de64fa567151fb2cf15c72,2f4b8aa5a0edfdafeadf5c67ac561b97ec266443615d65a715c735eac6203ef6,169421e73b25e00e379d0a24e476d5f26da19186f48a179e3a8bf83ce889b3b8
alpha^4,3.5833791205008576,0.15026689571776697,-0.013356219869411925,3.865618254337923e-12,diagnostic_only_not_theorem_gate,4a09b46da042bd99120c3c23c0cc81b0e6b3f33dd2de64fa567151fb2cf15c72,2f4b8aa5a0edfdafeadf5c67ac561b97ec266443615d65a715c735eac6203ef6,169421e73b25e00e379d0a24e476d5f26da19186f48a179e3a8bf83ce889b3b8
alpha^4,3.6324665057131984,0.15095626990353528,-0.014725771156783068,3.9772034659503404e-12,diagnostic_only_not_theorem_gate,4a09b46da042bd99120c3c23c0cc81b0e6b3f33dd2de64fa567151fb2cf15c72,2f4b8aa5a0edfdafeadf5c67ac561b97ec266443615d65a715c735eac6203ef6,169421e73b25e00e379d0a24e476d5f26da19186f48a179e3a8bf83ce889b3b8
alpha^4,3.6815538909255388,0.1517120144044492,-0.016059846771612287,4.0966107852593675e-12,diagnostic_only_not_theorem_gate,4a09b46da042bd99120c3c23c0cc81b0e6b3f33dd2de64fa567151fb2cf15c72,2f4b8aa5a0edfdafeadf5c67ac561b97ec266443615d65a715c735eac6203ef6,169421e73b25e00e379d0a24e476d5f26da19186f48a179e3a8bf83ce889b3b8
alpha^4,3.730641276137879,0.15253230856581068,-0.017355232808892257,4.2227781232837356e-12,diagnostic_only_not_theorem_gate,4a09b46da042bd99120c3c23c0cc81b0e6b3f33dd2de64fa567151fb2cf15c72,2f4b8aa5a0edfdafeadf5c67ac561b97ec266443615d65a715c735eac6203ef6,169421e73b25e00e379d0a24e476d5f26da19186f48a179e3a8bf83ce889b3b8
alpha^4,3.77972866135022,0.15341517622713569,-0.018608808570196752,4.354906176266776e-12,diagnostic_only_not_theorem_gate,4a09b46da042bd99120c3c23c0cc81b0e6b3f33dd2de64fa567151fb2cf15c72,2f4b8aa5a0edfdafeadf5c67ac561b97ec266443615d65a715c735eac6203ef6,169421e73b25e00e379d0a24e476d5f26da19186f48a179e3a8bf83ce889b3b8
alpha^4,3.8288160465625602,0.15435849048289804,-0.019817554081716506,4.491799580918904e-12,diagnostic_only_not_theorem_gate,4a09b46da042bd99120c3c23c0cc81b0e6b3f33dd2de64fa567151fb2cf15c72,2f4b8aa5a0edfdafeadf5c67ac561b97ec266443615d65a715c735eac6203ef6,169421e73b25e00e379d0a24e476d5f26da19186f48a179e3a8bf83ce889b3b8
alpha^4,3.877903431774901,0.15535997880643101,-0.02097855736964069,4.632477232975387e-12,diagnostic_only_not_theorem_gate,4a09b46da042bd99120c3c23c0cc81b0e6b3f33dd2de64fa567151fb2cf15c72,2f4b8aa5a0edfdafeadf5c67ac561b97ec266443615d65a715c735eac6203ef6,169421e73b25e00e379d0a24e476d5f26da19186f48a179e3a8bf83ce889b3b8
alpha^4,3.9269908169872414,0.1564172285246432,-0.022089021475356792,4.775818405471411e-12,diagnostic_only_not_theorem_gate,4a09b46da042bd99120c3c23c0cc81b0e6b3f33dd2de64fa567151fb2cf15c72,2f4b8aa5a0edfdafeadf5c67ac561b97ec266443615d65a715c735eac6203ef6,169421e73b25e00e379d0a24e476d5f26da19186f48a179e3a8bf83ce889b3b8
alpha^4,3.9760782021995817,0.15752769263035932,-0.023146271193568983,4.920852914437834e-12,diagnostic_only_not_theorem_gate,4a09b46da042bd99120c3c23c0cc81b0e6b3f33dd2de64fa567151fb2cf15c72,2f4b8aa5a0edfdafeadf5c67ac561b97ec266443615d65a715c735eac6203ef6,169421e73b25e00e379d0a24e476d5f26da19186f48a179e3a8bf83ce889b3b8
alpha^4,4.025165587411922,0.15868869591828347,-0.024147759517101956,5.0664534117386425e-12,diagnostic_only_not_theorem_gate,4a09b46da042bd99120c3c23c0cc81b0e6b3f33dd2de64fa567151fb2cf15c72,2f4b8aa5a0edfdafeadf5c67ac561b97ec266443615d65a715c735eac6203ef6,169421e73b25e00e379d0a24e476d5f26da19186f48a179e3a8bf83ce889b3b8
alpha^4,4.074252972624263,0.15989744142980325,-0.025091073772864313,5.211508777218901e-12,diagnostic_only_not_theorem_gate,4a09b46da042bd99120c3c23c0cc81b0e6b3f33dd2de64fa567151fb2cf15c72,2f4b8aa5a0edfdafeadf5c67ac561b97ec266443615d65a715c735eac6203ef6,169421e73b25e00e379d0a24e476d5f26da19186f48a179e3a8bf83ce889b3b8
alpha^4,4.123340357836604,0.16115101719110775,-0.025973941434189324,5.354870646978684e-12,diagnostic_only_not_theorem_gate,4a09b46da042bd99120c3c23c0cc81b0e6b3f33dd2de64fa567151fb2cf15c72,2f4b8aa5a0edfdafeadf5c67ac561b97ec266443615d65a715c735eac6203ef6,169421e73b25e00e379d0a24e476d5f26da19186f48a179e3a8bf83ce889b3b8
alpha^4,4.172427743048944,0.16244640322838771,-0.0267942355955508,5.495729245316235e-12,diagnostic_only_not_theorem_gate,4a09b46da042bd99120c3c23c0cc81b0e6b3f33dd2de64fa567151fb2cf15c72,2f4b8aa5a0edfdafeadf5c67ac561b97ec266443615d65a715c735eac6203ef6,169421e73b25e00e379d0a24e476d5f26da19186f48a179e3a8bf83ce889b3b8
alpha^4,4.221515128261284,0.16378047884321692,-0.027549980096464737,5.6328212814997956e-12,diagnostic_only_not_theorem_gate,4a09b46da042bd99120c3c23c0cc81b0e6b3f33dd2de64fa567151fb2cf15c72,2f4b8aa5a0edfdafeadf5c67ac561b97ec266443615d65a715c735eac6203ef6,169421e73b25e00e379d0a24e476d5f26da19186f48a179e3a8bf83ce889b3b8
alpha^4,4.270602513473625,0.16515003013058807,-0.02823935428223303,5.7654600049621405e-12,diagnostic_only_not_theorem_gate,4a09b46da042bd99120c3c23c0cc81b0e6b3f33dd2de64fa567151fb2cf15c72,2f4b8aa5a0edfdafeadf5c67ac561b97ec266443615d65a715c735eac6203ef6,169421e73b25e00e379d0a24e476d5f26da19186f48a179e3a8bf83ce889b3b8
alpha^4,4.319689898685965,0.1665517577214913,-0.02886069739006012,5.892579134799109e-12,diagnostic_only_not_theorem_gate,4a09b46da042bd99120c3c23c0cc81b0e6b3f33dd2de64fa567151fb2cf15c72,2f4b8aa5a0edfdafeadf5c67ac561b97ec266443615d65a715c735eac6203ef6,169421e73b25e00e379d0a24e476d5f26da19186f48a179e3a8bf83ce889b3b8
alpha^4,4.368777283898306,0.16798228473138335,-0.029412512549976032,6.013450816067593e-12,diagnostic_only_not_theorem_gate,4a09b46da042bd99120c3c23c0cc81b0e6b3f33dd2de64fa567151fb2cf15c72,2f4b8aa5a0edfdafeadf5c67ac561b97ec266443615d65a715c735eac6203ef6,169421e73b25e00e379d0a24e476d5f26da19186f48a179e3a8bf83ce889b3b8
alpha^4,4.417864669110647,0.16943816489539795,-0.02989347039092721,6.127189172031679e-12,diagnostic_only_not_theorem_gate,4a09b46da042bd99120c3c23c0cc81b0e6b3f33dd2de64fa567151fb2cf15c72,2f4b8aa5a0edfdafeadf5c67ac561b97ec266443615d65a715c735eac6203ef6,169421e73b25e00e379d0a24e476d5f26da19186f48a179e3a8bf83ce889b3b8
alpha^4,4.466952054322987,0.1709158908707,-0.030302412243347877,6.2333672090740196e-12,diagnostic_only_not_theorem_gate,4a09b46da042bd99120c3c23c0cc81b0e6b3f33dd2de64fa567151fb2cf15c72,2f4b8aa5a0edfdafeadf5c67ac561b97ec266443615d65a715c735eac6203ef6,169421e73b25e00e379d0a24e476d5f26da19186f48a179e3a8bf83ce889b3b8
alpha^4,4.516039439535327,0.17241190268598144,-0.03063835293049648,6.331091132062522e-12,diagnostic_only_not_theorem_gate,4a09b46da042bd99120c3c23c0cc81b0e6b3f33dd2de64fa567151fb2cf15c72,2f4b8aa5a0edfdafeadf5c67ac561b97ec266443615d65a715c735eac6203ef6,169421e73b25e00e379d0a24e476d5f26da19186f48a179e3a8bf83ce889b3b8
alpha^4,4.565126824747668,0.17392259631774418,-0.03090048314183275,6.420245827064199e-12,diagnostic_only_not_theorem_gate,4a09b46da042bd99120c3c23c0cc81b0e6b3f33dd2de64fa567151fb2cf15c72,2f4b8aa5a0edfdafeadf5c67ac561b97ec266443615d65a715c735eac6203ef6,169421e73b25e00e379d0a24e476d5f26da19186f48a179e3a8bf83ce889b3b8
alpha^4,4.614214209960009,0.17544433237270812,-0.03108817138271768,6.500075535866693e-12,diagnostic_only_not_theorem_gate,4a09b46da042bd99120c3c23c0cc81b0e6b3f33dd2de64fa567151fb2cf15c72,2f4b8aa5a0edfdafeadf5c67ac561b97ec266443615d65a715c735eac6203ef6,169421e73b25e00e379d0a24e476d5f26da19186f48a179e3a8bf83ce889b3b8
alpha^4,4.663301595172349,0.17697344485542849,-0.03120096549573943,6.5705039824049546e-12,diagnostic_only_not_theorem_gate,4a09b46da042bd99120c3c23c0cc81b0e6b3f33dd2de64fa567151fb2cf15c72,2f4b8aa5a0edfdafeadf5c67ac561b97ec266443615d65a715c735eac6203ef6,169421e73b25e00e379d0a24e476d5f26da19186f48a179e3a8bf83ce889b3b8
alpha^4,4.71238898038469,0.17850625,-0.031238593750000133,6.631218878834276e-12,diagnostic_only_not_theorem_gate,4a09b46da042bd99120c3c23c0cc81b0e6b3f33dd2de64fa567151fb2cf15c72,2f4b8aa5a0edfdafeadf5c67ac561b97ec266443615d65a715c735eac6203ef6,169421e73b25e00e379d0a24e476d5f26da19186f48a179e3a8bf83ce889b3b8
alpha^4,4.76147636559703,0.18003905514457152,-0.03120096549573943,6.682176375716431e-12,diagnostic_only_not_theorem_gate,4a09b46da042bd99120c3c23c0cc81b0e6b3f33dd2de64fa567151fb2cf15c72,2f4b8aa5a0edfdafeadf5c67ac561b97ec266443615d65a715c735eac6203ef6,169421e73b25e00e379d0a24e476d5f26da19186f48a179e3a8bf83ce889b3b8
alpha^4,4.81056375080937,0.1815681676272919,-0.03108817138271768,6.723350213513031e-12,diagnostic_only_not_theorem_gate,4a09b46da042bd99120c3c23c0cc81b0e6b3f33dd2de64fa567151fb2cf15c72,2f4b8aa5a0edfdafeadf5c67ac561b97ec266443615d65a715c735eac6203ef6,169421e73b25e00e379d0a24e476d5f26da19186f48a179e3a8bf83ce889b3b8
alpha^4,4.859651136021712,0.18308990368225583,-0.03090048314183275,6.754887304242387e-12,diagnostic_only_not_theorem_gate,4a09b46da042bd99120c3c23c0cc81b0e6b3f33dd2de64fa567151fb2cf15c72,2f4b8aa5a0edfdafeadf5c67ac561b97ec266443615d65a715c735eac6203ef6,169421e73b25e00e379d0a24e476d5f26da19186f48a179e3a8bf83ce889b3b8
alpha^4,4.908738521234052,0.18460059731401854,-0.030638352930496483,6.776872866971638e-12,diagnostic_only_not_theorem_gate,4a09b46da042bd99120c3c23c0cc81b0e6b3f33dd2de64fa567151fb2cf15c72,2f4b8aa5a0edfdafeadf5c67ac561b97ec266443615d65a715c735eac6203ef6,169421e73b25e00e379d0a24e476d5f26da19186f48a179e3a8bf83ce889b3b8
alpha^4,4.957825906446392,0.1860966091293,-0.030302412243347877,6.7895275612482704e-12,diagnostic_only_not_theorem_gate,4a09b46da042bd99120c3c23c0cc81b0e6b3f33dd2de64fa567151fb2cf15c72,2f4b8aa5a0edfdafeadf5c67ac561b97ec266443615d65a715c735eac6203ef6,169421e73b25e00e379d0a24e476d5f26da19186f48a179e3a8bf83ce889b3b8
alpha^4,5.006913291658733,0.18757433510460206,-0.029893470390927213,6.793267824269319e-12,diagnostic_only_not_theorem_gate,4a09b46da042bd99120c3c23c0cc81b0e6b3f33dd2de64fa567151fb2cf15c72,2f4b8aa5a0edfdafeadf5c67ac561b97ec266443615d65a715c735eac6203ef6,169421e73b25e00e379d0a24e476d5f26da19186f48a179e3a8bf83ce889b3b8
alpha^4,5.056000676871073,0.18903021526861666,-0.029412512549976035,6.788558755653792e-12,diagnostic_only_not_theorem_gate,4a09b46da042bd99120c3c23c0cc81b0e6b3f33dd2de64fa567151fb2cf15c72,2f4b8aa5a0edfdafeadf5c67ac561b97ec266443615d65a715c735eac6203ef6,169421e73b25e00e379d0a24e476d5f26da19186f48a179e3a8bf83ce889b3b8
alpha^4,5.105088062083414,0.1904607422785087,-0.028860697390060124,6.775796855685244e-12,diagnostic_only_not_theorem_gate,4a09b46da042bd99120c3c23c0cc81b0e6b3f33dd2de64fa567151fb2cf15c72,2f4b8aa5a0edfdafeadf5c67ac561b97ec266443615d65a715c735eac6203ef6,169421e73b25e00e379d0a24e476d5f26da19186f48a179e3a8bf83ce889b3b8
alpha^4,5.154175447295755,0.19186246986941194,-0.028239354282233037,6.7554745433399055e-12,diagnostic_only_not_theorem_gate,4a09b46da042bd99120c3c23c0cc81b0e6b3f33dd2de64fa567151fb2cf15c72,2f4b8aa5a0edfdafeadf5c67ac561b97ec266443615d65a715c735eac6203ef6,169421e73b25e00e379d0a24e476d5f26da19186f48a179e3a8bf83ce889b3b8
alpha^4,5.203262832508095,0.19323202115678306,-0.02754998009646474,6.7284391308785855e-12,diagnostic_only_not_theorem_gate,4a09b46da042bd99120c3c23c0cc81b0e6b3f33dd2de64fa567151fb2cf15c72,2f4b8aa5a0edfdafeadf5c67ac561b97ec266443615d65a715c735eac6203ef6,169421e73b25e00e379d0a24e476d5f26da19186f48a179e3a8bf83ce889b3b8
alpha^4,5.252350217720435,0.1945660967716123,-0.026794235595550806,6.6950153341337655e-12,diagnostic_only_not_theorem_gate,4a09b46da042bd99120c3c23c0cc81b0e6b3f33dd2de64fa567151fb2cf15c72,2f4b8aa5a0edfdafeadf5c67ac561b97ec266443615d65a715c735eac6203ef6,169421e73b25e00e379d0a24e476d5f26da19186f48a179e3a8bf83ce889b3b8
alpha^4,5.301437602932776,0.19586148280889226,-0.02597394143418933,6.656073581113833e-12,diagnostic_only_not_theorem_gate,4a09b46da042bd99120c3c23c0cc81b0e6b3f33dd2de64fa567151fb2cf15c72,2f4b8aa5a0edfdafeadf5c67ac561b97ec266443615d65a715c735eac6203ef6,169421e73b25e00e379d0a24e476d5f26da19186f48a179e3a8bf83ce889b3b8
alpha^4,5.350524988145116,0.19711505857019673,-0.02509107377286432,6.61233649043463e-12,diagnostic_only_not_theorem_gate,4a09b46da042bd99120c3c23c0cc81b0e6b3f33dd2de64fa567151fb2cf15c72,2f4b8aa5a0edfdafeadf5c67ac561b97ec266443615d65a715c735eac6203ef6,169421e73b25e00e379d0a24e476d5f26da19186f48a179e3a8bf83ce889b3b8
alpha^4,5.399612373357457,0.19832380408171651,-0.024147759517101963,6.564615418480763e-12,diagnostic_only_not_theorem_gate,4a09b46da042bd99120c3c23c0cc81b0e6b3f33dd2de64fa567151fb2cf15c72,2f4b8aa5a0edfdafeadf5c67ac561b97ec266443615d65a715c735eac6203ef6,169421e73b25e00e379d0a24e476d5f26da19186f48a179e3a8bf83ce889b3b8
alpha^4,5.448699758569798,0.1994848073696407,-0.02314627119356899,6.513513551830862e-12,diagnostic_only_not_theorem_gate,4a09b46da042bd99120c3c23c0cc81b0e6b3f33dd2de64fa567151fb2cf15c72,2f4b8aa5a0edfdafeadf5c67ac561b97ec266443615d65a715c735eac6203ef6,169421e73b25e00e379d0a24e476d5f26da19186f48a179e3a8bf83ce889b3b8
alpha^4,5.497787143782138,0.2005952714753568,-0.0220890214753568,6.459857459826517e-12,diagnostic_only_not_theorem_gate,4a09b46da042bd99120c3c23c0cc81b0e6b3f33dd2de64fa567151fb2cf15c72,2f4b8aa5a0edfdafeadf5c67ac561b97ec266443615d65a715c735eac6203ef6,169421e73b25e00e379d0a24e476d5f26da19186f48a179e3a8bf83ce889b3b8
alpha^4,5.546874528994478,0.201652521193569,-0.0209785573696407,6.404413219607417e-12,diagnostic_only_not_theorem_gate,4a09b46da042bd99120c3c23c0cc81b0e6b3f33dd2de64fa567151fb2cf15c72,2f4b8aa5a0edfdafeadf5c67ac561b97ec266443615d65a715c735eac6203ef6,169421e73b25e00e379d0a24e476d5f26da19186f48a179e3a8bf83ce889b3b8
alpha^4,5.595961914206819,0.20265400951710197,-0.019817554081716527,6.348201016850937e-12,diagnostic_only_not_theorem_gate,4a09b46da042bd99120c3c23c0cc81b0e6b3f33dd2de64fa567151fb2cf15c72,2f4b8aa5a0edfdafeadf5c67ac561b97ec266443615d65a715c735eac6203ef6,169421e73b25e00e379d0a24e476d5f26da19186f48a179e3a8bf83ce889b3b8
alpha^4,5.64504929941916,0.20359732377286432,-0.018608808570196752,6.291746927333111e-12,diagnostic_only_not_theorem_gate,4a09b46da042bd99120c3c23c0cc81b0e6b3f33dd2de64fa567151fb2cf15c72,2f4b8aa5a0edfdafeadf5c67ac561b97ec266443615d65a715c735eac6203ef6,169421e73b25e00e379d0a24e476d5f26da19186f48a179e3a8bf83ce889b3b8
alpha^4,5.6941366846315,0.20448019143418933,-0.017355232808892264,6.235896641491578e-12,diagnostic_only_not_theorem_gate,4a09b46da042bd99120c3c23c0cc81b0e6b3f33dd2de64fa567151fb2cf15c72,2f4b8aa5a0edfdafeadf5c67ac561b97ec266443615d65a715c735eac6203ef6,169421e73b25e00e379d0a24e476d5f26da19186f48a179e3a8bf83ce889b3b8
alpha^4,5.743224069843841,0.2053004855955508,-0.016059846771612298,6.181347230804341e-12,diagnostic_only_not_theorem_gate,4a09b46da042bd99120c3c23c0cc81b0e6b3f33dd2de64fa567151fb2cf15c72,2f4b8aa5a0edfdafeadf5c67ac561b97ec266443615d65a715c735eac6203ef6,169421e73b25e00e379d0a24e476d5f26da19186f48a179e3a8bf83ce889b3b8
alpha^4,5.792311455056181,0.20605623009646473,-0.014725771156783076,6.128821613853824e-12,diagnostic_only_not_theorem_gate,4a09b46da042bd99120c3c23c0cc81b0e6b3f33dd2de64fa567151fb2cf15c72,2f4b8aa5a0edfdafeadf5c67ac561b97ec266443615d65a715c735eac6203ef6,169421e73b25e00e379d0a24e476d5f26da19186f48a179e3a8bf83ce889b3b8
alpha^4,5.841398840268521,0.20674560428223304,-0.013356219869411948,6.0790804158656875e-12,diagnostic_only_not_theorem_gate,4a09b46da042bd99120c3c23c0cc81b0e6b3f33dd2de64fa567151fb2cf15c72,2f4b8aa5a0edfdafeadf5c67ac561b97ec266443615d65a715c735eac6203ef6,169421e73b25e00e379d0a24e476d5f26da19186f48a179e3a8bf83ce889b3b8
alpha^4,5.890486225480862,0.20736694739006012,-0.011954492278508711,6.032684097161288e-12,diagnostic_only_not_theorem_gate,4a09b46da042bd99120c3c23c0cc81b0e6b3f33dd2de64fa567151fb2cf15c72,2f4b8aa5a0edfdafeadf5c67ac561b97ec266443615d65a715c735eac6203ef6,169421e73b25e00e379d0a24e476d5f26da19186f48a179e3a8bf83ce889b3b8
alpha^4,5.939573610693203,0.20791876254997604,-0.010523965268616665,5.990276053021049e-12,diagnostic_only_not_theorem_gate,4a09b46da042bd99120c3c23c0cc81b0e6b3f33dd2de64fa567151fb2cf15c72,2f4b8aa5a0edfdafeadf5c67ac561b97ec266443615d65a715c735eac6203ef6,169421e73b25e00e379d0a24e476d5f26da19186f48a179e3a8bf83ce889b3b8
alpha^4,5.988660995905543,0.20839972039092722,-0.009068085104602058,5.952270292465768e-12,diagnostic_only_not_theorem_gate,4a09b46da042bd99120c3c23c0cc81b0e6b3f33dd2de64fa567151fb2cf15c72,2f4b8aa5a0edfdafeadf5c67ac561b97ec266443615d65a715c735eac6203ef6,169421e73b25e00e379d0a24e476d5f26da19186f48a179e3a8bf83ce889b3b8
alpha^4,6.037748381117884,0.20880866224334788,-0.0075903591293000165,5.919294797169478e-12,diagnostic_only_not_theorem_gate,4a09b46da042bd99120c3c23c0cc81b0e6b3f33dd2de64fa567151fb2cf15c72,2f4b8aa5a0edfdafeadf5c67ac561b97ec266443615d65a715c735eac6203ef6,169421e73b25e00e379d0a24e476d5f26da19186f48a179e3a8bf83ce889b3b8
alpha^4,6.086835766330224,0.20914460293049647,-0.0060943473140185524,5.89171959596051e-12,diagnostic_only_not_theorem_gate,4a09b46da042bd99120c3c23c0cc81b0e6b3f33dd2de64fa567151fb2cf15c72,2f4b8aa5a0edfdafeadf5c67ac561b97ec266443615d65a715c735eac6203ef6,169421e73b25e00e379d0a24e476d5f26da19186f48a179e3a8bf83ce889b3b8
alpha^4,6.135923151542564,0.20940673314183275,-0.004583653682255838,5.8699584043840185e-12,diagnostic_only_not_theorem_gate,4a09b46da042bd99120c3c23c0cc81b0e6b3f33dd2de64fa567151fb2cf15c72,2f4b8aa5a0edfdafeadf5c67ac561b97ec266443615d65a715c735eac6203ef6,169421e73b25e00e379d0a24e476d5f26da19186f48a179e3a8bf83ce889b3b8
alpha^4,6.1850105367549055,0.2095944213827177,-0.003061917627291895,5.854074190611615e-12,diagnostic_only_not_theorem_gate,4a09b46da042bd99120c3c23c0cc81b0e6b3f33dd2de64fa567151fb2cf15c72,2f4b8aa5a0edfdafeadf5c67ac561b97ec266443615d65a715c735eac6203ef6,169421e73b25e00e379d0a24e476d5f26da19186f48a179e3a8bf83ce889b3b8
alpha^4,6.234097921967246,0.20970721549573942,-0.0015328051445715248,5.844559466926212e-12,diagnostic_only_not_theorem_gate,4a09b46da042bd99120c3c23c0cc81b0e6b3f33dd2de64fa567151fb2cf15c72,2f4b8aa5a0edfdafeadf5c67ac561b97ec266443615d65a715c735eac6203ef6,169421e73b25e00e379d0a24e476d5f26da19186f48a179e3a8bf83ce889b3b8
alpha^5,0.0,0.12904359374999091,0.0,1.70851062061962e-12,diagnostic_only_not_theorem_gate,4a09b46da042bd99120c3c23c0cc81b0e6b3f33dd2de64fa567151fb2cf15c72,2f4b8aa5a0edfdafeadf5c67ac561b97ec266443615d65a715c735eac6203ef6,169421e73b25e00e379d0a24e476d5f26da19186f48a179e3a8bf83ce889b3b8
alpha^5,0.04908738521234052,0.12902791717713114,0.0006385927808985583,1.7081853268116188e-12,diagnostic_only_not_theorem_gate,4a09b46da042bd99120c3c23c0cc81b0e6b3f33dd2de64fa567151fb2cf15c72,2f4b8aa5a0edfdafeadf5c67ac561b97ec266443615d65a715c735eac6203ef6,169421e73b25e00e379d0a24e476d5f26da19186f48a179e3a8bf83ce889b3b8
alpha^5,0.09817477042468103,0.12898092522478896,0.0012756471358538104,1.707224692683891e-12,diagnostic_only_not_theorem_gate,4a09b46da042bd99120c3c23c0cc81b0e6b3f33dd2de64fa567151fb2cf15c72,2f4b8aa5a0edfdafeadf5c67ac561b97ec266443615d65a715c735eac6203ef6,169421e73b25e00e379d0a24e476d5f26da19186f48a179e3a8bf83ce889b3b8
alpha^5,0.14726215563702155,0.12890273110069358,0.0019096283451252977,1.705614001631281e-12,diagnostic_only_not_theorem_gate,4a09b46da042bd99120c3c23c0cc81b0e6b3f33dd2de64fa567151fb2cf15c72,2f4b8aa5a0edfdafeadf5c67ac561b97ec266443615d65a715c735eac6203ef6,169421e73b25e00e379d0a24e476d5f26da19186f48a179e3a8bf83ce889b3b8
alpha^5,0.19634954084936207,0.12879352318133894,0.00253900909244969,1.703352200456698e-12,diagnostic_only_not_theorem_gate,4a09b46da042bd99120c3c23c0cc81b0e6b3f33dd2de64fa567151fb2cf15c72,2f4b8aa5a0edfdafeadf5c67ac561b97ec266443615d65a715c735eac6203ef6,169421e73b25e00e379d0a24e476d5f26da19186f48a179e3a8bf83ce889b3b8
alpha^5,0.2454369260617026,0.12865356455816823,0.00316227314447944,1.7003995322869883e-12,diagnostic_only_not_theorem_gate,4a09b46da042bd99120c3c23c0cc81b0e6b3f33dd2de64fa567151fb2cf15c72,2f4b8aa5a0edfdafeadf5c67ac561b97ec266443615d65a715c735eac6203ef6,169421e73b25e00e379d0a24e476d5f26da19186f48a179e3a8bf83ce889b3b8
alpha^5,0.2945243112740431,0.12848319240376363,0.0037779190035217244,1.696736614671862e-12,diagnostic_only_not_theorem_gate,4a09b46da042bd99120c3c23c0cc81b0e6b3f33dd2de64fa567151fb2cf15c72,2f4b8aa5a0edfdafeadf5c67ac561b97ec266443615d65a715c735eac6203ef6,169421e73b25e00e379d0a24e476d5f26da19186f48a179e3a8bf83ce889b3b8
alpha^5,0.3436116964863836,0.1282828171595679,0.0043844635247779025,1.6923408084685443e-12,diagnostic_only_not_theorem_gate,4a09b46da042bd99120c3c23c0cc81b0e6b3f33dd2de64fa567151fb2cf15c72,2f4b8aa5a0edfdafeadf5c67ac561b97ec266443615d65a715c735eac6203ef6,169421e73b25e00e379d0a24e476d5f26da19186f48a179e3a8bf83ce889b3b8
alpha^5,0.39269908169872414,0.12805292154709513,0.004980445489369242,1.68716449674701e-12,diagnostic_only_not_theorem_gate,4a09b46da042bd99120c3c23c0cc81b0e6b3f33dd2de64fa567151fb2cf15c72,2f4b8aa5a0edfdafeadf5c67ac561b97ec266443615d65a715c735eac6203ef6,169421e73b25e00e379d0a24e476d5f26da19186f48a179e3a8bf83ce889b3b8
alpha^5,0.44178646691106466,0.12779405940501223,0.005564429124541187,1.6811826711806285e-12,diagnostic_only_not_theorem_gate,4a09b46da042bd99120c3c23c0cc81b0e6b3f33dd2de64fa567151fb2cf15c72,2f4b8aa5a0edfdafeadf5c67ac561b97ec266443615d65a715c735eac6203ef6,169421e73b25e00e379d0a24e476d5f26da19186f48a179e3a8bf83ce889b3b8
alpha^5,0.4908738521234052,0.12750685435489317,0.0061350075625656855,1.674339223296476e-12,diagnostic_only_not_theorem_gate,4a09b46da042bd99120c3c23c0cc81b0e6b3f33dd2de64fa567151fb2cf15c72,2f4b8aa5a0edfdafeadf5c67ac561b97ec266443615d65a715c735eac6203ef6,169421e73b25e00e379d0a24e476d5f26da19186f48a179e3a8bf83ce889b3b8
alpha^5,0.5399612373357456,0.1271919982988598,0.006690806230008764,1.6666063043676788e-12,diagnostic_only_not_theorem_gate,4a09b46da042bd99120c3c23c0cc81b0e6b3f33dd2de64fa567151fb2cf15c72,2f4b8aa5a0edfdafeadf5c67ac561b97ec266443615d65a715c735eac6203ef6,169421e73b25e00e379d0a24e476d5f26da19186f48a179e3a8bf83ce889b3b8
alpha^5,0.5890486225480862,0.1268502497527293,0.0072304861591983415,1.6579520211728877e-12,diagnostic_only_not_theorem_gate,4a09b46da042bd99120c3c23c0cc81b0e6b3f33dd2de64fa567151fb2cf15c72,2f4b8aa5a0edfdafeadf5c67ac561b97ec266443615d65a715c735eac6203ef6,169421e73b25e00e379d0a24e476d5f26da19186f48a179e3a8bf83ce889b3b8
alpha^5,0.6381360077604268,0.12648243201868292,0.007752747213914622,1.6483138310860971e-12,diagnostic_only_not_theorem_gate,4a09b46da042bd99120c3c23c0cc81b0e6b3f33dd2de64fa567151fb2cf15c72,2f4b8aa5a0edfdafeadf5c67ac561b97ec266443615d65a715c735eac6203ef6,169421e73b25e00e379d0a24e476d5f26da19186f48a179e3a8bf83ce889b3b8
alpha^5,0.6872233929727672,0.12608943120185898,0.008256331221532125,1.637660792895298e-12,diagnostic_only_not_theorem_gate,4a09b46da042bd99120c3c23c0cc81b0e6b3f33dd2de64fa567151fb2cf15c72,2f4b8aa5a0edfdafeadf5c67ac561b97ec266443615d65a715c735eac6203ef6,169421e73b25e00e379d0a24e476d5f26da19186f48a179e3a8bf83ce889b3b8
alpha^5,0.7363107781851077,0.12567219407564806,0.008740025004067752,1.6259353389768716e-12,diagnostic_only_not_theorem_gate,4a09b46da042bd99120c3c23c0cc81b0e6b3f33dd2de64fa567151fb2cf15c72,2f4b8aa5a0edfdafeadf5c67ac561b97ec266443615d65a715c735eac6203ef6,169421e73b25e00e379d0a24e476d5f26da19186f48a179e3a8bf83ce889b3b8
alpha^5,0.7853981633974483,0.1252317258008328,0.009202663300832803,1.613133969908515e-12,diagnostic_only_not_theorem_gate,4a09b46da042bd99120c3c23c0cc81b0e6b3f33dd2de64fa567151fb2cf15c72,2f4b8aa5a0edfdafeadf5c67ac561b97ec266443615d65a715c735eac6203ef6,169421e73b25e00e379d0a24e476d5f26da19186f48a179e3a8bf83ce889b3b8
alpha^5,0.8344855486097889,0.12476908750406776,0.009643131575648044,1.599185697067534e-12,diagnostic_only_not_theorem_gate,4a09b46da042bd99120c3c23c0cc81b0e6b3f33dd2de64fa567151fb2cf15c72,2f4b8aa5a0edfdafeadf5c67ac561b97ec266443615d65a715c735eac6203ef6,169421e73b25e00e379d0a24e476d5f26da19186f48a179e3a8bf83ce889b3b8
alpha^5,0.8835729338221293,0.12428539372153213,0.010060368701858979,1.5840793509817934e-12,diagnostic_only_not_theorem_gate,4a09b46da042bd99120c3c23c0cc81b0e6b3f33dd2de64fa567151fb2cf15c72,2f4b8aa5a0edfdafeadf5c67ac561b97ec266443615d65a715c735eac6203ef6,169421e73b25e00e379d0a24e476d5f26da19186f48a179e3a8bf83ce889b3b8
alpha^5,0.9326603190344698,0.12378180971391463,0.010453369518682906,1.5678047950241114e-12,diagnostic_only_not_theorem_gate,4a09b46da042bd99120c3c23c0cc81b0e6b3f33dd2de64fa567151fb2cf15c72,2f4b8aa5a0edfdafeadf5c67ac561b97ec266443615d65a715c735eac6203ef6,169421e73b25e00e379d0a24e476d5f26da19186f48a179e3a8bf83ce889b3b8
alpha^5,0.9817477042468103,0.12325954865919835,0.010821187252729297,1.5503113980695906e-12,diagnostic_only_not_theorem_gate,4a09b46da042bd99120c3c23c0cc81b0e6b3f33dd2de64fa567151fb2cf15c72,2f4b8aa5a0edfdafeadf5c67ac561b97ec266443615d65a715c735eac6203ef6,169421e73b25e00e379d0a24e476d5f26da19186f48a179e3a8bf83ce889b3b8
alpha^5,1.030835089459151,0.12271986873000877,0.011162935798859804,1.5315756372407822e-12,diagnostic_only_not_theorem_gate,4a09b46da042bd99120c3c23c0cc81b0e6b3f33dd2de64fa567151fb2cf15c72,2f4b8aa5a0edfdafeadf5c67ac561b97ec266443615d65a715c735eac6203ef6,169421e73b25e00e379d0a24e476d5f26da19186f48a179e3a8bf83ce889b3b8
alpha^5,1.0799224746714913,0.12216407006256569,0.011477791854893156,1.511627862713897e-12,diagnostic_only_not_theorem_gate,4a09b46da042bd99120c3c23c0cc81b0e6b3f33dd2de64fa567151fb2cf15c72,2f4b8aa5a0edfdafeadf5c67ac561b97ec266443615d65a715c735eac6203ef6,169421e73b25e00e379d0a24e476d5f26da19186f48a179e3a8bf83ce889b3b8
alpha^5,1.1290098598838318,0.1215934916245412,0.011764996905012242,1.4904492456468725e-12,diagnostic_only_not_theorem_gate,4a09b46da042bd99120c3c23c0cc81b0e6b3f33dd2de64fa567151fb2cf15c72,2f4b8aa5a0edfdafeadf5c67ac561b97ec266443615d65a715c735eac6203ef6,169421e73b25e00e379d0a24e476d5f26da19186f48a179e3a8bf83ce889b3b8
alpha^5,1.1780972450961724,0.12100950798936924,0.01202385904709513,1.4680456278345835e-12,diagnostic_only_not_theorem_gate,4a09b46da042bd99120c3c23c0cc81b0e6b3f33dd2de64fa567151fb2cf15c72,2f4b8aa5a0edfdafeadf5c67ac561b97ec266443615d65a715c735eac6203ef6,169421e73b25e00e379d0a24e476d5f26da19186f48a179e3a8bf83ce889b3b8
alpha^5,1.227184630308513,0.12041352602477791,0.012253754659567899,1.4444070045764155e-12,diagnostic_only_not_theorem_gate,4a09b46da042bd99120c3c23c0cc81b0e6b3f33dd2de64fa567151fb2cf15c72,2f4b8aa5a0edfdafeadf5c67ac561b97ec266443615d65a715c735eac6203ef6,169421e73b25e00e379d0a24e476d5f26da19186f48a179e3a8bf83ce889b3b8
alpha^5,1.2762720155208536,0.11980698150352173,0.012454129903763623,1.4195978285692065e-12,diagnostic_only_not_theorem_gate,4a09b46da042bd99120c3c23c0cc81b0e6b3f33dd2de64fa567151fb2cf15c72,2f4b8aa5a0edfdafeadf5c67ac561b97ec266443615d65a715c735eac6203ef6,169421e73b25e00e379d0a24e476d5f26da19186f48a179e3a8bf83ce889b3b8
alpha^5,1.325359400733194,0.11919133564447944,0.012624502058168233,1.3936025575850686e-12,diagnostic_only_not_theorem_gate,4a09b46da042bd99120c3c23c0cc81b0e6b3f33dd2de64fa567151fb2cf15c72,2f4b8aa5a0edfdafeadf5c67ac561b97ec266443615d65a715c735eac6203ef6,169421e73b25e00e379d0a24e476d5f26da19186f48a179e3a8bf83ce889b3b8
alpha^5,1.3744467859455345,0.1185680715924497,0.012764460681338935,1.3665087858620595e-12,diagnostic_only_not_theorem_gate,4a09b46da042bd99120c3c23c0cc81b0e6b3f33dd2de64fa567151fb2cf15c72,2f4b8aa5a0edfdafeadf5c67ac561b97ec266443615d65a715c735eac6203ef6,169421e73b25e00e379d0a24e476d5f26da19186f48a179e3a8bf83ce889b3b8
alpha^5,1.423534171157875,0.1179386908451253,0.012873668600693583,1.3383318497071955e-12,diagnostic_only_not_theorem_gate,4a09b46da042bd99120c3c23c0cc81b0e6b3f33dd2de64fa567151fb2cf15c72,2f4b8aa5a0edfdafeadf5c67ac561b97ec266443615d65a715c735eac6203ef6,169421e73b25e00e379d0a24e476d5f26da19186f48a179e3a8bf83ce889b3b8
alpha^5,1.4726215563702154,0.11730470963585382,0.012951862724788963,1.309114062259381e-12,diagnostic_only_not_theorem_gate,4a09b46da042bd99120c3c23c0cc81b0e6b3f33dd2de64fa567151fb2cf15c72,2f4b8aa5a0edfdafeadf5c67ac561b97ec266443615d65a715c735eac6203ef6,169421e73b25e00e379d0a24e476d5f26da19186f48a179e3a8bf83ce889b3b8
alpha^5,1.521708941582556,0.11666765528089856,0.01299885467713114,1.2789453367377188e-12,diagnostic_only_not_theorem_gate,4a09b46da042bd99120c3c23c0cc81b0e6b3f33dd2de64fa567151fb2cf15c72,2f4b8aa5a0edfdafeadf5c67ac561b97ec266443615d65a715c735eac6203ef6,169421e73b25e00e379d0a24e476d5f26da19186f48a179e3a8bf83ce889b3b8
alpha^5,1.5707963267948966,0.1160290625,0.013014531249990906,1.2478946029011652e-12,diagnostic_only_not_theorem_gate,4a09b46da042bd99120c3c23c0cc81b0e6b3f33dd2de64fa567151fb2cf15c72,2f4b8aa5a0edfdafeadf5c67ac561b97ec266443615d65a715c735eac6203ef6,169421e73b25e00e379d0a24e476d5f26da19186f48a179e3a8bf83ce889b3b8
alpha^5,1.6198837120072371,0.11539046971910144,0.01299885467713114,1.2160179423628798e-12,diagnostic_only_not_theorem_gate,4a09b46da042bd99120c3c23c0cc81b0e6b3f33dd2de64fa567151fb2cf15c72,2f4b8aa5a0edfdafeadf5c67ac561b97ec266443615d65a715c735eac6203ef6,169421e73b25e00e379d0a24e476d5f26da19186f48a179e3a8bf83ce889b3b8
alpha^5,1.6689710972195777,0.1147534153641462,0.012951862724788965,1.1834414448011364e-12,diagnostic_only_not_theorem_gate,4a09b46da042bd99120c3c23c0cc81b0e6b3f33dd2de64fa567151fb2cf15c72,2f4b8aa5a0edfdafeadf5c67ac561b97ec266443615d65a715c735eac6203ef6,169421e73b25e00e379d0a24e476d5f26da19186f48a179e3a8bf83ce889b3b8
alpha^5,1.718058482431918,0.1141194341548747,0.012873668600693583,1.1501997157326238e-12,diagnostic_only_not_theorem_gate,4a09b46da042bd99120c3c23c0cc81b0e6b3f33dd2de64fa567151fb2cf15c72,2f4b8aa5a0edfdafeadf5c67ac561b97ec266443615d65a715c735eac6203ef6,169421e73b25e00e379d0a24e476d5f26da19186f48a179e3a8bf83ce889b3b8
alpha^5,1.7671458676442586,0.1134900534075503,0.012764460681338935,1.116450264454565e-12,diagnostic_only_not_theorem_gate,4a09b46da042bd99120c3c23c0cc81b0e6b3f33dd2de64fa567151fb2cf15c72,2f4b8aa5a0edfdafeadf5c67ac561b97ec266443615d65a715c735eac6203ef6,169421e73b25e00e379d0a24e476d5f26da19186f48a179e3a8bf83ce889b3b8
alpha^5,1.8162332528565992,0.11286678935552057,0.012624502058168233,1.082265352441397e-12,diagnostic_only_not_theorem_gate,4a09b46da042bd99120c3c23c0cc81b0e6b3f33dd2de64fa567151fb2cf15c72,2f4b8aa5a0edfdafeadf5c67ac561b97ec266443615d65a715c735eac6203ef6,169421e73b25e00e379d0a24e476d5f26da19186f48a179e3a8bf83ce889b3b8
alpha^5,1.8653206380689396,0.11225114349647827,0.012454129903763623,1.0477537213885119e-12,diagnostic_only_not_theorem_gate,4a09b46da042bd99120c3c23c0cc81b0e6b3f33dd2de64fa567151fb2cf15c72,2f4b8aa5a0edfdafeadf5c67ac561b97ec266443615d65a715c735eac6203ef6,169421e73b25e00e379d0a24e476d5f26da19186f48a179e3a8bf83ce889b3b8
alpha^5,1.9144080232812801,0.1116445989752221,0.012253754659567899,1.0130347980423617e-12,diagnostic_only_not_theorem_gate,4a09b46da042bd99120c3c23c0cc81b0e6b3f33dd2de64fa567151fb2cf15c72,2f4b8aa5a0edfdafeadf5c67ac561b97ec266443615d65a715c735eac6203ef6,169421e73b25e00e379d0a24e476d5f26da19186f48a179e3a8bf83ce889b3b8
alpha^5,1.9634954084936207,0.11104861701063076,0.01202385904709513,9.782432354079588e-13,diagnostic_only_not_theorem_gate,4a09b46da042bd99120c3c23c0cc81b0e6b3f33dd2de64fa567151fb2cf15c72,2f4b8aa5a0edfdafeadf5c67ac561b97ec266443615d65a715c735eac6203ef6,169421e73b25e00e379d0a24e476d5f26da19186f48a179e3a8bf83ce889b3b8
alpha^5,2.012582793705961,0.11046463337545882,0.011764996905012244,9.434676575270864e-13,diagnostic_only_not_theorem_gate,4a09b46da042bd99120c3c23c0cc81b0e6b3f33dd2de64fa567151fb2cf15c72,2f4b8aa5a0edfdafeadf5c67ac561b97ec266443615d65a715c735eac6203ef6,169421e73b25e00e379d0a24e476d5f26da19186f48a179e3a8bf83ce889b3b8
alpha^5,2.061670178918302,0.10989405493743432,0.011477791854893157,9.088463392593691e-13,diagnostic_only_not_theorem_gate,4a09b46da042bd99120c3c23c0cc81b0e6b3f33dd2de64fa567151fb2cf15c72,2f4b8aa5a0edfdafeadf5c67ac561b97ec266443615d65a715c735eac6203ef6,169421e73b25e00e379d0a24e476d5f26da19186f48a179e3a8bf83ce889b3b8
alpha^5,2.110757564130642,0.10933825626999123,0.011162935798859804,8.745123039198452e-13,diagnostic_only_not_theorem_gate,4a09b46da042bd99120c3c23c0cc81b0e6b3f33dd2de64fa567151fb2cf15c72,2f4b8aa5a0edfdafeadf5c67ac561b97ec266443615d65a715c735eac6203ef6,169421e73b25e00e379d0a24e476d5f26da19186f48a179e3a8bf83ce889b3b8
alpha^5,2.1598449493429825,0.10879857634080166,0.0108211872527293,8.405644403752989e-13,diagnostic_only_not_theorem_gate,4a09b46da042bd99120c3c23c0cc81b0e6b3f33dd2de64fa567151fb2cf15c72,2f4b8aa5a0edfdafeadf5c67ac561b97ec266443615d65a715c735eac6203ef6,169421e73b25e00e379d0a24e476d5f26da19186f48a179e3a8bf83ce889b3b8
alpha^5,2.2089323345553233,0.10827631528608538,0.010453369518682908,8.071515031429089e-13,diagnostic_only_not_theorem_gate,4a09b46da042bd99120c3c23c0cc81b0e6b3f33dd2de64fa567151fb2cf15c72,2f4b8aa5a0edfdafeadf5c67ac561b97ec266443615d65a715c735eac6203ef6,169421e73b25e00e379d0a24e476d5f26da19186f48a179e3a8bf83ce889b3b8
alpha^5,2.2580197197676637,0.10777273127846788,0.010060368701858979,7.743832477538743e-13,diagnostic_only_not_theorem_gate,4a09b46da042bd99120c3c23c0cc81b0e6b3f33dd2de64fa567151fb2cf15c72,2f4b8aa5a0edfdafeadf5c67ac561b97ec266443615d65a715c735eac6203ef6,169421e73b25e00e379d0a24e476d5f26da19186f48a179e3a8bf83ce889b3b8
alpha^5,2.3071071049800045,0.10728903749593224,0.009643131575648042,7.423809292802962e-13,diagnostic_only_not_theorem_gate,4a09b46da042bd99120c3c23c0cc81b0e6b3f33dd2de64fa567151fb2cf15c72,2f4b8aa5a0edfdafeadf5c67ac561b97ec266443615d65a715c735eac6203ef6,169421e73b25e00e379d0a24e476d5f26da19186f48a179e3a8bf83ce889b3b8
alpha^5,2.356194490192345,0.1068263991991672,0.009202663300832805,7.112727854506057e-13,diagnostic_only_not_theorem_gate,4a09b46da042bd99120c3c23c0cc81b0e6b3f33dd2de64fa567151fb2cf15c72,2f4b8aa5a0edfdafeadf5c67ac561b97ec266443615d65a715c735eac6203ef6,169421e73b25e00e379d0a24e476d5f26da19186f48a179e3a8bf83ce889b3b8
alpha^5,2.405281875404685,0.10638593092435196,0.008740025004067755,6.811734157112413e-13,diagnostic_only_not_theorem_gate,4a09b46da042bd99120c3c23c0cc81b0e6b3f33dd2de64fa567151fb2cf15c72,2f4b8aa5a0edfdafeadf5c67ac561b97ec266443615d65a715c735eac6203ef6,169421e73b25e00e379d0a24e476d5f26da19186f48a179e3a8bf83ce889b3b8
alpha^5,2.454369260617026,0.10596869379814103,0.008256331221532125,6.522018282477786e-13,diagnostic_only_not_theorem_gate,4a09b46da042bd99120c3c23c0cc81b0e6b3f33dd2de64fa567151fb2cf15c72,2f4b8aa5a0edfdafeadf5c67ac561b97ec266443615d65a715c735eac6203ef6,169421e73b25e00e379d0a24e476d5f26da19186f48a179e3a8bf83ce889b3b8
alpha^5,2.5034566458293663,0.1055756929813171,0.007752747213914623,6.244832757141643e-13,diagnostic_only_not_theorem_gate,4a09b46da042bd99120c3c23c0cc81b0e6b3f33dd2de64fa567151fb2cf15c72,2f4b8aa5a0edfdafeadf5c67ac561b97ec266443615d65a715c735eac6203ef6,169421e73b25e00e379d0a24e476d5f26da19186f48a179e3a8bf83ce889b3b8
alpha^5,2.552544031041707,0.10520787524727071,0.0072304861591983415,5.98137627412378e-13,diagnostic_only_not_theorem_gate,4a09b46da042bd99120c3c23c0cc81b0e6b3f33dd2de64fa567151fb2cf15c72,2f4b8aa5a0edfdafeadf5c67ac561b97ec266443615d65a715c735eac6203ef6,169421e73b25e00e379d0a24e476d5f26da19186f48a179e3a8bf83ce889b3b8
alpha^5,2.6016314162540475,0.1048661267011402,0.006690806230008765,5.732645981437781e-13,diagnostic_only_not_theorem_gate,4a09b46da042bd99120c3c23c0cc81b0e6b3f33dd2de64fa567151fb2cf15c72,2f4b8aa5a0edfdafeadf5c67ac561b97ec266443615d65a715c735eac6203ef6,169421e73b25e00e379d0a24e476d5f26da19186f48a179e3a8bf83ce889b3b8
alpha^5,2.650718801466388,0.10455127064510684,0.006135007562565688,5.500133204592599e-13,diagnostic_only_not_theorem_gate,4a09b46da042bd99120c3c23c0cc81b0e6b3f33dd2de64fa567151fb2cf15c72,2f4b8aa5a0edfdafeadf5c67ac561b97ec266443615d65a715c735eac6203ef6,169421e73b25e00e379d0a24e476d5f26da19186f48a179e3a8bf83ce889b3b8
alpha^5,2.6998061866787286,0.10426406559498776,0.0055644291245411865,5.284721853914918e-13,diagnostic_only_not_theorem_gate,4a09b46da042bd99120c3c23c0cc81b0e6b3f33dd2de64fa567151fb2cf15c72,2f4b8aa5a0edfdafeadf5c67ac561b97ec266443615d65a715c735eac6203ef6,169421e73b25e00e379d0a24e476d5f26da19186f48a179e3a8bf83ce889b3b8
alpha^5,2.748893571891069,0.10400520345290487,0.004980445489369244,5.087803061389517e-13,diagnostic_only_not_theorem_gate,4a09b46da042bd99120c3c23c0cc81b0e6b3f33dd2de64fa567151fb2cf15c72,2f4b8aa5a0edfdafeadf5c67ac561b97ec266443615d65a715c735eac6203ef6,169421e73b25e00e379d0a24e476d5f26da19186f48a179e3a8bf83ce889b3b8
alpha^5,2.7979809571034093,0.10377530784043211,0.004384463524777906,4.910489621627837e-13,diagnostic_only_not_theorem_gate,4a09b46da042bd99120c3c23c0cc81b0e6b3f33dd2de64fa567151fb2cf15c72,2f4b8aa5a0edfdafeadf5c67ac561b97ec266443615d65a715c735eac6203ef6,169421e73b25e00e379d0a24e476d5f26da19186f48a179e3a8bf83ce889b3b8
alpha^5,2.84706834231575,0.10357493259623637,0.003777919003521725,4.753938697530013e-13,diagnostic_only_not_theorem_gate,4a09b46da042bd99120c3c23c0cc81b0e6b3f33dd2de64fa567151fb2cf15c72,2f4b8aa5a0edfdafeadf5c67ac561b97ec266443615d65a715c735eac6203ef6,169421e73b25e00e379d0a24e476d5f26da19186f48a179e3a8bf83ce889b3b8
alpha^5,2.8961557275280905,0.10340456044183177,0.0031622731444794425,4.619104425890572e-13,diagnostic_only_not_theorem_gate,4a09b46da042bd99120c3c23c0cc81b0e6b3f33dd2de64fa567151fb2cf15c72,2f4b8aa5a0edfdafeadf5c67ac561b97ec266443615d65a715c735eac6203ef6,169421e73b25e00e379d0a24e476d5f26da19186f48a179e3a8bf83ce889b3b8
alpha^5,2.945243112740431,0.10326460181866107,0.0025390090924496947,4.5072214522373257e-13,diagnostic_only_not_theorem_gate,4a09b46da042bd99120c3c23c0cc81b0e6b3f33dd2de64fa567151fb2cf15c72,2f4b8aa5a0edfdafeadf5c67ac561b97ec266443615d65a715c735eac6203ef6,169421e73b25e00e379d0a24e476d5f26da19186f48a179e3a8bf83ce889b3b8
alpha^5,2.9943304979527716,0.10315539389930642,0.0019096283451252986,4.41909122716339e-13,diagnostic_only_not_theorem_gate,4a09b46da042bd99120c3c23c0cc81b0e6b3f33dd2de64fa567151fb2cf15c72,2f4b8aa5a0edfdafeadf5c67ac561b97ec266443615d65a715c735eac6203ef6,169421e73b25e00e379d0a24e476d5f26da19186f48a179e3a8bf83ce889b3b8
alpha^5,3.043417883165112,0.10307719977521104,0.0012756471358538132,4.355576365092138e-13,diagnostic_only_not_theorem_gate,4a09b46da042bd99120c3c23c0cc81b0e6b3f33dd2de64fa567151fb2cf15c72,2f4b8aa5a0edfdafeadf5c67ac561b97ec266443615d65a715c735eac6203ef6,169421e73b25e00e379d0a24e476d5f26da19186f48a179e3a8bf83ce889b3b8
alpha^5,3.0925052683774528,0.10303020782286887,0.0006385927808985576,4.3172477657157115e-13,diagnostic_only_not_theorem_gate,4a09b46da042bd99120c3c23c0cc81b0e6b3f33dd2de64fa567151fb2cf15c72,2f4b8aa5a0edfdafeadf5c67ac561b97ec266443615d65a715c735eac6203ef6,169421e73b25e00e379d0a24e476d5f26da19186f48a179e3a8bf83ce889b3b8
alpha^5,3.141592653589793,0.10301453125000909,1.5938204037704565e-18,4.304394919240962e-13,diagnostic_only_not_theorem_gate,4a09b46da042bd99120c3c23c0cc81b0e6b3f33dd2de64fa567151fb2cf15c72,2f4b8aa5a0edfdafeadf5c67ac561b97ec266443615d65a715c735eac6203ef6,169421e73b25e00e379d0a24e476d5f26da19186f48a179e3a8bf83ce889b3b8
alpha^5,3.1906800388021335,0.10303020782286887,-0.0006385927808985545,4.3172512083704204e-13,diagnostic_only_not_theorem_gate,4a09b46da042bd99120c3c23c0cc81b0e6b3f33dd2de64fa567151fb2cf15c72,2f4b8aa5a0edfdafeadf5c67ac561b97ec266443615d65a715c735eac6203ef6,169421e73b25e00e379d0a24e476d5f26da19186f48a179e3a8bf83ce889b3b8
alpha^5,3.2397674240144743,0.10307719977521104,-0.0012756471358538102,4.3555471121784954e-13,diagnostic_only_not_theorem_gate,4a09b46da042bd99120c3c23c0cc81b0e6b3f33dd2de64fa567151fb2cf15c72,2f4b8aa5a0edfdafeadf5c67ac561b97ec266443615d65a715c735eac6203ef6,169421e73b25e00e379d0a24e476d5f26da19186f48a179e3a8bf83ce889b3b8
alpha^5,3.2888548092268146,0.10315539389930642,-0.0019096283451252955,4.41906799954892e-13,diagnostic_only_not_theorem_gate,4a09b46da042bd99120c3c23c0cc81b0e6b3f33dd2de64fa567151fb2cf15c72,2f4b8aa5a0edfdafeadf5c67ac561b97ec266443615d65a715c735eac6203ef6,169421e73b25e00e379d0a24e476d5f26da19186f48a179e3a8bf83ce889b3b8
alpha^5,3.3379421944391554,0.10326460181866107,-0.002539009092449691,4.50726100470036e-13,diagnostic_only_not_theorem_gate,4a09b46da042bd99120c3c23c0cc81b0e6b3f33dd2de64fa567151fb2cf15c72,2f4b8aa5a0edfdafeadf5c67ac561b97ec266443615d65a715c735eac6203ef6,169421e73b25e00e379d0a24e476d5f26da19186f48a179e3a8bf83ce889b3b8
alpha^5,3.3870295796514958,0.10340456044183177,-0.003162273144479439,4.619090193169829e-13,diagnostic_only_not_theorem_gate,4a09b46da042bd99120c3c23c0cc81b0e6b3f33dd2de64fa567151fb2cf15c72,2f4b8aa5a0edfdafeadf5c67ac561b97ec266443615d65a715c735eac6203ef6,169421e73b25e00e379d0a24e476d5f26da19186f48a179e3a8bf83ce889b3b8
alpha^5,3.436116964863836,0.10357493259623637,-0.0037779190035217214,4.753919897077219e-13,diagnostic_only_not_theorem_gate,4a09b46da042bd99120c3c23c0cc81b0e6b3f33dd2de64fa567151fb2cf15c72,2f4b8aa5a0edfdafeadf5c67ac561b97ec266443615d65a715c735eac6203ef6,169421e73b25e00e379d0a24e476d5f26da19186f48a179e3a8bf83ce889b3b8
alpha^5,3.485204350076177,0.1037753078404321,-0.004384463524777903,4.910473268644414e-13,diagnostic_only_not_theorem_gate,4a09b46da042bd99120c3c23c0cc81b0e6b3f33dd2de64fa567151fb2cf15c72,2f4b8aa5a0edfdafeadf5c67ac561b97ec266443615d65a715c735eac6203ef6,169421e73b25e00e379d0a24e476d5f26da19186f48a179e3a8bf83ce889b3b8
alpha^5,3.5342917352885173,0.10400520345290487,-0.0049804454893692405,5.087780845671439e-13,diagnostic_only_not_theorem_gate,4a09b46da042bd99120c3c23c0cc81b0e6b3f33dd2de64fa567151fb2cf15c72,2f4b8aa5a0edfdafeadf5c67ac561b97ec266443615d65a715c735eac6203ef6,169421e73b25e00e379d0a24e476d5f26da19186f48a179e3a8bf83ce889b3b8
alpha^5,3.5833791205008576,0.10426406559498776,-0.005564429124541184,5.284770610610926e-13,diagnostic_only_not_theorem_gate,4a09b46da042bd99120c3c23c0cc81b0e6b3f33dd2de64fa567151fb2cf15c72,2f4b8aa5a0edfdafeadf5c67ac561b97ec266443615d65a715c735eac6203ef6,169421e73b25e00e379d0a24e476d5f26da19186f48a179e3a8bf83ce889b3b8
alpha^5,3.6324665057131984,0.10455127064510684,-0.0061350075625656855,5.500127996215197e-13,diagnostic_only_not_theorem_gate,4a09b46da042bd99120c3c23c0cc81b0e6b3f33dd2de64fa567151fb2cf15c72,2f4b8aa5a0edfdafeadf5c67ac561b97ec266443615d65a715c735eac6203ef6,169421e73b25e00e379d0a24e476d5f26da19186f48a179e3a8bf83ce889b3b8
alpha^5,3.6815538909255388,0.1048661267011402,-0.006690806230008763,5.732669103914262e-13,diagnostic_only_not_theorem_gate,4a09b46da042bd99120c3c23c0cc81b0e6b3f33dd2de64fa567151fb2cf15c72,2f4b8aa5a0edfdafeadf5c67ac561b97ec266443615d65a715c735eac6203ef6,169421e73b25e00e379d0a24e476d5f26da19186f48a179e3a8bf83ce889b3b8
alpha^5,3.730641276137879,0.1052078752472707,-0.007230486159198339,5.981363620965477e-13,diagnostic_only_not_theorem_gate,4a09b46da042bd99120c3c23c0cc81b0e6b3f33dd2de64fa567151fb2cf15c72,2f4b8aa5a0edfdafeadf5c67ac561b97ec266443615d65a715c735eac6203ef6,169421e73b25e00e379d0a24e476d5f26da19186f48a179e3a8bf83ce889b3b8
alpha^5,3.77972866135022,0.1055756929813171,-0.00775274721391462,6.244825266951195e-13,diagnostic_only_not_theorem_gate,4a09b46da042bd99120c3c23c0cc81b0e6b3f33dd2de64fa567151fb2cf15c72,2f4b8aa5a0edfdafeadf5c67ac561b97ec266443615d65a715c735eac6203ef6,169421e73b25e00e379d0a24e476d5f26da19186f48a179e3a8bf83ce889b3b8
alpha^5,3.8288160465625602,0.10596869379814103,-0.008256331221532123,6.52202934555159e-13,diagnostic_only_not_theorem_gate,4a09b46da042bd99120c3c23c0cc81b0e6b3f33dd2de64fa567151fb2cf15c72,2f4b8aa5a0edfdafeadf5c67ac561b97ec266443615d65a715c735eac6203ef6,169421e73b25e00e379d0a24e476d5f26da19186f48a179e3a8bf83ce889b3b8
alpha^5,3.877903431774901,0.10638593092435196,-0.008740025004067753,6.811706161337366e-13,diagnostic_only_not_theorem_gate,4a09b46da042bd99120c3c23c0cc81b0e6b3f33dd2de64fa567151fb2cf15c72,2f4b8aa5a0edfdafeadf5c67ac561b97ec266443615d65a715c735eac6203ef6,169421e73b25e00e379d0a24e476d5f26da19186f48a179e3a8bf83ce889b3b8
alpha^5,3.9269908169872414,0.1068263991991672,-0.009202663300832803,7.112738460242214e-13,diagnostic_only_not_theorem_gate,4a09b46da042bd99120c3c23c0cc81b0e6b3f33dd2de64fa567151fb2cf15c72,2f4b8aa5a0edfdafeadf5c67ac561b97ec266443615d65a715c735eac6203ef6,169421e73b25e00e379d0a24e476d5f26da19186f48a179e3a8bf83ce889b3b8
alpha^5,3.9760782021995817,0.10728903749593224,-0.00964313157564804,7.423814438827231e-13,diagnostic_only_not_theorem_gate,4a09b46da042bd99120c3c23c0cc81b0e6b3f33dd2de64fa567151fb2cf15c72,2f4b8aa5a0edfdafeadf5c67ac561b97ec266443615d65a715c735eac6203ef6,169421e73b25e00e379d0a24e476d5f26da19186f48a179e3a8bf83ce889b3b8
alpha^5,4.025165587411922,0.10777273127846787,-0.010060368701858974,7.743834220930638e-13,diagnostic_only_not_theorem_gate,4a09b46da042bd99120c3c23c0cc81b0e6b3f33dd2de64fa567151fb2cf15c72,2f4b8aa5a0edfdafeadf5c67ac561b97ec266443615d65a715c735eac6203ef6,169421e73b25e00e379d0a24e476d5f26da19186f48a179e3a8bf83ce889b3b8
alpha^5,4.074252972624263,0.10827631528608539,-0.01045336951868291,8.071482000108504e-13,diagnostic_only_not_theorem_gate,4a09b46da042bd99120c3c23c0cc81b0e6b3f33dd2de64fa567151fb2cf15c72,2f4b8aa5a0edfdafeadf5c67ac561b97ec266443615d65a715c735eac6203ef6,169421e73b25e00e379d0a24e476d5f26da19186f48a179e3a8bf83ce889b3b8
alpha^5,4.123340357836604,0.10879857634080166,-0.010821187252729297,8.405649251895273e-13,diagnostic_only_not_theorem_gate,4a09b46da042bd99120c3c23c0cc81b0e6b3f33dd2de64fa567151fb2cf15c72,2f4b8aa5a0edfdafeadf5c67ac561b97ec266443615d65a715c735eac6203ef6,169421e73b25e00e379d0a24e476d5f26da19186f48a179e3a8bf83ce889b3b8
alpha^5,4.172427743048944,0.10933825626999123,-0.011162935798859802,8.745164244467539e-13,diagnostic_only_not_theorem_gate,4a09b46da042bd99120c3c23c0cc81b0e6b3f33dd2de64fa567151fb2cf15c72,2f4b8aa5a0edfdafeadf5c67ac561b97ec266443615d65a715c735eac6203ef6,169421e73b25e00e379d0a24e476d5f26da19186f48a179e3a8bf83ce889b3b8
alpha^5,4.221515128261284,0.10989405493743432,-0.011477791854893156,9.088466888578752e-13,diagnostic_only_not_theorem_gate,4a09b46da042bd99120c3c23c0cc81b0e6b3f33dd2de64fa567151fb2cf15c72,2f4b8aa5a0edfdafeadf5c67ac561b97ec266443615d65a715c735eac6203ef6,169421e73b25e00e379d0a24e476d5f26da19186f48a179e3a8bf83ce889b3b8
alpha^5,4.270602513473625,0.11046463337545881,-0.01176499690501224,9.434695628582833e-13,diagnostic_only_not_theorem_gate,4a09b46da042bd99120c3c23c0cc81b0e6b3f33dd2de64fa567151fb2cf15c72,2f4b8aa5a0edfdafeadf5c67ac561b97ec266443615d65a715c735eac6203ef6,169421e73b25e00e379d0a24e476d5f26da19186f48a179e3a8bf83ce889b3b8
alpha^5,4.319689898685965,0.11104861701063075,-0.012023859047095128,9.782435711111114e-13,diagnostic_only_not_theorem_gate,4a09b46da042bd99120c3c23c0cc81b0e6b3f33dd2de64fa567151fb2cf15c72,2f4b8aa5a0edfdafeadf5c67ac561b97ec266443615d65a715c735eac6203ef6,169421e73b25e00e379d0a24e476d5f26da19186f48a179e3a8bf83ce889b3b8
alpha^5,4.368777283898306,0.1116445989752221,-0.012253754659567899,1.0130347980423617e-12,diagnostic_only_not_theorem_gate,4a09b46da042bd99120c3c23c0cc81b0e6b3f33dd2de64fa567151fb2cf15c72,2f4b8aa5a0edfdafeadf5c67ac561b97ec266443615d65a715c735eac6203ef6,169421e73b25e00e379d0a24e476d5f26da19186f48a179e3a8bf83ce889b3b8
alpha^5,4.417864669110647,0.11225114349647827,-0.01245412990376362,1.047757049980379e-12,diagnostic_only_not_theorem_gate,4a09b46da042bd99120c3c23c0cc81b0e6b3f33dd2de64fa567151fb2cf15c72,2f4b8aa5a0edfdafeadf5c67ac561b97ec266443615d65a715c735eac6203ef6,169421e73b25e00e379d0a24e476d5f26da19186f48a179e3a8bf83ce889b3b8
alpha^5,4.466952054322987,0.11286678935552055,-0.012624502058168233,1.0822635566146888e-12,diagnostic_only_not_theorem_gate,4a09b46da042bd99120c3c23c0cc81b0e6b3f33dd2de64fa567151fb2cf15c72,2f4b8aa5a0edfdafeadf5c67ac561b97ec266443615d65a715c735eac6203ef6,169421e73b25e00e379d0a24e476d5f26da19186f48a179e3a8bf83ce889b3b8
alpha^5,4.516039439535327,0.1134900534075503,-0.012764460681338935,1.116450264454565e-12,diagnostic_only_not_theorem_gate,4a09b46da042bd99120c3c23c0cc81b0e6b3f33dd2de64fa567151fb2cf15c72,2f4b8aa5a0edfdafeadf5c67ac561b97ec266443615d65a715c735eac6203ef6,169421e73b25e00e379d0a24e476d5f26da19186f48a179e3a8bf83ce889b3b8
alpha^5,4.565126824747668,0.1141194341548747,-0.012873668600693581,1.150200334855012e-12,diagnostic_only_not_theorem_gate,4a09b46da042bd99120c3c23c0cc81b0e6b3f33dd2de64fa567151fb2cf15c72,2f4b8aa5a0edfdafeadf5c67ac561b97ec266443615d65a715c735eac6203ef6,169421e73b25e00e379d0a24e476d5f26da19186f48a179e3a8bf83ce889b3b8
alpha^5,4.614214209960009,0.1147534153641462,-0.012951862724788965,1.1834414448011364e-12,diagnostic_only_not_theorem_gate,4a09b46da042bd99120c3c23c0cc81b0e6b3f33dd2de64fa567151fb2cf15c72,2f4b8aa5a0edfdafeadf5c67ac561b97ec266443615d65a715c735eac6203ef6,169421e73b25e00e379d0a24e476d5f26da19186f48a179e3a8bf83ce889b3b8
alpha^5,4.663301595172349,0.11539046971910144,-0.01299885467713114,1.2160179423628798e-12,diagnostic_only_not_theorem_gate,4a09b46da042bd99120c3c23c0cc81b0e6b3f33dd2de64fa567151fb2cf15c72,2f4b8aa5a0edfdafeadf5c67ac561b97ec266443615d65a715c735eac6203ef6,169421e73b25e00e379d0a24e476d5f26da19186f48a179e3a8bf83ce889b3b8
alpha^5,4.71238898038469,0.1160290625,-0.013014531249990906,1.2478946029011652e-12,diagnostic_only_not_theorem_gate,4a09b46da042bd99120c3c23c0cc81b0e6b3f33dd2de64fa567151fb2cf15c72,2f4b8aa5a0edfdafeadf5c67ac561b97ec266443615d65a715c735eac6203ef6,169421e73b25e00e379d0a24e476d5f26da19186f48a179e3a8bf83ce889b3b8
alpha^5,4.76147636559703,0.11666765528089855,-0.01299885467713114,1.278946787012275e-12,diagnostic_only_not_theorem_gate,4a09b46da042bd99120c3c23c0cc81b0e6b3f33dd2de64fa567151fb2cf15c72,2f4b8aa5a0edfdafeadf5c67ac561b97ec266443615d65a715c735eac6203ef6,169421e73b25e00e379d0a24e476d5f26da19186f48a179e3a8bf83ce889b3b8
alpha^5,4.81056375080937,0.11730470963585381,-0.012951862724788965,1.3091154270745229e-12,diagnostic_only_not_theorem_gate,4a09b46da042bd99120c3c23c0cc81b0e6b3f33dd2de64fa567151fb2cf15c72,2f4b8aa5a0edfdafeadf5c67ac561b97ec266443615d65a715c735eac6203ef6,169421e73b25e00e379d0a24e476d5f26da19186f48a179e3a8bf83ce889b3b8
alpha^5,4.859651136021712,0.1179386908451253,-0.012873668600693581,1.33833325401849e-12,diagnostic_only_not_theorem_gate,4a09b46da042bd99120c3c23c0cc81b0e6b3f33dd2de64fa567151fb2cf15c72,2f4b8aa5a0edfdafeadf5c67ac561b97ec266443615d65a715c735eac6203ef6,169421e73b25e00e379d0a24e476d5f26da19186f48a179e3a8bf83ce889b3b8
alpha^5,4.908738521234052,0.1185680715924497,-0.012764460681338935,1.3665087858620595e-12,diagnostic_only_not_theorem_gate,4a09b46da042bd99120c3c23c0cc81b0e6b3f33dd2de64fa567151fb2cf15c72,2f4b8aa5a0edfdafeadf5c67ac561b97ec266443615d65a715c735eac6203ef6,169421e73b25e00e379d0a24e476d5f26da19186f48a179e3a8bf83ce889b3b8
alpha^5,4.957825906446392,0.11919133564447944,-0.012624502058168233,1.3936025575850686e-12,diagnostic_only_not_theorem_gate,4a09b46da042bd99120c3c23c0cc81b0e6b3f33dd2de64fa567151fb2cf15c72,2f4b8aa5a0edfdafeadf5c67ac561b97ec266443615d65a715c735eac6203ef6,169421e73b25e00e379d0a24e476d5f26da19186f48a179e3a8bf83ce889b3b8
alpha^5,5.006913291658733,0.11980698150352172,-0.012454129903763623,1.4195942878639949e-12,diagnostic_only_not_theorem_gate,4a09b46da042bd99120c3c23c0cc81b0e6b3f33dd2de64fa567151fb2cf15c72,2f4b8aa5a0edfdafeadf5c67ac561b97ec266443615d65a715c735eac6203ef6,169421e73b25e00e379d0a24e476d5f26da19186f48a179e3a8bf83ce889b3b8
alpha^5,5.056000676871073,0.1204135260247779,-0.0122537546595679,1.4444087168469169e-12,diagnostic_only_not_theorem_gate,4a09b46da042bd99120c3c23c0cc81b0e6b3f33dd2de64fa567151fb2cf15c72,2f4b8aa5a0edfdafeadf5c67ac561b97ec266443615d65a715c735eac6203ef6,169421e73b25e00e379d0a24e476d5f26da19186f48a179e3a8bf83ce889b3b8
alpha^5,5.105088062083414,0.12100950798936924,-0.01202385904709513,1.4680456278345835e-12,diagnostic_only_not_theorem_gate,4a09b46da042bd99120c3c23c0cc81b0e6b3f33dd2de64fa567151fb2cf15c72,2f4b8aa5a0edfdafeadf5c67ac561b97ec266443615d65a715c735eac6203ef6,169421e73b25e00e379d0a24e476d5f26da19186f48a179e3a8bf83ce889b3b8
alpha^5,5.154175447295755,0.1215934916245412,-0.011764996905012242,1.4904492456468725e-12,diagnostic_only_not_theorem_gate,4a09b46da042bd99120c3c23c0cc81b0e6b3f33dd2de64fa567151fb2cf15c72,2f4b8aa5a0edfdafeadf5c67ac561b97ec266443615d65a715c735eac6203ef6,169421e73b25e00e379d0a24e476d5f26da19186f48a179e3a8bf83ce889b3b8
alpha^5,5.203262832508095,0.12216407006256569,-0.011477791854893157,1.511627724984339e-12,diagnostic_only_not_theorem_gate,4a09b46da042bd99120c3c23c0cc81b0e6b3f33dd2de64fa567151fb2cf15c72,2f4b8aa5a0edfdafeadf5c67ac561b97ec266443615d65a715c735eac6203ef6,169421e73b25e00e379d0a24e476d5f26da19186f48a179e3a8bf83ce889b3b8
alpha^5,5.252350217720435,0.12271986873000876,-0.011162935798859805,1.5315804615594311e-12,diagnostic_only_not_theorem_gate,4a09b46da042bd99120c3c23c0cc81b0e6b3f33dd2de64fa567151fb2cf15c72,2f4b8aa5a0edfdafeadf5c67ac561b97ec266443615d65a715c735eac6203ef6,169421e73b25e00e379d0a24e476d5f26da19186f48a179e3a8bf83ce889b3b8
alpha^5,5.301437602932776,0.12325954865919835,-0.0108211872527293,1.5503156778386738e-12,diagnostic_only_not_theorem_gate,4a09b46da042bd99120c3c23c0cc81b0e6b3f33dd2de64fa567151fb2cf15c72,2f4b8aa5a0edfdafeadf5c67ac561b97ec266443615d65a715c735eac6203ef6,169421e73b25e00e379d0a24e476d5f26da19186f48a179e3a8bf83ce889b3b8
alpha^5,5.350524988145116,0.12378180971391461,-0.010453369518682911,1.5678033254695403e-12,diagnostic_only_not_theorem_gate,4a09b46da042bd99120c3c23c0cc81b0e6b3f33dd2de64fa567151fb2cf15c72,2f4b8aa5a0edfdafeadf5c67ac561b97ec266443615d65a715c735eac6203ef6,169421e73b25e00e379d0a24e476d5f26da19186f48a179e3a8bf83ce889b3b8
alpha^5,5.399612373357457,0.12428539372153213,-0.010060368701858977,1.5840832978341961e-12,diagnostic_only_not_theorem_gate,4a09b46da042bd99120c3c23c0cc81b0e6b3f33dd2de64fa567151fb2cf15c72,2f4b8aa5a0edfdafeadf5c67ac561b97ec266443615d65a715c735eac6203ef6,169421e73b25e00e379d0a24e476d5f26da19186f48a179e3a8bf83ce889b3b8
alpha^5,5.448699758569798,0.12476908750406776,-0.009643131575648044,1.599185697067534e-12,diagnostic_only_not_theorem_gate,4a09b46da042bd99120c3c23c0cc81b0e6b3f33dd2de64fa567151fb2cf15c72,2f4b8aa5a0edfdafeadf5c67ac561b97ec266443615d65a715c735eac6203ef6,169421e73b25e00e379d0a24e476d5f26da19186f48a179e3a8bf83ce889b3b8
alpha^5,5.497787143782138,0.1252317258008328,-0.009202663300832806,1.6131321557374056e-12,diagnostic_only_not_theorem_gate,4a09b46da042bd99120c3c23c0cc81b0e6b3f33dd2de64fa567151fb2cf15c72,2f4b8aa5a0edfdafeadf5c67ac561b97ec266443615d65a715c735eac6203ef6,169421e73b25e00e379d0a24e476d5f26da19186f48a179e3a8bf83ce889b3b8
alpha^5,5.546874528994478,0.12567219407564803,-0.008740025004067757,1.6259419250311036e-12,diagnostic_only_not_theorem_gate,4a09b46da042bd99120c3c23c0cc81b0e6b3f33dd2de64fa567151fb2cf15c72,2f4b8aa5a0edfdafeadf5c67ac561b97ec266443615d65a715c735eac6203ef6,169421e73b25e00e379d0a24e476d5f26da19186f48a179e3a8bf83ce889b3b8
alpha^5,5.595961914206819,0.12608943120185898,-0.008256331221532132,1.6376640413147912e-12,diagnostic_only_not_theorem_gate,4a09b46da042bd99120c3c23c0cc81b0e6b3f33dd2de64fa567151fb2cf15c72,2f4b8aa5a0edfdafeadf5c67ac561b97ec266443615d65a715c735eac6203ef6,169421e73b25e00e379d0a24e476d5f26da19186f48a179e3a8bf83ce889b3b8
alpha^5,5.64504929941916,0.12648243201868292,-0.00775274721391462,1.6483148800041932e-12,diagnostic_only_not_theorem_gate,4a09b46da042bd99120c3c23c0cc81b0e6b3f33dd2de64fa567151fb2cf15c72,2f4b8aa5a0edfdafeadf5c67ac561b97ec266443615d65a715c735eac6203ef6,169421e73b25e00e379d0a24e476d5f26da19186f48a179e3a8bf83ce889b3b8
alpha^5,5.6941366846315,0.1268502497527293,-0.0072304861591983415,1.6579520211728877e-12,diagnostic_only_not_theorem_gate,4a09b46da042bd99120c3c23c0cc81b0e6b3f33dd2de64fa567151fb2cf15c72,2f4b8aa5a0edfdafeadf5c67ac561b97ec266443615d65a715c735eac6203ef6,169421e73b25e00e379d0a24e476d5f26da19186f48a179e3a8bf83ce889b3b8
alpha^5,5.743224069843841,0.1271919982988598,-0.006690806230008767,1.6666132088074003e-12,diagnostic_only_not_theorem_gate,4a09b46da042bd99120c3c23c0cc81b0e6b3f33dd2de64fa567151fb2cf15c72,2f4b8aa5a0edfdafeadf5c67ac561b97ec266443615d65a715c735eac6203ef6,169421e73b25e00e379d0a24e476d5f26da19186f48a179e3a8bf83ce889b3b8
alpha^5,5.792311455056181,0.12750685435489315,-0.006135007562565689,1.6743374919038592e-12,diagnostic_only_not_theorem_gate,4a09b46da042bd99120c3c23c0cc81b0e6b3f33dd2de64fa567151fb2cf15c72,2f4b8aa5a0edfdafeadf5c67ac561b97ec266443615d65a715c735eac6203ef6,169421e73b25e00e379d0a24e476d5f26da19186f48a179e3a8bf83ce889b3b8
alpha^5,5.841398840268521,0.12779405940501223,-0.005564429124541193,1.6811862807622436e-12,diagnostic_only_not_theorem_gate,4a09b46da042bd99120c3c23c0cc81b0e6b3f33dd2de64fa567151fb2cf15c72,2f4b8aa5a0edfdafeadf5c67ac561b97ec266443615d65a715c735eac6203ef6,169421e73b25e00e379d0a24e476d5f26da19186f48a179e3a8bf83ce889b3b8
alpha^5,5.890486225480862,0.12805292154709513,-0.00498044548936925,1.6871651091379755e-12,diagnostic_only_not_theorem_gate,4a09b46da042bd99120c3c23c0cc81b0e6b3f33dd2de64fa567151fb2cf15c72,2f4b8aa5a0edfdafeadf5c67ac561b97ec266443615d65a715c735eac6203ef6,169421e73b25e00e379d0a24e476d5f26da19186f48a179e3a8bf83ce889b3b8
alpha^5,5.939573610693203,0.1282828171595679,-0.004384463524777902,1.692340995472631e-12,diagnostic_only_not_theorem_gate,4a09b46da042bd99120c3c23c0cc81b0e6b3f33dd2de64fa567151fb2cf15c72,2f4b8aa5a0edfdafeadf5c67ac561b97ec266443615d65a715c735eac6203ef6,169421e73b25e00e379d0a24e476d5f26da19186f48a179e3a8bf83ce889b3b8
alpha^5,5.988660995905543,0.12848319240376363,-0.0037779190035217266,1.6967340171606602e-12,diagnostic_only_not_theorem_gate,4a09b46da042bd99120c3c23c0cc81b0e6b3f33dd2de64fa567151fb2cf15c72,2f4b8aa5a0edfdafeadf5c67ac561b97ec266443615d65a715c735eac6203ef6,169421e73b25e00e379d0a24e476d5f26da19186f48a179e3a8bf83ce889b3b8
alpha^5,6.037748381117884,0.12865356455816823,-0.0031622731444794438,1.7003965098335747e-12,diagnostic_only_not_theorem_gate,4a09b46da042bd99120c3c23c0cc81b0e6b3f33dd2de64fa567151fb2cf15c72,2f4b8aa5a0edfdafeadf5c67ac561b97ec266443615d65a715c735eac6203ef6,169421e73b25e00e379d0a24e476d5f26da19186f48a179e3a8bf83ce889b3b8
alpha^5,6.086835766330224,0.12879352318133894,-0.002539009092449696,1.7033550150415337e-12,diagnostic_only_not_theorem_gate,4a09b46da042bd99120c3c23c0cc81b0e6b3f33dd2de64fa567151fb2cf15c72,2f4b8aa5a0edfdafeadf5c67ac561b97ec266443615d65a715c735eac6203ef6,169421e73b25e00e379d0a24e476d5f26da19186f48a179e3a8bf83ce889b3b8
alpha^5,6.135923151542564,0.12890273110069358,-0.0019096283451253062,1.7056167601457106e-12,diagnostic_only_not_theorem_gate,4a09b46da042bd99120c3c23c0cc81b0e6b3f33dd2de64fa567151fb2cf15c72,2f4b8aa5a0edfdafeadf5c67ac561b97ec266443615d65a715c735eac6203ef6,169421e73b25e00e379d0a24e476d5f26da19186f48a179e3a8bf83ce889b3b8
alpha^5,6.1850105367549055,0.12898092522478896,-0.001275647135853809,1.7072257524503143e-12,diagnostic_only_not_theorem_gate,4a09b46da042bd99120c3c23c0cc81b0e6b3f33dd2de64fa567151fb2cf15c72,2f4b8aa5a0edfdafeadf5c67ac561b97ec266443615d65a715c735eac6203ef6,169421e73b25e00e379d0a24e476d5f26da19186f48a179e3a8bf83ce889b3b8
alpha^5,6.234097921967246,0.12902791717713114,-0.0006385927808985593,1.7081915429801738e-12,diagnostic_only_not_theorem_gate,4a09b46da042bd99120c3c23c0cc81b0e6b3f33dd2de64fa567151fb2cf15c72,2f4b8aa5a0edfdafeadf5c67ac561b97ec266443615d65a715c735eac6203ef6,169421e73b25e00e379d0a24e476d5f26da19186f48a179e3a8bf83ce889b3b8
mu^2,0.0,0.0972905546875252,0.0,2.529270026754762e-13,diagnostic_only_not_theorem_gate,4a09b46da042bd99120c3c23c0cc81b0e6b3f33dd2de64fa567151fb2cf15c72,2f4b8aa5a0edfdafeadf5c67ac561b97ec266443615d65a715c735eac6203ef6,169421e73b25e00e379d0a24e476d5f26da19186f48a179e3a8bf83ce889b3b8
mu^2,0.04908738521234052,0.0972817728951155,0.0003577305630737181,2.529499712751887e-13,diagnostic_only_not_theorem_gate,4a09b46da042bd99120c3c23c0cc81b0e6b3f33dd2de64fa567151fb2cf15c72,2f4b8aa5a0edfdafeadf5c67ac561b97ec266443615d65a715c735eac6203ef6,169421e73b25e00e379d0a24e476d5f26da19186f48a179e3a8bf83ce889b3b8
mu^2,0.09817477042468103,0.09725544867399348,0.0007145993218874949,2.5301281062117077e-13,diagnostic_only_not_theorem_gate,4a09b46da042bd99120c3c23c0cc81b0e6b3f33dd2de64fa567151fb2cf15c72,2f4b8aa5a0edfdafeadf5c67ac561b97ec266443615d65a715c735eac6203ef6,169421e73b25e00e379d0a24e476d5f26da19186f48a179e3a8bf83ce889b3b8
mu^2,0.14726215563702155,0.09721164544151356,0.0010697465483433363,2.531237883692649e-13,diagnostic_only_not_theorem_gate,4a09b46da042bd99120c3c23c0cc81b0e6b3f33dd2de64fa567151fb2cf15c72,2f4b8aa5a0edfdafeadf5c67ac561b97ec266443615d65a715c735eac6203ef6,169421e73b25e00e379d0a24e476d5f26da19186f48a179e3a8bf83ce889b3b8
mu^2,0.19634954084936207,0.0971504687234995,0.0014223166616654874,2.532646796659073e-13,diagnostic_only_not_theorem_gate,4a09b46da042bd99120c3c23c0cc81b0e6b3f33dd2de64fa567151fb2cf15c72,2f4b8aa5a0edfdafeadf5c67ac561b97ec266443615d65a715c735eac6203ef6,169421e73b25e00e379d0a24e476d5f26da19186f48a179e3a8bf83ce889b3b8
mu^2,0.2454369260617026,0.09707206590002344,0.0017714602895694605,2.5343623329558496e-13,diagnostic_only_not_theorem_gate,4a09b46da042bd99120c3c23c0cc81b0e6b3f33dd2de64fa567151fb2cf15c72,2f4b8aa5a0edfdafeadf5c67ac561b97ec266443615d65a715c735eac6203ef6,169421e73b25e00e379d0a24e476d5f26da19186f48a179e3a8bf83ce889b3b8
mu^2,0.2945243112740431,0.09697662585035441,0.0021163363144742647,2.5361627884399015e-13,diagnostic_only_not_theorem_gate,4a09b46da042bd99120c3c23c0cc81b0e6b3f33dd2de64fa567151fb2cf15c72,2f4b8aa5a0edfdafeadf5c67ac561b97ec266443615d65a715c735eac6203ef6,169421e73b25e00e379d0a24e476d5f26da19186f48a179e3a8bf83ce889b3b8
mu^2,0.3436116964863836,0.09686437849793161,0.0024561138998283323,2.538023958179868e-13,diagnostic_only_not_theorem_gate,4a09b46da042bd99120c3c23c0cc81b0e6b3f33dd2de64fa567151fb2cf15c72,2f4b8aa5a0edfdafeadf5c67ac561b97ec266443615d65a715c735eac6203ef6,169421e73b25e00e379d0a24e476d5f26da19186f48a179e3a8bf83ce889b3b8
mu^2,0.39269908169872414,0.09673559425645877,0.002789974491667544,2.539696126385832e-13,diagnostic_only_not_theorem_gate,4a09b46da042bd99120c3c23c0cc81b0e6b3f33dd2de64fa567151fb2cf15c72,2f4b8aa5a0edfdafeadf5c67ac561b97ec266443615d65a715c735eac6203ef6,169421e73b25e00e379d0a24e476d5f26da19186f48a179e3a8bf83ce889b3b8
mu^2,0.44178646691106466,0.09659058337845372,0.003117113790583424,2.5410502508317065e-13,diagnostic_only_not_theorem_gate,4a09b46da042bd99120c3c23c0cc81b0e6b3f33dd2de64fa567151fb2cf15c72,2f4b8aa5a0edfdafeadf5c67ac561b97ec266443615d65a715c735eac6203ef6,169421e73b25e00e379d0a24e476d5f26da19186f48a179e3a8bf83ce889b3b8
mu^2,0.4908738521234052,0.09642969520782306,0.003436743689350867,2.5419819961582104e-13,diagnostic_only_not_theorem_gate,4a09b46da042bd99120c3c23c0cc81b0e6b3f33dd2de64fa567151fb2cf15c72,2f4b8aa5a0edfdafeadf5c67ac561b97ec266443615d65a715c735eac6203ef6,169421e73b25e00e379d0a24e476d5f26da19186f48a179e3a8bf83ce889b3b8
mu^2,0.5399612373357456,0.09625331733826197,0.0037480941715474685,2.5422676109549126e-13,diagnostic_only_not_theorem_gate,4a09b46da042bd99120c3c23c0cc81b0e6b3f33dd2de64fa567151fb2cf15c72,2f4b8aa5a0edfdafeadf5c67ac561b97ec266443615d65a715c735eac6203ef6,169421e73b25e00e379d0a24e476d5f26da19186f48a179e3a8bf83ce889b3b8
mu^2,0.5890486225480862,0.0960618746795071,0.004050415166590536,2.54175669543372e-13,diagnostic_only_not_theorem_gate,4a09b46da042bd99120c3c23c0cc81b0e6b3f33dd2de64fa567151fb2cf15c72,2f4b8aa5a0edfdafeadf5c67ac561b97ec266443615d65a715c735eac6203ef6,169421e73b25e00e379d0a24e476d5f26da19186f48a179e3a8bf83ce889b3b8
mu^2,0.6381360077604268,0.09585582843369177,0.0043429783567228205,2.5402033518332323e-13,diagnostic_only_not_theorem_gate,4a09b46da042bd99120c3c23c0cc81b0e6b3f33dd2de64fa567151fb2cf15c72,2f4b8aa5a0edfdafeadf5c67ac561b97ec266443615d65a715c735eac6203ef6,169421e73b25e00e379d0a24e476d5f26da19186f48a179e3a8bf83ce889b3b8
mu^2,0.6872233929727672,0.0956356749842697,0.004625078931593782,2.5375491612984106e-13,diagnostic_only_not_theorem_gate,4a09b46da042bd99120c3c23c0cc81b0e6b3f33dd2de64fa567151fb2cf15c72,2f4b8aa5a0edfdafeadf5c67ac561b97ec266443615d65a715c735eac6203ef6,169421e73b25e00e379d0a24e476d5f26da19186f48a179e3a8bf83ce889b3b8
mu^2,0.7363107781851077,0.09540194470018368,0.004896037286209464,2.533531237477778e-13,diagnostic_only_not_theorem_gate,4a09b46da042bd99120c3c23c0cc81b0e6b3f33dd2de64fa567151fb2cf15c72,2f4b8aa5a0edfdafeadf5c67ac561b97ec266443615d65a715c735eac6203ef6,169421e73b25e00e379d0a24e476d5f26da19186f48a179e3a8bf83ce889b3b8
mu^2,0.7853981633974483,0.09515520065816045,0.00515520065816045,2.5281044859018567e-13,diagnostic_only_not_theorem_gate,4a09b46da042bd99120c3c23c0cc81b0e6b3f33dd2de64fa567151fb2cf15c72,2f4b8aa5a0edfdafeadf5c67ac561b97ec266443615d65a715c735eac6203ef6,169421e73b25e00e379d0a24e476d5f26da19186f48a179e3a8bf83ce889b3b8
mu^2,0.8344855486097889,0.09489603728620946,0.005401944700183681,2.521078927217822e-13,diagnostic_only_not_theorem_gate,4a09b46da042bd99120c3c23c0cc81b0e6b3f33dd2de64fa567151fb2cf15c72,2f4b8aa5a0edfdafeadf5c67ac561b97ec266443615d65a715c735eac6203ef6,169421e73b25e00e379d0a24e476d5f26da19186f48a179e3a8bf83ce889b3b8
mu^2,0.8835729338221293,0.09462507893159378,0.005635674984269694,2.5122924324953266e-13,diagnostic_only_not_theorem_gate,4a09b46da042bd99120c3c23c0cc81b0e6b3f33dd2de64fa567151fb2cf15c72,2f4b8aa5a0edfdafeadf5c67ac561b97ec266443615d65a715c735eac6203ef6,169421e73b25e00e379d0a24e476d5f26da19186f48a179e3a8bf83ce889b3b8
mu^2,0.9326603190344698,0.09434297835672281,0.005855828433691772,2.501621573502692e-13,diagnostic_only_not_theorem_gate,4a09b46da042bd99120c3c23c0cc81b0e6b3f33dd2de64fa567151fb2cf15c72,2f4b8aa5a0edfdafeadf5c67ac561b97ec266443615d65a715c735eac6203ef6,169421e73b25e00e379d0a24e476d5f26da19186f48a179e3a8bf83ce889b3b8
mu^2,0.9817477042468103,0.09405041516659053,0.006061874679507095,2.489156235016314e-13,diagnostic_only_not_theorem_gate,4a09b46da042bd99120c3c23c0cc81b0e6b3f33dd2de64fa567151fb2cf15c72,2f4b8aa5a0edfdafeadf5c67ac561b97ec266443615d65a715c735eac6203ef6,169421e73b25e00e379d0a24e476d5f26da19186f48a179e3a8bf83ce889b3b8
mu^2,1.030835089459151,0.09374809417154746,0.006253317338261971,2.4746703041425956e-13,diagnostic_only_not_theorem_gate,4a09b46da042bd99120c3c23c0cc81b0e6b3f33dd2de64fa567151fb2cf15c72,2f4b8aa5a0edfdafeadf5c67ac561b97ec266443615d65a715c735eac6203ef6,169421e73b25e00e379d0a24e476d5f26da19186f48a179e3a8bf83ce889b3b8
mu^2,1.0799224746714913,0.09343674368935087,0.0064296952078230635,2.457947254158418e-13,diagnostic_only_not_theorem_gate,4a09b46da042bd99120c3c23c0cc81b0e6b3f33dd2de64fa567151fb2cf15c72,2f4b8aa5a0edfdafeadf5c67ac561b97ec266443615d65a715c735eac6203ef6,169421e73b25e00e379d0a24e476d5f26da19186f48a179e3a8bf83ce889b3b8
mu^2,1.1290098598838318,0.09311711379058342,0.0065905833784537255,2.439210097644461e-13,diagnostic_only_not_theorem_gate,4a09b46da042bd99120c3c23c0cc81b0e6b3f33dd2de64fa567151fb2cf15c72,2f4b8aa5a0edfdafeadf5c67ac561b97ec266443615d65a715c735eac6203ef6,169421e73b25e00e379d0a24e476d5f26da19186f48a179e3a8bf83ce889b3b8
mu^2,1.1780972450961724,0.09278997449166754,0.006735594256458766,2.418329363110963e-13,diagnostic_only_not_theorem_gate,4a09b46da042bd99120c3c23c0cc81b0e6b3f33dd2de64fa567151fb2cf15c72,2f4b8aa5a0edfdafeadf5c67ac561b97ec266443615d65a715c735eac6203ef6,169421e73b25e00e379d0a24e476d5f26da19186f48a179e3a8bf83ce889b3b8
mu^2,1.227184630308513,0.09245611389982833,0.006864378497931619,2.3951609649513037e-13,diagnostic_only_not_theorem_gate,4a09b46da042bd99120c3c23c0cc81b0e6b3f33dd2de64fa567151fb2cf15c72,2f4b8aa5a0edfdafeadf5c67ac561b97ec266443615d65a715c735eac6203ef6,169421e73b25e00e379d0a24e476d5f26da19186f48a179e3a8bf83ce889b3b8
mu^2,1.2762720155208536,0.09211633631447426,0.006976625850354409,2.369924551074177e-13,diagnostic_only_not_theorem_gate,4a09b46da042bd99120c3c23c0cc81b0e6b3f33dd2de64fa567151fb2cf15c72,2f4b8aa5a0edfdafeadf5c67ac561b97ec266443615d65a715c735eac6203ef6,169421e73b25e00e379d0a24e476d5f26da19186f48a179e3a8bf83ce889b3b8
mu^2,1.325359400733194,0.09177146028956945,0.007072065900023441,2.342413720946057e-13,diagnostic_only_not_theorem_gate,4a09b46da042bd99120c3c23c0cc81b0e6b3f33dd2de64fa567151fb2cf15c72,2f4b8aa5a0edfdafeadf5c67ac561b97ec266443615d65a715c735eac6203ef6,169421e73b25e00e379d0a24e476d5f26da19186f48a179e3a8bf83ce889b3b8
mu^2,1.3744467859455345,0.09142231666166549,0.007150468723499504,2.312823449022559e-13,diagnostic_only_not_theorem_gate,4a09b46da042bd99120c3c23c0cc81b0e6b3f33dd2de64fa567151fb2cf15c72,2f4b8aa5a0edfdafeadf5c67ac561b97ec266443615d65a715c735eac6203ef6,169421e73b25e00e379d0a24e476d5f26da19186f48a179e3a8bf83ce889b3b8
mu^2,1.423534171157875,0.09106974654834334,0.007211645441513567,2.281046763276227e-13,diagnostic_only_not_theorem_gate,4a09b46da042bd99120c3c23c0cc81b0e6b3f33dd2de64fa567151fb2cf15c72,2f4b8aa5a0edfdafeadf5c67ac561b97ec266443615d65a715c735eac6203ef6,169421e73b25e00e379d0a24e476d5f26da19186f48a179e3a8bf83ce889b3b8
mu^2,1.4726215563702154,0.0907145993218875,0.007255448673993485,2.2472788228053508e-13,diagnostic_only_not_theorem_gate,4a09b46da042bd99120c3c23c0cc81b0e6b3f33dd2de64fa567151fb2cf15c72,2f4b8aa5a0edfdafeadf5c67ac561b97ec266443615d65a715c735eac6203ef6,169421e73b25e00e379d0a24e476d5f26da19186f48a179e3a8bf83ce889b3b8
mu^2,1.521708941582556,0.09035773056307371,0.007281772895115505,2.2115595135234978e-13,diagnostic_only_not_theorem_gate,4a09b46da042bd99120c3c23c0cc81b0e6b3f33dd2de64fa567151fb2cf15c72,2f4b8aa5a0edfdafeadf5c67ac561b97ec266443615d65a715c735eac6203ef6,169421e73b25e00e379d0a24e476d5f26da19186f48a179e3a8bf83ce889b3b8
mu^2,1.5707963267948966,0.09,0.007290554687525215,2.1739210602082278e-13,diagnostic_only_not_theorem_gate,4a09b46da042bd99120c3c23c0cc81b0e6b3f33dd2de64fa567151fb2cf15c72,2f4b8aa5a0edfdafeadf5c67ac561b97ec266443615d65a715c735eac6203ef6,169421e73b25e00e379d0a24e476d5f26da19186f48a179e3a8bf83ce889b3b8
mu^2,1.6198837120072371,0.08964226943692628,0.007281772895115505,2.1344775510356802e-13,diagnostic_only_not_theorem_gate,4a09b46da042bd99120c3c23c0cc81b0e6b3f33dd2de64fa567151fb2cf15c72,2f4b8aa5a0edfdafeadf5c67ac561b97ec266443615d65a715c735eac6203ef6,169421e73b25e00e379d0a24e476d5f26da19186f48a179e3a8bf83ce889b3b8
mu^2,1.6689710972195777,0.0892854006781125,0.0072554486739934854,2.0933376154988164e-13,diagnostic_only_not_theorem_gate,4a09b46da042bd99120c3c23c0cc81b0e6b3f33dd2de64fa567151fb2cf15c72,2f4b8aa5a0edfdafeadf5c67ac561b97ec266443615d65a715c735eac6203ef6,169421e73b25e00e379d0a24e476d5f26da19186f48a179e3a8bf83ce889b3b8
mu^2,1.718058482431918,0.08893025345165666,0.007211645441513567,2.050642637764084e-13,diagnostic_only_not_theorem_gate,4a09b46da042bd99120c3c23c0cc81b0e6b3f33dd2de64fa567151fb2cf15c72,2f4b8aa5a0edfdafeadf5c67ac561b97ec266443615d65a715c735eac6203ef6,169421e73b25e00e379d0a24e476d5f26da19186f48a179e3a8bf83ce889b3b8
mu^2,1.7671458676442586,0.0885776833383345,0.007150468723499504,2.0063960610010806e-13,diagnostic_only_not_theorem_gate,4a09b46da042bd99120c3c23c0cc81b0e6b3f33dd2de64fa567151fb2cf15c72,2f4b8aa5a0edfdafeadf5c67ac561b97ec266443615d65a715c735eac6203ef6,169421e73b25e00e379d0a24e476d5f26da19186f48a179e3a8bf83ce889b3b8
mu^2,1.8162332528565992,0.08822853971043054,0.007072065900023441,1.9609475271709787e-13,diagnostic_only_not_theorem_gate,4a09b46da042bd99120c3c23c0cc81b0e6b3f33dd2de64fa567151fb2cf15c72,2f4b8aa5a0edfdafeadf5c67ac561b97ec266443615d65a715c735eac6203ef6,169421e73b25e00e379d0a24e476d5f26da19186f48a179e3a8bf83ce889b3b8
mu^2,1.8653206380689396,0.08788366368552573,0.006976625850354409,1.9143187007446532e-13,diagnostic_only_not_theorem_gate,4a09b46da042bd99120c3c23c0cc81b0e6b3f33dd2de64fa567151fb2cf15c72,2f4b8aa5a0edfdafeadf5c67ac561b97ec266443615d65a715c735eac6203ef6,169421e73b25e00e379d0a24e476d5f26da19186f48a179e3a8bf83ce889b3b8
mu^2,1.9144080232812801,0.08754388610017166,0.006864378497931619,1.8666057959043203e-13,diagnostic_only_not_theorem_gate,4a09b46da042bd99120c3c23c0cc81b0e6b3f33dd2de64fa567151fb2cf15c72,2f4b8aa5a0edfdafeadf5c67ac561b97ec266443615d65a715c735eac6203ef6,169421e73b25e00e379d0a24e476d5f26da19186f48a179e3a8bf83ce889b3b8
mu^2,1.9634954084936207,0.08721002550833246,0.006735594256458766,1.8181060204823405e-13,diagnostic_only_not_theorem_gate,4a09b46da042bd99120c3c23c0cc81b0e6b3f33dd2de64fa567151fb2cf15c72,2f4b8aa5a0edfdafeadf5c67ac561b97ec266443615d65a715c735eac6203ef6,169421e73b25e00e379d0a24e476d5f26da19186f48a179e3a8bf83ce889b3b8
mu^2,2.012582793705961,0.08688288620941657,0.006590583378453726,1.7689012049860575e-13,diagnostic_only_not_theorem_gate,4a09b46da042bd99120c3c23c0cc81b0e6b3f33dd2de64fa567151fb2cf15c72,2f4b8aa5a0edfdafeadf5c67ac561b97ec266443615d65a715c735eac6203ef6,169421e73b25e00e379d0a24e476d5f26da19186f48a179e3a8bf83ce889b3b8
mu^2,2.061670178918302,0.08656325631064912,0.006429695207823064,1.719148774326111e-13,diagnostic_only_not_theorem_gate,4a09b46da042bd99120c3c23c0cc81b0e6b3f33dd2de64fa567151fb2cf15c72,2f4b8aa5a0edfdafeadf5c67ac561b97ec266443615d65a715c735eac6203ef6,169421e73b25e00e379d0a24e476d5f26da19186f48a179e3a8bf83ce889b3b8
mu^2,2.110757564130642,0.08625190582845253,0.006253317338261971,1.6690913701275654e-13,diagnostic_only_not_theorem_gate,4a09b46da042bd99120c3c23c0cc81b0e6b3f33dd2de64fa567151fb2cf15c72,2f4b8aa5a0edfdafeadf5c67ac561b97ec266443615d65a715c735eac6203ef6,169421e73b25e00e379d0a24e476d5f26da19186f48a179e3a8bf83ce889b3b8
mu^2,2.1598449493429825,0.08594958483340946,0.006061874679507096,1.618928262493423e-13,diagnostic_only_not_theorem_gate,4a09b46da042bd99120c3c23c0cc81b0e6b3f33dd2de64fa567151fb2cf15c72,2f4b8aa5a0edfdafeadf5c67ac561b97ec266443615d65a715c735eac6203ef6,169421e73b25e00e379d0a24e476d5f26da19186f48a179e3a8bf83ce889b3b8
mu^2,2.2089323345553233,0.08565702164327718,0.005855828433691773,1.5687673189801214e-13,diagnostic_only_not_theorem_gate,4a09b46da042bd99120c3c23c0cc81b0e6b3f33dd2de64fa567151fb2cf15c72,2f4b8aa5a0edfdafeadf5c67ac561b97ec266443615d65a715c735eac6203ef6,169421e73b25e00e379d0a24e476d5f26da19186f48a179e3a8bf83ce889b3b8
mu^2,2.2580197197676637,0.08537492106840622,0.005635674984269695,1.5187995130914325e-13,diagnostic_only_not_theorem_gate,4a09b46da042bd99120c3c23c0cc81b0e6b3f33dd2de64fa567151fb2cf15c72,2f4b8aa5a0edfdafeadf5c67ac561b97ec266443615d65a715c735eac6203ef6,169421e73b25e00e379d0a24e476d5f26da19186f48a179e3a8bf83ce889b3b8
mu^2,2.3071071049800045,0.08510396271379053,0.00540194470018368,1.4693630769211646e-13,diagnostic_only_not_theorem_gate,4a09b46da042bd99120c3c23c0cc81b0e6b3f33dd2de64fa567151fb2cf15c72,2f4b8aa5a0edfdafeadf5c67ac561b97ec266443615d65a715c735eac6203ef6,169421e73b25e00e379d0a24e476d5f26da19186f48a179e3a8bf83ce889b3b8
mu^2,2.356194490192345,0.08484479934183954,0.005155200658160451,1.420571060003351e-13,diagnostic_only_not_theorem_gate,4a09b46da042bd99120c3c23c0cc81b0e6b3f33dd2de64fa567151fb2cf15c72,2f4b8aa5a0edfdafeadf5c67ac561b97ec266443615d65a715c735eac6203ef6,169421e73b25e00e379d0a24e476d5f26da19186f48a179e3a8bf83ce889b3b8
mu^2,2.405281875404685,0.08459805529981632,0.004896037286209466,1.3726435768235446e-13,diagnostic_only_not_theorem_gate,4a09b46da042bd99120c3c23c0cc81b0e6b3f33dd2de64fa567151fb2cf15c72,2f4b8aa5a0edfdafeadf5c67ac561b97ec266443615d65a715c735eac6203ef6,169421e73b25e00e379d0a24e476d5f26da19186f48a179e3a8bf83ce889b3b8
mu^2,2.454369260617026,0.0843643250157303,0.004625078931593782,1.3258622130811818e-13,diagnostic_only_not_theorem_gate,4a09b46da042bd99120c3c23c0cc81b0e6b3f33dd2de64fa567151fb2cf15c72,2f4b8aa5a0edfdafeadf5c67ac561b97ec266443615d65a715c735eac6203ef6,169421e73b25e00e379d0a24e476d5f26da19186f48a179e3a8bf83ce889b3b8
mu^2,2.5034566458293663,0.08414417156630823,0.004342978356722821,1.2805030022944792e-13,diagnostic_only_not_theorem_gate,4a09b46da042bd99120c3c23c0cc81b0e6b3f33dd2de64fa567151fb2cf15c72,2f4b8aa5a0edfdafeadf5c67ac561b97ec266443615d65a715c735eac6203ef6,169421e73b25e00e379d0a24e476d5f26da19186f48a179e3a8bf83ce889b3b8
mu^2,2.552544031041707,0.0839381253204929,0.004050415166590536,1.2367244393777791e-13,diagnostic_only_not_theorem_gate,4a09b46da042bd99120c3c23c0cc81b0e6b3f33dd2de64fa567151fb2cf15c72,2f4b8aa5a0edfdafeadf5c67ac561b97ec266443615d65a715c735eac6203ef6,169421e73b25e00e379d0a24e476d5f26da19186f48a179e3a8bf83ce889b3b8
mu^2,2.6016314162540475,0.08374668266173803,0.0037480941715474694,1.1948016807042608e-13,diagnostic_only_not_theorem_gate,4a09b46da042bd99120c3c23c0cc81b0e6b3f33dd2de64fa567151fb2cf15c72,2f4b8aa5a0edfdafeadf5c67ac561b97ec266443615d65a715c735eac6203ef6,169421e73b25e00e379d0a24e476d5f26da19186f48a179e3a8bf83ce889b3b8
mu^2,2.650718801466388,0.08357030479217693,0.003436743689350869,1.1550538773812426e-13,diagnostic_only_not_theorem_gate,4a09b46da042bd99120c3c23c0cc81b0e6b3f33dd2de64fa567151fb2cf15c72,2f4b8aa5a0edfdafeadf5c67ac561b97ec266443615d65a715c735eac6203ef6,169421e73b25e00e379d0a24e476d5f26da19186f48a179e3a8bf83ce889b3b8
mu^2,2.6998061866787286,0.08340941662154627,0.0031171137905834237,1.1178012409309827e-13,diagnostic_only_not_theorem_gate,4a09b46da042bd99120c3c23c0cc81b0e6b3f33dd2de64fa567151fb2cf15c72,2f4b8aa5a0edfdafeadf5c67ac561b97ec266443615d65a715c735eac6203ef6,169421e73b25e00e379d0a24e476d5f26da19186f48a179e3a8bf83ce889b3b8
mu^2,2.748893571891069,0.08326440574354123,0.0027899744916675445,1.083335517493984e-13,diagnostic_only_not_theorem_gate,4a09b46da042bd99120c3c23c0cc81b0e6b3f33dd2de64fa567151fb2cf15c72,2f4b8aa5a0edfdafeadf5c67ac561b97ec266443615d65a715c735eac6203ef6,169421e73b25e00e379d0a24e476d5f26da19186f48a179e3a8bf83ce889b3b8
mu^2,2.7979809571034093,0.08313562150206838,0.0024561138998283345,1.0519038804785106e-13,diagnostic_only_not_theorem_gate,4a09b46da042bd99120c3c23c0cc81b0e6b3f33dd2de64fa567151fb2cf15c72,2f4b8aa5a0edfdafeadf5c67ac561b97ec266443615d65a715c735eac6203ef6,169421e73b25e00e379d0a24e476d5f26da19186f48a179e3a8bf83ce889b3b8
mu^2,2.84706834231575,0.08302337414964558,0.002116336314474265,1.0238614832059096e-13,diagnostic_only_not_theorem_gate,4a09b46da042bd99120c3c23c0cc81b0e6b3f33dd2de64fa567151fb2cf15c72,2f4b8aa5a0edfdafeadf5c67ac561b97ec266443615d65a715c735eac6203ef6,169421e73b25e00e379d0a24e476d5f26da19186f48a179e3a8bf83ce889b3b8
mu^2,2.8961557275280905,0.08292793409997655,0.0017714602895694618,9.994695532949997e-14,diagnostic_only_not_theorem_gate,4a09b46da042bd99120c3c23c0cc81b0e6b3f33dd2de64fa567151fb2cf15c72,2f4b8aa5a0edfdafeadf5c67ac561b97ec266443615d65a715c735eac6203ef6,169421e73b25e00e379d0a24e476d5f26da19186f48a179e3a8bf83ce889b3b8
mu^2,2.945243112740431,0.0828495312765005,0.00142231666166549,9.790803606703401e-14,diagnostic_only_not_theorem_gate,4a09b46da042bd99120c3c23c0cc81b0e6b3f33dd2de64fa567151fb2cf15c72,2f4b8aa5a0edfdafeadf5c67ac561b97ec266443615d65a715c735eac6203ef6,169421e73b25e00e379d0a24e476d5f26da19186f48a179e3a8bf83ce889b3b8
mu^2,2.9943304979527716,0.08278835455848643,0.0010697465483433368,9.629018596974134e-14,diagnostic_only_not_theorem_gate,4a09b46da042bd99120c3c23c0cc81b0e6b3f33dd2de64fa567151fb2cf15c72,2f4b8aa5a0edfdafeadf5c67ac561b97ec266443615d65a715c735eac6203ef6,169421e73b25e00e379d0a24e476d5f26da19186f48a179e3a8bf83ce889b3b8
mu^2,3.043417883165112,0.08274455132600651,0.0007145993218874965,9.512074387411966e-14,diagnostic_only_not_theorem_gate,4a09b46da042bd99120c3c23c0cc81b0e6b3f33dd2de64fa567151fb2cf15c72,2f4b8aa5a0edfdafeadf5c67ac561b97ec266443615d65a715c735eac6203ef6,169421e73b25e00e379d0a24e476d5f26da19186f48a179e3a8bf83ce889b3b8
mu^2,3.0925052683774528,0.0827182271048845,0.0003577305630737177,9.440918969583841e-14,diagnostic_only_not_theorem_gate,4a09b46da042bd99120c3c23c0cc81b0e6b3f33dd2de64fa567151fb2cf15c72,2f4b8aa5a0edfdafeadf5c67ac561b97ec266443615d65a715c735eac6203ef6,169421e73b25e00e379d0a24e476d5f26da19186f48a179e3a8bf83ce889b3b8
mu^2,3.141592653589793,0.08270944531247479,8.928354462086486e-19,9.416947615240553e-14,diagnostic_only_not_theorem_gate,4a09b46da042bd99120c3c23c0cc81b0e6b3f33dd2de64fa567151fb2cf15c72,2f4b8aa5a0edfdafeadf5c67ac561b97ec266443615d65a715c735eac6203ef6,169421e73b25e00e379d0a24e476d5f26da19186f48a179e3a8bf83ce889b3b8
mu^2,3.1906800388021335,0.0827182271048845,-0.0003577305630737159,9.440934174717316e-14,diagnostic_only_not_theorem_gate,4a09b46da042bd99120c3c23c0cc81b0e6b3f33dd2de64fa567151fb2cf15c72,2f4b8aa5a0edfdafeadf5c67ac561b97ec266443615d65a715c735eac6203ef6,169421e73b25e00e379d0a24e476d5f26da19186f48a179e3a8bf83ce889b3b8
mu^2,3.2397674240144743,0.08274455132600651,-0.0007145993218874947,9.51190877211258e-14,diagnostic_only_not_theorem_gate,4a09b46da042bd99120c3c23c0cc81b0e6b3f33dd2de64fa567151fb2cf15c72,2f4b8aa5a0edfdafeadf5c67ac561b97ec266443615d65a715c735eac6203ef6,169421e73b25e00e379d0a24e476d5f26da19186f48a179e3a8bf83ce889b3b8
mu^2,3.2888548092268146,0.08278835455848643,-0.0010697465483433353,9.628838959809149e-14,diagnostic_only_not_theorem_gate,4a09b46da042bd99120c3c23c0cc81b0e6b3f33dd2de64fa567151fb2cf15c72,2f4b8aa5a0edfdafeadf5c67ac561b97ec266443615d65a715c735eac6203ef6,169421e73b25e00e379d0a24e476d5f26da19186f48a179e3a8bf83ce889b3b8
mu^2,3.3379421944391554,0.0828495312765005,-0.0014223166616654883,9.790781427918479e-14,diagnostic_only_not_theorem_gate,4a09b46da042bd99120c3c23c0cc81b0e6b3f33dd2de64fa567151fb2cf15c72,2f4b8aa5a0edfdafeadf5c67ac561b97ec266443615d65a715c735eac6203ef6,169421e73b25e00e379d0a24e476d5f26da19186f48a179e3a8bf83ce889b3b8
mu^2,3.3870295796514958,0.08292793409997655,-0.00177146028956946,9.994469380878385e-14,diagnostic_only_not_theorem_gate,4a09b46da042bd99120c3c23c0cc81b0e6b3f33dd2de64fa567151fb2cf15c72,2f4b8aa5a0edfdafeadf5c67ac561b97ec266443615d65a715c735eac6203ef6,169421e73b25e00e379d0a24e476d5f26da19186f48a179e3a8bf83ce889b3b8
mu^2,3.436116964863836,0.08302337414964558,-0.002116336314474263,1.0238284240034072e-13,diagnostic_only_not_theorem_gate,4a09b46da042bd99120c3c23c0cc81b0e6b3f33dd2de64fa567151fb2cf15c72,2f4b8aa5a0edfdafeadf5c67ac561b97ec266443615d65a715c735eac6203ef6,169421e73b25e00e379d0a24e476d5f26da19186f48a179e3a8bf83ce889b3b8
mu^2,3.485204350076177,0.08313562150206838,-0.0024561138998283327,1.0519099165984424e-13,diagnostic_only_not_theorem_gate,4a09b46da042bd99120c3c23c0cc81b0e6b3f33dd2de64fa567151fb2cf15c72,2f4b8aa5a0edfdafeadf5c67ac561b97ec266443615d65a715c735eac6203ef6,169421e73b25e00e379d0a24e476d5f26da19186f48a179e3a8bf83ce889b3b8
mu^2,3.5342917352885173,0.08326440574354123,-0.0027899744916675432,1.083329467053246e-13,diagnostic_only_not_theorem_gate,4a09b46da042bd99120c3c23c0cc81b0e6b3f33dd2de64fa567151fb2cf15c72,2f4b8aa5a0edfdafeadf5c67ac561b97ec266443615d65a715c735eac6203ef6,169421e73b25e00e379d0a24e476d5f26da19186f48a179e3a8bf83ce889b3b8
mu^2,3.5833791205008576,0.08340941662154627,-0.0031171137905834224,1.1177980171749822e-13,diagnostic_only_not_theorem_gate,4a09b46da042bd99120c3c23c0cc81b0e6b3f33dd2de64fa567151fb2cf15c72,2f4b8aa5a0edfdafeadf5c67ac561b97ec266443615d65a715c735eac6203ef6,169421e73b25e00e379d0a24e476d5f26da19186f48a179e3a8bf83ce889b3b8
mu^2,3.6324665057131984,0.08357030479217693,-0.003436743689350867,1.1550521435528757e-13,diagnostic_only_not_theorem_gate,4a09b46da042bd99120c3c23c0cc81b0e6b3f33dd2de64fa567151fb2cf15c72,2f4b8aa5a0edfdafeadf5c67ac561b97ec266443615d65a715c735eac6203ef6,169421e73b25e00e379d0a24e476d5f26da19186f48a179e3a8bf83ce889b3b8
mu^2,3.6815538909255388,0.08374668266173803,-0.003748094171547468,1.1948288710503212e-13,diagnostic_only_not_theorem_gate,4a09b46da042bd99120c3c23c0cc81b0e6b3f33dd2de64fa567151fb2cf15c72,2f4b8aa5a0edfdafeadf5c67ac561b97ec266443615d65a715c735eac6203ef6,169421e73b25e00e379d0a24e476d5f26da19186f48a179e3a8bf83ce889b3b8
mu^2,3.730641276137879,0.0839381253204929,-0.004050415166590535,1.236717440004287e-13,diagnostic_only_not_theorem_gate,4a09b46da042bd99120c3c23c0cc81b0e6b3f33dd2de64fa567151fb2cf15c72,2f4b8aa5a0edfdafeadf5c67ac561b97ec266443615d65a715c735eac6203ef6,169421e73b25e00e379d0a24e476d5f26da19186f48a179e3a8bf83ce889b3b8
mu^2,3.77972866135022,0.08414417156630823,-0.00434297835672282,1.2805068766226875e-13,diagnostic_only_not_theorem_gate,4a09b46da042bd99120c3c23c0cc81b0e6b3f33dd2de64fa567151fb2cf15c72,2f4b8aa5a0edfdafeadf5c67ac561b97ec266443615d65a715c735eac6203ef6,169421e73b25e00e379d0a24e476d5f26da19186f48a179e3a8bf83ce889b3b8
mu^2,3.8288160465625602,0.0843643250157303,-0.00462507893159378,1.3258667290045808e-13,diagnostic_only_not_theorem_gate,4a09b46da042bd99120c3c23c0cc81b0e6b3f33dd2de64fa567151fb2cf15c72,2f4b8aa5a0edfdafeadf5c67ac561b97ec266443615d65a715c735eac6203ef6,169421e73b25e00e379d0a24e476d5f26da19186f48a179e3a8bf83ce889b3b8
mu^2,3.877903431774901,0.08459805529981632,-0.004896037286209465,1.3726276504009538e-13,diagnostic_only_not_theorem_gate,4a09b46da042bd99120c3c23c0cc81b0e6b3f33dd2de64fa567151fb2cf15c72,2f4b8aa5a0edfdafeadf5c67ac561b97ec266443615d65a715c735eac6203ef6,169421e73b25e00e379d0a24e476d5f26da19186f48a179e3a8bf83ce889b3b8
mu^2,3.9269908169872414,0.08484479934183954,-0.00515520065816045,1.4205660496936014e-13,diagnostic_only_not_theorem_gate,4a09b46da042bd99120c3c23c0cc81b0e6b3f33dd2de64fa567151fb2cf15c72,2f4b8aa5a0edfdafeadf5c67ac561b97ec266443615d65a715c735eac6203ef6,169421e73b25e00e379d0a24e476d5f26da19186f48a179e3a8bf83ce889b3b8
mu^2,3.9760782021995817,0.08510396271379053,-0.005401944700183679,1.4693233615300566e-13,diagnostic_only_not_theorem_gate,4a09b46da042bd99120c3c23c0cc81b0e6b3f33dd2de64fa567151fb2cf15c72,2f4b8aa5a0edfdafeadf5c67ac561b97ec266443615d65a715c735eac6203ef6,169421e73b25e00e379d0a24e476d5f26da19186f48a179e3a8bf83ce889b3b8
mu^2,4.025165587411922,0.08537492106840622,-0.005635674984269691,1.5188042932858455e-13,diagnostic_only_not_theorem_gate,4a09b46da042bd99120c3c23c0cc81b0e6b3f33dd2de64fa567151fb2cf15c72,2f4b8aa5a0edfdafeadf5c67ac561b97ec266443615d65a715c735eac6203ef6,169421e73b25e00e379d0a24e476d5f26da19186f48a179e3a8bf83ce889b3b8
mu^2,4.074252972624263,0.08565702164327718,-0.005855828433691774,1.5687273568731182e-13,diagnostic_only_not_theorem_gate,4a09b46da042bd99120c3c23c0cc81b0e6b3f33dd2de64fa567151fb2cf15c72,2f4b8aa5a0edfdafeadf5c67ac561b97ec266443615d65a715c735eac6203ef6,169421e73b25e00e379d0a24e476d5f26da19186f48a179e3a8bf83ce889b3b8
mu^2,4.123340357836604,0.08594958483340946,-0.006061874679507095,1.618926325836936e-13,diagnostic_only_not_theorem_gate,4a09b46da042bd99120c3c23c0cc81b0e6b3f33dd2de64fa567151fb2cf15c72,2f4b8aa5a0edfdafeadf5c67ac561b97ec266443615d65a715c735eac6203ef6,169421e73b25e00e379d0a24e476d5f26da19186f48a179e3a8bf83ce889b3b8
mu^2,4.172427743048944,0.08625190582845253,-0.00625331733826197,1.6691040189605732e-13,diagnostic_only_not_theorem_gate,4a09b46da042bd99120c3c23c0cc81b0e6b3f33dd2de64fa567151fb2cf15c72,2f4b8aa5a0edfdafeadf5c67ac561b97ec266443615d65a715c735eac6203ef6,169421e73b25e00e379d0a24e476d5f26da19186f48a179e3a8bf83ce889b3b8
mu^2,4.221515128261284,0.08656325631064912,-0.0064296952078230635,1.7191410092931926e-13,diagnostic_only_not_theorem_gate,4a09b46da042bd99120c3c23c0cc81b0e6b3f33dd2de64fa567151fb2cf15c72,2f4b8aa5a0edfdafeadf5c67ac561b97ec266443615d65a715c735eac6203ef6,169421e73b25e00e379d0a24e476d5f26da19186f48a179e3a8bf83ce889b3b8
mu^2,4.270602513473625,0.08688288620941657,-0.006590583378453724,1.7688983384845526e-13,diagnostic_only_not_theorem_gate,4a09b46da042bd99120c3c23c0cc81b0e6b3f33dd2de64fa567151fb2cf15c72,2f4b8aa5a0edfdafeadf5c67ac561b97ec266443615d65a715c735eac6203ef6,169421e73b25e00e379d0a24e476d5f26da19186f48a179e3a8bf83ce889b3b8
mu^2,4.319689898685965,0.08721002550833244,-0.006735594256458764,1.81811690308845e-13,diagnostic_only_not_theorem_gate,4a09b46da042bd99120c3c23c0cc81b0e6b3f33dd2de64fa567151fb2cf15c72,2f4b8aa5a0edfdafeadf5c67ac561b97ec266443615d65a715c735eac6203ef6,169421e73b25e00e379d0a24e476d5f26da19186f48a179e3a8bf83ce889b3b8
mu^2,4.368777283898306,0.08754388610017166,-0.006864378497931619,1.8666057959043203e-13,diagnostic_only_not_theorem_gate,4a09b46da042bd99120c3c23c0cc81b0e6b3f33dd2de64fa567151fb2cf15c72,2f4b8aa5a0edfdafeadf5c67ac561b97ec266443615d65a715c735eac6203ef6,169421e73b25e00e379d0a24e476d5f26da19186f48a179e3a8bf83ce889b3b8
mu^2,4.417864669110647,0.08788366368552573,-0.006976625850354408,1.9143302758626443e-13,diagnostic_only_not_theorem_gate,4a09b46da042bd99120c3c23c0cc81b0e6b3f33dd2de64fa567151fb2cf15c72,2f4b8aa5a0edfdafeadf5c67ac561b97ec266443615d65a715c735eac6203ef6,169421e73b25e00e379d0a24e476d5f26da19186f48a179e3a8bf83ce889b3b8
mu^2,4.466952054322987,0.08822853971043053,-0.007072065900023441,1.960939626557378e-13,diagnostic_only_not_theorem_gate,4a09b46da042bd99120c3c23c0cc81b0e6b3f33dd2de64fa567151fb2cf15c72,2f4b8aa5a0edfdafeadf5c67ac561b97ec266443615d65a715c735eac6203ef6,169421e73b25e00e379d0a24e476d5f26da19186f48a179e3a8bf83ce889b3b8
mu^2,4.516039439535327,0.0885776833383345,-0.0071504687234995035,2.0064240004789235e-13,diagnostic_only_not_theorem_gate,4a09b46da042bd99120c3c23c0cc81b0e6b3f33dd2de64fa567151fb2cf15c72,2f4b8aa5a0edfdafeadf5c67ac561b97ec266443615d65a715c735eac6203ef6,169421e73b25e00e379d0a24e476d5f26da19186f48a179e3a8bf83ce889b3b8
mu^2,4.565126824747668,0.08893025345165666,-0.007211645441513566,2.0506433116090503e-13,diagnostic_only_not_theorem_gate,4a09b46da042bd99120c3c23c0cc81b0e6b3f33dd2de64fa567151fb2cf15c72,2f4b8aa5a0edfdafeadf5c67ac561b97ec266443615d65a715c735eac6203ef6,169421e73b25e00e379d0a24e476d5f26da19186f48a179e3a8bf83ce889b3b8
mu^2,4.614214209960009,0.0892854006781125,-0.0072554486739934854,2.0933376154988164e-13,diagnostic_only_not_theorem_gate,4a09b46da042bd99120c3c23c0cc81b0e6b3f33dd2de64fa567151fb2cf15c72,2f4b8aa5a0edfdafeadf5c67ac561b97ec266443615d65a715c735eac6203ef6,169421e73b25e00e379d0a24e476d5f26da19186f48a179e3a8bf83ce889b3b8
mu^2,4.663301595172349,0.08964226943692628,-0.007281772895115505,2.1344775510356802e-13,diagnostic_only_not_theorem_gate,4a09b46da042bd99120c3c23c0cc81b0e6b3f33dd2de64fa567151fb2cf15c72,2f4b8aa5a0edfdafeadf5c67ac561b97ec266443615d65a715c735eac6203ef6,169421e73b25e00e379d0a24e476d5f26da19186f48a179e3a8bf83ce889b3b8
mu^2,4.71238898038469,0.09,-0.007290554687525215,2.1739210602082278e-13,diagnostic_only_not_theorem_gate,4a09b46da042bd99120c3c23c0cc81b0e6b3f33dd2de64fa567151fb2cf15c72,2f4b8aa5a0edfdafeadf5c67ac561b97ec266443615d65a715c735eac6203ef6,169421e73b25e00e379d0a24e476d5f26da19186f48a179e3a8bf83ce889b3b8
mu^2,4.76147636559703,0.09035773056307371,-0.007281772895115505,2.2115595135234978e-13,diagnostic_only_not_theorem_gate,4a09b46da042bd99120c3c23c0cc81b0e6b3f33dd2de64fa567151fb2cf15c72,2f4b8aa5a0edfdafeadf5c67ac561b97ec266443615d65a715c735eac6203ef6,169421e73b25e00e379d0a24e476d5f26da19186f48a179e3a8bf83ce889b3b8
mu^2,4.81056375080937,0.09071459932188748,-0.0072554486739934854,2.2473140726878808e-13,diagnostic_only_not_theorem_gate,4a09b46da042bd99120c3c23c0cc81b0e6b3f33dd2de64fa567151fb2cf15c72,2f4b8aa5a0edfdafeadf5c67ac561b97ec266443615d65a715c735eac6203ef6,169421e73b25e00e379d0a24e476d5f26da19186f48a179e3a8bf83ce889b3b8
mu^2,4.859651136021712,0.09106974654834334,-0.007211645441513566,2.2810696574322073e-13,diagnostic_only_not_theorem_gate,4a09b46da042bd99120c3c23c0cc81b0e6b3f33dd2de64fa567151fb2cf15c72,2f4b8aa5a0edfdafeadf5c67ac561b97ec266443615d65a715c735eac6203ef6,169421e73b25e00e379d0a24e476d5f26da19186f48a179e3a8bf83ce889b3b8
mu^2,4.908738521234052,0.09142231666166549,-0.007150468723499504,2.312823449022559e-13,diagnostic_only_not_theorem_gate,4a09b46da042bd99120c3c23c0cc81b0e6b3f33dd2de64fa567151fb2cf15c72,2f4b8aa5a0edfdafeadf5c67ac561b97ec266443615d65a715c735eac6203ef6,169421e73b25e00e379d0a24e476d5f26da19186f48a179e3a8bf83ce889b3b8
mu^2,4.957825906446392,0.09177146028956945,-0.007072065900023441,2.342413720946057e-13,diagnostic_only_not_theorem_gate,4a09b46da042bd99120c3c23c0cc81b0e6b3f33dd2de64fa567151fb2cf15c72,2f4b8aa5a0edfdafeadf5c67ac561b97ec266443615d65a715c735eac6203ef6,169421e73b25e00e379d0a24e476d5f26da19186f48a179e3a8bf83ce889b3b8
mu^2,5.006913291658733,0.09211633631447426,-0.006976625850354409,2.369924551074177e-13,diagnostic_only_not_theorem_gate,4a09b46da042bd99120c3c23c0cc81b0e6b3f33dd2de64fa567151fb2cf15c72,2f4b8aa5a0edfdafeadf5c67ac561b97ec266443615d65a715c735eac6203ef6,169421e73b25e00e379d0a24e476d5f26da19186f48a179e3a8bf83ce889b3b8
mu^2,5.056000676871073,0.09245611389982833,-0.0068643784979316195,2.3951865224323996e-13,diagnostic_only_not_theorem_gate,4a09b46da042bd99120c3c23c0cc81b0e6b3f33dd2de64fa567151fb2cf15c72,2f4b8aa5a0edfdafeadf5c67ac561b97ec266443615d65a715c735eac6203ef6,169421e73b25e00e379d0a24e476d5f26da19186f48a179e3a8bf83ce889b3b8
mu^2,5.105088062083414,0.09278997449166754,-0.006735594256458765,2.4183000566199746e-13,diagnostic_only_not_theorem_gate,4a09b46da042bd99120c3c23c0cc81b0e6b3f33dd2de64fa567151fb2cf15c72,2f4b8aa5a0edfdafeadf5c67ac561b97ec266443615d65a715c735eac6203ef6,169421e73b25e00e379d0a24e476d5f26da19186f48a179e3a8bf83ce889b3b8
mu^2,5.154175447295755,0.09311711379058342,-0.0065905833784537255,2.439210097644461e-13,diagnostic_only_not_theorem_gate,4a09b46da042bd99120c3c23c0cc81b0e6b3f33dd2de64fa567151fb2cf15c72,2f4b8aa5a0edfdafeadf5c67ac561b97ec266443615d65a715c735eac6203ef6,169421e73b25e00e379d0a24e476d5f26da19186f48a179e3a8bf83ce889b3b8
mu^2,5.203262832508095,0.09343674368935086,-0.006429695207823064,2.4579557172382097e-13,diagnostic_only_not_theorem_gate,4a09b46da042bd99120c3c23c0cc81b0e6b3f33dd2de64fa567151fb2cf15c72,2f4b8aa5a0edfdafeadf5c67ac561b97ec266443615d65a715c735eac6203ef6,169421e73b25e00e379d0a24e476d5f26da19186f48a179e3a8bf83ce889b3b8
mu^2,5.252350217720435,0.09374809417154746,-0.006253317338261972,2.474650249666248e-13,diagnostic_only_not_theorem_gate,4a09b46da042bd99120c3c23c0cc81b0e6b3f33dd2de64fa567151fb2cf15c72,2f4b8aa5a0edfdafeadf5c67ac561b97ec266443615d65a715c735eac6203ef6,169421e73b25e00e379d0a24e476d5f26da19186f48a179e3a8bf83ce889b3b8
mu^2,5.301437602932776,0.09405041516659053,-0.006061874679507096,2.489188203464949e-13,diagnostic_only_not_theorem_gate,4a09b46da042bd99120c3c23c0cc81b0e6b3f33dd2de64fa567151fb2cf15c72,2f4b8aa5a0edfdafeadf5c67ac561b97ec266443615d65a715c735eac6203ef6,169421e73b25e00e379d0a24e476d5f26da19186f48a179e3a8bf83ce889b3b8
mu^2,5.350524988145116,0.09434297835672281,-0.005855828433691775,2.501640953038748e-13,diagnostic_only_not_theorem_gate,4a09b46da042bd99120c3c23c0cc81b0e6b3f33dd2de64fa567151fb2cf15c72,2f4b8aa5a0edfdafeadf5c67ac561b97ec266443615d65a715c735eac6203ef6,169421e73b25e00e379d0a24e476d5f26da19186f48a179e3a8bf83ce889b3b8
mu^2,5.399612373357457,0.09462507893159378,-0.005635674984269693,2.512315390768655e-13,diagnostic_only_not_theorem_gate,4a09b46da042bd99120c3c23c0cc81b0e6b3f33dd2de64fa567151fb2cf15c72,2f4b8aa5a0edfdafeadf5c67ac561b97ec266443615d65a715c735eac6203ef6,169421e73b25e00e379d0a24e476d5f26da19186f48a179e3a8bf83ce889b3b8
mu^2,5.448699758569798,0.09489603728620946,-0.005401944700183681,2.521078927217822e-13,diagnostic_only_not_theorem_gate,4a09b46da042bd99120c3c23c0cc81b0e6b3f33dd2de64fa567151fb2cf15c72,2f4b8aa5a0edfdafeadf5c67ac561b97ec266443615d65a715c735eac6203ef6,169421e73b25e00e379d0a24e476d5f26da19186f48a179e3a8bf83ce889b3b8
mu^2,5.497787143782138,0.09515520065816045,-0.005155200658160452,2.5280765853217124e-13,diagnostic_only_not_theorem_gate,4a09b46da042bd99120c3c23c0cc81b0e6b3f33dd2de64fa567151fb2cf15c72,2f4b8aa5a0edfdafeadf5c67ac561b97ec266443615d65a715c735eac6203ef6,169421e73b25e00e379d0a24e476d5f26da19186f48a179e3a8bf83ce889b3b8
mu^2,5.546874528994478,0.09540194470018368,-0.0048960372862094665,2.533519147519378e-13,diagnostic_only_not_theorem_gate,4a09b46da042bd99120c3c23c0cc81b0e6b3f33dd2de64fa567151fb2cf15c72,2f4b8aa5a0edfdafeadf5c67ac561b97ec266443615d65a715c735eac6203ef6,169421e73b25e00e379d0a24e476d5f26da19186f48a179e3a8bf83ce889b3b8
mu^2,5.595961914206819,0.09563567498426968,-0.004625078931593784,2.537571385331717e-13,diagnostic_only_not_theorem_gate,4a09b46da042bd99120c3c23c0cc81b0e6b3f33dd2de64fa567151fb2cf15c72,2f4b8aa5a0edfdafeadf5c67ac561b97ec266443615d65a715c735eac6203ef6,169421e73b25e00e379d0a24e476d5f26da19186f48a179e3a8bf83ce889b3b8
mu^2,5.64504929941916,0.09585582843369177,-0.00434297835672282,2.540207941299414e-13,diagnostic_only_not_theorem_gate,4a09b46da042bd99120c3c23c0cc81b0e6b3f33dd2de64fa567151fb2cf15c72,2f4b8aa5a0edfdafeadf5c67ac561b97ec266443615d65a715c735eac6203ef6,169421e73b25e00e379d0a24e476d5f26da19186f48a179e3a8bf83ce889b3b8
mu^2,5.6941366846315,0.0960618746795071,-0.004050415166590536,2.54175669543372e-13,diagnostic_only_not_theorem_gate,4a09b46da042bd99120c3c23c0cc81b0e6b3f33dd2de64fa567151fb2cf15c72,2f4b8aa5a0edfdafeadf5c67ac561b97ec266443615d65a715c735eac6203ef6,169421e73b25e00e379d0a24e476d5f26da19186f48a179e3a8bf83ce889b3b8
mu^2,5.743224069843841,0.09625331733826197,-0.0037480941715474702,2.542264593072726e-13,diagnostic_only_not_theorem_gate,4a09b46da042bd99120c3c23c0cc81b0e6b3f33dd2de64fa567151fb2cf15c72,2f4b8aa5a0edfdafeadf5c67ac561b97ec266443615d65a715c735eac6203ef6,169421e73b25e00e379d0a24e476d5f26da19186f48a179e3a8bf83ce889b3b8
mu^2,5.792311455056181,0.09642969520782306,-0.0034367436893508693,2.541963647791751e-13,diagnostic_only_not_theorem_gate,4a09b46da042bd99120c3c23c0cc81b0e6b3f33dd2de64fa567151fb2cf15c72,2f4b8aa5a0edfdafeadf5c67ac561b97ec266443615d65a715c735eac6203ef6,169421e73b25e00e379d0a24e476d5f26da19186f48a179e3a8bf83ce889b3b8
mu^2,5.841398840268521,0.09659058337845372,-0.0031171137905834276,2.541074456819484e-13,diagnostic_only_not_theorem_gate,4a09b46da042bd99120c3c23c0cc81b0e6b3f33dd2de64fa567151fb2cf15c72,2f4b8aa5a0edfdafeadf5c67ac561b97ec266443615d65a715c735eac6203ef6,169421e73b25e00e379d0a24e476d5f26da19186f48a179e3a8bf83ce889b3b8
mu^2,5.890486225480862,0.09673559425645877,-0.0027899744916675484,2.53969412927336e-13,diagnostic_only_not_theorem_gate,4a09b46da042bd99120c3c23c0cc81b0e6b3f33dd2de64fa567151fb2cf15c72,2f4b8aa5a0edfdafeadf5c67ac561b97ec266443615d65a715c735eac6203ef6,169421e73b25e00e379d0a24e476d5f26da19186f48a179e3a8bf83ce889b3b8
mu^2,5.939573610693203,0.09686437849793161,-0.002456113899828332,2.5380348057459514e-13,diagnostic_only_not_theorem_gate,4a09b46da042bd99120c3c23c0cc81b0e6b3f33dd2de64fa567151fb2cf15c72,2f4b8aa5a0edfdafeadf5c67ac561b97ec266443615d65a715c735eac6203ef6,169421e73b25e00e379d0a24e476d5f26da19186f48a179e3a8bf83ce889b3b8
mu^2,5.988660995905543,0.09697662585035441,-0.0021163363144742656,2.536162659450803e-13,diagnostic_only_not_theorem_gate,4a09b46da042bd99120c3c23c0cc81b0e6b3f33dd2de64fa567151fb2cf15c72,2f4b8aa5a0edfdafeadf5c67ac561b97ec266443615d65a715c735eac6203ef6,169421e73b25e00e379d0a24e476d5f26da19186f48a179e3a8bf83ce889b3b8
mu^2,6.037748381117884,0.09707206590002344,-0.0017714602895694627,2.534377771648822e-13,diagnostic_only_not_theorem_gate,4a09b46da042bd99120c3c23c0cc81b0e6b3f33dd2de64fa567151fb2cf15c72,2f4b8aa5a0edfdafeadf5c67ac561b97ec266443615d65a715c735eac6203ef6,169421e73b25e00e379d0a24e476d5f26da19186f48a179e3a8bf83ce889b3b8
mu^2,6.086835766330224,0.0971504687234995,-0.001422316661665491,2.5326597108172575e-13,diagnostic_only_not_theorem_gate,4a09b46da042bd99120c3c23c0cc81b0e6b3f33dd2de64fa567151fb2cf15c72,2f4b8aa5a0edfdafeadf5c67ac561b97ec266443615d65a715c735eac6203ef6,169421e73b25e00e379d0a24e476d5f26da19186f48a179e3a8bf83ce889b3b8
mu^2,6.135923151542564,0.09721164544151356,-0.0010697465483433411,2.531247523312643e-13,diagnostic_only_not_theorem_gate,4a09b46da042bd99120c3c23c0cc81b0e6b3f33dd2de64fa567151fb2cf15c72,2f4b8aa5a0edfdafeadf5c67ac561b97ec266443615d65a715c735eac6203ef6,169421e73b25e00e379d0a24e476d5f26da19186f48a179e3a8bf83ce889b3b8
mu^2,6.1850105367549055,0.09725544867399348,-0.0007145993218874941,2.5301449015314795e-13,diagnostic_only_not_theorem_gate,4a09b46da042bd99120c3c23c0cc81b0e6b3f33dd2de64fa567151fb2cf15c72,2f4b8aa5a0edfdafeadf5c67ac561b97ec266443615d65a715c735eac6203ef6,169421e73b25e00e379d0a24e476d5f26da19186f48a179e3a8bf83ce889b3b8
mu^2,6.234097921967246,0.0972817728951155,-0.0003577305630737186,2.529457998183224e-13,diagnostic_only_not_theorem_gate,4a09b46da042bd99120c3c23c0cc81b0e6b3f33dd2de64fa567151fb2cf15c72,2f4b8aa5a0edfdafeadf5c67ac561b97ec266443615d65a715c735eac6203ef6,169421e73b25e00e379d0a24e476d5f26da19186f48a179e3a8bf83ce889b3b8
alpha^6,0.0,0.08270944531251628,0.0,9.417009853082001e-14,diagnostic_only_not_theorem_gate,4a09b46da042bd99120c3c23c0cc81b0e6b3f33dd2de64fa567151fb2cf15c72,2f4b8aa5a0edfdafeadf5c67ac561b97ec266443615d65a715c735eac6203ef6,169421e73b25e00e379d0a24e476d5f26da19186f48a179e3a8bf83ce889b3b8
alpha^6,0.04908738521234052,0.08270066352010658,0.0003577305630732795,9.439012595875314e-14,diagnostic_only_not_theorem_gate,4a09b46da042bd99120c3c23c0cc81b0e6b3f33dd2de64fa567151fb2cf15c72,2f4b8aa5a0edfdafeadf5c67ac561b97ec266443615d65a715c735eac6203ef6,169421e73b25e00e379d0a24e476d5f26da19186f48a179e3a8bf83ce889b3b8
alpha^6,0.09817477042468103,0.08267433929898459,0.0007145993218866188,9.503643127939153e-14,diagnostic_only_not_theorem_gate,4a09b46da042bd99120c3c23c0cc81b0e6b3f33dd2de64fa567151fb2cf15c72,2f4b8aa5a0edfdafeadf5c67ac561b97ec266443615d65a715c735eac6203ef6,169421e73b25e00e379d0a24e476d5f26da19186f48a179e3a8bf83ce889b3b8
alpha^6,0.14726215563702155,0.08263053606650472,0.001069746548342025,9.610399177643062e-14,diagnostic_only_not_theorem_gate,4a09b46da042bd99120c3c23c0cc81b0e6b3f33dd2de64fa567151fb2cf15c72,2f4b8aa5a0edfdafeadf5c67ac561b97ec266443615d65a715c735eac6203ef6,169421e73b25e00e379d0a24e476d5f26da19186f48a179e3a8bf83ce889b3b8
alpha^6,0.19634954084936207,0.08256935934849073,0.0014223166616637438,9.756627781807374e-14,diagnostic_only_not_theorem_gate,4a09b46da042bd99120c3c23c0cc81b0e6b3f33dd2de64fa567151fb2cf15c72,2f4b8aa5a0edfdafeadf5c67ac561b97ec266443615d65a715c735eac6203ef6,169421e73b25e00e379d0a24e476d5f26da19186f48a179e3a8bf83ce889b3b8
alpha^6,0.2454369260617026,0.08249095652501477,0.0017714602895672889,9.940785670875805e-14,diagnostic_only_not_theorem_gate,4a09b46da042bd99120c3c23c0cc81b0e6b3f33dd2de64fa567151fb2cf15c72,2f4b8aa5a0edfdafeadf5c67ac561b97ec266443615d65a715c735eac6203ef6,169421e73b25e00e379d0a24e476d5f26da19186f48a179e3a8bf83ce889b3b8
alpha^6,0.2945243112740431,0.08239551647534585,0.00211633631447167,1.0159676019293162e-13,diagnostic_only_not_theorem_gate,4a09b46da042bd99120c3c23c0cc81b0e6b3f33dd2de64fa567151fb2cf15c72,2f4b8aa5a0edfdafeadf5c67ac561b97ec266443615d65a715c735eac6203ef6,169421e73b25e00e379d0a24e476d5f26da19186f48a179e3a8bf83ce889b3b8
alpha^6,0.3436116964863836,0.0822832691229232,0.0024561138998253217,1.0409072015811077e-13,diagnostic_only_not_theorem_gate,4a09b46da042bd99120c3c23c0cc81b0e6b3f33dd2de64fa567151fb2cf15c72,2f4b8aa5a0edfdafeadf5c67ac561b97ec266443615d65a715c735eac6203ef6,169421e73b25e00e379d0a24e476d5f26da19186f48a179e3a8bf83ce889b3b8
alpha^6,0.39269908169872414,0.08215448488145051,0.0027899744916641237,1.0686604318786956e-13,diagnostic_only_not_theorem_gate,4a09b46da042bd99120c3c23c0cc81b0e6b3f33dd2de64fa567151fb2cf15c72,2f4b8aa5a0edfdafeadf5c67ac561b97ec266443615d65a715c735eac6203ef6,169421e73b25e00e379d0a24e476d5f26da19186f48a179e3a8bf83ce889b3b8
alpha^6,0.44178646691106466,0.08200947400344565,0.003117113790579603,1.098739416133161e-13,diagnostic_only_not_theorem_gate,4a09b46da042bd99120c3c23c0cc81b0e6b3f33dd2de64fa567151fb2cf15c72,2f4b8aa5a0edfdafeadf5c67ac561b97ec266443615d65a715c735eac6203ef6,169421e73b25e00e379d0a24e476d5f26da19186f48a179e3a8bf83ce889b3b8
alpha^6,0.4908738521234052,0.08184858583281518,0.0034367436893466543,1.1308981594744661e-13,diagnostic_only_not_theorem_gate,4a09b46da042bd99120c3c23c0cc81b0e6b3f33dd2de64fa567151fb2cf15c72,2f4b8aa5a0edfdafeadf5c67ac561b97ec266443615d65a715c735eac6203ef6,169421e73b25e00e379d0a24e476d5f26da19186f48a179e3a8bf83ce889b3b8
alpha^6,0.5399612373357456,0.0816722079632543,0.003748094171542874,1.1648401929969716e-13,diagnostic_only_not_theorem_gate,4a09b46da042bd99120c3c23c0cc81b0e6b3f33dd2de64fa567151fb2cf15c72,2f4b8aa5a0edfdafeadf5c67ac561b97ec266443615d65a715c735eac6203ef6,169421e73b25e00e379d0a24e476d5f26da19186f48a179e3a8bf83ce889b3b8
alpha^6,0.5890486225480862,0.08148076530449966,0.004050415166585572,1.200124698062898e-13,diagnostic_only_not_theorem_gate,4a09b46da042bd99120c3c23c0cc81b0e6b3f33dd2de64fa567151fb2cf15c72,2f4b8aa5a0edfdafeadf5c67ac561b97ec266443615d65a715c735eac6203ef6,169421e73b25e00e379d0a24e476d5f26da19186f48a179e3a8bf83ce889b3b8
alpha^6,0.6381360077604268,0.0812747190586846,0.004342978356717497,1.2364576577401046e-13,diagnostic_only_not_theorem_gate,4a09b46da042bd99120c3c23c0cc81b0e6b3f33dd2de64fa567151fb2cf15c72,2f4b8aa5a0edfdafeadf5c67ac561b97ec266443615d65a715c735eac6203ef6,169421e73b25e00e379d0a24e476d5f26da19186f48a179e3a8bf83ce889b3b8
alpha^6,0.6872233929727672,0.08105456560926279,0.004625078931588112,1.2735521474947455e-13,diagnostic_only_not_theorem_gate,4a09b46da042bd99120c3c23c0cc81b0e6b3f33dd2de64fa567151fb2cf15c72,2f4b8aa5a0edfdafeadf5c67ac561b97ec266443615d65a715c735eac6203ef6,169421e73b25e00e379d0a24e476d5f26da19186f48a179e3a8bf83ce889b3b8
alpha^6,0.7363107781851077,0.08082083532517706,0.004896037286203462,1.3111069078532979e-13,diagnostic_only_not_theorem_gate,4a09b46da042bd99120c3c23c0cc81b0e6b3f33dd2de64fa567151fb2cf15c72,2f4b8aa5a0edfdafeadf5c67ac561b97ec266443615d65a715c735eac6203ef6,169421e73b25e00e379d0a24e476d5f26da19186f48a179e3a8bf83ce889b3b8
alpha^6,0.7853981633974483,0.08057409128315413,0.0051552006581541306,1.3488632888608048e-13,diagnostic_only_not_theorem_gate,4a09b46da042bd99120c3c23c0cc81b0e6b3f33dd2de64fa567151fb2cf15c72,2f4b8aa5a0edfdafeadf5c67ac561b97ec266443615d65a715c735eac6203ef6,169421e73b25e00e379d0a24e476d5f26da19186f48a179e3a8bf83ce889b3b8
alpha^6,0.8344855486097889,0.08031492791120345,0.005401944700177058,1.3865968055957506e-13,diagnostic_only_not_theorem_gate,4a09b46da042bd99120c3c23c0cc81b0e6b3f33dd2de64fa567151fb2cf15c72,2f4b8aa5a0edfdafeadf5c67ac561b97ec266443615d65a715c735eac6203ef6,169421e73b25e00e379d0a24e476d5f26da19186f48a179e3a8bf83ce889b3b8
alpha^6,0.8835729338221293,0.08004396955658812,0.005635674984262785,1.4241311285875228e-13,diagnostic_only_not_theorem_gate,4a09b46da042bd99120c3c23c0cc81b0e6b3f33dd2de64fa567151fb2cf15c72,2f4b8aa5a0edfdafeadf5c67ac561b97ec266443615d65a715c735eac6203ef6,169421e73b25e00e379d0a24e476d5f26da19186f48a179e3a8bf83ce889b3b8
alpha^6,0.9326603190344698,0.0797618689817175,0.005855828433684593,1.4611582410523925e-13,diagnostic_only_not_theorem_gate,4a09b46da042bd99120c3c23c0cc81b0e6b3f33dd2de64fa567151fb2cf15c72,2f4b8aa5a0edfdafeadf5c67ac561b97ec266443615d65a715c735eac6203ef6,169421e73b25e00e379d0a24e476d5f26da19186f48a179e3a8bf83ce889b3b8
alpha^6,0.9817477042468103,0.07946930579158556,0.006061874679499663,1.4974916853471904e-13,diagnostic_only_not_theorem_gate,4a09b46da042bd99120c3c23c0cc81b0e6b3f33dd2de64fa567151fb2cf15c72,2f4b8aa5a0edfdafeadf5c67ac561b97ec266443615d65a715c735eac6203ef6,169421e73b25e00e379d0a24e476d5f26da19186f48a179e3a8bf83ce889b3b8
alpha^6,1.030835089459151,0.07916698479654287,0.006253317338254305,1.5329937803577408e-13,diagnostic_only_not_theorem_gate,4a09b46da042bd99120c3c23c0cc81b0e6b3f33dd2de64fa567151fb2cf15c72,2f4b8aa5a0edfdafeadf5c67ac561b97ec266443615d65a715c735eac6203ef6,169421e73b25e00e379d0a24e476d5f26da19186f48a179e3a8bf83ce889b3b8
alpha^6,1.0799224746714913,0.07885563431434665,0.006429695207815182,1.567467524891532e-13,diagnostic_only_not_theorem_gate,4a09b46da042bd99120c3c23c0cc81b0e6b3f33dd2de64fa567151fb2cf15c72,2f4b8aa5a0edfdafeadf5c67ac561b97ec266443615d65a715c735eac6203ef6,169421e73b25e00e379d0a24e476d5f26da19186f48a179e3a8bf83ce889b3b8
alpha^6,1.1290098598838318,0.0785360044155796,0.006590583378445646,1.6007883199502378e-13,diagnostic_only_not_theorem_gate,4a09b46da042bd99120c3c23c0cc81b0e6b3f33dd2de64fa567151fb2cf15c72,2f4b8aa5a0edfdafeadf5c67ac561b97ec266443615d65a715c735eac6203ef6,169421e73b25e00e379d0a24e476d5f26da19186f48a179e3a8bf83ce889b3b8
alpha^6,1.1780972450961724,0.07820886511666413,0.0067355942564505085,1.6328159546474733e-13,diagnostic_only_not_theorem_gate,4a09b46da042bd99120c3c23c0cc81b0e6b3f33dd2de64fa567151fb2cf15c72,2f4b8aa5a0edfdafeadf5c67ac561b97ec266443615d65a715c735eac6203ef6,169421e73b25e00e379d0a24e476d5f26da19186f48a179e3a8bf83ce889b3b8
alpha^6,1.227184630308513,0.07787500452482532,0.006864378497923204,1.6633587872187465e-13,diagnostic_only_not_theorem_gate,4a09b46da042bd99120c3c23c0cc81b0e6b3f33dd2de64fa567151fb2cf15c72,2f4b8aa5a0edfdafeadf5c67ac561b97ec266443615d65a715c735eac6203ef6,169421e73b25e00e379d0a24e476d5f26da19186f48a179e3a8bf83ce889b3b8
alpha^6,1.2762720155208536,0.07753522693947167,0.006976625850345856,1.6923424012088534e-13,diagnostic_only_not_theorem_gate,4a09b46da042bd99120c3c23c0cc81b0e6b3f33dd2de64fa567151fb2cf15c72,2f4b8aa5a0edfdafeadf5c67ac561b97ec266443615d65a715c735eac6203ef6,169421e73b25e00e379d0a24e476d5f26da19186f48a179e3a8bf83ce889b3b8
alpha^6,1.325359400733194,0.07719035091456729,0.007072065900014772,1.719698590412962e-13,diagnostic_only_not_theorem_gate,4a09b46da042bd99120c3c23c0cc81b0e6b3f33dd2de64fa567151fb2cf15c72,2f4b8aa5a0edfdafeadf5c67ac561b97ec266443615d65a715c735eac6203ef6,169421e73b25e00e379d0a24e476d5f26da19186f48a179e3a8bf83ce889b3b8
alpha^6,1.3744467859455345,0.07684120728666374,0.007150468723490739,1.7453642156975694e-13,diagnostic_only_not_theorem_gate,4a09b46da042bd99120c3c23c0cc81b0e6b3f33dd2de64fa567151fb2cf15c72,2f4b8aa5a0edfdafeadf5c67ac561b97ec266443615d65a715c735eac6203ef6,169421e73b25e00e379d0a24e476d5f26da19186f48a179e3a8bf83ce889b3b8
alpha^6,1.423534171157875,0.07648863717334202,0.007211645441504726,1.7691593828024863e-13,diagnostic_only_not_theorem_gate,4a09b46da042bd99120c3c23c0cc81b0e6b3f33dd2de64fa567151fb2cf15c72,2f4b8aa5a0edfdafeadf5c67ac561b97ec266443615d65a715c735eac6203ef6,169421e73b25e00e379d0a24e476d5f26da19186f48a179e3a8bf83ce889b3b8
alpha^6,1.4726215563702154,0.07613348994688662,0.00725544867398459,1.791044044259301e-13,diagnostic_only_not_theorem_gate,4a09b46da042bd99120c3c23c0cc81b0e6b3f33dd2de64fa567151fb2cf15c72,2f4b8aa5a0edfdafeadf5c67ac561b97ec266443615d65a715c735eac6203ef6,169421e73b25e00e379d0a24e476d5f26da19186f48a179e3a8bf83ce889b3b8
alpha^6,1.521708941582556,0.07577662118807328,0.007281772895106579,1.8110460431894354e-13,diagnostic_only_not_theorem_gate,4a09b46da042bd99120c3c23c0cc81b0e6b3f33dd2de64fa567151fb2cf15c72,2f4b8aa5a0edfdafeadf5c67ac561b97ec266443615d65a715c735eac6203ef6,169421e73b25e00e379d0a24e476d5f26da19186f48a179e3a8bf83ce889b3b8
alpha^6,1.5707963267948966,0.075418890625,0.007290554687516278,1.8291357352924113e-13,diagnostic_only_not_theorem_gate,4a09b46da042bd99120c3c23c0cc81b0e6b3f33dd2de64fa567151fb2cf15c72,2f4b8aa5a0edfdafeadf5c67ac561b97ec266443615d65a715c735eac6203ef6,169421e73b25e00e379d0a24e476d5f26da19186f48a179e3a8bf83ce889b3b8
alpha^6,1.6198837120072371,0.07506116006192672,0.007281772895106579,1.845312199583569e-13,diagnostic_only_not_theorem_gate,4a09b46da042bd99120c3c23c0cc81b0e6b3f33dd2de64fa567151fb2cf15c72,2f4b8aa5a0edfdafeadf5c67ac561b97ec266443615d65a715c735eac6203ef6,169421e73b25e00e379d0a24e476d5f26da19186f48a179e3a8bf83ce889b3b8
alpha^6,1.6689710972195777,0.07470429130311337,0.007255448673984591,1.8593537902596743e-13,diagnostic_only_not_theorem_gate,4a09b46da042bd99120c3c23c0cc81b0e6b3f33dd2de64fa567151fb2cf15c72,2f4b8aa5a0edfdafeadf5c67ac561b97ec266443615d65a715c735eac6203ef6,169421e73b25e00e379d0a24e476d5f26da19186f48a179e3a8bf83ce889b3b8
alpha^6,1.718058482431918,0.07434914407665798,0.007211645441504726,1.8716427377811068e-13,diagnostic_only_not_theorem_gate,4a09b46da042bd99120c3c23c0cc81b0e6b3f33dd2de64fa567151fb2cf15c72,2f4b8aa5a0edfdafeadf5c67ac561b97ec266443615d65a715c735eac6203ef6,169421e73b25e00e379d0a24e476d5f26da19186f48a179e3a8bf83ce889b3b8
alpha^6,1.7671458676442586,0.07399657396333625,0.007150468723490739,1.8818803910991221e-13,diagnostic_only_not_theorem_gate,4a09b46da042bd99120c3c23c0cc81b0e6b3f33dd2de64fa567151fb2cf15c72,2f4b8aa5a0edfdafeadf5c67ac561b97ec266443615d65a715c735eac6203ef6,169421e73b25e00e379d0a24e476d5f26da19186f48a179e3a8bf83ce889b3b8
alpha^6,1.8162332528565992,0.07364743033543271,0.007072065900014772,1.8903374698163215e-13,diagnostic_only_not_theorem_gate,4a09b46da042bd99120c3c23c0cc81b0e6b3f33dd2de64fa567151fb2cf15c72,2f4b8aa5a0edfdafeadf5c67ac561b97ec266443615d65a715c735eac6203ef6,169421e73b25e00e379d0a24e476d5f26da19186f48a179e3a8bf83ce889b3b8
alpha^6,1.8653206380689396,0.07330255431052833,0.006976625850345856,1.896982965091434e-13,diagnostic_only_not_theorem_gate,4a09b46da042bd99120c3c23c0cc81b0e6b3f33dd2de64fa567151fb2cf15c72,2f4b8aa5a0edfdafeadf5c67ac561b97ec266443615d65a715c735eac6203ef6,169421e73b25e00e379d0a24e476d5f26da19186f48a179e3a8bf83ce889b3b8
alpha^6,1.9144080232812801,0.07296277672517468,0.006864378497923204,1.9017970292445263e-13,diagnostic_only_not_theorem_gate,4a09b46da042bd99120c3c23c0cc81b0e6b3f33dd2de64fa567151fb2cf15c72,2f4b8aa5a0edfdafeadf5c67ac561b97ec266443615d65a715c735eac6203ef6,169421e73b25e00e379d0a24e476d5f26da19186f48a179e3a8bf83ce889b3b8
alpha^6,1.9634954084936207,0.07262891613333587,0.0067355942564505085,1.905001317825525e-13,diagnostic_only_not_theorem_gate,4a09b46da042bd99120c3c23c0cc81b0e6b3f33dd2de64fa567151fb2cf15c72,2f4b8aa5a0edfdafeadf5c67ac561b97ec266443615d65a715c735eac6203ef6,169421e73b25e00e379d0a24e476d5f26da19186f48a179e3a8bf83ce889b3b8
alpha^6,2.012582793705961,0.07230177683442039,0.006590583378445647,1.9065846134768176e-13,diagnostic_only_not_theorem_gate,4a09b46da042bd99120c3c23c0cc81b0e6b3f33dd2de64fa567151fb2cf15c72,2f4b8aa5a0edfdafeadf5c67ac561b97ec266443615d65a715c735eac6203ef6,169421e73b25e00e379d0a24e476d5f26da19186f48a179e3a8bf83ce889b3b8
alpha^6,2.061670178918302,0.07198214693565334,0.006429695207815183,1.9067530918656364e-13,diagnostic_only_not_theorem_gate,4a09b46da042bd99120c3c23c0cc81b0e6b3f33dd2de64fa567151fb2cf15c72,2f4b8aa5a0edfdafeadf5c67ac561b97ec266443615d65a715c735eac6203ef6,169421e73b25e00e379d0a24e476d5f26da19186f48a179e3a8bf83ce889b3b8
alpha^6,2.110757564130642,0.07167079645345713,0.006253317338254305,1.9054605770999027e-13,diagnostic_only_not_theorem_gate,4a09b46da042bd99120c3c23c0cc81b0e6b3f33dd2de64fa567151fb2cf15c72,2f4b8aa5a0edfdafeadf5c67ac561b97ec266443615d65a715c735eac6203ef6,169421e73b25e00e379d0a24e476d5f26da19186f48a179e3a8bf83ce889b3b8
alpha^6,2.1598449493429825,0.07136847545841443,0.006061874679499665,1.9030060159388164e-13,diagnostic_only_not_theorem_gate,4a09b46da042bd99120c3c23c0cc81b0e6b3f33dd2de64fa567151fb2cf15c72,2f4b8aa5a0edfdafeadf5c67ac561b97ec266443615d65a715c735eac6203ef6,169421e73b25e00e379d0a24e476d5f26da19186f48a179e3a8bf83ce889b3b8
alpha^6,2.2089323345553233,0.0710759122682825,0.005855828433684594,1.8994814370109313e-13,diagnostic_only_not_theorem_gate,4a09b46da042bd99120c3c23c0cc81b0e6b3f33dd2de64fa567151fb2cf15c72,2f4b8aa5a0edfdafeadf5c67ac561b97ec266443615d65a715c735eac6203ef6,169421e73b25e00e379d0a24e476d5f26da19186f48a179e3a8bf83ce889b3b8
alpha^6,2.2580197197676637,0.07079381169341188,0.005635674984262786,1.894921809728104e-13,diagnostic_only_not_theorem_gate,4a09b46da042bd99120c3c23c0cc81b0e6b3f33dd2de64fa567151fb2cf15c72,2f4b8aa5a0edfdafeadf5c67ac561b97ec266443615d65a715c735eac6203ef6,169421e73b25e00e379d0a24e476d5f26da19186f48a179e3a8bf83ce889b3b8
alpha^6,2.3071071049800045,0.07052285333879654,0.0054019447001770575,1.8894984203952015e-13,diagnostic_only_not_theorem_gate,4a09b46da042bd99120c3c23c0cc81b0e6b3f33dd2de64fa567151fb2cf15c72,2f4b8aa5a0edfdafeadf5c67ac561b97ec266443615d65a715c735eac6203ef6,169421e73b25e00e379d0a24e476d5f26da19186f48a179e3a8bf83ce889b3b8
alpha^6,2.356194490192345,0.07026368996684587,0.005155200658154131,1.8834057299254152e-13,diagnostic_only_not_theorem_gate,4a09b46da042bd99120c3c23c0cc81b0e6b3f33dd2de64fa567151fb2cf15c72,2f4b8aa5a0edfdafeadf5c67ac561b97ec266443615d65a715c735eac6203ef6,169421e73b25e00e379d0a24e476d5f26da19186f48a179e3a8bf83ce889b3b8
alpha^6,2.405281875404685,0.07001694592482294,0.0048960372862034635,1.8768356854066649e-13,diagnostic_only_not_theorem_gate,4a09b46da042bd99120c3c23c0cc81b0e6b3f33dd2de64fa567151fb2cf15c72,2f4b8aa5a0edfdafeadf5c67ac561b97ec266443615d65a715c735eac6203ef6,169421e73b25e00e379d0a24e476d5f26da19186f48a179e3a8bf83ce889b3b8
alpha^6,2.454369260617026,0.06978321564073721,0.004625078931588112,1.86982655588778e-13,diagnostic_only_not_theorem_gate,4a09b46da042bd99120c3c23c0cc81b0e6b3f33dd2de64fa567151fb2cf15c72,2f4b8aa5a0edfdafeadf5c67ac561b97ec266443615d65a715c735eac6203ef6,169421e73b25e00e379d0a24e476d5f26da19186f48a179e3a8bf83ce889b3b8
alpha^6,2.5034566458293663,0.0695630621913154,0.0043429783567174975,1.8625085770583763e-13,diagnostic_only_not_theorem_gate,4a09b46da042bd99120c3c23c0cc81b0e6b3f33dd2de64fa567151fb2cf15c72,2f4b8aa5a0edfdafeadf5c67ac561b97ec266443615d65a715c735eac6203ef6,169421e73b25e00e379d0a24e476d5f26da19186f48a179e3a8bf83ce889b3b8
alpha^6,2.552544031041707,0.06935701594550034,0.004050415166585572,1.8551688356660904e-13,diagnostic_only_not_theorem_gate,4a09b46da042bd99120c3c23c0cc81b0e6b3f33dd2de64fa567151fb2cf15c72,2f4b8aa5a0edfdafeadf5c67ac561b97ec266443615d65a715c735eac6203ef6,169421e73b25e00e379d0a24e476d5f26da19186f48a179e3a8bf83ce889b3b8
alpha^6,2.6016314162540475,0.06916557328674569,0.003748094171542875,1.8477163918010777e-13,diagnostic_only_not_theorem_gate,4a09b46da042bd99120c3c23c0cc81b0e6b3f33dd2de64fa567151fb2cf15c72,2f4b8aa5a0edfdafeadf5c67ac561b97ec266443615d65a715c735eac6203ef6,169421e73b25e00e379d0a24e476d5f26da19186f48a179e3a8bf83ce889b3b8
alpha^6,2.650718801466388,0.06898919541718482,0.003436743689346656,1.8404901325446076e-13,diagnostic_only_not_theorem_gate,4a09b46da042bd99120c3c23c0cc81b0e6b3f33dd2de64fa567151fb2cf15c72,2f4b8aa5a0edfdafeadf5c67ac561b97ec266443615d65a715c735eac6203ef6,169421e73b25e00e379d0a24e476d5f26da19186f48a179e3a8bf83ce889b3b8
alpha^6,2.6998061866787286,0.06882830724655435,0.0031171137905796026,1.8335428867968743e-13,diagnostic_only_not_theorem_gate,4a09b46da042bd99120c3c23c0cc81b0e6b3f33dd2de64fa567151fb2cf15c72,2f4b8aa5a0edfdafeadf5c67ac561b97ec266443615d65a715c735eac6203ef6,169421e73b25e00e379d0a24e476d5f26da19186f48a179e3a8bf83ce889b3b8
alpha^6,2.748893571891069,0.06868329636854949,0.0027899744916641245,1.8268674146319287e-13,diagnostic_only_not_theorem_gate,4a09b46da042bd99120c3c23c0cc81b0e6b3f33dd2de64fa567151fb2cf15c72,2f4b8aa5a0edfdafeadf5c67ac561b97ec266443615d65a715c735eac6203ef6,169421e73b25e00e379d0a24e476d5f26da19186f48a179e3a8bf83ce889b3b8
alpha^6,2.7979809571034093,0.06855451212707679,0.0024561138998253234,1.820912424864569e-13,diagnostic_only_not_theorem_gate,4a09b46da042bd99120c3c23c0cc81b0e6b3f33dd2de64fa567151fb2cf15c72,2f4b8aa5a0edfdafeadf5c67ac561b97ec266443615d65a715c735eac6203ef6,169421e73b25e00e379d0a24e476d5f26da19186f48a179e3a8bf83ce889b3b8
alpha^6,2.84706834231575,0.06844226477465415,0.0021163363144716704,1.815362084856354e-13,diagnostic_only_not_theorem_gate,4a09b46da042bd99120c3c23c0cc81b0e6b3f33dd2de64fa567151fb2cf15c72,2f4b8aa5a0edfdafeadf5c67ac561b97ec266443615d65a715c735eac6203ef6,169421e73b25e00e379d0a24e476d5f26da19186f48a179e3a8bf83ce889b3b8
alpha^6,2.8961557275280905,0.06834682472498523,0.0017714602895672904,1.810563609269559e-13,diagnostic_only_not_theorem_gate,4a09b46da042bd99120c3c23c0cc81b0e6b3f33dd2de64fa567151fb2cf15c72,2f4b8aa5a0edfdafeadf5c67ac561b97ec266443615d65a715c735eac6203ef6,169421e73b25e00e379d0a24e476d5f26da19186f48a179e3a8bf83ce889b3b8
alpha^6,2.945243112740431,0.06826842190150927,0.0014223166616637464,1.8065331110227402e-13,diagnostic_only_not_theorem_gate,4a09b46da042bd99120c3c23c0cc81b0e6b3f33dd2de64fa567151fb2cf15c72,2f4b8aa5a0edfdafeadf5c67ac561b97ec266443615d65a715c735eac6203ef6,169421e73b25e00e379d0a24e476d5f26da19186f48a179e3a8bf83ce889b3b8
alpha^6,2.9943304979527716,0.06820724518349527,0.0010697465483420255,1.8033690505788266e-13,diagnostic_only_not_theorem_gate,4a09b46da042bd99120c3c23c0cc81b0e6b3f33dd2de64fa567151fb2cf15c72,2f4b8aa5a0edfdafeadf5c67ac561b97ec266443615d65a715c735eac6203ef6,169421e73b25e00e379d0a24e476d5f26da19186f48a179e3a8bf83ce889b3b8
alpha^6,3.043417883165112,0.06816344195101541,0.0007145993218866204,1.8010540791475675e-13,diagnostic_only_not_theorem_gate,4a09b46da042bd99120c3c23c0cc81b0e6b3f33dd2de64fa567151fb2cf15c72,2f4b8aa5a0edfdafeadf5c67ac561b97ec266443615d65a715c735eac6203ef6,169421e73b25e00e379d0a24e476d5f26da19186f48a179e3a8bf83ce889b3b8
alpha^6,3.0925052683774528,0.06813711772989342,0.0003577305630732792,1.7996103577100884e-13,diagnostic_only_not_theorem_gate,4a09b46da042bd99120c3c23c0cc81b0e6b3f33dd2de64fa567151fb2cf15c72,2f4b8aa5a0edfdafeadf5c67ac561b97ec266443615d65a715c735eac6203ef6,169421e73b25e00e379d0a24e476d5f26da19186f48a179e3a8bf83ce889b3b8
alpha^6,3.141592653589793,0.06812833593748371,8.92835446207554e-19,1.7991898467672667e-13,diagnostic_only_not_theorem_gate,4a09b46da042bd99120c3c23c0cc81b0e6b3f33dd2de64fa567151fb2cf15c72,2f4b8aa5a0edfdafeadf5c67ac561b97ec266443615d65a715c735eac6203ef6,169421e73b25e00e379d0a24e476d5f26da19186f48a179e3a8bf83ce889b3b8
alpha^6,3.1906800388021335,0.06813711772989342,-0.0003577305630732774,1.7996186855529498e-13,diagnostic_only_not_theorem_gate,4a09b46da042bd99120c3c23c0cc81b0e6b3f33dd2de64fa567151fb2cf15c72,2f4b8aa5a0edfdafeadf5c67ac561b97ec266443615d65a715c735eac6203ef6,169421e73b25e00e379d0a24e476d5f26da19186f48a179e3a8bf83ce889b3b8
alpha^6,3.2397674240144743,0.06816344195101541,-0.0007145993218866187,1.8010230471955822e-13,diagnostic_only_not_theorem_gate,4a09b46da042bd99120c3c23c0cc81b0e6b3f33dd2de64fa567151fb2cf15c72,2f4b8aa5a0edfdafeadf5c67ac561b97ec266443615d65a715c735eac6203ef6,169421e73b25e00e379d0a24e476d5f26da19186f48a179e3a8bf83ce889b3b8
alpha^6,3.2888548092268146,0.06820724518349527,-0.0010697465483420238,1.8033562595517055e-13,diagnostic_only_not_theorem_gate,4a09b46da042bd99120c3c23c0cc81b0e6b3f33dd2de64fa567151fb2cf15c72,2f4b8aa5a0edfdafeadf5c67ac561b97ec266443615d65a715c735eac6203ef6,169421e73b25e00e379d0a24e476d5f26da19186f48a179e3a8bf83ce889b3b8
alpha^6,3.3379421944391554,0.06826842190150927,-0.0014223166616637447,1.8065563504154444e-13,diagnostic_only_not_theorem_gate,4a09b46da042bd99120c3c23c0cc81b0e6b3f33dd2de64fa567151fb2cf15c72,2f4b8aa5a0edfdafeadf5c67ac561b97ec266443615d65a715c735eac6203ef6,169421e73b25e00e379d0a24e476d5f26da19186f48a179e3a8bf83ce889b3b8
alpha^6,3.3870295796514958,0.06834682472498523,-0.0017714602895672884,1.8105604055910886e-13,diagnostic_only_not_theorem_gate,4a09b46da042bd99120c3c23c0cc81b0e6b3f33dd2de64fa567151fb2cf15c72,2f4b8aa5a0edfdafeadf5c67ac561b97ec266443615d65a715c735eac6203ef6,169421e73b25e00e379d0a24e476d5f26da19186f48a179e3a8bf83ce889b3b8
alpha^6,3.436116964863836,0.06844226477465415,-0.0021163363144716687,1.81536540893697e-13,diagnostic_only_not_theorem_gate,4a09b46da042bd99120c3c23c0cc81b0e6b3f33dd2de64fa567151fb2cf15c72,2f4b8aa5a0edfdafeadf5c67ac561b97ec266443615d65a715c735eac6203ef6,169421e73b25e00e379d0a24e476d5f26da19186f48a179e3a8bf83ce889b3b8
alpha^6,3.485204350076177,0.06855451212707679,-0.0024561138998253217,1.820920607898222e-13,diagnostic_only_not_theorem_gate,4a09b46da042bd99120c3c23c0cc81b0e6b3f33dd2de64fa567151fb2cf15c72,2f4b8aa5a0edfdafeadf5c67ac561b97ec266443615d65a715c735eac6203ef6,169421e73b25e00e379d0a24e476d5f26da19186f48a179e3a8bf83ce889b3b8
alpha^6,3.5342917352885173,0.06868329636854949,-0.002789974491664123,1.8268550209864878e-13,diagnostic_only_not_theorem_gate,4a09b46da042bd99120c3c23c0cc81b0e6b3f33dd2de64fa567151fb2cf15c72,2f4b8aa5a0edfdafeadf5c67ac561b97ec266443615d65a715c735eac6203ef6,169421e73b25e00e379d0a24e476d5f26da19186f48a179e3a8bf83ce889b3b8
alpha^6,3.5833791205008576,0.06882830724655435,-0.0031171137905796013,1.8335377891466878e-13,diagnostic_only_not_theorem_gate,4a09b46da042bd99120c3c23c0cc81b0e6b3f33dd2de64fa567151fb2cf15c72,2f4b8aa5a0edfdafeadf5c67ac561b97ec266443615d65a715c735eac6203ef6,169421e73b25e00e379d0a24e476d5f26da19186f48a179e3a8bf83ce889b3b8
alpha^6,3.6324665057131984,0.06898919541718482,-0.0034367436893466543,1.840491234805026e-13,diagnostic_only_not_theorem_gate,4a09b46da042bd99120c3c23c0cc81b0e6b3f33dd2de64fa567151fb2cf15c72,2f4b8aa5a0edfdafeadf5c67ac561b97ec266443615d65a715c735eac6203ef6,169421e73b25e00e379d0a24e476d5f26da19186f48a179e3a8bf83ce889b3b8
alpha^6,3.6815538909255388,0.06916557328674569,-0.003748094171542873,1.8476804817869017e-13,diagnostic_only_not_theorem_gate,4a09b46da042bd99120c3c23c0cc81b0e6b3f33dd2de64fa567151fb2cf15c72,2f4b8aa5a0edfdafeadf5c67ac561b97ec266443615d65a715c735eac6203ef6,169421e73b25e00e379d0a24e476d5f26da19186f48a179e3a8bf83ce889b3b8
alpha^6,3.730641276137879,0.06935701594550034,-0.00405041516658557,1.8551585881989058e-13,diagnostic_only_not_theorem_gate,4a09b46da042bd99120c3c23c0cc81b0e6b3f33dd2de64fa567151fb2cf15c72,2f4b8aa5a0edfdafeadf5c67ac561b97ec266443615d65a715c735eac6203ef6,169421e73b25e00e379d0a24e476d5f26da19186f48a179e3a8bf83ce889b3b8
alpha^6,3.77972866135022,0.0695630621913154,-0.004342978356717496,1.862499304846525e-13,diagnostic_only_not_theorem_gate,4a09b46da042bd99120c3c23c0cc81b0e6b3f33dd2de64fa567151fb2cf15c72,2f4b8aa5a0edfdafeadf5c67ac561b97ec266443615d65a715c735eac6203ef6,169421e73b25e00e379d0a24e476d5f26da19186f48a179e3a8bf83ce889b3b8
alpha^6,3.8288160465625602,0.06978321564073721,-0.00462507893158811,1.8698288812455984e-13,diagnostic_only_not_theorem_gate,4a09b46da042bd99120c3c23c0cc81b0e6b3f33dd2de64fa567151fb2cf15c72,2f4b8aa5a0edfdafeadf5c67ac561b97ec266443615d65a715c735eac6203ef6,169421e73b25e00e379d0a24e476d5f26da19186f48a179e3a8bf83ce889b3b8
alpha^6,3.877903431774901,0.07001694592482294,-0.004896037286203463,1.8768136150174238e-13,diagnostic_only_not_theorem_gate,4a09b46da042bd99120c3c23c0cc81b0e6b3f33dd2de64fa567151fb2cf15c72,2f4b8aa5a0edfdafeadf5c67ac561b97ec266443615d65a715c735eac6203ef6,169421e73b25e00e379d0a24e476d5f26da19186f48a179e3a8bf83ce889b3b8
alpha^6,3.9269908169872414,0.07026368996684587,-0.0051552006581541306,1.8833942326667544e-13,diagnostic_only_not_theorem_gate,4a09b46da042bd99120c3c23c0cc81b0e6b3f33dd2de64fa567151fb2cf15c72,2f4b8aa5a0edfdafeadf5c67ac561b97ec266443615d65a715c735eac6203ef6,169421e73b25e00e379d0a24e476d5f26da19186f48a179e3a8bf83ce889b3b8
alpha^6,3.9760782021995817,0.07052285333879653,-0.005401944700177057,1.8894974624382774e-13,diagnostic_only_not_theorem_gate,4a09b46da042bd99120c3c23c0cc81b0e6b3f33dd2de64fa567151fb2cf15c72,2f4b8aa5a0edfdafeadf5c67ac561b97ec266443615d65a715c735eac6203ef6,169421e73b25e00e379d0a24e476d5f26da19186f48a179e3a8bf83ce889b3b8
alpha^6,4.025165587411922,0.07079381169341188,-0.005635674984262783,1.8949150450474427e-13,diagnostic_only_not_theorem_gate,4a09b46da042bd99120c3c23c0cc81b0e6b3f33dd2de64fa567151fb2cf15c72,2f4b8aa5a0edfdafeadf5c67ac561b97ec266443615d65a715c735eac6203ef6,169421e73b25e00e379d0a24e476d5f26da19186f48a179e3a8bf83ce889b3b8
alpha^6,4.074252972624263,0.0710759122682825,-0.005855828433684595,1.8994802321482252e-13,diagnostic_only_not_theorem_gate,4a09b46da042bd99120c3c23c0cc81b0e6b3f33dd2de64fa567151fb2cf15c72,2f4b8aa5a0edfdafeadf5c67ac561b97ec266443615d65a715c735eac6203ef6,169421e73b25e00e379d0a24e476d5f26da19186f48a179e3a8bf83ce889b3b8
alpha^6,4.123340357836604,0.07136847545841443,-0.006061874679499663,1.9030007368278177e-13,diagnostic_only_not_theorem_gate,4a09b46da042bd99120c3c23c0cc81b0e6b3f33dd2de64fa567151fb2cf15c72,2f4b8aa5a0edfdafeadf5c67ac561b97ec266443615d65a715c735eac6203ef6,169421e73b25e00e379d0a24e476d5f26da19186f48a179e3a8bf83ce889b3b8
alpha^6,4.172427743048944,0.07167079645345713,-0.006253317338254304,1.9054661490226108e-13,diagnostic_only_not_theorem_gate,4a09b46da042bd99120c3c23c0cc81b0e6b3f33dd2de64fa567151fb2cf15c72,2f4b8aa5a0edfdafeadf5c67ac561b97ec266443615d65a715c735eac6203ef6,169421e73b25e00e379d0a24e476d5f26da19186f48a179e3a8bf83ce889b3b8
alpha^6,4.221515128261284,0.07198214693565334,-0.006429695207815182,1.9067269368769948e-13,diagnostic_only_not_theorem_gate,4a09b46da042bd99120c3c23c0cc81b0e6b3f33dd2de64fa567151fb2cf15c72,2f4b8aa5a0edfdafeadf5c67ac561b97ec266443615d65a715c735eac6203ef6,169421e73b25e00e379d0a24e476d5f26da19186f48a179e3a8bf83ce889b3b8
alpha^6,4.270602513473625,0.07230177683442039,-0.006590583378445644,1.9065784348525773e-13,diagnostic_only_not_theorem_gate,4a09b46da042bd99120c3c23c0cc81b0e6b3f33dd2de64fa567151fb2cf15c72,2f4b8aa5a0edfdafeadf5c67ac561b97ec266443615d65a715c735eac6203ef6,169421e73b25e00e379d0a24e476d5f26da19186f48a179e3a8bf83ce889b3b8
alpha^6,4.319689898685965,0.07262891613333587,-0.006735594256450507,1.905001607255973e-13,diagnostic_only_not_theorem_gate,4a09b46da042bd99120c3c23c0cc81b0e6b3f33dd2de64fa567151fb2cf15c72,2f4b8aa5a0edfdafeadf5c67ac561b97ec266443615d65a715c735eac6203ef6,169421e73b25e00e379d0a24e476d5f26da19186f48a179e3a8bf83ce889b3b8
alpha^6,4.368777283898306,0.07296277672517468,-0.006864378497923204,1.9017970292445263e-13,diagnostic_only_not_theorem_gate,4a09b46da042bd99120c3c23c0cc81b0e6b3f33dd2de64fa567151fb2cf15c72,2f4b8aa5a0edfdafeadf5c67ac561b97ec266443615d65a715c735eac6203ef6,169421e73b25e00e379d0a24e476d5f26da19186f48a179e3a8bf83ce889b3b8
alpha^6,4.417864669110647,0.07330255431052833,-0.0069766258503458555,1.8969875225560415e-13,diagnostic_only_not_theorem_gate,4a09b46da042bd99120c3c23c0cc81b0e6b3f33dd2de64fa567151fb2cf15c72,2f4b8aa5a0edfdafeadf5c67ac561b97ec266443615d65a715c735eac6203ef6,169421e73b25e00e379d0a24e476d5f26da19186f48a179e3a8bf83ce889b3b8
alpha^6,4.466952054322987,0.07364743033543271,-0.007072065900014772,1.8903374698163215e-13,diagnostic_only_not_theorem_gate,4a09b46da042bd99120c3c23c0cc81b0e6b3f33dd2de64fa567151fb2cf15c72,2f4b8aa5a0edfdafeadf5c67ac561b97ec266443615d65a715c735eac6203ef6,169421e73b25e00e379d0a24e476d5f26da19186f48a179e3a8bf83ce889b3b8
alpha^6,4.516039439535327,0.07399657396333625,-0.007150468723490738,1.8818875457679534e-13,diagnostic_only_not_theorem_gate,4a09b46da042bd99120c3c23c0cc81b0e6b3f33dd2de64fa567151fb2cf15c72,2f4b8aa5a0edfdafeadf5c67ac561b97ec266443615d65a715c735eac6203ef6,169421e73b25e00e379d0a24e476d5f26da19186f48a179e3a8bf83ce889b3b8
alpha^6,4.565126824747668,0.07434914407665796,-0.007211645441504725,1.8716136880180859e-13,diagnostic_only_not_theorem_gate,4a09b46da042bd99120c3c23c0cc81b0e6b3f33dd2de64fa567151fb2cf15c72,2f4b8aa5a0edfdafeadf5c67ac561b97ec266443615d65a715c735eac6203ef6,169421e73b25e00e379d0a24e476d5f26da19186f48a179e3a8bf83ce889b3b8
alpha^6,4.614214209960009,0.07470429130311339,-0.007255448673984591,1.859362812664365e-13,diagnostic_only_not_theorem_gate,4a09b46da042bd99120c3c23c0cc81b0e6b3f33dd2de64fa567151fb2cf15c72,2f4b8aa5a0edfdafeadf5c67ac561b97ec266443615d65a715c735eac6203ef6,169421e73b25e00e379d0a24e476d5f26da19186f48a179e3a8bf83ce889b3b8
alpha^6,4.663301595172349,0.07506116006192672,-0.007281772895106579,1.845312199583569e-13,diagnostic_only_not_theorem_gate,4a09b46da042bd99120c3c23c0cc81b0e6b3f33dd2de64fa567151fb2cf15c72,2f4b8aa5a0edfdafeadf5c67ac561b97ec266443615d65a715c735eac6203ef6,169421e73b25e00e379d0a24e476d5f26da19186f48a179e3a8bf83ce889b3b8
alpha^6,4.71238898038469,0.075418890625,-0.007290554687516278,1.8291357352924113e-13,diagnostic_only_not_theorem_gate,4a09b46da042bd99120c3c23c0cc81b0e6b3f33dd2de64fa567151fb2cf15c72,2f4b8aa5a0edfdafeadf5c67ac561b97ec266443615d65a715c735eac6203ef6,169421e73b25e00e379d0a24e476d5f26da19186f48a179e3a8bf83ce889b3b8
alpha^6,4.76147636559703,0.07577662118807328,-0.007281772895106579,1.8110460431894354e-13,diagnostic_only_not_theorem_gate,4a09b46da042bd99120c3c23c0cc81b0e6b3f33dd2de64fa567151fb2cf15c72,2f4b8aa5a0edfdafeadf5c67ac561b97ec266443615d65a715c735eac6203ef6,169421e73b25e00e379d0a24e476d5f26da19186f48a179e3a8bf83ce889b3b8
alpha^6,4.81056375080937,0.07613348994688661,-0.007255448673984591,1.791047252144407e-13,diagnostic_only_not_theorem_gate,4a09b46da042bd99120c3c23c0cc81b0e6b3f33dd2de64fa567151fb2cf15c72,2f4b8aa5a0edfdafeadf5c67ac561b97ec266443615d65a715c735eac6203ef6,169421e73b25e00e379d0a24e476d5f26da19186f48a179e3a8bf83ce889b3b8
alpha^6,4.859651136021712,0.07648863717334202,-0.007211645441504725,1.7691470792164623e-13,diagnostic_only_not_theorem_gate,4a09b46da042bd99120c3c23c0cc81b0e6b3f33dd2de64fa567151fb2cf15c72,2f4b8aa5a0edfdafeadf5c67ac561b97ec266443615d65a715c735eac6203ef6,169421e73b25e00e379d0a24e476d5f26da19186f48a179e3a8bf83ce889b3b8
alpha^6,4.908738521234052,0.07684120728666374,-0.007150468723490739,1.7453642156975694e-13,diagnostic_only_not_theorem_gate,4a09b46da042bd99120c3c23c0cc81b0e6b3f33dd2de64fa567151fb2cf15c72,2f4b8aa5a0edfdafeadf5c67ac561b97ec266443615d65a715c735eac6203ef6,169421e73b25e00e379d0a24e476d5f26da19186f48a179e3a8bf83ce889b3b8
alpha^6,4.957825906446392,0.07719035091456729,-0.007072065900014772,1.719698590412962e-13,diagnostic_only_not_theorem_gate,4a09b46da042bd99120c3c23c0cc81b0e6b3f33dd2de64fa567151fb2cf15c72,2f4b8aa5a0edfdafeadf5c67ac561b97ec266443615d65a715c735eac6203ef6,169421e73b25e00e379d0a24e476d5f26da19186f48a179e3a8bf83ce889b3b8
alpha^6,5.006913291658733,0.07753522693947167,-0.006976625850345856,1.6923424012088534e-13,diagnostic_only_not_theorem_gate,4a09b46da042bd99120c3c23c0cc81b0e6b3f33dd2de64fa567151fb2cf15c72,2f4b8aa5a0edfdafeadf5c67ac561b97ec266443615d65a715c735eac6203ef6,169421e73b25e00e379d0a24e476d5f26da19186f48a179e3a8bf83ce889b3b8
alpha^6,5.056000676871073,0.07787500452482532,-0.006864378497923205,1.6633526628028216e-13,diagnostic_only_not_theorem_gate,4a09b46da042bd99120c3c23c0cc81b0e6b3f33dd2de64fa567151fb2cf15c72,2f4b8aa5a0edfdafeadf5c67ac561b97ec266443615d65a715c735eac6203ef6,169421e73b25e00e379d0a24e476d5f26da19186f48a179e3a8bf83ce889b3b8
alpha^6,5.105088062083414,0.07820886511666413,-0.006735594256450508,1.6328220995949878e-13,diagnostic_only_not_theorem_gate,4a09b46da042bd99120c3c23c0cc81b0e6b3f33dd2de64fa567151fb2cf15c72,2f4b8aa5a0edfdafeadf5c67ac561b97ec266443615d65a715c735eac6203ef6,169421e73b25e00e379d0a24e476d5f26da19186f48a179e3a8bf83ce889b3b8
alpha^6,5.154175447295755,0.0785360044155796,-0.006590583378445646,1.6007883199502378e-13,diagnostic_only_not_theorem_gate,4a09b46da042bd99120c3c23c0cc81b0e6b3f33dd2de64fa567151fb2cf15c72,2f4b8aa5a0edfdafeadf5c67ac561b97ec266443615d65a715c735eac6203ef6,169421e73b25e00e379d0a24e476d5f26da19186f48a179e3a8bf83ce889b3b8
alpha^6,5.203262832508095,0.07885563431434665,-0.006429695207815183,1.5674941232427764e-13,diagnostic_only_not_theorem_gate,4a09b46da042bd99120c3c23c0cc81b0e6b3f33dd2de64fa567151fb2cf15c72,2f4b8aa5a0edfdafeadf5c67ac561b97ec266443615d65a715c735eac6203ef6,169421e73b25e00e379d0a24e476d5f26da19186f48a179e3a8bf83ce889b3b8
alpha^6,5.252350217720435,0.07916698479654287,-0.006253317338254306,1.5329983258833584e-13,diagnostic_only_not_theorem_gate,4a09b46da042bd99120c3c23c0cc81b0e6b3f33dd2de64fa567151fb2cf15c72,2f4b8aa5a0edfdafeadf5c67ac561b97ec266443615d65a715c735eac6203ef6,169421e73b25e00e379d0a24e476d5f26da19186f48a179e3a8bf83ce889b3b8
alpha^6,5.301437602932776,0.07946930579158556,-0.006061874679499665,1.4974864053248193e-13,diagnostic_only_not_theorem_gate,4a09b46da042bd99120c3c23c0cc81b0e6b3f33dd2de64fa567151fb2cf15c72,2f4b8aa5a0edfdafeadf5c67ac561b97ec266443615d65a715c735eac6203ef6,169421e73b25e00e379d0a24e476d5f26da19186f48a179e3a8bf83ce889b3b8
alpha^6,5.350524988145116,0.0797618689817175,-0.0058558284336845965,1.4611471996458053e-13,diagnostic_only_not_theorem_gate,4a09b46da042bd99120c3c23c0cc81b0e6b3f33dd2de64fa567151fb2cf15c72,2f4b8aa5a0edfdafeadf5c67ac561b97ec266443615d65a715c735eac6203ef6,169421e73b25e00e379d0a24e476d5f26da19186f48a179e3a8bf83ce889b3b8
alpha^6,5.399612373357457,0.08004396955658812,-0.005635674984262784,1.4241096410422736e-13,diagnostic_only_not_theorem_gate,4a09b46da042bd99120c3c23c0cc81b0e6b3f33dd2de64fa567151fb2cf15c72,2f4b8aa5a0edfdafeadf5c67ac561b97ec266443615d65a715c735eac6203ef6,169421e73b25e00e379d0a24e476d5f26da19186f48a179e3a8bf83ce889b3b8
alpha^6,5.448699758569798,0.08031492791120345,-0.005401944700177058,1.3865968055957506e-13,diagnostic_only_not_theorem_gate,4a09b46da042bd99120c3c23c0cc81b0e6b3f33dd2de64fa567151fb2cf15c72,2f4b8aa5a0edfdafeadf5c67ac561b97ec266443615d65a715c735eac6203ef6,169421e73b25e00e379d0a24e476d5f26da19186f48a179e3a8bf83ce889b3b8
alpha^6,5.497787143782138,0.08057409128315413,-0.005155200658154132,1.3488545550780639e-13,diagnostic_only_not_theorem_gate,4a09b46da042bd99120c3c23c0cc81b0e6b3f33dd2de64fa567151fb2cf15c72,2f4b8aa5a0edfdafeadf5c67ac561b97ec266443615d65a715c735eac6203ef6,169421e73b25e00e379d0a24e476d5f26da19186f48a179e3a8bf83ce889b3b8
alpha^6,5.546874528994478,0.08082083532517706,-0.004896037286203464,1.3111124266521227e-13,diagnostic_only_not_theorem_gate,4a09b46da042bd99120c3c23c0cc81b0e6b3f33dd2de64fa567151fb2cf15c72,2f4b8aa5a0edfdafeadf5c67ac561b97ec266443615d65a715c735eac6203ef6,169421e73b25e00e379d0a24e476d5f26da19186f48a179e3a8bf83ce889b3b8
alpha^6,5.595961914206819,0.08105456560926277,-0.004625078931588115,1.273527218346166e-13,diagnostic_only_not_theorem_gate,4a09b46da042bd99120c3c23c0cc81b0e6b3f33dd2de64fa567151fb2cf15c72,2f4b8aa5a0edfdafeadf5c67ac561b97ec266443615d65a715c735eac6203ef6,169421e73b25e00e379d0a24e476d5f26da19186f48a179e3a8bf83ce889b3b8
alpha^6,5.64504929941916,0.0812747190586846,-0.004342978356717496,1.2364669677850143e-13,diagnostic_only_not_theorem_gate,4a09b46da042bd99120c3c23c0cc81b0e6b3f33dd2de64fa567151fb2cf15c72,2f4b8aa5a0edfdafeadf5c67ac561b97ec266443615d65a715c735eac6203ef6,169421e73b25e00e379d0a24e476d5f26da19186f48a179e3a8bf83ce889b3b8
alpha^6,5.6941366846315,0.08148076530449966,-0.004050415166585572,1.200124698062898e-13,diagnostic_only_not_theorem_gate,4a09b46da042bd99120c3c23c0cc81b0e6b3f33dd2de64fa567151fb2cf15c72,2f4b8aa5a0edfdafeadf5c67ac561b97ec266443615d65a715c735eac6203ef6,169421e73b25e00e379d0a24e476d5f26da19186f48a179e3a8bf83ce889b3b8
alpha^6,5.743224069843841,0.0816722079632543,-0.003748094171542876,1.1648705632150786e-13,diagnostic_only_not_theorem_gate,4a09b46da042bd99120c3c23c0cc81b0e6b3f33dd2de64fa567151fb2cf15c72,2f4b8aa5a0edfdafeadf5c67ac561b97ec266443615d65a715c735eac6203ef6,169421e73b25e00e379d0a24e476d5f26da19186f48a179e3a8bf83ce889b3b8
alpha^6,5.792311455056181,0.08184858583281518,-0.003436743689346656,1.1309489819954829e-13,diagnostic_only_not_theorem_gate,4a09b46da042bd99120c3c23c0cc81b0e6b3f33dd2de64fa567151fb2cf15c72,2f4b8aa5a0edfdafeadf5c67ac561b97ec266443615d65a715c735eac6203ef6,169421e73b25e00e379d0a24e476d5f26da19186f48a179e3a8bf83ce889b3b8
alpha^6,5.841398840268521,0.08200947400344565,-0.0031171137905796065,1.0987297342360781e-13,diagnostic_only_not_theorem_gate,4a09b46da042bd99120c3c23c0cc81b0e6b3f33dd2de64fa567151fb2cf15c72,2f4b8aa5a0edfdafeadf5c67ac561b97ec266443615d65a715c735eac6203ef6,169421e73b25e00e379d0a24e476d5f26da19186f48a179e3a8bf83ce889b3b8
alpha^6,5.890486225480862,0.08215448488145051,-0.002789974491664128,1.0686313312635606e-13,diagnostic_only_not_theorem_gate,4a09b46da042bd99120c3c23c0cc81b0e6b3f33dd2de64fa567151fb2cf15c72,2f4b8aa5a0edfdafeadf5c67ac561b97ec266443615d65a715c735eac6203ef6,169421e73b25e00e379d0a24e476d5f26da19186f48a179e3a8bf83ce889b3b8
alpha^6,5.939573610693203,0.0822832691229232,-0.0024561138998253212,1.0409124468857514e-13,diagnostic_only_not_theorem_gate,4a09b46da042bd99120c3c23c0cc81b0e6b3f33dd2de64fa567151fb2cf15c72,2f4b8aa5a0edfdafeadf5c67ac561b97ec266443615d65a715c735eac6203ef6,169421e73b25e00e379d0a24e476d5f26da19186f48a179e3a8bf83ce889b3b8
alpha^6,5.988660995905543,0.08239551647534585,-0.0021163363144716713,1.0159333151228448e-13,diagnostic_only_not_theorem_gate,4a09b46da042bd99120c3c23c0cc81b0e6b3f33dd2de64fa567151fb2cf15c72,2f4b8aa5a0edfdafeadf5c67ac561b97ec266443615d65a715c735eac6203ef6,169421e73b25e00e379d0a24e476d5f26da19186f48a179e3a8bf83ce889b3b8
alpha^6,6.037748381117884,0.08249095652501477,-0.001771460289567291,9.940937404876062e-14,diagnostic_only_not_theorem_gate,4a09b46da042bd99120c3c23c0cc81b0e6b3f33dd2de64fa567151fb2cf15c72,2f4b8aa5a0edfdafeadf5c67ac561b97ec266443615d65a715c735eac6203ef6,169421e73b25e00e379d0a24e476d5f26da19186f48a179e3a8bf83ce889b3b8
alpha^6,6.086835766330224,0.08256935934849073,-0.0014223166616637473,9.756891064241003e-14,diagnostic_only_not_theorem_gate,4a09b46da042bd99120c3c23c0cc81b0e6b3f33dd2de64fa567151fb2cf15c72,2f4b8aa5a0edfdafeadf5c67ac561b97ec266443615d65a715c735eac6203ef6,169421e73b25e00e379d0a24e476d5f26da19186f48a179e3a8bf83ce889b3b8
alpha^6,6.135923151542564,0.08263053606650472,-0.0010697465483420297,9.610639880390518e-14,diagnostic_only_not_theorem_gate,4a09b46da042bd99120c3c23c0cc81b0e6b3f33dd2de64fa567151fb2cf15c72,2f4b8aa5a0edfdafeadf5c67ac561b97ec266443615d65a715c735eac6203ef6,169421e73b25e00e379d0a24e476d5f26da19186f48a179e3a8bf83ce889b3b8
alpha^6,6.1850105367549055,0.08267433929898459,-0.0007145993218866182,9.503886163979208e-14,diagnostic_only_not_theorem_gate,4a09b46da042bd99120c3c23c0cc81b0e6b3f33dd2de64fa567151fb2cf15c72,2f4b8aa5a0edfdafeadf5c67ac561b97ec266443615d65a715c735eac6203ef6,169421e73b25e00e379d0a24e476d5f26da19186f48a179e3a8bf83ce889b3b8
alpha^6,6.234097921967246,0.08270066352010658,-0.00035773056307328006,9.439146622484859e-14,diagnostic_only_not_theorem_gate,4a09b46da042bd99120c3c23c0cc81b0e6b3f33dd2de64fa567151fb2cf15c72,2f4b8aa5a0edfdafeadf5c67ac561b97ec266443615d65a715c735eac6203ef6,169421e73b25e00e379d0a24e476d5f26da19186f48a179e3a8bf83ce889b3b8
alpha^7,0.0,0.0576011777147348,0.0,2.5434316782933835e-13,diagnostic_only_not_theorem_gate,4a09b46da042bd99120c3c23c0cc81b0e6b3f33dd2de64fa567151fb2cf15c72,2f4b8aa5a0edfdafeadf5c67ac561b97ec266443615d65a715c735eac6203ef6,169421e73b25e00e379d0a24e476d5f26da19186f48a179e3a8bf83ce889b3b8
alpha^7,0.04908738521234052,0.05759084405540859,0.0004209466128226067,2.544660787987062e-13,diagnostic_only_not_theorem_gate,4a09b46da042bd99120c3c23c0cc81b0e6b3f33dd2de64fa567151fb2cf15c72,2f4b8aa5a0edfdafeadf5c67ac561b97ec266443615d65a715c735eac6203ef6,169421e73b25e00e379d0a24e476d5f26da19186f48a179e3a8bf83ce889b3b8
alpha^7,0.09817477042468103,0.057559867972120385,0.000840879128384355,2.548301893191129e-13,diagnostic_only_not_theorem_gate,4a09b46da042bd99120c3c23c0cc81b0e6b3f33dd2de64fa567151fb2cf15c72,2f4b8aa5a0edfdafeadf5c67ac561b97ec266443615d65a715c735eac6203ef6,169421e73b25e00e379d0a24e476d5f26da19186f48a179e3a8bf83ce889b3b8
alpha^7,0.14726215563702155,0.05750832408896801,0.0012587858924735125,2.5542839548145854e-13,diagnostic_only_not_theorem_gate,4a09b46da042bd99120c3c23c0cc81b0e6b3f33dd2de64fa567151fb2cf15c72,2f4b8aa5a0edfdafeadf5c67ac561b97ec266443615d65a715c735eac6203ef6,169421e73b25e00e379d0a24e476d5f26da19186f48a179e3a8bf83ce889b3b8
alpha^7,0.19634954084936207,0.05743633657968071,0.0016736601310910787,2.5625067561474926e-13,diagnostic_only_not_theorem_gate,4a09b46da042bd99120c3c23c0cc81b0e6b3f33dd2de64fa567151fb2cf15c72,2f4b8aa5a0edfdafeadf5c67ac561b97ec266443615d65a715c735eac6203ef6,169421e73b25e00e379d0a24e476d5f26da19186f48a179e3a8bf83ce889b3b8
alpha^7,0.2454369260617026,0.057344078868473695,0.0020845023758575333,2.572804080500836e-13,diagnostic_only_not_theorem_gate,4a09b46da042bd99120c3c23c0cc81b0e6b3f33dd2de64fa567151fb2cf15c72,2f4b8aa5a0edfdafeadf5c67ac561b97ec266443615d65a715c735eac6203ef6,169421e73b25e00e379d0a24e476d5f26da19186f48a179e3a8bf83ce889b3b8
alpha^7,0.2945243112740431,0.05723177321225409,0.002490322871819702,2.584964618352291e-13,diagnostic_only_not_theorem_gate,4a09b46da042bd99120c3c23c0cc81b0e6b3f33dd2de64fa567151fb2cf15c72,2f4b8aa5a0edfdafeadf5c67ac561b97ec266443615d65a715c735eac6203ef6,169421e73b25e00e379d0a24e476d5f26da19186f48a179e3a8bf83ce889b3b8
alpha^7,0.3436116964863836,0.057099690165184555,0.002890143961857136,2.5987897100987113e-13,diagnostic_only_not_theorem_gate,4a09b46da042bd99120c3c23c0cc81b0e6b3f33dd2de64fa567151fb2cf15c72,2f4b8aa5a0edfdafeadf5c67ac561b97ec266443615d65a715c735eac6203ef6,169421e73b25e00e379d0a24e476d5f26da19186f48a179e3a8bf83ce889b3b8
alpha^7,0.39269908169872414,0.05694814792689457,0.003283002441943743,2.6139542130251413e-13,diagnostic_only_not_theorem_gate,4a09b46da042bd99120c3c23c0cc81b0e6b3f33dd2de64fa567151fb2cf15c72,2f4b8aa5a0edfdafeadf5c67ac561b97ec266443615d65a715c735eac6203ef6,169421e73b25e00e379d0a24e476d5f26da19186f48a179e3a8bf83ce889b3b8
alpha^7,0.44178646691106466,0.056777511575909725,0.003667951881590655,2.63020539891613e-13,diagnostic_only_not_theorem_gate,4a09b46da042bd99120c3c23c0cc81b0e6b3f33dd2de64fa567151fb2cf15c72,2f4b8aa5a0edfdafeadf5c67ac561b97ec266443615d65a715c735eac6203ef6,169421e73b25e00e379d0a24e476d5f26da19186f48a179e3a8bf83ce889b3b8
alpha^7,0.4908738521234052,0.05658819219014551,0.004044064903880175,2.647254348661017e-13,diagnostic_only_not_theorem_gate,4a09b46da042bd99120c3c23c0cc81b0e6b3f33dd2de64fa567151fb2cf15c72,2f4b8aa5a0edfdafeadf5c67ac561b97ec266443615d65a715c735eac6203ef6,169421e73b25e00e379d0a24e476d5f26da19186f48a179e3a8bf83ce889b3b8
alpha^7,0.5399612373357456,0.05638064585658466,0.004410435419597996,2.6647121689234043e-13,diagnostic_only_not_theorem_gate,4a09b46da042bd99120c3c23c0cc81b0e6b3f33dd2de64fa567151fb2cf15c72,2f4b8aa5a0edfdafeadf5c67ac561b97ec266443615d65a715c735eac6203ef6,169421e73b25e00e379d0a24e476d5f26da19186f48a179e3a8bf83ce889b3b8
alpha^7,0.5890486225480862,0.05615537257252363,0.004766180810081489,2.682226940102184e-13,diagnostic_only_not_theorem_gate,4a09b46da042bd99120c3c23c0cc81b0e6b3f33dd2de64fa567151fb2cf15c72,2f4b8aa5a0edfdafeadf5c67ac561b97ec266443615d65a715c735eac6203ef6,169421e73b25e00e379d0a24e476d5f26da19186f48a179e3a8bf83ce889b3b8
alpha^7,0.6381360077604268,0.05591291504103532,0.005110444053525362,2.6994228859436916e-13,diagnostic_only_not_theorem_gate,4a09b46da042bd99120c3c23c0cc81b0e6b3f33dd2de64fa567151fb2cf15c72,2f4b8aa5a0edfdafeadf5c67ac561b97ec266443615d65a715c735eac6203ef6,169421e73b25e00e379d0a24e476d5f26da19186f48a179e3a8bf83ce889b3b8
alpha^7,0.6872233929727672,0.05565385736354988,0.005442395789622258,2.716081116983735e-13,diagnostic_only_not_theorem_gate,4a09b46da042bd99120c3c23c0cc81b0e6b3f33dd2de64fa567151fb2cf15c72,2f4b8aa5a0edfdafeadf5c67ac561b97ec266443615d65a715c735eac6203ef6,169421e73b25e00e379d0a24e476d5f26da19186f48a179e3a8bf83ce889b3b8
alpha^7,0.7363107781851077,0.055378823632703134,0.005761236317564384,2.7316235361959505e-13,diagnostic_only_not_theorem_gate,4a09b46da042bd99120c3c23c0cc81b0e6b3f33dd2de64fa567151fb2cf15c72,2f4b8aa5a0edfdafeadf5c67ac561b97ec266443615d65a715c735eac6203ef6,169421e73b25e00e379d0a24e476d5f26da19186f48a179e3a8bf83ce889b3b8
alpha^7,0.7853981633974483,0.0550884764288428,0.006066197522592795,2.745822434910896e-13,diagnostic_only_not_theorem_gate,4a09b46da042bd99120c3c23c0cc81b0e6b3f33dd2de64fa567151fb2cf15c72,2f4b8aa5a0edfdafeadf5c67ac561b97ec266443615d65a715c735eac6203ef6,169421e73b25e00e379d0a24e476d5f26da19186f48a179e3a8bf83ce889b3b8
alpha^7,0.8344855486097889,0.05478351522381439,0.006356544726453132,2.758294962196842e-13,diagnostic_only_not_theorem_gate,4a09b46da042bd99120c3c23c0cc81b0e6b3f33dd2de64fa567151fb2cf15c72,2f4b8aa5a0edfdafeadf5c67ac561b97ec266443615d65a715c735eac6203ef6,169421e73b25e00e379d0a24e476d5f26da19186f48a179e3a8bf83ce889b3b8
alpha^7,0.8835729338221293,0.05446467469587226,0.00663157845729988,2.768676572903688e-13,diagnostic_only_not_theorem_gate,4a09b46da042bd99120c3c23c0cc81b0e6b3f33dd2de64fa567151fb2cf15c72,2f4b8aa5a0edfdafeadf5c67ac561b97ec266443615d65a715c735eac6203ef6,169421e73b25e00e379d0a24e476d5f26da19186f48a179e3a8bf83ce889b3b8
alpha^7,0.9326603190344698,0.054132722959775365,0.006890636134785323,2.776606396724667e-13,diagnostic_only_not_theorem_gate,4a09b46da042bd99120c3c23c0cc81b0e6b3f33dd2de64fa567151fb2cf15c72,2f4b8aa5a0edfdafeadf5c67ac561b97ec266443615d65a715c735eac6203ef6,169421e73b25e00e379d0a24e476d5f26da19186f48a179e3a8bf83ce889b3b8
alpha^7,0.9817477042468103,0.05378845971633149,0.007133093666273625,2.7817331987489087e-13,diagnostic_only_not_theorem_gate,4a09b46da042bd99120c3c23c0cc81b0e6b3f33dd2de64fa567151fb2cf15c72,2f4b8aa5a0edfdafeadf5c67ac561b97ec266443615d65a715c735eac6203ef6,169421e73b25e00e379d0a24e476d5f26da19186f48a179e3a8bf83ce889b3b8
alpha^7,1.030835089459151,0.053432714325847994,0.00735836695033466,2.7839656660149266e-13,diagnostic_only_not_theorem_gate,4a09b46da042bd99120c3c23c0cc81b0e6b3f33dd2de64fa567151fb2cf15c72,2f4b8aa5a0edfdafeadf5c67ac561b97ec266443615d65a715c735eac6203ef6,169421e73b25e00e379d0a24e476d5f26da19186f48a179e3a8bf83ce889b3b8
alpha^7,1.0799224746714913,0.05306634381013018,0.007565913283895512,2.7826986261592373e-13,diagnostic_only_not_theorem_gate,4a09b46da042bd99120c3c23c0cc81b0e6b3f33dd2de64fa567151fb2cf15c72,2f4b8aa5a0edfdafeadf5c67ac561b97ec266443615d65a715c735eac6203ef6,169421e73b25e00e379d0a24e476d5f26da19186f48a179e3a8bf83ce889b3b8
alpha^7,1.1290098598838318,0.05269023078784066,0.007755232669659726,2.7778765863395677e-13,diagnostic_only_not_theorem_gate,4a09b46da042bd99120c3c23c0cc81b0e6b3f33dd2de64fa567151fb2cf15c72,2f4b8aa5a0edfdafeadf5c67ac561b97ec266443615d65a715c735eac6203ef6,169421e73b25e00e379d0a24e476d5f26da19186f48a179e3a8bf83ce889b3b8
alpha^7,1.1780972450961724,0.05230528134819375,0.007925869020644573,2.769227026699976e-13,diagnostic_only_not_theorem_gate,4a09b46da042bd99120c3c23c0cc81b0e6b3f33dd2de64fa567151fb2cf15c72,2f4b8aa5a0edfdafeadf5c67ac561b97ec266443615d65a715c735eac6203ef6,169421e73b25e00e379d0a24e476d5f26da19186f48a179e3a8bf83ce889b3b8
alpha^7,1.227184630308513,0.051912422868107135,0.008077411258934554,2.7565363443046777e-13,diagnostic_only_not_theorem_gate,4a09b46da042bd99120c3c23c0cc81b0e6b3f33dd2de64fa567151fb2cf15c72,2f4b8aa5a0edfdafeadf5c67ac561b97ec266443615d65a715c735eac6203ef6,169421e73b25e00e379d0a24e476d5f26da19186f48a179e3a8bf83ce889b3b8
alpha^7,1.2762720155208536,0.051512601778069704,0.008209494306004093,2.7397294281702203e-13,diagnostic_only_not_theorem_gate,4a09b46da042bd99120c3c23c0cc81b0e6b3f33dd2de64fa567151fb2cf15c72,2f4b8aa5a0edfdafeadf5c67ac561b97ec266443615d65a715c735eac6203ef6,169421e73b25e00e379d0a24e476d5f26da19186f48a179e3a8bf83ce889b3b8
alpha^7,1.325359400733194,0.051106781282107536,0.008321799962223693,2.718504681890259e-13,diagnostic_only_not_theorem_gate,4a09b46da042bd99120c3c23c0cc81b0e6b3f33dd2de64fa567151fb2cf15c72,2f4b8aa5a0edfdafeadf5c67ac561b97ec266443615d65a715c735eac6203ef6,169421e73b25e00e379d0a24e476d5f26da19186f48a179e3a8bf83ce889b3b8
alpha^7,1.3744467859455345,0.050695939037341084,0.008414057673430706,2.692870559692596e-13,diagnostic_only_not_theorem_gate,4a09b46da042bd99120c3c23c0cc81b0e6b3f33dd2de64fa567151fb2cf15c72,2f4b8aa5a0edfdafeadf5c67ac561b97ec266443615d65a715c735eac6203ef6,169421e73b25e00e379d0a24e476d5f26da19186f48a179e3a8bf83ce889b3b8
alpha^7,1.423534171157875,0.05028106479872351,0.008486045182718014,2.6627849156574224e-13,diagnostic_only_not_theorem_gate,4a09b46da042bd99120c3c23c0cc81b0e6b3f33dd2de64fa567151fb2cf15c72,2f4b8aa5a0edfdafeadf5c67ac561b97ec266443615d65a715c735eac6203ef6,169421e73b25e00e379d0a24e476d5f26da19186f48a179e3a8bf83ce889b3b8
alpha^7,1.4726215563702154,0.049863158034634356,0.008537589065870382,2.6282999883635307e-13,diagnostic_only_not_theorem_gate,4a09b46da042bd99120c3c23c0cc81b0e6b3f33dd2de64fa567151fb2cf15c72,2f4b8aa5a0edfdafeadf5c67ac561b97ec266443615d65a715c735eac6203ef6,169421e73b25e00e379d0a24e476d5f26da19186f48a179e3a8bf83ce889b3b8
alpha^7,1.521708941582556,0.04944322551907261,0.008568565149158587,2.5893650755088884e-13,diagnostic_only_not_theorem_gate,4a09b46da042bd99120c3c23c0cc81b0e6b3f33dd2de64fa567151fb2cf15c72,2f4b8aa5a0edfdafeadf5c67ac561b97ec266443615d65a715c735eac6203ef6,169421e73b25e00e379d0a24e476d5f26da19186f48a179e3a8bf83ce889b3b8
alpha^7,1.5707963267948966,0.04902227890625,0.008578898808484801,2.5461193514930696e-13,diagnostic_only_not_theorem_gate,4a09b46da042bd99120c3c23c0cc81b0e6b3f33dd2de64fa567151fb2cf15c72,2f4b8aa5a0edfdafeadf5c67ac561b97ec266443615d65a715c735eac6203ef6,169421e73b25e00e379d0a24e476d5f26da19186f48a179e3a8bf83ce889b3b8
alpha^7,1.6198837120072371,0.0486013322934274,0.008568565149158587,2.4986147966323055e-13,diagnostic_only_not_theorem_gate,4a09b46da042bd99120c3c23c0cc81b0e6b3f33dd2de64fa567151fb2cf15c72,2f4b8aa5a0edfdafeadf5c67ac561b97ec266443615d65a715c735eac6203ef6,169421e73b25e00e379d0a24e476d5f26da19186f48a179e3a8bf83ce889b3b8
alpha^7,1.6689710972195777,0.04818139977786565,0.008537589065870384,2.4471583073085e-13,diagnostic_only_not_theorem_gate,4a09b46da042bd99120c3c23c0cc81b0e6b3f33dd2de64fa567151fb2cf15c72,2f4b8aa5a0edfdafeadf5c67ac561b97ec266443615d65a715c735eac6203ef6,169421e73b25e00e379d0a24e476d5f26da19186f48a179e3a8bf83ce889b3b8
alpha^7,1.718058482431918,0.04776349301377649,0.008486045182718014,2.391888955025831e-13,diagnostic_only_not_theorem_gate,4a09b46da042bd99120c3c23c0cc81b0e6b3f33dd2de64fa567151fb2cf15c72,2f4b8aa5a0edfdafeadf5c67ac561b97ec266443615d65a715c735eac6203ef6,169421e73b25e00e379d0a24e476d5f26da19186f48a179e3a8bf83ce889b3b8
alpha^7,1.7671458676442586,0.047348618775158925,0.008414057673430706,2.3331205247926206e-13,diagnostic_only_not_theorem_gate,4a09b46da042bd99120c3c23c0cc81b0e6b3f33dd2de64fa567151fb2cf15c72,2f4b8aa5a0edfdafeadf5c67ac561b97ec266443615d65a715c735eac6203ef6,169421e73b25e00e379d0a24e476d5f26da19186f48a179e3a8bf83ce889b3b8
alpha^7,1.8162332528565992,0.04693777653039247,0.008321799962223693,2.2710810723929917e-13,diagnostic_only_not_theorem_gate,4a09b46da042bd99120c3c23c0cc81b0e6b3f33dd2de64fa567151fb2cf15c72,2f4b8aa5a0edfdafeadf5c67ac561b97ec266443615d65a715c735eac6203ef6,169421e73b25e00e379d0a24e476d5f26da19186f48a179e3a8bf83ce889b3b8
alpha^7,1.8653206380689396,0.0465319560344303,0.008209494306004093,2.206264745847545e-13,diagnostic_only_not_theorem_gate,4a09b46da042bd99120c3c23c0cc81b0e6b3f33dd2de64fa567151fb2cf15c72,2f4b8aa5a0edfdafeadf5c67ac561b97ec266443615d65a715c735eac6203ef6,169421e73b25e00e379d0a24e476d5f26da19186f48a179e3a8bf83ce889b3b8
alpha^7,1.9144080232812801,0.04613213494439287,0.008077411258934554,2.1389131509044446e-13,diagnostic_only_not_theorem_gate,4a09b46da042bd99120c3c23c0cc81b0e6b3f33dd2de64fa567151fb2cf15c72,2f4b8aa5a0edfdafeadf5c67ac561b97ec266443615d65a715c735eac6203ef6,169421e73b25e00e379d0a24e476d5f26da19186f48a179e3a8bf83ce889b3b8
alpha^7,1.9634954084936207,0.045739276464306255,0.007925869020644573,2.069505796831511e-13,diagnostic_only_not_theorem_gate,4a09b46da042bd99120c3c23c0cc81b0e6b3f33dd2de64fa567151fb2cf15c72,2f4b8aa5a0edfdafeadf5c67ac561b97ec266443615d65a715c735eac6203ef6,169421e73b25e00e379d0a24e476d5f26da19186f48a179e3a8bf83ce889b3b8
alpha^7,2.012582793705961,0.04535432702465935,0.007755232669659727,1.9983631657440844e-13,diagnostic_only_not_theorem_gate,4a09b46da042bd99120c3c23c0cc81b0e6b3f33dd2de64fa567151fb2cf15c72,2f4b8aa5a0edfdafeadf5c67ac561b97ec266443615d65a715c735eac6203ef6,169421e73b25e00e379d0a24e476d5f26da19186f48a179e3a8bf83ce889b3b8
alpha^7,2.061670178918302,0.04497821400236983,0.007565913283895513,1.9260648625702804e-13,diagnostic_only_not_theorem_gate,4a09b46da042bd99120c3c23c0cc81b0e6b3f33dd2de64fa567151fb2cf15c72,2f4b8aa5a0edfdafeadf5c67ac561b97ec266443615d65a715c735eac6203ef6,169421e73b25e00e379d0a24e476d5f26da19186f48a179e3a8bf83ce889b3b8
alpha^7,2.110757564130642,0.04461184348665201,0.00735836695033466,1.853028257882483e-13,diagnostic_only_not_theorem_gate,4a09b46da042bd99120c3c23c0cc81b0e6b3f33dd2de64fa567151fb2cf15c72,2f4b8aa5a0edfdafeadf5c67ac561b97ec266443615d65a715c735eac6203ef6,169421e73b25e00e379d0a24e476d5f26da19186f48a179e3a8bf83ce889b3b8
alpha^7,2.1598449493429825,0.04425609809616851,0.007133093666273627,1.7797048236449617e-13,diagnostic_only_not_theorem_gate,4a09b46da042bd99120c3c23c0cc81b0e6b3f33dd2de64fa567151fb2cf15c72,2f4b8aa5a0edfdafeadf5c67ac561b97ec266443615d65a715c735eac6203ef6,169421e73b25e00e379d0a24e476d5f26da19186f48a179e3a8bf83ce889b3b8
alpha^7,2.2089323345553233,0.04391183485272464,0.006890636134785324,1.7065755573585275e-13,diagnostic_only_not_theorem_gate,4a09b46da042bd99120c3c23c0cc81b0e6b3f33dd2de64fa567151fb2cf15c72,2f4b8aa5a0edfdafeadf5c67ac561b97ec266443615d65a715c735eac6203ef6,169421e73b25e00e379d0a24e476d5f26da19186f48a179e3a8bf83ce889b3b8
alpha^7,2.2580197197676637,0.04357988311662774,0.006631578457299881,1.634063256813914e-13,diagnostic_only_not_theorem_gate,4a09b46da042bd99120c3c23c0cc81b0e6b3f33dd2de64fa567151fb2cf15c72,2f4b8aa5a0edfdafeadf5c67ac561b97ec266443615d65a715c735eac6203ef6,169421e73b25e00e379d0a24e476d5f26da19186f48a179e3a8bf83ce889b3b8
alpha^7,2.3071071049800045,0.043261042588685614,0.006356544726453131,1.5627101929408275e-13,diagnostic_only_not_theorem_gate,4a09b46da042bd99120c3c23c0cc81b0e6b3f33dd2de64fa567151fb2cf15c72,2f4b8aa5a0edfdafeadf5c67ac561b97ec266443615d65a715c735eac6203ef6,169421e73b25e00e379d0a24e476d5f26da19186f48a179e3a8bf83ce889b3b8
alpha^7,2.356194490192345,0.0429560813836572,0.006066197522592796,1.492856191901683e-13,diagnostic_only_not_theorem_gate,4a09b46da042bd99120c3c23c0cc81b0e6b3f33dd2de64fa567151fb2cf15c72,2f4b8aa5a0edfdafeadf5c67ac561b97ec266443615d65a715c735eac6203ef6,169421e73b25e00e379d0a24e476d5f26da19186f48a179e3a8bf83ce889b3b8
alpha^7,2.405281875404685,0.04266573417979687,0.005761236317564386,1.4249336245959167e-13,diagnostic_only_not_theorem_gate,4a09b46da042bd99120c3c23c0cc81b0e6b3f33dd2de64fa567151fb2cf15c72,2f4b8aa5a0edfdafeadf5c67ac561b97ec266443615d65a715c735eac6203ef6,169421e73b25e00e379d0a24e476d5f26da19186f48a179e3a8bf83ce889b3b8
alpha^7,2.454369260617026,0.042390700448950124,0.005442395789622258,1.3594034580394146e-13,diagnostic_only_not_theorem_gate,4a09b46da042bd99120c3c23c0cc81b0e6b3f33dd2de64fa567151fb2cf15c72,2f4b8aa5a0edfdafeadf5c67ac561b97ec266443615d65a715c735eac6203ef6,169421e73b25e00e379d0a24e476d5f26da19186f48a179e3a8bf83ce889b3b8
alpha^7,2.5034566458293663,0.04213164277146468,0.0051104440535253625,1.2966508526263884e-13,diagnostic_only_not_theorem_gate,4a09b46da042bd99120c3c23c0cc81b0e6b3f33dd2de64fa567151fb2cf15c72,2f4b8aa5a0edfdafeadf5c67ac561b97ec266443615d65a715c735eac6203ef6,169421e73b25e00e379d0a24e476d5f26da19186f48a179e3a8bf83ce889b3b8
alpha^7,2.552544031041707,0.041889185239976374,0.004766180810081489,1.2369404938992132e-13,diagnostic_only_not_theorem_gate,4a09b46da042bd99120c3c23c0cc81b0e6b3f33dd2de64fa567151fb2cf15c72,2f4b8aa5a0edfdafeadf5c67ac561b97ec266443615d65a715c735eac6203ef6,169421e73b25e00e379d0a24e476d5f26da19186f48a179e3a8bf83ce889b3b8
alpha^7,2.6016314162540475,0.041663911955915345,0.004410435419597997,1.1806681265497542e-13,diagnostic_only_not_theorem_gate,4a09b46da042bd99120c3c23c0cc81b0e6b3f33dd2de64fa567151fb2cf15c72,2f4b8aa5a0edfdafeadf5c67ac561b97ec266443615d65a715c735eac6203ef6,169421e73b25e00e379d0a24e476d5f26da19186f48a179e3a8bf83ce889b3b8
alpha^7,2.650718801466388,0.04145636562235449,0.004044064903880176,1.1281200376782089e-13,diagnostic_only_not_theorem_gate,4a09b46da042bd99120c3c23c0cc81b0e6b3f33dd2de64fa567151fb2cf15c72,2f4b8aa5a0edfdafeadf5c67ac561b97ec266443615d65a715c735eac6203ef6,169421e73b25e00e379d0a24e476d5f26da19186f48a179e3a8bf83ce889b3b8
alpha^7,2.6998061866787286,0.04126704623659028,0.0036679518815906542,1.0796107214616827e-13,diagnostic_only_not_theorem_gate,4a09b46da042bd99120c3c23c0cc81b0e6b3f33dd2de64fa567151fb2cf15c72,2f4b8aa5a0edfdafeadf5c67ac561b97ec266443615d65a715c735eac6203ef6,169421e73b25e00e379d0a24e476d5f26da19186f48a179e3a8bf83ce889b3b8
alpha^7,2.748893571891069,0.04109640988560543,0.003283002441943744,1.0353891089458362e-13,diagnostic_only_not_theorem_gate,4a09b46da042bd99120c3c23c0cc81b0e6b3f33dd2de64fa567151fb2cf15c72,2f4b8aa5a0edfdafeadf5c67ac561b97ec266443615d65a715c735eac6203ef6,169421e73b25e00e379d0a24e476d5f26da19186f48a179e3a8bf83ce889b3b8
alpha^7,2.7979809571034093,0.04094486764731545,0.0028901439618571386,9.957098633399584e-14,diagnostic_only_not_theorem_gate,4a09b46da042bd99120c3c23c0cc81b0e6b3f33dd2de64fa567151fb2cf15c72,2f4b8aa5a0edfdafeadf5c67ac561b97ec266443615d65a715c735eac6203ef6,169421e73b25e00e379d0a24e476d5f26da19186f48a179e3a8bf83ce889b3b8
alpha^7,2.84706834231575,0.04081278460024591,0.0024903228718197025,9.607875886871515e-14,diagnostic_only_not_theorem_gate,4a09b46da042bd99120c3c23c0cc81b0e6b3f33dd2de64fa567151fb2cf15c72,2f4b8aa5a0edfdafeadf5c67ac561b97ec266443615d65a715c735eac6203ef6,169421e73b25e00e379d0a24e476d5f26da19186f48a179e3a8bf83ce889b3b8
alpha^7,2.8961557275280905,0.04070047894402631,0.0020845023758575346,9.308325283780817e-14,diagnostic_only_not_theorem_gate,4a09b46da042bd99120c3c23c0cc81b0e6b3f33dd2de64fa567151fb2cf15c72,2f4b8aa5a0edfdafeadf5c67ac561b97ec266443615d65a715c735eac6203ef6,169421e73b25e00e379d0a24e476d5f26da19186f48a179e3a8bf83ce889b3b8
alpha^7,2.945243112740431,0.04060822123281929,0.001673660131091082,9.060415976643822e-14,diagnostic_only_not_theorem_gate,4a09b46da042bd99120c3c23c0cc81b0e6b3f33dd2de64fa567151fb2cf15c72,2f4b8aa5a0edfdafeadf5c67ac561b97ec266443615d65a715c735eac6203ef6,169421e73b25e00e379d0a24e476d5f26da19186f48a179e3a8bf83ce889b3b8
alpha^7,2.9943304979527716,0.04053623372353199,0.001258785892473513,8.865928207484869e-14,diagnostic_only_not_theorem_gate,4a09b46da042bd99120c3c23c0cc81b0e6b3f33dd2de64fa567151fb2cf15c72,2f4b8aa5a0edfdafeadf5c67ac561b97ec266443615d65a715c735eac6203ef6,169421e73b25e00e379d0a24e476d5f26da19186f48a179e3a8bf83ce889b3b8
alpha^7,3.043417883165112,0.04048468984037962,0.000840879128384357,8.72575793271114e-14,diagnostic_only_not_theorem_gate,4a09b46da042bd99120c3c23c0cc81b0e6b3f33dd2de64fa567151fb2cf15c72,2f4b8aa5a0edfdafeadf5c67ac561b97ec266443615d65a715c735eac6203ef6,169421e73b25e00e379d0a24e476d5f26da19186f48a179e3a8bf83ce889b3b8
alpha^7,3.0925052683774528,0.04045371375709141,0.00042094661282260625,8.641533642791205e-14,diagnostic_only_not_theorem_gate,4a09b46da042bd99120c3c23c0cc81b0e6b3f33dd2de64fa567151fb2cf15c72,2f4b8aa5a0edfdafeadf5c67ac561b97ec266443615d65a715c735eac6203ef6,169421e73b25e00e379d0a24e476d5f26da19186f48a179e3a8bf83ce889b3b8
alpha^7,3.141592653589793,0.0404433800977652,1.0506120966019955e-18,8.613337363372011e-14,diagnostic_only_not_theorem_gate,4a09b46da042bd99120c3c23c0cc81b0e6b3f33dd2de64fa567151fb2cf15c72,2f4b8aa5a0edfdafeadf5c67ac561b97ec266443615d65a715c735eac6203ef6,169421e73b25e00e379d0a24e476d5f26da19186f48a179e3a8bf83ce889b3b8
alpha^7,3.1906800388021335,0.04045371375709141,-0.0004209466128226042,8.641598986338388e-14,diagnostic_only_not_theorem_gate,4a09b46da042bd99120c3c23c0cc81b0e6b3f33dd2de64fa567151fb2cf15c72,2f4b8aa5a0edfdafeadf5c67ac561b97ec266443615d65a715c735eac6203ef6,169421e73b25e00e379d0a24e476d5f26da19186f48a179e3a8bf83ce889b3b8
alpha^7,3.2397674240144743,0.04048468984037962,-0.0008408791283843549,8.72576280633114e-14,diagnostic_only_not_theorem_gate,4a09b46da042bd99120c3c23c0cc81b0e6b3f33dd2de64fa567151fb2cf15c72,2f4b8aa5a0edfdafeadf5c67ac561b97ec266443615d65a715c735eac6203ef6,169421e73b25e00e379d0a24e476d5f26da19186f48a179e3a8bf83ce889b3b8
alpha^7,3.2888548092268146,0.04053623372353199,-0.001258785892473511,8.86592202677454e-14,diagnostic_only_not_theorem_gate,4a09b46da042bd99120c3c23c0cc81b0e6b3f33dd2de64fa567151fb2cf15c72,2f4b8aa5a0edfdafeadf5c67ac561b97ec266443615d65a715c735eac6203ef6,169421e73b25e00e379d0a24e476d5f26da19186f48a179e3a8bf83ce889b3b8
alpha^7,3.3379421944391554,0.04060822123281929,-0.0016736601310910798,9.060442145154939e-14,diagnostic_only_not_theorem_gate,4a09b46da042bd99120c3c23c0cc81b0e6b3f33dd2de64fa567151fb2cf15c72,2f4b8aa5a0edfdafeadf5c67ac561b97ec266443615d65a715c735eac6203ef6,169421e73b25e00e379d0a24e476d5f26da19186f48a179e3a8bf83ce889b3b8
alpha^7,3.3870295796514958,0.04070047894402631,-0.002084502375857533,9.308401731436277e-14,diagnostic_only_not_theorem_gate,4a09b46da042bd99120c3c23c0cc81b0e6b3f33dd2de64fa567151fb2cf15c72,2f4b8aa5a0edfdafeadf5c67ac561b97ec266443615d65a715c735eac6203ef6,169421e73b25e00e379d0a24e476d5f26da19186f48a179e3a8bf83ce889b3b8
alpha^7,3.436116964863836,0.040812784600245906,-0.0024903228718197003,9.607883270686284e-14,diagnostic_only_not_theorem_gate,4a09b46da042bd99120c3c23c0cc81b0e6b3f33dd2de64fa567151fb2cf15c72,2f4b8aa5a0edfdafeadf5c67ac561b97ec266443615d65a715c735eac6203ef6,169421e73b25e00e379d0a24e476d5f26da19186f48a179e3a8bf83ce889b3b8
alpha^7,3.485204350076177,0.04094486764731545,-0.0028901439618571364,9.957015310292197e-14,diagnostic_only_not_theorem_gate,4a09b46da042bd99120c3c23c0cc81b0e6b3f33dd2de64fa567151fb2cf15c72,2f4b8aa5a0edfdafeadf5c67ac561b97ec266443615d65a715c735eac6203ef6,169421e73b25e00e379d0a24e476d5f26da19186f48a179e3a8bf83ce889b3b8
alpha^7,3.5342917352885173,0.04109640988560542,-0.0032830024419437417,1.0353803061936389e-13,diagnostic_only_not_theorem_gate,4a09b46da042bd99120c3c23c0cc81b0e6b3f33dd2de64fa567151fb2cf15c72,2f4b8aa5a0edfdafeadf5c67ac561b97ec266443615d65a715c735eac6203ef6,169421e73b25e00e379d0a24e476d5f26da19186f48a179e3a8bf83ce889b3b8
alpha^7,3.5833791205008576,0.04126704623659028,-0.0036679518815906525,1.0796031950777481e-13,diagnostic_only_not_theorem_gate,4a09b46da042bd99120c3c23c0cc81b0e6b3f33dd2de64fa567151fb2cf15c72,2f4b8aa5a0edfdafeadf5c67ac561b97ec266443615d65a715c735eac6203ef6,169421e73b25e00e379d0a24e476d5f26da19186f48a179e3a8bf83ce889b3b8
alpha^7,3.6324665057131984,0.04145636562235449,-0.004044064903880175,1.1281125534453227e-13,diagnostic_only_not_theorem_gate,4a09b46da042bd99120c3c23c0cc81b0e6b3f33dd2de64fa567151fb2cf15c72,2f4b8aa5a0edfdafeadf5c67ac561b97ec266443615d65a715c735eac6203ef6,169421e73b25e00e379d0a24e476d5f26da19186f48a179e3a8bf83ce889b3b8
alpha^7,3.6815538909255388,0.041663911955915345,-0.004410435419597995,1.180673155451038e-13,diagnostic_only_not_theorem_gate,4a09b46da042bd99120c3c23c0cc81b0e6b3f33dd2de64fa567151fb2cf15c72,2f4b8aa5a0edfdafeadf5c67ac561b97ec266443615d65a715c735eac6203ef6,169421e73b25e00e379d0a24e476d5f26da19186f48a179e3a8bf83ce889b3b8
alpha^7,3.730641276137879,0.041889185239976374,-0.004766180810081486,1.2369516636734856e-13,diagnostic_only_not_theorem_gate,4a09b46da042bd99120c3c23c0cc81b0e6b3f33dd2de64fa567151fb2cf15c72,2f4b8aa5a0edfdafeadf5c67ac561b97ec266443615d65a715c735eac6203ef6,169421e73b25e00e379d0a24e476d5f26da19186f48a179e3a8bf83ce889b3b8
alpha^7,3.77972866135022,0.04213164277146468,-0.005110444053525361,1.2966337116000579e-13,diagnostic_only_not_theorem_gate,4a09b46da042bd99120c3c23c0cc81b0e6b3f33dd2de64fa567151fb2cf15c72,2f4b8aa5a0edfdafeadf5c67ac561b97ec266443615d65a715c735eac6203ef6,169421e73b25e00e379d0a24e476d5f26da19186f48a179e3a8bf83ce889b3b8
alpha^7,3.8288160465625602,0.04239070044895012,-0.0054423957896222565,1.3594045650828784e-13,diagnostic_only_not_theorem_gate,4a09b46da042bd99120c3c23c0cc81b0e6b3f33dd2de64fa567151fb2cf15c72,2f4b8aa5a0edfdafeadf5c67ac561b97ec266443615d65a715c735eac6203ef6,169421e73b25e00e379d0a24e476d5f26da19186f48a179e3a8bf83ce889b3b8
alpha^7,3.877903431774901,0.04266573417979687,-0.005761236317564385,1.424931656979229e-13,diagnostic_only_not_theorem_gate,4a09b46da042bd99120c3c23c0cc81b0e6b3f33dd2de64fa567151fb2cf15c72,2f4b8aa5a0edfdafeadf5c67ac561b97ec266443615d65a715c735eac6203ef6,169421e73b25e00e379d0a24e476d5f26da19186f48a179e3a8bf83ce889b3b8
alpha^7,3.9269908169872414,0.0429560813836572,-0.006066197522592795,1.4928400305902216e-13,diagnostic_only_not_theorem_gate,4a09b46da042bd99120c3c23c0cc81b0e6b3f33dd2de64fa567151fb2cf15c72,2f4b8aa5a0edfdafeadf5c67ac561b97ec266443615d65a715c735eac6203ef6,169421e73b25e00e379d0a24e476d5f26da19186f48a179e3a8bf83ce889b3b8
alpha^7,3.9760782021995817,0.043261042588685614,-0.00635654472645313,1.5627124988996333e-13,diagnostic_only_not_theorem_gate,4a09b46da042bd99120c3c23c0cc81b0e6b3f33dd2de64fa567151fb2cf15c72,2f4b8aa5a0edfdafeadf5c67ac561b97ec266443615d65a715c735eac6203ef6,169421e73b25e00e379d0a24e476d5f26da19186f48a179e3a8bf83ce889b3b8
alpha^7,4.025165587411922,0.04357988311662774,-0.006631578457299878,1.634065094270193e-13,diagnostic_only_not_theorem_gate,4a09b46da042bd99120c3c23c0cc81b0e6b3f33dd2de64fa567151fb2cf15c72,2f4b8aa5a0edfdafeadf5c67ac561b97ec266443615d65a715c735eac6203ef6,169421e73b25e00e379d0a24e476d5f26da19186f48a179e3a8bf83ce889b3b8
alpha^7,4.074252972624263,0.04391183485272464,-0.006890636134785325,1.706577329732511e-13,diagnostic_only_not_theorem_gate,4a09b46da042bd99120c3c23c0cc81b0e6b3f33dd2de64fa567151fb2cf15c72,2f4b8aa5a0edfdafeadf5c67ac561b97ec266443615d65a715c735eac6203ef6,169421e73b25e00e379d0a24e476d5f26da19186f48a179e3a8bf83ce889b3b8
alpha^7,4.123340357836604,0.04425609809616851,-0.007133093666273625,1.7797043551246318e-13,diagnostic_only_not_theorem_gate,4a09b46da042bd99120c3c23c0cc81b0e6b3f33dd2de64fa567151fb2cf15c72,2f4b8aa5a0edfdafeadf5c67ac561b97ec266443615d65a715c735eac6203ef6,169421e73b25e00e379d0a24e476d5f26da19186f48a179e3a8bf83ce889b3b8
alpha^7,4.172427743048944,0.044611843486652,-0.007358366950334658,1.8530239896869647e-13,diagnostic_only_not_theorem_gate,4a09b46da042bd99120c3c23c0cc81b0e6b3f33dd2de64fa567151fb2cf15c72,2f4b8aa5a0edfdafeadf5c67ac561b97ec266443615d65a715c735eac6203ef6,169421e73b25e00e379d0a24e476d5f26da19186f48a179e3a8bf83ce889b3b8
alpha^7,4.221515128261284,0.04497821400236982,-0.007565913283895512,1.926056970652778e-13,diagnostic_only_not_theorem_gate,4a09b46da042bd99120c3c23c0cc81b0e6b3f33dd2de64fa567151fb2cf15c72,2f4b8aa5a0edfdafeadf5c67ac561b97ec266443615d65a715c735eac6203ef6,169421e73b25e00e379d0a24e476d5f26da19186f48a179e3a8bf83ce889b3b8
alpha^7,4.270602513473625,0.045354327024659344,-0.007755232669659724,1.9983559351924068e-13,diagnostic_only_not_theorem_gate,4a09b46da042bd99120c3c23c0cc81b0e6b3f33dd2de64fa567151fb2cf15c72,2f4b8aa5a0edfdafeadf5c67ac561b97ec266443615d65a715c735eac6203ef6,169421e73b25e00e379d0a24e476d5f26da19186f48a179e3a8bf83ce889b3b8
alpha^7,4.319689898685965,0.045739276464306255,-0.007925869020644571,2.0694804636638038e-13,diagnostic_only_not_theorem_gate,4a09b46da042bd99120c3c23c0cc81b0e6b3f33dd2de64fa567151fb2cf15c72,2f4b8aa5a0edfdafeadf5c67ac561b97ec266443615d65a715c735eac6203ef6,169421e73b25e00e379d0a24e476d5f26da19186f48a179e3a8bf83ce889b3b8
alpha^7,4.368777283898306,0.04613213494439287,-0.008077411258934554,2.1389131509044446e-13,diagnostic_only_not_theorem_gate,4a09b46da042bd99120c3c23c0cc81b0e6b3f33dd2de64fa567151fb2cf15c72,2f4b8aa5a0edfdafeadf5c67ac561b97ec266443615d65a715c735eac6203ef6,169421e73b25e00e379d0a24e476d5f26da19186f48a179e3a8bf83ce889b3b8
alpha^7,4.417864669110647,0.0465319560344303,-0.008209494306004091,2.2062554797325995e-13,diagnostic_only_not_theorem_gate,4a09b46da042bd99120c3c23c0cc81b0e6b3f33dd2de64fa567151fb2cf15c72,2f4b8aa5a0edfdafeadf5c67ac561b97ec266443615d65a715c735eac6203ef6,169421e73b25e00e379d0a24e476d5f26da19186f48a179e3a8bf83ce889b3b8
alpha^7,4.466952054322987,0.04693777653039247,-0.008321799962223693,2.2710810723929917e-13,diagnostic_only_not_theorem_gate,4a09b46da042bd99120c3c23c0cc81b0e6b3f33dd2de64fa567151fb2cf15c72,2f4b8aa5a0edfdafeadf5c67ac561b97ec266443615d65a715c735eac6203ef6,169421e73b25e00e379d0a24e476d5f26da19186f48a179e3a8bf83ce889b3b8
alpha^7,4.516039439535327,0.04734861877515892,-0.008414057673430704,2.33312016556724e-13,diagnostic_only_not_theorem_gate,4a09b46da042bd99120c3c23c0cc81b0e6b3f33dd2de64fa567151fb2cf15c72,2f4b8aa5a0edfdafeadf5c67ac561b97ec266443615d65a715c735eac6203ef6,169421e73b25e00e379d0a24e476d5f26da19186f48a179e3a8bf83ce889b3b8
alpha^7,4.565126824747668,0.047763493013776484,-0.008486045182718014,2.391890307952954e-13,diagnostic_only_not_theorem_gate,4a09b46da042bd99120c3c23c0cc81b0e6b3f33dd2de64fa567151fb2cf15c72,2f4b8aa5a0edfdafeadf5c67ac561b97ec266443615d65a715c735eac6203ef6,169421e73b25e00e379d0a24e476d5f26da19186f48a179e3a8bf83ce889b3b8
alpha^7,4.614214209960009,0.04818139977786565,-0.008537589065870384,2.4471583073085e-13,diagnostic_only_not_theorem_gate,4a09b46da042bd99120c3c23c0cc81b0e6b3f33dd2de64fa567151fb2cf15c72,2f4b8aa5a0edfdafeadf5c67ac561b97ec266443615d65a715c735eac6203ef6,169421e73b25e00e379d0a24e476d5f26da19186f48a179e3a8bf83ce889b3b8
alpha^7,4.663301595172349,0.0486013322934274,-0.008568565149158587,2.4986147966323055e-13,diagnostic_only_not_theorem_gate,4a09b46da042bd99120c3c23c0cc81b0e6b3f33dd2de64fa567151fb2cf15c72,2f4b8aa5a0edfdafeadf5c67ac561b97ec266443615d65a715c735eac6203ef6,169421e73b25e00e379d0a24e476d5f26da19186f48a179e3a8bf83ce889b3b8
alpha^7,4.71238898038469,0.04902227890625,-0.008578898808484801,2.5461193514930696e-13,diagnostic_only_not_theorem_gate,4a09b46da042bd99120c3c23c0cc81b0e6b3f33dd2de64fa567151fb2cf15c72,2f4b8aa5a0edfdafeadf5c67ac561b97ec266443615d65a715c735eac6203ef6,169421e73b25e00e379d0a24e476d5f26da19186f48a179e3a8bf83ce889b3b8
alpha^7,4.76147636559703,0.049443225519072605,-0.008568565149158587,2.589349196257136e-13,diagnostic_only_not_theorem_gate,4a09b46da042bd99120c3c23c0cc81b0e6b3f33dd2de64fa567151fb2cf15c72,2f4b8aa5a0edfdafeadf5c67ac561b97ec266443615d65a715c735eac6203ef6,169421e73b25e00e379d0a24e476d5f26da19186f48a179e3a8bf83ce889b3b8
alpha^7,4.81056375080937,0.04986315803463435,-0.008537589065870384,2.628306379166349e-13,diagnostic_only_not_theorem_gate,4a09b46da042bd99120c3c23c0cc81b0e6b3f33dd2de64fa567151fb2cf15c72,2f4b8aa5a0edfdafeadf5c67ac561b97ec266443615d65a715c735eac6203ef6,169421e73b25e00e379d0a24e476d5f26da19186f48a179e3a8bf83ce889b3b8
alpha^7,4.859651136021712,0.05028106479872352,-0.008486045182718014,2.6627803716288733e-13,diagnostic_only_not_theorem_gate,4a09b46da042bd99120c3c23c0cc81b0e6b3f33dd2de64fa567151fb2cf15c72,2f4b8aa5a0edfdafeadf5c67ac561b97ec266443615d65a715c735eac6203ef6,169421e73b25e00e379d0a24e476d5f26da19186f48a179e3a8bf83ce889b3b8
alpha^7,4.908738521234052,0.050695939037341084,-0.008414057673430706,2.692870559692596e-13,diagnostic_only_not_theorem_gate,4a09b46da042bd99120c3c23c0cc81b0e6b3f33dd2de64fa567151fb2cf15c72,2f4b8aa5a0edfdafeadf5c67ac561b97ec266443615d65a715c735eac6203ef6,169421e73b25e00e379d0a24e476d5f26da19186f48a179e3a8bf83ce889b3b8
alpha^7,4.957825906446392,0.051106781282107536,-0.008321799962223693,2.718504681890259e-13,diagnostic_only_not_theorem_gate,4a09b46da042bd99120c3c23c0cc81b0e6b3f33dd2de64fa567151fb2cf15c72,2f4b8aa5a0edfdafeadf5c67ac561b97ec266443615d65a715c735eac6203ef6,169421e73b25e00e379d0a24e476d5f26da19186f48a179e3a8bf83ce889b3b8
alpha^7,5.006913291658733,0.0515126017780697,-0.008209494306004093,2.7397317376391273e-13,diagnostic_only_not_theorem_gate,4a09b46da042bd99120c3c23c0cc81b0e6b3f33dd2de64fa567151fb2cf15c72,2f4b8aa5a0edfdafeadf5c67ac561b97ec266443615d65a715c735eac6203ef6,169421e73b25e00e379d0a24e476d5f26da19186f48a179e3a8bf83ce889b3b8
alpha^7,5.056000676871073,0.051912422868107135,-0.008077411258934554,2.7565363443046777e-13,diagnostic_only_not_theorem_gate,4a09b46da042bd99120c3c23c0cc81b0e6b3f33dd2de64fa567151fb2cf15c72,2f4b8aa5a0edfdafeadf5c67ac561b97ec266443615d65a715c735eac6203ef6,169421e73b25e00e379d0a24e476d5f26da19186f48a179e3a8bf83ce889b3b8
alpha^7,5.105088062083414,0.05230528134819375,-0.007925869020644571,2.769223597701042e-13,diagnostic_only_not_theorem_gate,4a09b46da042bd99120c3c23c0cc81b0e6b3f33dd2de64fa567151fb2cf15c72,2f4b8aa5a0edfdafeadf5c67ac561b97ec266443615d65a715c735eac6203ef6,169421e73b25e00e379d0a24e476d5f26da19186f48a179e3a8bf83ce889b3b8
alpha^7,5.154175447295755,0.05269023078784066,-0.007755232669659726,2.7778765863395677e-13,diagnostic_only_not_theorem_gate,4a09b46da042bd99120c3c23c0cc81b0e6b3f33dd2de64fa567151fb2cf15c72,2f4b8aa5a0edfdafeadf5c67ac561b97ec266443615d65a715c735eac6203ef6,169421e73b25e00e379d0a24e476d5f26da19186f48a179e3a8bf83ce889b3b8
alpha^7,5.203262832508095,0.05306634381013017,-0.007565913283895513,2.7827074514836343e-13,diagnostic_only_not_theorem_gate,4a09b46da042bd99120c3c23c0cc81b0e6b3f33dd2de64fa567151fb2cf15c72,2f4b8aa5a0edfdafeadf5c67ac561b97ec266443615d65a715c735eac6203ef6,169421e73b25e00e379d0a24e476d5f26da19186f48a179e3a8bf83ce889b3b8
alpha^7,5.252350217720435,0.053432714325847994,-0.007358366950334661,2.783970554795134e-13,diagnostic_only_not_theorem_gate,4a09b46da042bd99120c3c23c0cc81b0e6b3f33dd2de64fa567151fb2cf15c72,2f4b8aa5a0edfdafeadf5c67ac561b97ec266443615d65a715c735eac6203ef6,169421e73b25e00e379d0a24e476d5f26da19186f48a179e3a8bf83ce889b3b8
alpha^7,5.301437602932776,0.053788459716331484,-0.007133093666273627,2.7817528698494823e-13,diagnostic_only_not_theorem_gate,4a09b46da042bd99120c3c23c0cc81b0e6b3f33dd2de64fa567151fb2cf15c72,2f4b8aa5a0edfdafeadf5c67ac561b97ec266443615d65a715c735eac6203ef6,169421e73b25e00e379d0a24e476d5f26da19186f48a179e3a8bf83ce889b3b8
alpha^7,5.350524988145116,0.05413272295977536,-0.0068906361347853265,2.776601761782655e-13,diagnostic_only_not_theorem_gate,4a09b46da042bd99120c3c23c0cc81b0e6b3f33dd2de64fa567151fb2cf15c72,2f4b8aa5a0edfdafeadf5c67ac561b97ec266443615d65a715c735eac6203ef6,169421e73b25e00e379d0a24e476d5f26da19186f48a179e3a8bf83ce889b3b8
alpha^7,5.399612373357457,0.05446467469587226,-0.006631578457299879,2.7686806096686527e-13,diagnostic_only_not_theorem_gate,4a09b46da042bd99120c3c23c0cc81b0e6b3f33dd2de64fa567151fb2cf15c72,2f4b8aa5a0edfdafeadf5c67ac561b97ec266443615d65a715c735eac6203ef6,169421e73b25e00e379d0a24e476d5f26da19186f48a179e3a8bf83ce889b3b8
alpha^7,5.448699758569798,0.05478351522381439,-0.006356544726453132,2.758294962196842e-13,diagnostic_only_not_theorem_gate,4a09b46da042bd99120c3c23c0cc81b0e6b3f33dd2de64fa567151fb2cf15c72,2f4b8aa5a0edfdafeadf5c67ac561b97ec266443615d65a715c735eac6203ef6,169421e73b25e00e379d0a24e476d5f26da19186f48a179e3a8bf83ce889b3b8
alpha^7,5.497787143782138,0.05508847642884279,-0.006066197522592797,2.7458422344106797e-13,diagnostic_only_not_theorem_gate,4a09b46da042bd99120c3c23c0cc81b0e6b3f33dd2de64fa567151fb2cf15c72,2f4b8aa5a0edfdafeadf5c67ac561b97ec266443615d65a715c735eac6203ef6,169421e73b25e00e379d0a24e476d5f26da19186f48a179e3a8bf83ce889b3b8
alpha^7,5.546874528994478,0.055378823632703134,-0.0057612363175643866,2.731624229009966e-13,diagnostic_only_not_theorem_gate,4a09b46da042bd99120c3c23c0cc81b0e6b3f33dd2de64fa567151fb2cf15c72,2f4b8aa5a0edfdafeadf5c67ac561b97ec266443615d65a715c735eac6203ef6,169421e73b25e00e379d0a24e476d5f26da19186f48a179e3a8bf83ce889b3b8
alpha^7,5.595961914206819,0.05565385736354988,-0.005442395789622262,2.7160760450874767e-13,diagnostic_only_not_theorem_gate,4a09b46da042bd99120c3c23c0cc81b0e6b3f33dd2de64fa567151fb2cf15c72,2f4b8aa5a0edfdafeadf5c67ac561b97ec266443615d65a715c735eac6203ef6,169421e73b25e00e379d0a24e476d5f26da19186f48a179e3a8bf83ce889b3b8
alpha^7,5.64504929941916,0.05591291504103533,-0.005110444053525361,2.6994429956955237e-13,diagnostic_only_not_theorem_gate,4a09b46da042bd99120c3c23c0cc81b0e6b3f33dd2de64fa567151fb2cf15c72,2f4b8aa5a0edfdafeadf5c67ac561b97ec266443615d65a715c735eac6203ef6,169421e73b25e00e379d0a24e476d5f26da19186f48a179e3a8bf83ce889b3b8
alpha^7,5.6941366846315,0.05615537257252363,-0.004766180810081489,2.682226940102184e-13,diagnostic_only_not_theorem_gate,4a09b46da042bd99120c3c23c0cc81b0e6b3f33dd2de64fa567151fb2cf15c72,2f4b8aa5a0edfdafeadf5c67ac561b97ec266443615d65a715c735eac6203ef6,169421e73b25e00e379d0a24e476d5f26da19186f48a179e3a8bf83ce889b3b8
alpha^7,5.743224069843841,0.05638064585658466,-0.004410435419597998,2.66470596364895e-13,diagnostic_only_not_theorem_gate,4a09b46da042bd99120c3c23c0cc81b0e6b3f33dd2de64fa567151fb2cf15c72,2f4b8aa5a0edfdafeadf5c67ac561b97ec266443615d65a715c735eac6203ef6,169421e73b25e00e379d0a24e476d5f26da19186f48a179e3a8bf83ce889b3b8
alpha^7,5.792311455056181,0.05658819219014551,-0.004044064903880177,2.647251217544819e-13,diagnostic_only_not_theorem_gate,4a09b46da042bd99120c3c23c0cc81b0e6b3f33dd2de64fa567151fb2cf15c72,2f4b8aa5a0edfdafeadf5c67ac561b97ec266443615d65a715c735eac6203ef6,169421e73b25e00e379d0a24e476d5f26da19186f48a179e3a8bf83ce889b3b8
alpha^7,5.841398840268521,0.056777511575909725,-0.0036679518815906586,2.630217131410039e-13,diagnostic_only_not_theorem_gate,4a09b46da042bd99120c3c23c0cc81b0e6b3f33dd2de64fa567151fb2cf15c72,2f4b8aa5a0edfdafeadf5c67ac561b97ec266443615d65a715c735eac6203ef6,169421e73b25e00e379d0a24e476d5f26da19186f48a179e3a8bf83ce889b3b8
alpha^7,5.890486225480862,0.05694814792689457,-0.0032830024419437482,2.613955862330543e-13,diagnostic_only_not_theorem_gate,4a09b46da042bd99120c3c23c0cc81b0e6b3f33dd2de64fa567151fb2cf15c72,2f4b8aa5a0edfdafeadf5c67ac561b97ec266443615d65a715c735eac6203ef6,169421e73b25e00e379d0a24e476d5f26da19186f48a179e3a8bf83ce889b3b8
alpha^7,5.939573610693203,0.057099690165184555,-0.0028901439618571356,2.598799243227386e-13,diagnostic_only_not_theorem_gate,4a09b46da042bd99120c3c23c0cc81b0e6b3f33dd2de64fa567151fb2cf15c72,2f4b8aa5a0edfdafeadf5c67ac561b97ec266443615d65a715c735eac6203ef6,169421e73b25e00e379d0a24e476d5f26da19186f48a179e3a8bf83ce889b3b8
alpha^7,5.988660995905543,0.05723177321225409,-0.0024903228718197033,2.584974642591788e-13,diagnostic_only_not_theorem_gate,4a09b46da042bd99120c3c23c0cc81b0e6b3f33dd2de64fa567151fb2cf15c72,2f4b8aa5a0edfdafeadf5c67ac561b97ec266443615d65a715c735eac6203ef6,169421e73b25e00e379d0a24e476d5f26da19186f48a179e3a8bf83ce889b3b8
alpha^7,6.037748381117884,0.057344078868473695,-0.002084502375857536,2.57280814695001e-13,diagnostic_only_not_theorem_gate,4a09b46da042bd99120c3c23c0cc81b0e6b3f33dd2de64fa567151fb2cf15c72,2f4b8aa5a0edfdafeadf5c67ac561b97ec266443615d65a715c735eac6203ef6,169421e73b25e00e379d0a24e476d5f26da19186f48a179e3a8bf83ce889b3b8
alpha^7,6.086835766330224,0.057436336579680704,-0.0016736601310910829,2.562502402480014e-13,diagnostic_only_not_theorem_gate,4a09b46da042bd99120c3c23c0cc81b0e6b3f33dd2de64fa567151fb2cf15c72,2f4b8aa5a0edfdafeadf5c67ac561b97ec266443615d65a715c735eac6203ef6,169421e73b25e00e379d0a24e476d5f26da19186f48a179e3a8bf83ce889b3b8
alpha^7,6.135923151542564,0.05750832408896801,-0.001258785892473518,2.554279016608067e-13,diagnostic_only_not_theorem_gate,4a09b46da042bd99120c3c23c0cc81b0e6b3f33dd2de64fa567151fb2cf15c72,2f4b8aa5a0edfdafeadf5c67ac561b97ec266443615d65a715c735eac6203ef6,169421e73b25e00e379d0a24e476d5f26da19186f48a179e3a8bf83ce889b3b8
alpha^7,6.1850105367549055,0.057559867972120385,-0.0008408791283843543,2.5483015664943834e-13,diagnostic_only_not_theorem_gate,4a09b46da042bd99120c3c23c0cc81b0e6b3f33dd2de64fa567151fb2cf15c72,2f4b8aa5a0edfdafeadf5c67ac561b97ec266443615d65a715c735eac6203ef6,169421e73b25e00e379d0a24e476d5f26da19186f48a179e3a8bf83ce889b3b8
alpha^7,6.234097921967246,0.05759084405540859,-0.00042094661282260733,2.5446599537053193e-13,diagnostic_only_not_theorem_gate,4a09b46da042bd99120c3c23c0cc81b0e6b3f33dd2de64fa567151fb2cf15c72,2f4b8aa5a0edfdafeadf5c67ac561b97ec266443615d65a715c735eac6203ef6,169421e73b25e00e379d0a24e476d5f26da19186f48a179e3a8bf83ce889b3b8
alpha^8,0.0,0.034296721933698905,0.0,1.5223803784629573e-14,diagnostic_only_not_theorem_gate,4a09b46da042bd99120c3c23c0cc81b0e6b3f33dd2de64fa567151fb2cf15c72,2f4b8aa5a0edfdafeadf5c67ac561b97ec266443615d65a715c735eac6203ef6,169421e73b25e00e379d0a24e476d5f26da19186f48a179e3a8bf83ce889b3b8
alpha^8,0.04908738521234052,0.03429379219332288,0.00011934439183692832,1.5218716777050034e-14,diagnostic_only_not_theorem_gate,4a09b46da042bd99120c3c23c0cc81b0e6b3f33dd2de64fa567151fb2cf15c72,2f4b8aa5a0edfdafeadf5c67ac561b97ec266443615d65a715c735eac6203ef6,169421e73b25e00e379d0a24e476d5f26da19186f48a179e3a8bf83ce889b3b8
alpha^8,0.09817477042468103,0.03428501003019599,0.00023840127258058732,1.5205726782405374e-14,diagnostic_only_not_theorem_gate,4a09b46da042bd99120c3c23c0cc81b0e6b3f33dd2de64fa567151fb2cf15c72,2f4b8aa5a0edfdafeadf5c67ac561b97ec266443615d65a715c735eac6203ef6,169421e73b25e00e379d0a24e476d5f26da19186f48a179e3a8bf83ce889b3b8
alpha^8,0.14726215563702155,0.03427039660131843,0.00035688382377711445,1.517980736646263e-14,diagnostic_only_not_theorem_gate,4a09b46da042bd99120c3c23c0cc81b0e6b3f33dd2de64fa567151fb2cf15c72,2f4b8aa5a0edfdafeadf5c67ac561b97ec266443615d65a715c735eac6203ef6,169421e73b25e00e379d0a24e476d5f26da19186f48a179e3a8bf83ce889b3b8
alpha^8,0.19634954084936207,0.03424998711172035,0.00047450661058283134,1.5145553426617672e-14,diagnostic_only_not_theorem_gate,4a09b46da042bd99120c3c23c0cc81b0e6b3f33dd2de64fa567151fb2cf15c72,2f4b8aa5a0edfdafeadf5c67ac561b97ec266443615d65a715c735eac6203ef6,169421e73b25e00e379d0a24e476d5f26da19186f48a179e3a8bf83ce889b3b8
alpha^8,0.2454369260617026,0.03422383072964986,0.0005909862694017839,1.510250881521061e-14,diagnostic_only_not_theorem_gate,4a09b46da042bd99120c3c23c0cc81b0e6b3f33dd2de64fa567151fb2cf15c72,2f4b8aa5a0edfdafeadf5c67ac561b97ec266443615d65a715c735eac6203ef6,169421e73b25e00e379d0a24e476d5f26da19186f48a179e3a8bf83ce889b3b8
alpha^8,0.2945243112740431,0.03419199046812239,0.0007060421905334638,1.5047801252647256e-14,diagnostic_only_not_theorem_gate,4a09b46da042bd99120c3c23c0cc81b0e6b3f33dd2de64fa567151fb2cf15c72,2f4b8aa5a0edfdafeadf5c67ac561b97ec266443615d65a715c735eac6203ef6,169421e73b25e00e379d0a24e476d5f26da19186f48a179e3a8bf83ce889b3b8
alpha^8,0.3436116964863836,0.03415454303311683,0.0008193971941861569,1.4984085016750927e-14,diagnostic_only_not_theorem_gate,4a09b46da042bd99120c3c23c0cc81b0e6b3f33dd2de64fa567151fb2cf15c72,2f4b8aa5a0edfdafeadf5c67ac561b97ec266443615d65a715c735eac6203ef6,169421e73b25e00e379d0a24e476d5f26da19186f48a179e3a8bf83ce889b3b8
alpha^8,0.39269908169872414,0.03411157863878413,0.0009307781982273376,1.490948106921743e-14,diagnostic_only_not_theorem_gate,4a09b46da042bd99120c3c23c0cc81b0e6b3f33dd2de64fa567151fb2cf15c72,2f4b8aa5a0edfdafeadf5c67ac561b97ec266443615d65a715c735eac6203ef6,169421e73b25e00e379d0a24e476d5f26da19186f48a179e3a8bf83ce889b3b8
alpha^8,0.44178646691106466,0.034063200790113476,0.001039916876062447,1.482838629749063e-14,diagnostic_only_not_theorem_gate,4a09b46da042bd99120c3c23c0cc81b0e6b3f33dd2de64fa567151fb2cf15c72,2f4b8aa5a0edfdafeadf5c67ac561b97ec266443615d65a715c735eac6203ef6,169421e73b25e00e379d0a24e476d5f26da19186f48a179e3a8bf83ce889b3b8
alpha^8,0.4908738521234052,0.0340095260335797,0.0011465503030571617,1.4734762199893887e-14,diagnostic_only_not_theorem_gate,4a09b46da042bd99120c3c23c0cc81b0e6b3f33dd2de64fa567151fb2cf15c72,2f4b8aa5a0edfdafeadf5c67ac561b97ec266443615d65a715c735eac6203ef6,169421e73b25e00e379d0a24e476d5f26da19186f48a179e3a8bf83ce889b3b8
alpha^8,0.5399612373357456,0.033950683676372655,0.0012504215899458656,1.463174906842164e-14,diagnostic_only_not_theorem_gate,4a09b46da042bd99120c3c23c0cc81b0e6b3f33dd2de64fa567151fb2cf15c72,2f4b8aa5a0edfdafeadf5c67ac561b97ec266443615d65a715c735eac6203ef6,169421e73b25e00e379d0a24e476d5f26da19186f48a179e3a8bf83ce889b3b8
alpha^8,0.5890486225480862,0.03388681547488483,0.0013512805017003942,1.4519236203955787e-14,diagnostic_only_not_theorem_gate,4a09b46da042bd99120c3c23c0cc81b0e6b3f33dd2de64fa567151fb2cf15c72,2f4b8aa5a0edfdafeadf5c67ac561b97ec266443615d65a715c735eac6203ef6,169421e73b25e00e379d0a24e476d5f26da19186f48a179e3a8bf83ce889b3b8
alpha^8,0.6381360077604268,0.0338180752932078,0.0014488840603681336,1.439714962786158e-14,diagnostic_only_not_theorem_gate,4a09b46da042bd99120c3c23c0cc81b0e6b3f33dd2de64fa567151fb2cf15c72,2f4b8aa5a0edfdafeadf5c67ac561b97ec266443615d65a715c735eac6203ef6,169421e73b25e00e379d0a24e476d5f26da19186f48a179e3a8bf83ce889b3b8
alpha^8,0.6872233929727672,0.03374462873246017,0.0015429971304271903,1.4265509325659584e-14,diagnostic_only_not_theorem_gate,4a09b46da042bd99120c3c23c0cc81b0e6b3f33dd2de64fa567151fb2cf15c72,2f4b8aa5a0edfdafeadf5c67ac561b97ec266443615d65a715c735eac6203ef6,169421e73b25e00e379d0a24e476d5f26da19186f48a179e3a8bf83ce889b3b8
alpha^8,0.7363107781851077,0.03366665273183992,0.0016333929852484614,1.4122338711606893e-14,diagnostic_only_not_theorem_gate,4a09b46da042bd99120c3c23c0cc81b0e6b3f33dd2de64fa567151fb2cf15c72,2f4b8aa5a0edfdafeadf5c67ac561b97ec266443615d65a715c735eac6203ef6,169421e73b25e00e379d0a24e476d5f26da19186f48a179e3a8bf83ce889b3b8
alpha^8,0.7853981633974483,0.03358433514236244,0.0017198538532999406,1.3971653342165229e-14,diagnostic_only_not_theorem_gate,4a09b46da042bd99120c3c23c0cc81b0e6b3f33dd2de64fa567151fb2cf15c72,2f4b8aa5a0edfdafeadf5c67ac561b97ec266443615d65a715c735eac6203ef6,169421e73b25e00e379d0a24e476d5f26da19186f48a179e3a8bf83ce889b3b8
alpha^8,0.8344855486097889,0.03349787427431097,0.0018021714427774145,1.3809580388282015e-14,diagnostic_only_not_theorem_gate,4a09b46da042bd99120c3c23c0cc81b0e6b3f33dd2de64fa567151fb2cf15c72,2f4b8aa5a0edfdafeadf5c67ac561b97ec266443615d65a715c735eac6203ef6,169421e73b25e00e379d0a24e476d5f26da19186f48a179e3a8bf83ce889b3b8
alpha^8,0.8835729338221293,0.03340747841948969,0.001880147443397662,1.3641080950532126e-14,diagnostic_only_not_theorem_gate,4a09b46da042bd99120c3c23c0cc81b0e6b3f33dd2de64fa567151fb2cf15c72,2f4b8aa5a0edfdafeadf5c67ac561b97ec266443615d65a715c735eac6203ef6,169421e73b25e00e379d0a24e476d5f26da19186f48a179e3a8bf83ce889b3b8
alpha^8,0.9326603190344698,0.033313365349430635,0.001953594004145298,1.346345023286774e-14,diagnostic_only_not_theorem_gate,4a09b46da042bd99120c3c23c0cc81b0e6b3f33dd2de64fa567151fb2cf15c72,2f4b8aa5a0edfdafeadf5c67ac561b97ec266443615d65a715c735eac6203ef6,169421e73b25e00e379d0a24e476d5f26da19186f48a179e3a8bf83ce889b3b8
alpha^8,0.9817477042468103,0.033215761790762896,0.0020223341858223234,1.3273860579237866e-14,diagnostic_only_not_theorem_gate,4a09b46da042bd99120c3c23c0cc81b0e6b3f33dd2de64fa567151fb2cf15c72,2f4b8aa5a0edfdafeadf5c67ac561b97ec266443615d65a715c735eac6203ef6,169421e73b25e00e379d0a24e476d5f26da19186f48a179e3a8bf83ce889b3b8
alpha^8,1.030835089459151,0.03311490287900837,0.0020862023873101485,1.3079757048781465e-14,diagnostic_only_not_theorem_gate,4a09b46da042bd99120c3c23c0cc81b0e6b3f33dd2de64fa567151fb2cf15c72,2f4b8aa5a0edfdafeadf5c67ac561b97ec266443615d65a715c735eac6203ef6,169421e73b25e00e379d0a24e476d5f26da19186f48a179e3a8bf83ce889b3b8
alpha^8,1.0799224746714913,0.03301103159211966,0.002145044744517195,1.2874534754491803e-14,diagnostic_only_not_theorem_gate,4a09b46da042bd99120c3c23c0cc81b0e6b3f33dd2de64fa567151fb2cf15c72,2f4b8aa5a0edfdafeadf5c67ac561b97ec266443615d65a715c735eac6203ef6,169421e73b25e00e379d0a24e476d5f26da19186f48a179e3a8bf83ce889b3b8
alpha^8,1.1290098598838318,0.03290439816512495,0.0021987195010509707,1.2661449749287759e-14,diagnostic_only_not_theorem_gate,4a09b46da042bd99120c3c23c0cc81b0e6b3f33dd2de64fa567151fb2cf15c72,2f4b8aa5a0edfdafeadf5c67ac561b97ec266443615d65a715c735eac6203ef6,169421e73b25e00e379d0a24e476d5f26da19186f48a179e3a8bf83ce889b3b8
alpha^8,1.1780972450961724,0.03279525948728984,0.0022470973497216314,1.2441837641905747e-14,diagnostic_only_not_theorem_gate,4a09b46da042bd99120c3c23c0cc81b0e6b3f33dd2de64fa567151fb2cf15c72,2f4b8aa5a0edfdafeadf5c67ac561b97ec266443615d65a715c735eac6203ef6,169421e73b25e00e379d0a24e476d5f26da19186f48a179e3a8bf83ce889b3b8
alpha^8,1.227184630308513,0.03268387848324866,0.0022900617440543307,1.2213985202606956e-14,diagnostic_only_not_theorem_gate,4a09b46da042bd99120c3c23c0cc81b0e6b3f33dd2de64fa567151fb2cf15c72,2f4b8aa5a0edfdafeadf5c67ac561b97ec266443615d65a715c735eac6203ef6,169421e73b25e00e379d0a24e476d5f26da19186f48a179e3a8bf83ce889b3b8
alpha^8,1.2762720155208536,0.032570523479595964,0.0023275091790598843,1.197831764832402e-14,diagnostic_only_not_theorem_gate,4a09b46da042bd99120c3c23c0cc81b0e6b3f33dd2de64fa567151fb2cf15c72,2f4b8aa5a0edfdafeadf5c67ac561b97ec266443615d65a715c735eac6203ef6,169421e73b25e00e379d0a24e476d5f26da19186f48a179e3a8bf83ce889b3b8
alpha^8,1.325359400733194,0.03245546755846429,0.0023593494405873563,1.1736424584026787e-14,diagnostic_only_not_theorem_gate,4a09b46da042bd99120c3c23c0cc81b0e6b3f33dd2de64fa567151fb2cf15c72,2f4b8aa5a0edfdafeadf5c67ac561b97ec266443615d65a715c735eac6203ef6,169421e73b25e00e379d0a24e476d5f26da19186f48a179e3a8bf83ce889b3b8
alpha^8,1.3744467859455345,0.03233898789964534,0.002385505822657849,1.1490320251877245e-14,diagnostic_only_not_theorem_gate,4a09b46da042bd99120c3c23c0cc81b0e6b3f33dd2de64fa567151fb2cf15c72,2f4b8aa5a0edfdafeadf5c67ac561b97ec266443615d65a715c735eac6203ef6,169421e73b25e00e379d0a24e476d5f26da19186f48a179e3a8bf83ce889b3b8
alpha^8,1.423534171157875,0.032221365112839614,0.002405915312255927,1.123676959893912e-14,diagnostic_only_not_theorem_gate,4a09b46da042bd99120c3c23c0cc81b0e6b3f33dd2de64fa567151fb2cf15c72,2f4b8aa5a0edfdafeadf5c67ac561b97ec266443615d65a715c735eac6203ef6,169421e73b25e00e379d0a24e476d5f26da19186f48a179e3a8bf83ce889b3b8
alpha^8,1.4726215563702154,0.03210288256164309,0.0024205287411334874,1.097718109115842e-14,diagnostic_only_not_theorem_gate,4a09b46da042bd99120c3c23c0cc81b0e6b3f33dd2de64fa567151fb2cf15c72,2f4b8aa5a0edfdafeadf5c67ac561b97ec266443615d65a715c735eac6203ef6,169421e73b25e00e379d0a24e476d5f26da19186f48a179e3a8bf83ce889b3b8
alpha^8,1.521708941582556,0.031983825680899435,0.0024293109042603793,1.0715199717084744e-14,diagnostic_only_not_theorem_gate,4a09b46da042bd99120c3c23c0cc81b0e6b3f33dd2de64fa567151fb2cf15c72,2f4b8aa5a0edfdafeadf5c67ac561b97ec266443615d65a715c735eac6203ef6,169421e73b25e00e379d0a24e476d5f26da19186f48a179e3a8bf83ce889b3b8
alpha^8,1.5707963267948966,0.0318644812890625,0.0024322406446364037,1.0447492775250657e-14,diagnostic_only_not_theorem_gate,4a09b46da042bd99120c3c23c0cc81b0e6b3f33dd2de64fa567151fb2cf15c72,2f4b8aa5a0edfdafeadf5c67ac561b97ec266443615d65a715c735eac6203ef6,169421e73b25e00e379d0a24e476d5f26da19186f48a179e3a8bf83ce889b3b8
alpha^8,1.6198837120072371,0.03174513689722557,0.0024293109042603793,1.017602246126046e-14,diagnostic_only_not_theorem_gate,4a09b46da042bd99120c3c23c0cc81b0e6b3f33dd2de64fa567151fb2cf15c72,2f4b8aa5a0edfdafeadf5c67ac561b97ec266443615d65a715c735eac6203ef6,169421e73b25e00e379d0a24e476d5f26da19186f48a179e3a8bf83ce889b3b8
alpha^8,1.6689710972195777,0.031626080016481914,0.0024205287411334874,9.901980624353074e-15,diagnostic_only_not_theorem_gate,4a09b46da042bd99120c3c23c0cc81b0e6b3f33dd2de64fa567151fb2cf15c72,2f4b8aa5a0edfdafeadf5c67ac561b97ec266443615d65a715c735eac6203ef6,169421e73b25e00e379d0a24e476d5f26da19186f48a179e3a8bf83ce889b3b8
alpha^8,1.718058482431918,0.03150759746528539,0.002405915312255927,9.6265639931694e-15,diagnostic_only_not_theorem_gate,4a09b46da042bd99120c3c23c0cc81b0e6b3f33dd2de64fa567151fb2cf15c72,2f4b8aa5a0edfdafeadf5c67ac561b97ec266443615d65a715c735eac6203ef6,169421e73b25e00e379d0a24e476d5f26da19186f48a179e3a8bf83ce889b3b8
alpha^8,1.7671458676442586,0.03138997467847967,0.002385505822657849,9.348366709252903e-15,diagnostic_only_not_theorem_gate,4a09b46da042bd99120c3c23c0cc81b0e6b3f33dd2de64fa567151fb2cf15c72,2f4b8aa5a0edfdafeadf5c67ac561b97ec266443615d65a715c735eac6203ef6,169421e73b25e00e379d0a24e476d5f26da19186f48a179e3a8bf83ce889b3b8
alpha^8,1.8162332528565992,0.031273495019660716,0.0023593494405873563,9.070261609781198e-15,diagnostic_only_not_theorem_gate,4a09b46da042bd99120c3c23c0cc81b0e6b3f33dd2de64fa567151fb2cf15c72,2f4b8aa5a0edfdafeadf5c67ac561b97ec266443615d65a715c735eac6203ef6,169421e73b25e00e379d0a24e476d5f26da19186f48a179e3a8bf83ce889b3b8
alpha^8,1.8653206380689396,0.03115843909852904,0.0023275091790598843,8.790963971611209e-15,diagnostic_only_not_theorem_gate,4a09b46da042bd99120c3c23c0cc81b0e6b3f33dd2de64fa567151fb2cf15c72,2f4b8aa5a0edfdafeadf5c67ac561b97ec266443615d65a715c735eac6203ef6,169421e73b25e00e379d0a24e476d5f26da19186f48a179e3a8bf83ce889b3b8
alpha^8,1.9144080232812801,0.031045084094876347,0.0022900617440543307,8.511925686395434e-15,diagnostic_only_not_theorem_gate,4a09b46da042bd99120c3c23c0cc81b0e6b3f33dd2de64fa567151fb2cf15c72,2f4b8aa5a0edfdafeadf5c67ac561b97ec266443615d65a715c735eac6203ef6,169421e73b25e00e379d0a24e476d5f26da19186f48a179e3a8bf83ce889b3b8
alpha^8,1.9634954084936207,0.030933703090835166,0.0022470973497216314,8.23465622984868e-15,diagnostic_only_not_theorem_gate,4a09b46da042bd99120c3c23c0cc81b0e6b3f33dd2de64fa567151fb2cf15c72,2f4b8aa5a0edfdafeadf5c67ac561b97ec266443615d65a715c735eac6203ef6,169421e73b25e00e379d0a24e476d5f26da19186f48a179e3a8bf83ce889b3b8
alpha^8,2.012582793705961,0.030824564413000057,0.002198719501050971,7.959004596947691e-15,diagnostic_only_not_theorem_gate,4a09b46da042bd99120c3c23c0cc81b0e6b3f33dd2de64fa567151fb2cf15c72,2f4b8aa5a0edfdafeadf5c67ac561b97ec266443615d65a715c735eac6203ef6,169421e73b25e00e379d0a24e476d5f26da19186f48a179e3a8bf83ce889b3b8
alpha^8,2.061670178918302,0.03071793098600534,0.0021450447445171953,7.685821262627175e-15,diagnostic_only_not_theorem_gate,4a09b46da042bd99120c3c23c0cc81b0e6b3f33dd2de64fa567151fb2cf15c72,2f4b8aa5a0edfdafeadf5c67ac561b97ec266443615d65a715c735eac6203ef6,169421e73b25e00e379d0a24e476d5f26da19186f48a179e3a8bf83ce889b3b8
alpha^8,2.110757564130642,0.03061405969911664,0.0020862023873101485,7.41656330295477e-15,diagnostic_only_not_theorem_gate,4a09b46da042bd99120c3c23c0cc81b0e6b3f33dd2de64fa567151fb2cf15c72,2f4b8aa5a0edfdafeadf5c67ac561b97ec266443615d65a715c735eac6203ef6,169421e73b25e00e379d0a24e476d5f26da19186f48a179e3a8bf83ce889b3b8
alpha^8,2.1598449493429825,0.03051320078736211,0.002022334185822324,7.149115850943324e-15,diagnostic_only_not_theorem_gate,4a09b46da042bd99120c3c23c0cc81b0e6b3f33dd2de64fa567151fb2cf15c72,2f4b8aa5a0edfdafeadf5c67ac561b97ec266443615d65a715c735eac6203ef6,169421e73b25e00e379d0a24e476d5f26da19186f48a179e3a8bf83ce889b3b8
alpha^8,2.2089323345553233,0.030415597228694368,0.0019535940041452986,6.888105571532348e-15,diagnostic_only_not_theorem_gate,4a09b46da042bd99120c3c23c0cc81b0e6b3f33dd2de64fa567151fb2cf15c72,2f4b8aa5a0edfdafeadf5c67ac561b97ec266443615d65a715c735eac6203ef6,169421e73b25e00e379d0a24e476d5f26da19186f48a179e3a8bf83ce889b3b8
alpha^8,2.2580197197676637,0.030321484158635312,0.0018801474433976623,6.631992107348432e-15,diagnostic_only_not_theorem_gate,4a09b46da042bd99120c3c23c0cc81b0e6b3f33dd2de64fa567151fb2cf15c72,2f4b8aa5a0edfdafeadf5c67ac561b97ec266443615d65a715c735eac6203ef6,169421e73b25e00e379d0a24e476d5f26da19186f48a179e3a8bf83ce889b3b8
alpha^8,2.3071071049800045,0.030231088303814043,0.0018021714427774143,6.381630707986785e-15,diagnostic_only_not_theorem_gate,4a09b46da042bd99120c3c23c0cc81b0e6b3f33dd2de64fa567151fb2cf15c72,2f4b8aa5a0edfdafeadf5c67ac561b97ec266443615d65a715c735eac6203ef6,169421e73b25e00e379d0a24e476d5f26da19186f48a179e3a8bf83ce889b3b8
alpha^8,2.356194490192345,0.03014462743576256,0.001719853853299941,6.138146301451189e-15,diagnostic_only_not_theorem_gate,4a09b46da042bd99120c3c23c0cc81b0e6b3f33dd2de64fa567151fb2cf15c72,2f4b8aa5a0edfdafeadf5c67ac561b97ec266443615d65a715c735eac6203ef6,169421e73b25e00e379d0a24e476d5f26da19186f48a179e3a8bf83ce889b3b8
alpha^8,2.405281875404685,0.03006230984628509,0.001633392985248462,5.902747090147813e-15,diagnostic_only_not_theorem_gate,4a09b46da042bd99120c3c23c0cc81b0e6b3f33dd2de64fa567151fb2cf15c72,2f4b8aa5a0edfdafeadf5c67ac561b97ec266443615d65a715c735eac6203ef6,169421e73b25e00e379d0a24e476d5f26da19186f48a179e3a8bf83ce889b3b8
alpha^8,2.454369260617026,0.029984333845664842,0.0015429971304271903,5.674883404755793e-15,diagnostic_only_not_theorem_gate,4a09b46da042bd99120c3c23c0cc81b0e6b3f33dd2de64fa567151fb2cf15c72,2f4b8aa5a0edfdafeadf5c67ac561b97ec266443615d65a715c735eac6203ef6,169421e73b25e00e379d0a24e476d5f26da19186f48a179e3a8bf83ce889b3b8
alpha^8,2.5034566458293663,0.029910887284917205,0.0014488840603681338,5.455955848854818e-15,diagnostic_only_not_theorem_gate,4a09b46da042bd99120c3c23c0cc81b0e6b3f33dd2de64fa567151fb2cf15c72,2f4b8aa5a0edfdafeadf5c67ac561b97ec266443615d65a715c735eac6203ef6,169421e73b25e00e379d0a24e476d5f26da19186f48a179e3a8bf83ce889b3b8
alpha^8,2.552544031041707,0.02984214710324018,0.0013512805017003942,5.248154315379312e-15,diagnostic_only_not_theorem_gate,4a09b46da042bd99120c3c23c0cc81b0e6b3f33dd2de64fa567151fb2cf15c72,2f4b8aa5a0edfdafeadf5c67ac561b97ec266443615d65a715c735eac6203ef6,169421e73b25e00e379d0a24e476d5f26da19186f48a179e3a8bf83ce889b3b8
alpha^8,2.6016314162540475,0.029778278901752355,0.0012504215899458659,5.051501972667053e-15,diagnostic_only_not_theorem_gate,4a09b46da042bd99120c3c23c0cc81b0e6b3f33dd2de64fa567151fb2cf15c72,2f4b8aa5a0edfdafeadf5c67ac561b97ec266443615d65a715c735eac6203ef6,169421e73b25e00e379d0a24e476d5f26da19186f48a179e3a8bf83ce889b3b8
alpha^8,2.650718801466388,0.029719436544545307,0.0011465503030571621,4.865618460023289e-15,diagnostic_only_not_theorem_gate,4a09b46da042bd99120c3c23c0cc81b0e6b3f33dd2de64fa567151fb2cf15c72,2f4b8aa5a0edfdafeadf5c67ac561b97ec266443615d65a715c735eac6203ef6,169421e73b25e00e379d0a24e476d5f26da19186f48a179e3a8bf83ce889b3b8
alpha^8,2.6998061866787286,0.029665761788011533,0.001039916876062447,4.694220118942088e-15,diagnostic_only_not_theorem_gate,4a09b46da042bd99120c3c23c0cc81b0e6b3f33dd2de64fa567151fb2cf15c72,2f4b8aa5a0edfdafeadf5c67ac561b97ec266443615d65a715c735eac6203ef6,169421e73b25e00e379d0a24e476d5f26da19186f48a179e3a8bf83ce889b3b8
alpha^8,2.748893571891069,0.029617383939340873,0.0009307781982273378,4.536380298063743e-15,diagnostic_only_not_theorem_gate,4a09b46da042bd99120c3c23c0cc81b0e6b3f33dd2de64fa567151fb2cf15c72,2f4b8aa5a0edfdafeadf5c67ac561b97ec266443615d65a715c735eac6203ef6,169421e73b25e00e379d0a24e476d5f26da19186f48a179e3a8bf83ce889b3b8
alpha^8,2.7979809571034093,0.02957441954500817,0.0008193971941861575,4.393128492379453e-15,diagnostic_only_not_theorem_gate,4a09b46da042bd99120c3c23c0cc81b0e6b3f33dd2de64fa567151fb2cf15c72,2f4b8aa5a0edfdafeadf5c67ac561b97ec266443615d65a715c735eac6203ef6,169421e73b25e00e379d0a24e476d5f26da19186f48a179e3a8bf83ce889b3b8
alpha^8,2.84706834231575,0.02953697211000262,0.000706042190533464,4.267489628603883e-15,diagnostic_only_not_theorem_gate,4a09b46da042bd99120c3c23c0cc81b0e6b3f33dd2de64fa567151fb2cf15c72,2f4b8aa5a0edfdafeadf5c67ac561b97ec266443615d65a715c735eac6203ef6,169421e73b25e00e379d0a24e476d5f26da19186f48a179e3a8bf83ce889b3b8
alpha^8,2.8961557275280905,0.029505131848475148,0.0005909862694017844,4.15721484576123e-15,diagnostic_only_not_theorem_gate,4a09b46da042bd99120c3c23c0cc81b0e6b3f33dd2de64fa567151fb2cf15c72,2f4b8aa5a0edfdafeadf5c67ac561b97ec266443615d65a715c735eac6203ef6,169421e73b25e00e379d0a24e476d5f26da19186f48a179e3a8bf83ce889b3b8
alpha^8,2.945243112740431,0.029478975466404655,0.00047450661058283226,4.065255286319412e-15,diagnostic_only_not_theorem_gate,4a09b46da042bd99120c3c23c0cc81b0e6b3f33dd2de64fa567151fb2cf15c72,2f4b8aa5a0edfdafeadf5c67ac561b97ec266443615d65a715c735eac6203ef6,169421e73b25e00e379d0a24e476d5f26da19186f48a179e3a8bf83ce889b3b8
alpha^8,2.9943304979527716,0.029458565976806576,0.00035688382377711456,3.993799230472973e-15,diagnostic_only_not_theorem_gate,4a09b46da042bd99120c3c23c0cc81b0e6b3f33dd2de64fa567151fb2cf15c72,2f4b8aa5a0edfdafeadf5c67ac561b97ec266443615d65a715c735eac6203ef6,169421e73b25e00e379d0a24e476d5f26da19186f48a179e3a8bf83ce889b3b8
alpha^8,3.043417883165112,0.029443952547929017,0.00023840127258058786,3.941712542502203e-15,diagnostic_only_not_theorem_gate,4a09b46da042bd99120c3c23c0cc81b0e6b3f33dd2de64fa567151fb2cf15c72,2f4b8aa5a0edfdafeadf5c67ac561b97ec266443615d65a715c735eac6203ef6,169421e73b25e00e379d0a24e476d5f26da19186f48a179e3a8bf83ce889b3b8
alpha^8,3.0925052683774528,0.029435170384802124,0.0001193443918369282,3.91039413550248e-15,diagnostic_only_not_theorem_gate,4a09b46da042bd99120c3c23c0cc81b0e6b3f33dd2de64fa567151fb2cf15c72,2f4b8aa5a0edfdafeadf5c67ac561b97ec266443615d65a715c735eac6203ef6,169421e73b25e00e379d0a24e476d5f26da19186f48a179e3a8bf83ce889b3b8
alpha^8,3.141592653589793,0.0294322406444261,2.9786357202100666e-19,3.899219298444385e-15,diagnostic_only_not_theorem_gate,4a09b46da042bd99120c3c23c0cc81b0e6b3f33dd2de64fa567151fb2cf15c72,2f4b8aa5a0edfdafeadf5c67ac561b97ec266443615d65a715c735eac6203ef6,169421e73b25e00e379d0a24e476d5f26da19186f48a179e3a8bf83ce889b3b8
alpha^8,3.1906800388021335,0.029435170384802124,-0.0001193443918369276,3.910357632767736e-15,diagnostic_only_not_theorem_gate,4a09b46da042bd99120c3c23c0cc81b0e6b3f33dd2de64fa567151fb2cf15c72,2f4b8aa5a0edfdafeadf5c67ac561b97ec266443615d65a715c735eac6203ef6,169421e73b25e00e379d0a24e476d5f26da19186f48a179e3a8bf83ce889b3b8
alpha^8,3.2397674240144743,0.029443952547929017,-0.0002384012725805873,3.9421168959994284e-15,diagnostic_only_not_theorem_gate,4a09b46da042bd99120c3c23c0cc81b0e6b3f33dd2de64fa567151fb2cf15c72,2f4b8aa5a0edfdafeadf5c67ac561b97ec266443615d65a715c735eac6203ef6,169421e73b25e00e379d0a24e476d5f26da19186f48a179e3a8bf83ce889b3b8
alpha^8,3.2888548092268146,0.029458565976806576,-0.000356883823777114,3.993202250421038e-15,diagnostic_only_not_theorem_gate,4a09b46da042bd99120c3c23c0cc81b0e6b3f33dd2de64fa567151fb2cf15c72,2f4b8aa5a0edfdafeadf5c67ac561b97ec266443615d65a715c735eac6203ef6,169421e73b25e00e379d0a24e476d5f26da19186f48a179e3a8bf83ce889b3b8
alpha^8,3.3379421944391554,0.029478975466404655,-0.0004745066105828316,4.065329451280765e-15,diagnostic_only_not_theorem_gate,4a09b46da042bd99120c3c23c0cc81b0e6b3f33dd2de64fa567151fb2cf15c72,2f4b8aa5a0edfdafeadf5c67ac561b97ec266443615d65a715c735eac6203ef6,169421e73b25e00e379d0a24e476d5f26da19186f48a179e3a8bf83ce889b3b8
alpha^8,3.3870295796514958,0.029505131848475148,-0.0005909862694017837,4.157668670214816e-15,diagnostic_only_not_theorem_gate,4a09b46da042bd99120c3c23c0cc81b0e6b3f33dd2de64fa567151fb2cf15c72,2f4b8aa5a0edfdafeadf5c67ac561b97ec266443615d65a715c735eac6203ef6,169421e73b25e00e379d0a24e476d5f26da19186f48a179e3a8bf83ce889b3b8
alpha^8,3.436116964863836,0.02953697211000262,-0.0007060421905334633,4.2669320831106305e-15,diagnostic_only_not_theorem_gate,4a09b46da042bd99120c3c23c0cc81b0e6b3f33dd2de64fa567151fb2cf15c72,2f4b8aa5a0edfdafeadf5c67ac561b97ec266443615d65a715c735eac6203ef6,169421e73b25e00e379d0a24e476d5f26da19186f48a179e3a8bf83ce889b3b8
alpha^8,3.485204350076177,0.02957441954500817,-0.000819397194186157,4.393892286071587e-15,diagnostic_only_not_theorem_gate,4a09b46da042bd99120c3c23c0cc81b0e6b3f33dd2de64fa567151fb2cf15c72,2f4b8aa5a0edfdafeadf5c67ac561b97ec266443615d65a715c735eac6203ef6,169421e73b25e00e379d0a24e476d5f26da19186f48a179e3a8bf83ce889b3b8
alpha^8,3.5342917352885173,0.029617383939340873,-0.0009307781982273373,4.536600359706056e-15,diagnostic_only_not_theorem_gate,4a09b46da042bd99120c3c23c0cc81b0e6b3f33dd2de64fa567151fb2cf15c72,2f4b8aa5a0edfdafeadf5c67ac561b97ec266443615d65a715c735eac6203ef6,169421e73b25e00e379d0a24e476d5f26da19186f48a179e3a8bf83ce889b3b8
alpha^8,3.5833791205008576,0.029665761788011533,-0.0010399168760624464,4.694290898286773e-15,diagnostic_only_not_theorem_gate,4a09b46da042bd99120c3c23c0cc81b0e6b3f33dd2de64fa567151fb2cf15c72,2f4b8aa5a0edfdafeadf5c67ac561b97ec266443615d65a715c735eac6203ef6,169421e73b25e00e379d0a24e476d5f26da19186f48a179e3a8bf83ce889b3b8
alpha^8,3.6324665057131984,0.029719436544545307,-0.0011465503030571617,4.866561565342166e-15,diagnostic_only_not_theorem_gate,4a09b46da042bd99120c3c23c0cc81b0e6b3f33dd2de64fa567151fb2cf15c72,2f4b8aa5a0edfdafeadf5c67ac561b97ec266443615d65a715c735eac6203ef6,169421e73b25e00e379d0a24e476d5f26da19186f48a179e3a8bf83ce889b3b8
alpha^8,3.6815538909255388,0.029778278901752355,-0.0012504215899458654,5.051622640504214e-15,diagnostic_only_not_theorem_gate,4a09b46da042bd99120c3c23c0cc81b0e6b3f33dd2de64fa567151fb2cf15c72,2f4b8aa5a0edfdafeadf5c67ac561b97ec266443615d65a715c735eac6203ef6,169421e73b25e00e379d0a24e476d5f26da19186f48a179e3a8bf83ce889b3b8
alpha^8,3.730641276137879,0.02984214710324018,-0.0013512805017003937,5.248436968691114e-15,diagnostic_only_not_theorem_gate,4a09b46da042bd99120c3c23c0cc81b0e6b3f33dd2de64fa567151fb2cf15c72,2f4b8aa5a0edfdafeadf5c67ac561b97ec266443615d65a715c735eac6203ef6,169421e73b25e00e379d0a24e476d5f26da19186f48a179e3a8bf83ce889b3b8
alpha^8,3.77972866135022,0.029910887284917205,-0.0014488840603681331,5.455929631800616e-15,diagnostic_only_not_theorem_gate,4a09b46da042bd99120c3c23c0cc81b0e6b3f33dd2de64fa567151fb2cf15c72,2f4b8aa5a0edfdafeadf5c67ac561b97ec266443615d65a715c735eac6203ef6,169421e73b25e00e379d0a24e476d5f26da19186f48a179e3a8bf83ce889b3b8
alpha^8,3.8288160465625602,0.029984333845664842,-0.0015429971304271898,5.674654246926173e-15,diagnostic_only_not_theorem_gate,4a09b46da042bd99120c3c23c0cc81b0e6b3f33dd2de64fa567151fb2cf15c72,2f4b8aa5a0edfdafeadf5c67ac561b97ec266443615d65a715c735eac6203ef6,169421e73b25e00e379d0a24e476d5f26da19186f48a179e3a8bf83ce889b3b8
alpha^8,3.877903431774901,0.03006230984628509,-0.0016333929852484616,5.9023838293504215e-15,diagnostic_only_not_theorem_gate,4a09b46da042bd99120c3c23c0cc81b0e6b3f33dd2de64fa567151fb2cf15c72,2f4b8aa5a0edfdafeadf5c67ac561b97ec266443615d65a715c735eac6203ef6,169421e73b25e00e379d0a24e476d5f26da19186f48a179e3a8bf83ce889b3b8
alpha^8,3.9269908169872414,0.03014462743576256,-0.0017198538532999406,6.138350853765045e-15,diagnostic_only_not_theorem_gate,4a09b46da042bd99120c3c23c0cc81b0e6b3f33dd2de64fa567151fb2cf15c72,2f4b8aa5a0edfdafeadf5c67ac561b97ec266443615d65a715c735eac6203ef6,169421e73b25e00e379d0a24e476d5f26da19186f48a179e3a8bf83ce889b3b8
alpha^8,3.9760782021995817,0.03023108830381404,-0.0018021714427774139,6.382636127185942e-15,diagnostic_only_not_theorem_gate,4a09b46da042bd99120c3c23c0cc81b0e6b3f33dd2de64fa567151fb2cf15c72,2f4b8aa5a0edfdafeadf5c67ac561b97ec266443615d65a715c735eac6203ef6,169421e73b25e00e379d0a24e476d5f26da19186f48a179e3a8bf83ce889b3b8
alpha^8,4.025165587411922,0.030321484158635312,-0.0018801474433976612,6.631761767369985e-15,diagnostic_only_not_theorem_gate,4a09b46da042bd99120c3c23c0cc81b0e6b3f33dd2de64fa567151fb2cf15c72,2f4b8aa5a0edfdafeadf5c67ac561b97ec266443615d65a715c735eac6203ef6,169421e73b25e00e379d0a24e476d5f26da19186f48a179e3a8bf83ce889b3b8
alpha^8,4.074252972624263,0.03041559722869437,-0.0019535940041452986,6.887712589077554e-15,diagnostic_only_not_theorem_gate,4a09b46da042bd99120c3c23c0cc81b0e6b3f33dd2de64fa567151fb2cf15c72,2f4b8aa5a0edfdafeadf5c67ac561b97ec266443615d65a715c735eac6203ef6,169421e73b25e00e379d0a24e476d5f26da19186f48a179e3a8bf83ce889b3b8
alpha^8,4.123340357836604,0.03051320078736211,-0.0020223341858223234,7.14910466084727e-15,diagnostic_only_not_theorem_gate,4a09b46da042bd99120c3c23c0cc81b0e6b3f33dd2de64fa567151fb2cf15c72,2f4b8aa5a0edfdafeadf5c67ac561b97ec266443615d65a715c735eac6203ef6,169421e73b25e00e379d0a24e476d5f26da19186f48a179e3a8bf83ce889b3b8
alpha^8,4.172427743048944,0.03061405969911664,-0.002086202387310148,7.416059719750347e-15,diagnostic_only_not_theorem_gate,4a09b46da042bd99120c3c23c0cc81b0e6b3f33dd2de64fa567151fb2cf15c72,2f4b8aa5a0edfdafeadf5c67ac561b97ec266443615d65a715c735eac6203ef6,169421e73b25e00e379d0a24e476d5f26da19186f48a179e3a8bf83ce889b3b8
alpha^8,4.221515128261284,0.03071793098600534,-0.002145044744517195,7.686158685234765e-15,diagnostic_only_not_theorem_gate,4a09b46da042bd99120c3c23c0cc81b0e6b3f33dd2de64fa567151fb2cf15c72,2f4b8aa5a0edfdafeadf5c67ac561b97ec266443615d65a715c735eac6203ef6,169421e73b25e00e379d0a24e476d5f26da19186f48a179e3a8bf83ce889b3b8
alpha^8,4.270602513473625,0.030824564413000057,-0.0021987195010509703,7.95931276374387e-15,diagnostic_only_not_theorem_gate,4a09b46da042bd99120c3c23c0cc81b0e6b3f33dd2de64fa567151fb2cf15c72,2f4b8aa5a0edfdafeadf5c67ac561b97ec266443615d65a715c735eac6203ef6,169421e73b25e00e379d0a24e476d5f26da19186f48a179e3a8bf83ce889b3b8
alpha^8,4.319689898685965,0.030933703090835166,-0.002247097349721631,8.234674344029543e-15,diagnostic_only_not_theorem_gate,4a09b46da042bd99120c3c23c0cc81b0e6b3f33dd2de64fa567151fb2cf15c72,2f4b8aa5a0edfdafeadf5c67ac561b97ec266443615d65a715c735eac6203ef6,169421e73b25e00e379d0a24e476d5f26da19186f48a179e3a8bf83ce889b3b8
alpha^8,4.368777283898306,0.031045084094876347,-0.0022900617440543307,8.511925686395434e-15,diagnostic_only_not_theorem_gate,4a09b46da042bd99120c3c23c0cc81b0e6b3f33dd2de64fa567151fb2cf15c72,2f4b8aa5a0edfdafeadf5c67ac561b97ec266443615d65a715c735eac6203ef6,169421e73b25e00e379d0a24e476d5f26da19186f48a179e3a8bf83ce889b3b8
alpha^8,4.417864669110647,0.03115843909852904,-0.0023275091790598843,8.790963971611209e-15,diagnostic_only_not_theorem_gate,4a09b46da042bd99120c3c23c0cc81b0e6b3f33dd2de64fa567151fb2cf15c72,2f4b8aa5a0edfdafeadf5c67ac561b97ec266443615d65a715c735eac6203ef6,169421e73b25e00e379d0a24e476d5f26da19186f48a179e3a8bf83ce889b3b8
alpha^8,4.466952054322987,0.031273495019660716,-0.0023593494405873563,9.070261609781198e-15,diagnostic_only_not_theorem_gate,4a09b46da042bd99120c3c23c0cc81b0e6b3f33dd2de64fa567151fb2cf15c72,2f4b8aa5a0edfdafeadf5c67ac561b97ec266443615d65a715c735eac6203ef6,169421e73b25e00e379d0a24e476d5f26da19186f48a179e3a8bf83ce889b3b8
alpha^8,4.516039439535327,0.03138997467847967,-0.002385505822657849,9.348366709252903e-15,diagnostic_only_not_theorem_gate,4a09b46da042bd99120c3c23c0cc81b0e6b3f33dd2de64fa567151fb2cf15c72,2f4b8aa5a0edfdafeadf5c67ac561b97ec266443615d65a715c735eac6203ef6,169421e73b25e00e379d0a24e476d5f26da19186f48a179e3a8bf83ce889b3b8
alpha^8,4.565126824747668,0.031507597465285385,-0.0024059153122559266,9.626954476955361e-15,diagnostic_only_not_theorem_gate,4a09b46da042bd99120c3c23c0cc81b0e6b3f33dd2de64fa567151fb2cf15c72,2f4b8aa5a0edfdafeadf5c67ac561b97ec266443615d65a715c735eac6203ef6,169421e73b25e00e379d0a24e476d5f26da19186f48a179e3a8bf83ce889b3b8
alpha^8,4.614214209960009,0.031626080016481914,-0.0024205287411334874,9.901980624353074e-15,diagnostic_only_not_theorem_gate,4a09b46da042bd99120c3c23c0cc81b0e6b3f33dd2de64fa567151fb2cf15c72,2f4b8aa5a0edfdafeadf5c67ac561b97ec266443615d65a715c735eac6203ef6,169421e73b25e00e379d0a24e476d5f26da19186f48a179e3a8bf83ce889b3b8
alpha^8,4.663301595172349,0.03174513689722557,-0.0024293109042603793,1.017602246126046e-14,diagnostic_only_not_theorem_gate,4a09b46da042bd99120c3c23c0cc81b0e6b3f33dd2de64fa567151fb2cf15c72,2f4b8aa5a0edfdafeadf5c67ac561b97ec266443615d65a715c735eac6203ef6,169421e73b25e00e379d0a24e476d5f26da19186f48a179e3a8bf83ce889b3b8
alpha^8,4.71238898038469,0.0318644812890625,-0.0024322406446364037,1.0447492775250657e-14,diagnostic_only_not_theorem_gate,4a09b46da042bd99120c3c23c0cc81b0e6b3f33dd2de64fa567151fb2cf15c72,2f4b8aa5a0edfdafeadf5c67ac561b97ec266443615d65a715c735eac6203ef6,169421e73b25e00e379d0a24e476d5f26da19186f48a179e3a8bf83ce889b3b8
alpha^8,4.76147636559703,0.03198382568089943,-0.0024293109042603793,1.0714444533045587e-14,diagnostic_only_not_theorem_gate,4a09b46da042bd99120c3c23c0cc81b0e6b3f33dd2de64fa567151fb2cf15c72,2f4b8aa5a0edfdafeadf5c67ac561b97ec266443615d65a715c735eac6203ef6,169421e73b25e00e379d0a24e476d5f26da19186f48a179e3a8bf83ce889b3b8
alpha^8,4.81056375080937,0.03210288256164309,-0.0024205287411334874,1.097718109115842e-14,diagnostic_only_not_theorem_gate,4a09b46da042bd99120c3c23c0cc81b0e6b3f33dd2de64fa567151fb2cf15c72,2f4b8aa5a0edfdafeadf5c67ac561b97ec266443615d65a715c735eac6203ef6,169421e73b25e00e379d0a24e476d5f26da19186f48a179e3a8bf83ce889b3b8
alpha^8,4.859651136021712,0.03222136511283962,-0.0024059153122559266,1.1235943670843806e-14,diagnostic_only_not_theorem_gate,4a09b46da042bd99120c3c23c0cc81b0e6b3f33dd2de64fa567151fb2cf15c72,2f4b8aa5a0edfdafeadf5c67ac561b97ec266443615d65a715c735eac6203ef6,169421e73b25e00e379d0a24e476d5f26da19186f48a179e3a8bf83ce889b3b8
alpha^8,4.908738521234052,0.03233898789964534,-0.002385505822657849,1.1490320251877245e-14,diagnostic_only_not_theorem_gate,4a09b46da042bd99120c3c23c0cc81b0e6b3f33dd2de64fa567151fb2cf15c72,2f4b8aa5a0edfdafeadf5c67ac561b97ec266443615d65a715c735eac6203ef6,169421e73b25e00e379d0a24e476d5f26da19186f48a179e3a8bf83ce889b3b8
alpha^8,4.957825906446392,0.032455467558464283,-0.0023593494405873563,1.1737289300214808e-14,diagnostic_only_not_theorem_gate,4a09b46da042bd99120c3c23c0cc81b0e6b3f33dd2de64fa567151fb2cf15c72,2f4b8aa5a0edfdafeadf5c67ac561b97ec266443615d65a715c735eac6203ef6,169421e73b25e00e379d0a24e476d5f26da19186f48a179e3a8bf83ce889b3b8
alpha^8,5.006913291658733,0.032570523479595964,-0.0023275091790598843,1.197831764832402e-14,diagnostic_only_not_theorem_gate,4a09b46da042bd99120c3c23c0cc81b0e6b3f33dd2de64fa567151fb2cf15c72,2f4b8aa5a0edfdafeadf5c67ac561b97ec266443615d65a715c735eac6203ef6,169421e73b25e00e379d0a24e476d5f26da19186f48a179e3a8bf83ce889b3b8
alpha^8,5.056000676871073,0.032683878483248656,-0.002290061744054331,1.2213997854426648e-14,diagnostic_only_not_theorem_gate,4a09b46da042bd99120c3c23c0cc81b0e6b3f33dd2de64fa567151fb2cf15c72,2f4b8aa5a0edfdafeadf5c67ac561b97ec266443615d65a715c735eac6203ef6,169421e73b25e00e379d0a24e476d5f26da19186f48a179e3a8bf83ce889b3b8
alpha^8,5.105088062083414,0.03279525948728984,-0.002247097349721631,1.2440824798908857e-14,diagnostic_only_not_theorem_gate,4a09b46da042bd99120c3c23c0cc81b0e6b3f33dd2de64fa567151fb2cf15c72,2f4b8aa5a0edfdafeadf5c67ac561b97ec266443615d65a715c735eac6203ef6,169421e73b25e00e379d0a24e476d5f26da19186f48a179e3a8bf83ce889b3b8
alpha^8,5.154175447295755,0.03290439816512495,-0.0021987195010509707,1.2661449749287759e-14,diagnostic_only_not_theorem_gate,4a09b46da042bd99120c3c23c0cc81b0e6b3f33dd2de64fa567151fb2cf15c72,2f4b8aa5a0edfdafeadf5c67ac561b97ec266443615d65a715c735eac6203ef6,169421e73b25e00e379d0a24e476d5f26da19186f48a179e3a8bf83ce889b3b8
alpha^8,5.203262832508095,0.03301103159211966,-0.0021450447445171953,1.287401668494342e-14,diagnostic_only_not_theorem_gate,4a09b46da042bd99120c3c23c0cc81b0e6b3f33dd2de64fa567151fb2cf15c72,2f4b8aa5a0edfdafeadf5c67ac561b97ec266443615d65a715c735eac6203ef6,169421e73b25e00e379d0a24e476d5f26da19186f48a179e3a8bf83ce889b3b8
alpha^8,5.252350217720435,0.03311490287900837,-0.0020862023873101485,1.3079757048781465e-14,diagnostic_only_not_theorem_gate,4a09b46da042bd99120c3c23c0cc81b0e6b3f33dd2de64fa567151fb2cf15c72,2f4b8aa5a0edfdafeadf5c67ac561b97ec266443615d65a715c735eac6203ef6,169421e73b25e00e379d0a24e476d5f26da19186f48a179e3a8bf83ce889b3b8
alpha^8,5.301437602932776,0.033215761790762896,-0.002022334185822324,1.3274115925657824e-14,diagnostic_only_not_theorem_gate,4a09b46da042bd99120c3c23c0cc81b0e6b3f33dd2de64fa567151fb2cf15c72,2f4b8aa5a0edfdafeadf5c67ac561b97ec266443615d65a715c735eac6203ef6,169421e73b25e00e379d0a24e476d5f26da19186f48a179e3a8bf83ce889b3b8
alpha^8,5.350524988145116,0.033313365349430635,-0.001953594004145299,1.3462790521748027e-14,diagnostic_only_not_theorem_gate,4a09b46da042bd99120c3c23c0cc81b0e6b3f33dd2de64fa567151fb2cf15c72,2f4b8aa5a0edfdafeadf5c67ac561b97ec266443615d65a715c735eac6203ef6,169421e73b25e00e379d0a24e476d5f26da19186f48a179e3a8bf83ce889b3b8
alpha^8,5.399612373357457,0.0334074784194897,-0.0018801474433976619,1.3641114528568675e-14,diagnostic_only_not_theorem_gate,4a09b46da042bd99120c3c23c0cc81b0e6b3f33dd2de64fa567151fb2cf15c72,2f4b8aa5a0edfdafeadf5c67ac561b97ec266443615d65a715c735eac6203ef6,169421e73b25e00e379d0a24e476d5f26da19186f48a179e3a8bf83ce889b3b8
alpha^8,5.448699758569798,0.03349787427431097,-0.0018021714427774145,1.3809580388282015e-14,diagnostic_only_not_theorem_gate,4a09b46da042bd99120c3c23c0cc81b0e6b3f33dd2de64fa567151fb2cf15c72,2f4b8aa5a0edfdafeadf5c67ac561b97ec266443615d65a715c735eac6203ef6,169421e73b25e00e379d0a24e476d5f26da19186f48a179e3a8bf83ce889b3b8
alpha^8,5.497787143782138,0.03358433514236244,-0.0017198538532999413,1.397243347416144e-14,diagnostic_only_not_theorem_gate,4a09b46da042bd99120c3c23c0cc81b0e6b3f33dd2de64fa567151fb2cf15c72,2f4b8aa5a0edfdafeadf5c67ac561b97ec266443615d65a715c735eac6203ef6,169421e73b25e00e379d0a24e476d5f26da19186f48a179e3a8bf83ce889b3b8
alpha^8,5.546874528994478,0.03366665273183992,-0.0016333929852484622,1.4122496328733207e-14,diagnostic_only_not_theorem_gate,4a09b46da042bd99120c3c23c0cc81b0e6b3f33dd2de64fa567151fb2cf15c72,2f4b8aa5a0edfdafeadf5c67ac561b97ec266443615d65a715c735eac6203ef6,169421e73b25e00e379d0a24e476d5f26da19186f48a179e3a8bf83ce889b3b8
alpha^8,5.595961914206819,0.03374462873246017,-0.0015429971304271913,1.4263875480949082e-14,diagnostic_only_not_theorem_gate,4a09b46da042bd99120c3c23c0cc81b0e6b3f33dd2de64fa567151fb2cf15c72,2f4b8aa5a0edfdafeadf5c67ac561b97ec266443615d65a715c735eac6203ef6,169421e73b25e00e379d0a24e476d5f26da19186f48a179e3a8bf83ce889b3b8
alpha^8,5.64504929941916,0.0338180752932078,-0.0014488840603681331,1.439660102933576e-14,diagnostic_only_not_theorem_gate,4a09b46da042bd99120c3c23c0cc81b0e6b3f33dd2de64fa567151fb2cf15c72,2f4b8aa5a0edfdafeadf5c67ac561b97ec266443615d65a715c735eac6203ef6,169421e73b25e00e379d0a24e476d5f26da19186f48a179e3a8bf83ce889b3b8
alpha^8,5.6941366846315,0.03388681547488483,-0.0013512805017003942,1.4519236203955787e-14,diagnostic_only_not_theorem_gate,4a09b46da042bd99120c3c23c0cc81b0e6b3f33dd2de64fa567151fb2cf15c72,2f4b8aa5a0edfdafeadf5c67ac561b97ec266443615d65a715c735eac6203ef6,169421e73b25e00e379d0a24e476d5f26da19186f48a179e3a8bf83ce889b3b8
alpha^8,5.743224069843841,0.03395068367637265,-0.001250421589945866,1.4631619984982703e-14,diagnostic_only_not_theorem_gate,4a09b46da042bd99120c3c23c0cc81b0e6b3f33dd2de64fa567151fb2cf15c72,2f4b8aa5a0edfdafeadf5c67ac561b97ec266443615d65a715c735eac6203ef6,169421e73b25e00e379d0a24e476d5f26da19186f48a179e3a8bf83ce889b3b8
alpha^8,5.792311455056181,0.0340095260335797,-0.0011465503030571624,1.473427461669022e-14,diagnostic_only_not_theorem_gate,4a09b46da042bd99120c3c23c0cc81b0e6b3f33dd2de64fa567151fb2cf15c72,2f4b8aa5a0edfdafeadf5c67ac561b97ec266443615d65a715c735eac6203ef6,169421e73b25e00e379d0a24e476d5f26da19186f48a179e3a8bf83ce889b3b8
alpha^8,5.841398840268521,0.034063200790113476,-0.0010399168760624482,1.4827203964527768e-14,diagnostic_only_not_theorem_gate,4a09b46da042bd99120c3c23c0cc81b0e6b3f33dd2de64fa567151fb2cf15c72,2f4b8aa5a0edfdafeadf5c67ac561b97ec266443615d65a715c735eac6203ef6,169421e73b25e00e379d0a24e476d5f26da19186f48a179e3a8bf83ce889b3b8
alpha^8,5.890486225480862,0.03411157863878413,-0.0009307781982273391,1.4911454301897908e-14,diagnostic_only_not_theorem_gate,4a09b46da042bd99120c3c23c0cc81b0e6b3f33dd2de64fa567151fb2cf15c72,2f4b8aa5a0edfdafeadf5c67ac561b97ec266443615d65a715c735eac6203ef6,169421e73b25e00e379d0a24e476d5f26da19186f48a179e3a8bf83ce889b3b8
alpha^8,5.939573610693203,0.03415454303311683,-0.0008193971941861567,1.4982993431086746e-14,diagnostic_only_not_theorem_gate,4a09b46da042bd99120c3c23c0cc81b0e6b3f33dd2de64fa567151fb2cf15c72,2f4b8aa5a0edfdafeadf5c67ac561b97ec266443615d65a715c735eac6203ef6,169421e73b25e00e379d0a24e476d5f26da19186f48a179e3a8bf83ce889b3b8
alpha^8,5.988660995905543,0.03419199046812239,-0.0007060421905334643,1.5048447669777623e-14,diagnostic_only_not_theorem_gate,4a09b46da042bd99120c3c23c0cc81b0e6b3f33dd2de64fa567151fb2cf15c72,2f4b8aa5a0edfdafeadf5c67ac561b97ec266443615d65a715c735eac6203ef6,169421e73b25e00e379d0a24e476d5f26da19186f48a179e3a8bf83ce889b3b8
alpha^8,6.037748381117884,0.03422383072964986,-0.0005909862694017846,1.5102280877400675e-14,diagnostic_only_not_theorem_gate,4a09b46da042bd99120c3c23c0cc81b0e6b3f33dd2de64fa567151fb2cf15c72,2f4b8aa5a0edfdafeadf5c67ac561b97ec266443615d65a715c735eac6203ef6,169421e73b25e00e379d0a24e476d5f26da19186f48a179e3a8bf83ce889b3b8
alpha^8,6.086835766330224,0.03424998711172035,-0.00047450661058283253,1.5146617578166492e-14,diagnostic_only_not_theorem_gate,4a09b46da042bd99120c3c23c0cc81b0e6b3f33dd2de64fa567151fb2cf15c72,2f4b8aa5a0edfdafeadf5c67ac561b97ec266443615d65a715c735eac6203ef6,169421e73b25e00e379d0a24e476d5f26da19186f48a179e3a8bf83ce889b3b8
alpha^8,6.135923151542564,0.03427039660131843,-0.00035688382377711597,1.5179589120461827e-14,diagnostic_only_not_theorem_gate,4a09b46da042bd99120c3c23c0cc81b0e6b3f33dd2de64fa567151fb2cf15c72,2f4b8aa5a0edfdafeadf5c67ac561b97ec266443615d65a715c735eac6203ef6,169421e73b25e00e379d0a24e476d5f26da19186f48a179e3a8bf83ce889b3b8
alpha^8,6.1850105367549055,0.03428501003019599,-0.0002384012725805871,1.5204791501169508e-14,diagnostic_only_not_theorem_gate,4a09b46da042bd99120c3c23c0cc81b0e6b3f33dd2de64fa567151fb2cf15c72,2f4b8aa5a0edfdafeadf5c67ac561b97ec266443615d65a715c735eac6203ef6,169421e73b25e00e379d0a24e476d5f26da19186f48a179e3a8bf83ce889b3b8
alpha^8,6.234097921967246,0.03429379219332288,-0.00011934439183692849,1.521842296679037e-14,diagnostic_only_not_theorem_gate,4a09b46da042bd99120c3c23c0cc81b0e6b3f33dd2de64fa567151fb2cf15c72,2f4b8aa5a0edfdafeadf5c67ac561b97ec266443615d65a715c735eac6203ef6,169421e73b25e00e379d0a24e476d5f26da19186f48a179e3a8bf83ce889b3b8
mu^3,0.0,0.02943224064477344,0.0,3.899638181086588e-15,diagnostic_only_not_theorem_gate,4a09b46da042bd99120c3c23c0cc81b0e6b3f33dd2de64fa567151fb2cf15c72,2f4b8aa5a0edfdafeadf5c67ac561b97ec266443615d65a715c735eac6203ef6,169421e73b25e00e379d0a24e476d5f26da19186f48a179e3a8bf83ce889b3b8
mu^3,0.04908738521234052,0.02942931090439725,0.00011934439184365236,3.9085735493379245e-15,diagnostic_only_not_theorem_gate,4a09b46da042bd99120c3c23c0cc81b0e6b3f33dd2de64fa567151fb2cf15c72,2f4b8aa5a0edfdafeadf5c67ac561b97ec266443615d65a715c735eac6203ef6,169421e73b25e00e379d0a24e476d5f26da19186f48a179e3a8bf83ce889b3b8
mu^3,0.09817477042468103,0.029420528741269863,0.00023840127259401923,3.9331332620455844e-15,diagnostic_only_not_theorem_gate,4a09b46da042bd99120c3c23c0cc81b0e6b3f33dd2de64fa567151fb2cf15c72,2f4b8aa5a0edfdafeadf5c67ac561b97ec266443615d65a715c735eac6203ef6,169421e73b25e00e379d0a24e476d5f26da19186f48a179e3a8bf83ce889b3b8
mu^3,0.14726215563702155,0.02940591531239148,0.0003568838237972218,3.974125708390328e-15,diagnostic_only_not_theorem_gate,4a09b46da042bd99120c3c23c0cc81b0e6b3f33dd2de64fa567151fb2cf15c72,2f4b8aa5a0edfdafeadf5c67ac561b97ec266443615d65a715c735eac6203ef6,169421e73b25e00e379d0a24e476d5f26da19186f48a179e3a8bf83ce889b3b8
mu^3,0.19634954084936207,0.02938550582279225,0.0004745066106095658,4.030446158996726e-15,diagnostic_only_not_theorem_gate,4a09b46da042bd99120c3c23c0cc81b0e6b3f33dd2de64fa567151fb2cf15c72,2f4b8aa5a0edfdafeadf5c67ac561b97ec266443615d65a715c735eac6203ef6,169421e73b25e00e379d0a24e476d5f26da19186f48a179e3a8bf83ce889b3b8
mu^3,0.2454369260617026,0.029359349440720287,0.000590986269435081,4.101331847102686e-15,diagnostic_only_not_theorem_gate,4a09b46da042bd99120c3c23c0cc81b0e6b3f33dd2de64fa567151fb2cf15c72,2f4b8aa5a0edfdafeadf5c67ac561b97ec266443615d65a715c735eac6203ef6,169421e73b25e00e379d0a24e476d5f26da19186f48a179e3a8bf83ce889b3b8
mu^3,0.2945243112740431,0.029327509179191018,0.0007060421905732434,4.184735380288114e-15,diagnostic_only_not_theorem_gate,4a09b46da042bd99120c3c23c0cc81b0e6b3f33dd2de64fa567151fb2cf15c72,2f4b8aa5a0edfdafeadf5c67ac561b97ec266443615d65a715c735eac6203ef6,169421e73b25e00e379d0a24e476d5f26da19186f48a179e3a8bf83ce889b3b8
mu^3,0.3436116964863836,0.029290061744183356,0.000819397194232323,4.279927473733163e-15,diagnostic_only_not_theorem_gate,4a09b46da042bd99120c3c23c0cc81b0e6b3f33dd2de64fa567151fb2cf15c72,2f4b8aa5a0edfdafeadf5c67ac561b97ec266443615d65a715c735eac6203ef6,169421e73b25e00e379d0a24e476d5f26da19186f48a179e3a8bf83ce889b3b8
mu^3,0.39269908169872414,0.029247097349848237,0.000930778198279779,4.384787481391107e-15,diagnostic_only_not_theorem_gate,4a09b46da042bd99120c3c23c0cc81b0e6b3f33dd2de64fa567151fb2cf15c72,2f4b8aa5a0edfdafeadf5c67ac561b97ec266443615d65a715c735eac6203ef6,169421e73b25e00e379d0a24e476d5f26da19186f48a179e3a8bf83ce889b3b8
mu^3,0.44178646691106466,0.02919871950117485,0.0010399168761210376,4.497377956053109e-15,diagnostic_only_not_theorem_gate,4a09b46da042bd99120c3c23c0cc81b0e6b3f33dd2de64fa567151fb2cf15c72,2f4b8aa5a0edfdafeadf5c67ac561b97ec266443615d65a715c735eac6203ef6,169421e73b25e00e379d0a24e476d5f26da19186f48a179e3a8bf83ce889b3b8
mu^3,0.4908738521234052,0.02914504474463805,0.00114655030312176,4.6161052218677655e-15,diagnostic_only_not_theorem_gate,4a09b46da042bd99120c3c23c0cc81b0e6b3f33dd2de64fa567151fb2cf15c72,2f4b8aa5a0edfdafeadf5c67ac561b97ec266443615d65a715c735eac6203ef6,169421e73b25e00e379d0a24e476d5f26da19186f48a179e3a8bf83ce889b3b8
mu^3,0.5399612373357456,0.02908620238742769,0.0012504215900163162,4.743151960953623e-15,diagnostic_only_not_theorem_gate,4a09b46da042bd99120c3c23c0cc81b0e6b3f33dd2de64fa567151fb2cf15c72,2f4b8aa5a0edfdafeadf5c67ac561b97ec266443615d65a715c735eac6203ef6,169421e73b25e00e379d0a24e476d5f26da19186f48a179e3a8bf83ce889b3b8
mu^3,0.5890486225480862,0.029022334185936263,0.0013512805017765275,4.869589317672265e-15,diagnostic_only_not_theorem_gate,4a09b46da042bd99120c3c23c0cc81b0e6b3f33dd2de64fa567151fb2cf15c72,2f4b8aa5a0edfdafeadf5c67ac561b97ec266443615d65a715c735eac6203ef6,169421e73b25e00e379d0a24e476d5f26da19186f48a179e3a8bf83ce889b3b8
mu^3,0.6381360077604268,0.028953594004255366,0.0014488840604497657,5.001207798553445e-15,diagnostic_only_not_theorem_gate,4a09b46da042bd99120c3c23c0cc81b0e6b3f33dd2de64fa567151fb2cf15c72,2f4b8aa5a0edfdafeadf5c67ac561b97ec266443615d65a715c735eac6203ef6,169421e73b25e00e379d0a24e476d5f26da19186f48a179e3a8bf83ce889b3b8
mu^3,0.6872233929727672,0.028880147443503593,0.0015429971305141253,5.1312936680096005e-15,diagnostic_only_not_theorem_gate,4a09b46da042bd99120c3c23c0cc81b0e6b3f33dd2de64fa567151fb2cf15c72,2f4b8aa5a0edfdafeadf5c67ac561b97ec266443615d65a715c735eac6203ef6,169421e73b25e00e379d0a24e476d5f26da19186f48a179e3a8bf83ce889b3b8
mu^3,0.7363107781851077,0.02880217144287895,0.0016333929853404893,5.262983144289684e-15,diagnostic_only_not_theorem_gate,4a09b46da042bd99120c3c23c0cc81b0e6b3f33dd2de64fa567151fb2cf15c72,2f4b8aa5a0edfdafeadf5c67ac561b97ec266443615d65a715c735eac6203ef6,169421e73b25e00e379d0a24e476d5f26da19186f48a179e3a8bf83ce889b3b8
mu^3,0.7853981633974483,0.02871985385339684,0.0017198538533968399,5.393162965710114e-15,diagnostic_only_not_theorem_gate,4a09b46da042bd99120c3c23c0cc81b0e6b3f33dd2de64fa567151fb2cf15c72,2f4b8aa5a0edfdafeadf5c67ac561b97ec266443615d65a715c735eac6203ef6,169421e73b25e00e379d0a24e476d5f26da19186f48a179e3a8bf83ce889b3b8
mu^3,0.8344855486097889,0.02863339298534049,0.0018021714428789516,5.519442290878133e-15,diagnostic_only_not_theorem_gate,4a09b46da042bd99120c3c23c0cc81b0e6b3f33dd2de64fa567151fb2cf15c72,2f4b8aa5a0edfdafeadf5c67ac561b97ec266443615d65a715c735eac6203ef6,169421e73b25e00e379d0a24e476d5f26da19186f48a179e3a8bf83ce889b3b8
mu^3,0.8835729338221293,0.028542997130514124,0.0018801474435035926,5.643774280478732e-15,diagnostic_only_not_theorem_gate,4a09b46da042bd99120c3c23c0cc81b0e6b3f33dd2de64fa567151fb2cf15c72,2f4b8aa5a0edfdafeadf5c67ac561b97ec266443615d65a715c735eac6203ef6,169421e73b25e00e379d0a24e476d5f26da19186f48a179e3a8bf83ce889b3b8
mu^3,0.9326603190344698,0.028448884060449767,0.001953594004255367,5.7634229872883935e-15,diagnostic_only_not_theorem_gate,4a09b46da042bd99120c3c23c0cc81b0e6b3f33dd2de64fa567151fb2cf15c72,2f4b8aa5a0edfdafeadf5c67ac561b97ec266443615d65a715c735eac6203ef6,169421e73b25e00e379d0a24e476d5f26da19186f48a179e3a8bf83ce889b3b8
mu^3,0.9817477042468103,0.028351280501776526,0.002022334185936265,5.878660463902827e-15,diagnostic_only_not_theorem_gate,4a09b46da042bd99120c3c23c0cc81b0e6b3f33dd2de64fa567151fb2cf15c72,2f4b8aa5a0edfdafeadf5c67ac561b97ec266443615d65a715c735eac6203ef6,169421e73b25e00e379d0a24e476d5f26da19186f48a179e3a8bf83ce889b3b8
mu^3,1.030835089459151,0.028250421590016315,0.002086202387427688,5.985832103844989e-15,diagnostic_only_not_theorem_gate,4a09b46da042bd99120c3c23c0cc81b0e6b3f33dd2de64fa567151fb2cf15c72,2f4b8aa5a0edfdafeadf5c67ac561b97ec266443615d65a715c735eac6203ef6,169421e73b25e00e379d0a24e476d5f26da19186f48a179e3a8bf83ce889b3b8
mu^3,1.0799224746714913,0.02814655030312176,0.00214504474463805,6.0889529357687236e-15,diagnostic_only_not_theorem_gate,4a09b46da042bd99120c3c23c0cc81b0e6b3f33dd2de64fa567151fb2cf15c72,2f4b8aa5a0edfdafeadf5c67ac561b97ec266443615d65a715c735eac6203ef6,169421e73b25e00e379d0a24e476d5f26da19186f48a179e3a8bf83ce889b3b8
mu^3,1.1290098598838318,0.02803991687612104,0.00219871950117485,6.1839830518594e-15,diagnostic_only_not_theorem_gate,4a09b46da042bd99120c3c23c0cc81b0e6b3f33dd2de64fa567151fb2cf15c72,2f4b8aa5a0edfdafeadf5c67ac561b97ec266443615d65a715c735eac6203ef6,169421e73b25e00e379d0a24e476d5f26da19186f48a179e3a8bf83ce889b3b8
mu^3,1.1780972450961724,0.027930778198279778,0.0022470973498482363,6.2731250572911064e-15,diagnostic_only_not_theorem_gate,4a09b46da042bd99120c3c23c0cc81b0e6b3f33dd2de64fa567151fb2cf15c72,2f4b8aa5a0edfdafeadf5c67ac561b97ec266443615d65a715c735eac6203ef6,169421e73b25e00e379d0a24e476d5f26da19186f48a179e3a8bf83ce889b3b8
mu^3,1.227184630308513,0.027819397194232324,0.0022900617441833564,6.353924335816666e-15,diagnostic_only_not_theorem_gate,4a09b46da042bd99120c3c23c0cc81b0e6b3f33dd2de64fa567151fb2cf15c72,2f4b8aa5a0edfdafeadf5c67ac561b97ec266443615d65a715c735eac6203ef6,169421e73b25e00e379d0a24e476d5f26da19186f48a179e3a8bf83ce889b3b8
mu^3,1.2762720155208536,0.027706042190573245,0.00232750917919102,6.42625663356676e-15,diagnostic_only_not_theorem_gate,4a09b46da042bd99120c3c23c0cc81b0e6b3f33dd2de64fa567151fb2cf15c72,2f4b8aa5a0edfdafeadf5c67ac561b97ec266443615d65a715c735eac6203ef6,169421e73b25e00e379d0a24e476d5f26da19186f48a179e3a8bf83ce889b3b8
mu^3,1.325359400733194,0.02759098626943508,0.0023593494407202855,6.4898278508904255e-15,diagnostic_only_not_theorem_gate,4a09b46da042bd99120c3c23c0cc81b0e6b3f33dd2de64fa567151fb2cf15c72,2f4b8aa5a0edfdafeadf5c67ac561b97ec266443615d65a715c735eac6203ef6,169421e73b25e00e379d0a24e476d5f26da19186f48a179e3a8bf83ce889b3b8
mu^3,1.3744467859455345,0.027474506610609566,0.0023855058227922523,6.544678848391677e-15,diagnostic_only_not_theorem_gate,4a09b46da042bd99120c3c23c0cc81b0e6b3f33dd2de64fa567151fb2cf15c72,2f4b8aa5a0edfdafeadf5c67ac561b97ec266443615d65a715c735eac6203ef6,169421e73b25e00e379d0a24e476d5f26da19186f48a179e3a8bf83ce889b3b8
mu^3,1.423534171157875,0.02735688382379722,0.00240591531239148,6.591767294427596e-15,diagnostic_only_not_theorem_gate,4a09b46da042bd99120c3c23c0cc81b0e6b3f33dd2de64fa567151fb2cf15c72,2f4b8aa5a0edfdafeadf5c67ac561b97ec266443615d65a715c735eac6203ef6,169421e73b25e00e379d0a24e476d5f26da19186f48a179e3a8bf83ce889b3b8
mu^3,1.4726215563702154,0.02723840127259402,0.0024205287412698635,6.631791442905342e-15,diagnostic_only_not_theorem_gate,4a09b46da042bd99120c3c23c0cc81b0e6b3f33dd2de64fa567151fb2cf15c72,2f4b8aa5a0edfdafeadf5c67ac561b97ec266443615d65a715c735eac6203ef6,169421e73b25e00e379d0a24e476d5f26da19186f48a179e3a8bf83ce889b3b8
mu^3,1.521708941582556,0.02711934439184365,0.0024293109043972507,6.659040433023922e-15,diagnostic_only_not_theorem_gate,4a09b46da042bd99120c3c23c0cc81b0e6b3f33dd2de64fa567151fb2cf15c72,2f4b8aa5a0edfdafeadf5c67ac561b97ec266443615d65a715c735eac6203ef6,169421e73b25e00e379d0a24e476d5f26da19186f48a179e3a8bf83ce889b3b8
mu^3,1.5707963267948966,0.027,0.00243224064477344,6.67984561342373e-15,diagnostic_only_not_theorem_gate,4a09b46da042bd99120c3c23c0cc81b0e6b3f33dd2de64fa567151fb2cf15c72,2f4b8aa5a0edfdafeadf5c67ac561b97ec266443615d65a715c735eac6203ef6,169421e73b25e00e379d0a24e476d5f26da19186f48a179e3a8bf83ce889b3b8
mu^3,1.6198837120072371,0.026880655608156348,0.0024293109043972507,6.691567456118362e-15,diagnostic_only_not_theorem_gate,4a09b46da042bd99120c3c23c0cc81b0e6b3f33dd2de64fa567151fb2cf15c72,2f4b8aa5a0edfdafeadf5c67ac561b97ec266443615d65a715c735eac6203ef6,169421e73b25e00e379d0a24e476d5f26da19186f48a179e3a8bf83ce889b3b8
mu^3,1.6689710972195777,0.02676159872740598,0.002420528741269864,6.6947035423770626e-15,diagnostic_only_not_theorem_gate,4a09b46da042bd99120c3c23c0cc81b0e6b3f33dd2de64fa567151fb2cf15c72,2f4b8aa5a0edfdafeadf5c67ac561b97ec266443615d65a715c735eac6203ef6,169421e73b25e00e379d0a24e476d5f26da19186f48a179e3a8bf83ce889b3b8
mu^3,1.718058482431918,0.02664311617620278,0.00240591531239148,6.688564884332277e-15,diagnostic_only_not_theorem_gate,4a09b46da042bd99120c3c23c0cc81b0e6b3f33dd2de64fa567151fb2cf15c72,2f4b8aa5a0edfdafeadf5c67ac561b97ec266443615d65a715c735eac6203ef6,169421e73b25e00e379d0a24e476d5f26da19186f48a179e3a8bf83ce889b3b8
mu^3,1.7671458676442586,0.026525493389390434,0.0023855058227922523,6.674482840441593e-15,diagnostic_only_not_theorem_gate,4a09b46da042bd99120c3c23c0cc81b0e6b3f33dd2de64fa567151fb2cf15c72,2f4b8aa5a0edfdafeadf5c67ac561b97ec266443615d65a715c735eac6203ef6,169421e73b25e00e379d0a24e476d5f26da19186f48a179e3a8bf83ce889b3b8
mu^3,1.8162332528565992,0.02640901373056492,0.0023593494407202855,6.653998882737494e-15,diagnostic_only_not_theorem_gate,4a09b46da042bd99120c3c23c0cc81b0e6b3f33dd2de64fa567151fb2cf15c72,2f4b8aa5a0edfdafeadf5c67ac561b97ec266443615d65a715c735eac6203ef6,169421e73b25e00e379d0a24e476d5f26da19186f48a179e3a8bf83ce889b3b8
mu^3,1.8653206380689396,0.026293957809426758,0.00232750917919102,6.623720464817197e-15,diagnostic_only_not_theorem_gate,4a09b46da042bd99120c3c23c0cc81b0e6b3f33dd2de64fa567151fb2cf15c72,2f4b8aa5a0edfdafeadf5c67ac561b97ec266443615d65a715c735eac6203ef6,169421e73b25e00e379d0a24e476d5f26da19186f48a179e3a8bf83ce889b3b8
mu^3,1.9144080232812801,0.026180602805767676,0.0022900617441833564,6.587859959818251e-15,diagnostic_only_not_theorem_gate,4a09b46da042bd99120c3c23c0cc81b0e6b3f33dd2de64fa567151fb2cf15c72,2f4b8aa5a0edfdafeadf5c67ac561b97ec266443615d65a715c735eac6203ef6,169421e73b25e00e379d0a24e476d5f26da19186f48a179e3a8bf83ce889b3b8
mu^3,1.9634954084936207,0.02606922180172022,0.0022470973498482363,6.54525409944886e-15,diagnostic_only_not_theorem_gate,4a09b46da042bd99120c3c23c0cc81b0e6b3f33dd2de64fa567151fb2cf15c72,2f4b8aa5a0edfdafeadf5c67ac561b97ec266443615d65a715c735eac6203ef6,169421e73b25e00e379d0a24e476d5f26da19186f48a179e3a8bf83ce889b3b8
mu^3,2.012582793705961,0.02596008312387896,0.0021987195011748503,6.494937449958959e-15,diagnostic_only_not_theorem_gate,4a09b46da042bd99120c3c23c0cc81b0e6b3f33dd2de64fa567151fb2cf15c72,2f4b8aa5a0edfdafeadf5c67ac561b97ec266443615d65a715c735eac6203ef6,169421e73b25e00e379d0a24e476d5f26da19186f48a179e3a8bf83ce889b3b8
mu^3,2.061670178918302,0.02585344969687824,0.0021450447446380505,6.440211066803047e-15,diagnostic_only_not_theorem_gate,4a09b46da042bd99120c3c23c0cc81b0e6b3f33dd2de64fa567151fb2cf15c72,2f4b8aa5a0edfdafeadf5c67ac561b97ec266443615d65a715c735eac6203ef6,169421e73b25e00e379d0a24e476d5f26da19186f48a179e3a8bf83ce889b3b8
mu^3,2.110757564130642,0.025749578409983685,0.002086202387427688,6.379677108529795e-15,diagnostic_only_not_theorem_gate,4a09b46da042bd99120c3c23c0cc81b0e6b3f33dd2de64fa567151fb2cf15c72,2f4b8aa5a0edfdafeadf5c67ac561b97ec266443615d65a715c735eac6203ef6,169421e73b25e00e379d0a24e476d5f26da19186f48a179e3a8bf83ce889b3b8
mu^3,2.1598449493429825,0.025648719498223473,0.0020223341859362653,6.315345792441113e-15,diagnostic_only_not_theorem_gate,4a09b46da042bd99120c3c23c0cc81b0e6b3f33dd2de64fa567151fb2cf15c72,2f4b8aa5a0edfdafeadf5c67ac561b97ec266443615d65a715c735eac6203ef6,169421e73b25e00e379d0a24e476d5f26da19186f48a179e3a8bf83ce889b3b8
mu^3,2.2089323345553233,0.025551115939550235,0.001953594004255367,6.245895306495061e-15,diagnostic_only_not_theorem_gate,4a09b46da042bd99120c3c23c0cc81b0e6b3f33dd2de64fa567151fb2cf15c72,2f4b8aa5a0edfdafeadf5c67ac561b97ec266443615d65a715c735eac6203ef6,169421e73b25e00e379d0a24e476d5f26da19186f48a179e3a8bf83ce889b3b8
mu^3,2.2580197197676637,0.025457002869485875,0.0018801474435035928,6.174130739171474e-15,diagnostic_only_not_theorem_gate,4a09b46da042bd99120c3c23c0cc81b0e6b3f33dd2de64fa567151fb2cf15c72,2f4b8aa5a0edfdafeadf5c67ac561b97ec266443615d65a715c735eac6203ef6,169421e73b25e00e379d0a24e476d5f26da19186f48a179e3a8bf83ce889b3b8
mu^3,2.3071071049800045,0.02536660701465951,0.0018021714428789514,6.098433916925731e-15,diagnostic_only_not_theorem_gate,4a09b46da042bd99120c3c23c0cc81b0e6b3f33dd2de64fa567151fb2cf15c72,2f4b8aa5a0edfdafeadf5c67ac561b97ec266443615d65a715c735eac6203ef6,169421e73b25e00e379d0a24e476d5f26da19186f48a179e3a8bf83ce889b3b8
mu^3,2.356194490192345,0.02528014614660316,0.00171985385339684,6.022093103173613e-15,diagnostic_only_not_theorem_gate,4a09b46da042bd99120c3c23c0cc81b0e6b3f33dd2de64fa567151fb2cf15c72,2f4b8aa5a0edfdafeadf5c67ac561b97ec266443615d65a715c735eac6203ef6,169421e73b25e00e379d0a24e476d5f26da19186f48a179e3a8bf83ce889b3b8
mu^3,2.405281875404685,0.02519782855712105,0.0016333929853404898,5.944332044795333e-15,diagnostic_only_not_theorem_gate,4a09b46da042bd99120c3c23c0cc81b0e6b3f33dd2de64fa567151fb2cf15c72,2f4b8aa5a0edfdafeadf5c67ac561b97ec266443615d65a715c735eac6203ef6,169421e73b25e00e379d0a24e476d5f26da19186f48a179e3a8bf83ce889b3b8
mu^3,2.454369260617026,0.025119852556496406,0.0015429971305141253,5.865688638357968e-15,diagnostic_only_not_theorem_gate,4a09b46da042bd99120c3c23c0cc81b0e6b3f33dd2de64fa567151fb2cf15c72,2f4b8aa5a0edfdafeadf5c67ac561b97ec266443615d65a715c735eac6203ef6,169421e73b25e00e379d0a24e476d5f26da19186f48a179e3a8bf83ce889b3b8
mu^3,2.5034566458293663,0.025046405995744633,0.0014488840604497662,5.787064837210573e-15,diagnostic_only_not_theorem_gate,4a09b46da042bd99120c3c23c0cc81b0e6b3f33dd2de64fa567151fb2cf15c72,2f4b8aa5a0edfdafeadf5c67ac561b97ec266443615d65a715c735eac6203ef6,169421e73b25e00e379d0a24e476d5f26da19186f48a179e3a8bf83ce889b3b8
mu^3,2.552544031041707,0.024977665814063736,0.0013512805017765275,5.710481121959403e-15,diagnostic_only_not_theorem_gate,4a09b46da042bd99120c3c23c0cc81b0e6b3f33dd2de64fa567151fb2cf15c72,2f4b8aa5a0edfdafeadf5c67ac561b97ec266443615d65a715c735eac6203ef6,169421e73b25e00e379d0a24e476d5f26da19186f48a179e3a8bf83ce889b3b8
mu^3,2.6016314162540475,0.02491379761257231,0.0012504215900163167,5.635041909311399e-15,diagnostic_only_not_theorem_gate,4a09b46da042bd99120c3c23c0cc81b0e6b3f33dd2de64fa567151fb2cf15c72,2f4b8aa5a0edfdafeadf5c67ac561b97ec266443615d65a715c735eac6203ef6,169421e73b25e00e379d0a24e476d5f26da19186f48a179e3a8bf83ce889b3b8
mu^3,2.650718801466388,0.02485495525536195,0.0011465503031217606,5.5631523943877446e-15,diagnostic_only_not_theorem_gate,4a09b46da042bd99120c3c23c0cc81b0e6b3f33dd2de64fa567151fb2cf15c72,2f4b8aa5a0edfdafeadf5c67ac561b97ec266443615d65a715c735eac6203ef6,169421e73b25e00e379d0a24e476d5f26da19186f48a179e3a8bf83ce889b3b8
mu^3,2.6998061866787286,0.02480128049882515,0.0010399168761210376,5.493734629203861e-15,diagnostic_only_not_theorem_gate,4a09b46da042bd99120c3c23c0cc81b0e6b3f33dd2de64fa567151fb2cf15c72,2f4b8aa5a0edfdafeadf5c67ac561b97ec266443615d65a715c735eac6203ef6,169421e73b25e00e379d0a24e476d5f26da19186f48a179e3a8bf83ce889b3b8
mu^3,2.748893571891069,0.024752902650151763,0.0009307781982797794,5.429293136544543e-15,diagnostic_only_not_theorem_gate,4a09b46da042bd99120c3c23c0cc81b0e6b3f33dd2de64fa567151fb2cf15c72,2f4b8aa5a0edfdafeadf5c67ac561b97ec266443615d65a715c735eac6203ef6,169421e73b25e00e379d0a24e476d5f26da19186f48a179e3a8bf83ce889b3b8
mu^3,2.7979809571034093,0.024709938255816643,0.0008193971942323236,5.370401139138523e-15,diagnostic_only_not_theorem_gate,4a09b46da042bd99120c3c23c0cc81b0e6b3f33dd2de64fa567151fb2cf15c72,2f4b8aa5a0edfdafeadf5c67ac561b97ec266443615d65a715c735eac6203ef6,169421e73b25e00e379d0a24e476d5f26da19186f48a179e3a8bf83ce889b3b8
mu^3,2.84706834231575,0.02467249082080898,0.0007060421905732435,5.317718793568791e-15,diagnostic_only_not_theorem_gate,4a09b46da042bd99120c3c23c0cc81b0e6b3f33dd2de64fa567151fb2cf15c72,2f4b8aa5a0edfdafeadf5c67ac561b97ec266443615d65a715c735eac6203ef6,169421e73b25e00e379d0a24e476d5f26da19186f48a179e3a8bf83ce889b3b8
mu^3,2.8961557275280905,0.024640650559279713,0.0005909862694350814,5.271252060029399e-15,diagnostic_only_not_theorem_gate,4a09b46da042bd99120c3c23c0cc81b0e6b3f33dd2de64fa567151fb2cf15c72,2f4b8aa5a0edfdafeadf5c67ac561b97ec266443615d65a715c735eac6203ef6,169421e73b25e00e379d0a24e476d5f26da19186f48a179e3a8bf83ce889b3b8
mu^3,2.945243112740431,0.02461449417720775,0.0004745066106095667,5.231979481896592e-15,diagnostic_only_not_theorem_gate,4a09b46da042bd99120c3c23c0cc81b0e6b3f33dd2de64fa567151fb2cf15c72,2f4b8aa5a0edfdafeadf5c67ac561b97ec266443615d65a715c735eac6203ef6,169421e73b25e00e379d0a24e476d5f26da19186f48a179e3a8bf83ce889b3b8
mu^3,2.9943304979527716,0.02459408468760852,0.00035688382379722196,5.2012013381331125e-15,diagnostic_only_not_theorem_gate,4a09b46da042bd99120c3c23c0cc81b0e6b3f33dd2de64fa567151fb2cf15c72,2f4b8aa5a0edfdafeadf5c67ac561b97ec266443615d65a715c735eac6203ef6,169421e73b25e00e379d0a24e476d5f26da19186f48a179e3a8bf83ce889b3b8
mu^3,3.043417883165112,0.024579471258730137,0.00023840127259401977,5.1797653570213245e-15,diagnostic_only_not_theorem_gate,4a09b46da042bd99120c3c23c0cc81b0e6b3f33dd2de64fa567151fb2cf15c72,2f4b8aa5a0edfdafeadf5c67ac561b97ec266443615d65a715c735eac6203ef6,169421e73b25e00e379d0a24e476d5f26da19186f48a179e3a8bf83ce889b3b8
mu^3,3.0925052683774528,0.024570689095602748,0.00011934439184365224,5.166169143927086e-15,diagnostic_only_not_theorem_gate,4a09b46da042bd99120c3c23c0cc81b0e6b3f33dd2de64fa567151fb2cf15c72,2f4b8aa5a0edfdafeadf5c67ac561b97ec266443615d65a715c735eac6203ef6,169421e73b25e00e379d0a24e476d5f26da19186f48a179e3a8bf83ce889b3b8
mu^3,3.141592653589793,0.024567759355226558,2.978635720377888e-19,5.160625209138491e-15,diagnostic_only_not_theorem_gate,4a09b46da042bd99120c3c23c0cc81b0e6b3f33dd2de64fa567151fb2cf15c72,2f4b8aa5a0edfdafeadf5c67ac561b97ec266443615d65a715c735eac6203ef6,169421e73b25e00e379d0a24e476d5f26da19186f48a179e3a8bf83ce889b3b8
mu^3,3.1906800388021335,0.024570689095602748,-0.00011934439184365164,5.16506930578658e-15,diagnostic_only_not_theorem_gate,4a09b46da042bd99120c3c23c0cc81b0e6b3f33dd2de64fa567151fb2cf15c72,2f4b8aa5a0edfdafeadf5c67ac561b97ec266443615d65a715c735eac6203ef6,169421e73b25e00e379d0a24e476d5f26da19186f48a179e3a8bf83ce889b3b8
mu^3,3.2397674240144743,0.024579471258730137,-0.0002384012725940192,5.178896785953445e-15,diagnostic_only_not_theorem_gate,4a09b46da042bd99120c3c23c0cc81b0e6b3f33dd2de64fa567151fb2cf15c72,2f4b8aa5a0edfdafeadf5c67ac561b97ec266443615d65a715c735eac6203ef6,169421e73b25e00e379d0a24e476d5f26da19186f48a179e3a8bf83ce889b3b8
mu^3,3.2888548092268146,0.02459408468760852,-0.0003568838237972214,5.201740093918335e-15,diagnostic_only_not_theorem_gate,4a09b46da042bd99120c3c23c0cc81b0e6b3f33dd2de64fa567151fb2cf15c72,2f4b8aa5a0edfdafeadf5c67ac561b97ec266443615d65a715c735eac6203ef6,169421e73b25e00e379d0a24e476d5f26da19186f48a179e3a8bf83ce889b3b8
mu^3,3.3379421944391554,0.02461449417720775,-0.0004745066106095661,5.232413858833815e-15,diagnostic_only_not_theorem_gate,4a09b46da042bd99120c3c23c0cc81b0e6b3f33dd2de64fa567151fb2cf15c72,2f4b8aa5a0edfdafeadf5c67ac561b97ec266443615d65a715c735eac6203ef6,169421e73b25e00e379d0a24e476d5f26da19186f48a179e3a8bf83ce889b3b8
mu^3,3.3870295796514958,0.024640650559279713,-0.0005909862694350809,5.2712565005032375e-15,diagnostic_only_not_theorem_gate,4a09b46da042bd99120c3c23c0cc81b0e6b3f33dd2de64fa567151fb2cf15c72,2f4b8aa5a0edfdafeadf5c67ac561b97ec266443615d65a715c735eac6203ef6,169421e73b25e00e379d0a24e476d5f26da19186f48a179e3a8bf83ce889b3b8
mu^3,3.436116964863836,0.02467249082080898,-0.0007060421905732429,5.3174027825614245e-15,diagnostic_only_not_theorem_gate,4a09b46da042bd99120c3c23c0cc81b0e6b3f33dd2de64fa567151fb2cf15c72,2f4b8aa5a0edfdafeadf5c67ac561b97ec266443615d65a715c735eac6203ef6,169421e73b25e00e379d0a24e476d5f26da19186f48a179e3a8bf83ce889b3b8
mu^3,3.485204350076177,0.024709938255816643,-0.0008193971942323231,5.370400898030161e-15,diagnostic_only_not_theorem_gate,4a09b46da042bd99120c3c23c0cc81b0e6b3f33dd2de64fa567151fb2cf15c72,2f4b8aa5a0edfdafeadf5c67ac561b97ec266443615d65a715c735eac6203ef6,169421e73b25e00e379d0a24e476d5f26da19186f48a179e3a8bf83ce889b3b8
mu^3,3.5342917352885173,0.024752902650151763,-0.0009307781982797788,5.429889312093295e-15,diagnostic_only_not_theorem_gate,4a09b46da042bd99120c3c23c0cc81b0e6b3f33dd2de64fa567151fb2cf15c72,2f4b8aa5a0edfdafeadf5c67ac561b97ec266443615d65a715c735eac6203ef6,169421e73b25e00e379d0a24e476d5f26da19186f48a179e3a8bf83ce889b3b8
mu^3,3.5833791205008576,0.02480128049882515,-0.001039916876121037,5.494112519323883e-15,diagnostic_only_not_theorem_gate,4a09b46da042bd99120c3c23c0cc81b0e6b3f33dd2de64fa567151fb2cf15c72,2f4b8aa5a0edfdafeadf5c67ac561b97ec266443615d65a715c735eac6203ef6,169421e73b25e00e379d0a24e476d5f26da19186f48a179e3a8bf83ce889b3b8
mu^3,3.6324665057131984,0.02485495525536195,-0.00114655030312176,5.562498117011825e-15,diagnostic_only_not_theorem_gate,4a09b46da042bd99120c3c23c0cc81b0e6b3f33dd2de64fa567151fb2cf15c72,2f4b8aa5a0edfdafeadf5c67ac561b97ec266443615d65a715c735eac6203ef6,169421e73b25e00e379d0a24e476d5f26da19186f48a179e3a8bf83ce889b3b8
mu^3,3.6815538909255388,0.02491379761257231,-0.001250421590016316,5.635381418585202e-15,diagnostic_only_not_theorem_gate,4a09b46da042bd99120c3c23c0cc81b0e6b3f33dd2de64fa567151fb2cf15c72,2f4b8aa5a0edfdafeadf5c67ac561b97ec266443615d65a715c735eac6203ef6,169421e73b25e00e379d0a24e476d5f26da19186f48a179e3a8bf83ce889b3b8
mu^3,3.730641276137879,0.024977665814063736,-0.0013512805017765269,5.710548936794496e-15,diagnostic_only_not_theorem_gate,4a09b46da042bd99120c3c23c0cc81b0e6b3f33dd2de64fa567151fb2cf15c72,2f4b8aa5a0edfdafeadf5c67ac561b97ec266443615d65a715c735eac6203ef6,169421e73b25e00e379d0a24e476d5f26da19186f48a179e3a8bf83ce889b3b8
mu^3,3.77972866135022,0.025046405995744633,-0.0014488840604497655,5.7873014454657424e-15,diagnostic_only_not_theorem_gate,4a09b46da042bd99120c3c23c0cc81b0e6b3f33dd2de64fa567151fb2cf15c72,2f4b8aa5a0edfdafeadf5c67ac561b97ec266443615d65a715c735eac6203ef6,169421e73b25e00e379d0a24e476d5f26da19186f48a179e3a8bf83ce889b3b8
mu^3,3.8288160465625602,0.025119852556496406,-0.0015429971305141246,5.8656802895161855e-15,diagnostic_only_not_theorem_gate,4a09b46da042bd99120c3c23c0cc81b0e6b3f33dd2de64fa567151fb2cf15c72,2f4b8aa5a0edfdafeadf5c67ac561b97ec266443615d65a715c735eac6203ef6,169421e73b25e00e379d0a24e476d5f26da19186f48a179e3a8bf83ce889b3b8
mu^3,3.877903431774901,0.02519782855712105,-0.0016333929853404895,5.943983580643745e-15,diagnostic_only_not_theorem_gate,4a09b46da042bd99120c3c23c0cc81b0e6b3f33dd2de64fa567151fb2cf15c72,2f4b8aa5a0edfdafeadf5c67ac561b97ec266443615d65a715c735eac6203ef6,169421e73b25e00e379d0a24e476d5f26da19186f48a179e3a8bf83ce889b3b8
mu^3,3.9269908169872414,0.02528014614660316,-0.0017198538533968399,6.021625937630097e-15,diagnostic_only_not_theorem_gate,4a09b46da042bd99120c3c23c0cc81b0e6b3f33dd2de64fa567151fb2cf15c72,2f4b8aa5a0edfdafeadf5c67ac561b97ec266443615d65a715c735eac6203ef6,169421e73b25e00e379d0a24e476d5f26da19186f48a179e3a8bf83ce889b3b8
mu^3,3.9760782021995817,0.02536660701465951,-0.0018021714428789512,6.098506333194403e-15,diagnostic_only_not_theorem_gate,4a09b46da042bd99120c3c23c0cc81b0e6b3f33dd2de64fa567151fb2cf15c72,2f4b8aa5a0edfdafeadf5c67ac561b97ec266443615d65a715c735eac6203ef6,169421e73b25e00e379d0a24e476d5f26da19186f48a179e3a8bf83ce889b3b8
mu^3,4.025165587411922,0.02545700286948587,-0.0018801474435035917,6.173865671288694e-15,diagnostic_only_not_theorem_gate,4a09b46da042bd99120c3c23c0cc81b0e6b3f33dd2de64fa567151fb2cf15c72,2f4b8aa5a0edfdafeadf5c67ac561b97ec266443615d65a715c735eac6203ef6,169421e73b25e00e379d0a24e476d5f26da19186f48a179e3a8bf83ce889b3b8
mu^3,4.074252972624263,0.025551115939550235,-0.0019535940042553672,6.2463618102722206e-15,diagnostic_only_not_theorem_gate,4a09b46da042bd99120c3c23c0cc81b0e6b3f33dd2de64fa567151fb2cf15c72,2f4b8aa5a0edfdafeadf5c67ac561b97ec266443615d65a715c735eac6203ef6,169421e73b25e00e379d0a24e476d5f26da19186f48a179e3a8bf83ce889b3b8
mu^3,4.123340357836604,0.025648719498223473,-0.002022334185936265,6.314654372521154e-15,diagnostic_only_not_theorem_gate,4a09b46da042bd99120c3c23c0cc81b0e6b3f33dd2de64fa567151fb2cf15c72,2f4b8aa5a0edfdafeadf5c67ac561b97ec266443615d65a715c735eac6203ef6,169421e73b25e00e379d0a24e476d5f26da19186f48a179e3a8bf83ce889b3b8
mu^3,4.172427743048944,0.025749578409983685,-0.002086202387427688,6.379677108529795e-15,diagnostic_only_not_theorem_gate,4a09b46da042bd99120c3c23c0cc81b0e6b3f33dd2de64fa567151fb2cf15c72,2f4b8aa5a0edfdafeadf5c67ac561b97ec266443615d65a715c735eac6203ef6,169421e73b25e00e379d0a24e476d5f26da19186f48a179e3a8bf83ce889b3b8
mu^3,4.221515128261284,0.02585344969687824,-0.00214504474463805,6.440239333933752e-15,diagnostic_only_not_theorem_gate,4a09b46da042bd99120c3c23c0cc81b0e6b3f33dd2de64fa567151fb2cf15c72,2f4b8aa5a0edfdafeadf5c67ac561b97ec266443615d65a715c735eac6203ef6,169421e73b25e00e379d0a24e476d5f26da19186f48a179e3a8bf83ce889b3b8
mu^3,4.270602513473625,0.02596008312387896,-0.0021987195011748495,6.495578495226888e-15,diagnostic_only_not_theorem_gate,4a09b46da042bd99120c3c23c0cc81b0e6b3f33dd2de64fa567151fb2cf15c72,2f4b8aa5a0edfdafeadf5c67ac561b97ec266443615d65a715c735eac6203ef6,169421e73b25e00e379d0a24e476d5f26da19186f48a179e3a8bf83ce889b3b8
mu^3,4.319689898685965,0.026069221801720218,-0.002247097349848236,6.544406622337727e-15,diagnostic_only_not_theorem_gate,4a09b46da042bd99120c3c23c0cc81b0e6b3f33dd2de64fa567151fb2cf15c72,2f4b8aa5a0edfdafeadf5c67ac561b97ec266443615d65a715c735eac6203ef6,169421e73b25e00e379d0a24e476d5f26da19186f48a179e3a8bf83ce889b3b8
mu^3,4.368777283898306,0.026180602805767676,-0.0022900617441833564,6.587859959818251e-15,diagnostic_only_not_theorem_gate,4a09b46da042bd99120c3c23c0cc81b0e6b3f33dd2de64fa567151fb2cf15c72,2f4b8aa5a0edfdafeadf5c67ac561b97ec266443615d65a715c735eac6203ef6,169421e73b25e00e379d0a24e476d5f26da19186f48a179e3a8bf83ce889b3b8
mu^3,4.417864669110647,0.026293957809426755,-0.00232750917919102,6.624004769200065e-15,diagnostic_only_not_theorem_gate,4a09b46da042bd99120c3c23c0cc81b0e6b3f33dd2de64fa567151fb2cf15c72,2f4b8aa5a0edfdafeadf5c67ac561b97ec266443615d65a715c735eac6203ef6,169421e73b25e00e379d0a24e476d5f26da19186f48a179e3a8bf83ce889b3b8
mu^3,4.466952054322987,0.02640901373056492,-0.0023593494407202855,6.653998882737494e-15,diagnostic_only_not_theorem_gate,4a09b46da042bd99120c3c23c0cc81b0e6b3f33dd2de64fa567151fb2cf15c72,2f4b8aa5a0edfdafeadf5c67ac561b97ec266443615d65a715c735eac6203ef6,169421e73b25e00e379d0a24e476d5f26da19186f48a179e3a8bf83ce889b3b8
mu^3,4.516039439535327,0.026525493389390434,-0.002385505822792252,6.675161660903276e-15,diagnostic_only_not_theorem_gate,4a09b46da042bd99120c3c23c0cc81b0e6b3f33dd2de64fa567151fb2cf15c72,2f4b8aa5a0edfdafeadf5c67ac561b97ec266443615d65a715c735eac6203ef6,169421e73b25e00e379d0a24e476d5f26da19186f48a179e3a8bf83ce889b3b8
mu^3,4.565126824747668,0.026643116176202776,-0.0024059153123914797,6.68898789973057e-15,diagnostic_only_not_theorem_gate,4a09b46da042bd99120c3c23c0cc81b0e6b3f33dd2de64fa567151fb2cf15c72,2f4b8aa5a0edfdafeadf5c67ac561b97ec266443615d65a715c735eac6203ef6,169421e73b25e00e379d0a24e476d5f26da19186f48a179e3a8bf83ce889b3b8
mu^3,4.614214209960009,0.02676159872740598,-0.002420528741269864,6.6947035423770626e-15,diagnostic_only_not_theorem_gate,4a09b46da042bd99120c3c23c0cc81b0e6b3f33dd2de64fa567151fb2cf15c72,2f4b8aa5a0edfdafeadf5c67ac561b97ec266443615d65a715c735eac6203ef6,169421e73b25e00e379d0a24e476d5f26da19186f48a179e3a8bf83ce889b3b8
mu^3,4.663301595172349,0.026880655608156348,-0.0024293109043972507,6.691567456118362e-15,diagnostic_only_not_theorem_gate,4a09b46da042bd99120c3c23c0cc81b0e6b3f33dd2de64fa567151fb2cf15c72,2f4b8aa5a0edfdafeadf5c67ac561b97ec266443615d65a715c735eac6203ef6,169421e73b25e00e379d0a24e476d5f26da19186f48a179e3a8bf83ce889b3b8
mu^3,4.71238898038469,0.027,-0.00243224064477344,6.67984561342373e-15,diagnostic_only_not_theorem_gate,4a09b46da042bd99120c3c23c0cc81b0e6b3f33dd2de64fa567151fb2cf15c72,2f4b8aa5a0edfdafeadf5c67ac561b97ec266443615d65a715c735eac6203ef6,169421e73b25e00e379d0a24e476d5f26da19186f48a179e3a8bf83ce889b3b8
mu^3,4.76147636559703,0.02711934439184365,-0.0024293109043972507,6.659040433023922e-15,diagnostic_only_not_theorem_gate,4a09b46da042bd99120c3c23c0cc81b0e6b3f33dd2de64fa567151fb2cf15c72,2f4b8aa5a0edfdafeadf5c67ac561b97ec266443615d65a715c735eac6203ef6,169421e73b25e00e379d0a24e476d5f26da19186f48a179e3a8bf83ce889b3b8
mu^3,4.81056375080937,0.02723840127259402,-0.002420528741269864,6.631802277252355e-15,diagnostic_only_not_theorem_gate,4a09b46da042bd99120c3c23c0cc81b0e6b3f33dd2de64fa567151fb2cf15c72,2f4b8aa5a0edfdafeadf5c67ac561b97ec266443615d65a715c735eac6203ef6,169421e73b25e00e379d0a24e476d5f26da19186f48a179e3a8bf83ce889b3b8
mu^3,4.859651136021712,0.027356883823797223,-0.0024059153123914797,6.592998860671468e-15,diagnostic_only_not_theorem_gate,4a09b46da042bd99120c3c23c0cc81b0e6b3f33dd2de64fa567151fb2cf15c72,2f4b8aa5a0edfdafeadf5c67ac561b97ec266443615d65a715c735eac6203ef6,169421e73b25e00e379d0a24e476d5f26da19186f48a179e3a8bf83ce889b3b8
mu^3,4.908738521234052,0.027474506610609566,-0.0023855058227922523,6.544678848391677e-15,diagnostic_only_not_theorem_gate,4a09b46da042bd99120c3c23c0cc81b0e6b3f33dd2de64fa567151fb2cf15c72,2f4b8aa5a0edfdafeadf5c67ac561b97ec266443615d65a715c735eac6203ef6,169421e73b25e00e379d0a24e476d5f26da19186f48a179e3a8bf83ce889b3b8
mu^3,4.957825906446392,0.02759098626943508,-0.0023593494407202855,6.4898278508904255e-15,diagnostic_only_not_theorem_gate,4a09b46da042bd99120c3c23c0cc81b0e6b3f33dd2de64fa567151fb2cf15c72,2f4b8aa5a0edfdafeadf5c67ac561b97ec266443615d65a715c735eac6203ef6,169421e73b25e00e379d0a24e476d5f26da19186f48a179e3a8bf83ce889b3b8
mu^3,5.006913291658733,0.02770604219057324,-0.00232750917919102,6.426118107452122e-15,diagnostic_only_not_theorem_gate,4a09b46da042bd99120c3c23c0cc81b0e6b3f33dd2de64fa567151fb2cf15c72,2f4b8aa5a0edfdafeadf5c67ac561b97ec266443615d65a715c735eac6203ef6,169421e73b25e00e379d0a24e476d5f26da19186f48a179e3a8bf83ce889b3b8
mu^3,5.056000676871073,0.02781939719423232,-0.0022900617441833564,6.3530085385714555e-15,diagnostic_only_not_theorem_gate,4a09b46da042bd99120c3c23c0cc81b0e6b3f33dd2de64fa567151fb2cf15c72,2f4b8aa5a0edfdafeadf5c67ac561b97ec266443615d65a715c735eac6203ef6,169421e73b25e00e379d0a24e476d5f26da19186f48a179e3a8bf83ce889b3b8
mu^3,5.105088062083414,0.027930778198279778,-0.002247097349848236,6.273974969667978e-15,diagnostic_only_not_theorem_gate,4a09b46da042bd99120c3c23c0cc81b0e6b3f33dd2de64fa567151fb2cf15c72,2f4b8aa5a0edfdafeadf5c67ac561b97ec266443615d65a715c735eac6203ef6,169421e73b25e00e379d0a24e476d5f26da19186f48a179e3a8bf83ce889b3b8
mu^3,5.154175447295755,0.02803991687612104,-0.00219871950117485,6.1839830518594e-15,diagnostic_only_not_theorem_gate,4a09b46da042bd99120c3c23c0cc81b0e6b3f33dd2de64fa567151fb2cf15c72,2f4b8aa5a0edfdafeadf5c67ac561b97ec266443615d65a715c735eac6203ef6,169421e73b25e00e379d0a24e476d5f26da19186f48a179e3a8bf83ce889b3b8
mu^3,5.203262832508095,0.02814655030312176,-0.0021450447446380505,6.089030941892448e-15,diagnostic_only_not_theorem_gate,4a09b46da042bd99120c3c23c0cc81b0e6b3f33dd2de64fa567151fb2cf15c72,2f4b8aa5a0edfdafeadf5c67ac561b97ec266443615d65a715c735eac6203ef6,169421e73b25e00e379d0a24e476d5f26da19186f48a179e3a8bf83ce889b3b8
mu^3,5.252350217720435,0.028250421590016315,-0.0020862023874276886,5.985309019636449e-15,diagnostic_only_not_theorem_gate,4a09b46da042bd99120c3c23c0cc81b0e6b3f33dd2de64fa567151fb2cf15c72,2f4b8aa5a0edfdafeadf5c67ac561b97ec266443615d65a715c735eac6203ef6,169421e73b25e00e379d0a24e476d5f26da19186f48a179e3a8bf83ce889b3b8
mu^3,5.301437602932776,0.028351280501776526,-0.0020223341859362653,5.877207631535635e-15,diagnostic_only_not_theorem_gate,4a09b46da042bd99120c3c23c0cc81b0e6b3f33dd2de64fa567151fb2cf15c72,2f4b8aa5a0edfdafeadf5c67ac561b97ec266443615d65a715c735eac6203ef6,169421e73b25e00e379d0a24e476d5f26da19186f48a179e3a8bf83ce889b3b8
mu^3,5.350524988145116,0.028448884060449764,-0.0019535940042553677,5.762444378755465e-15,diagnostic_only_not_theorem_gate,4a09b46da042bd99120c3c23c0cc81b0e6b3f33dd2de64fa567151fb2cf15c72,2f4b8aa5a0edfdafeadf5c67ac561b97ec266443615d65a715c735eac6203ef6,169421e73b25e00e379d0a24e476d5f26da19186f48a179e3a8bf83ce889b3b8
mu^3,5.399612373357457,0.028542997130514124,-0.0018801474435035923,5.643480101212099e-15,diagnostic_only_not_theorem_gate,4a09b46da042bd99120c3c23c0cc81b0e6b3f33dd2de64fa567151fb2cf15c72,2f4b8aa5a0edfdafeadf5c67ac561b97ec266443615d65a715c735eac6203ef6,169421e73b25e00e379d0a24e476d5f26da19186f48a179e3a8bf83ce889b3b8
mu^3,5.448699758569798,0.02863339298534049,-0.0018021714428789516,5.519442290878133e-15,diagnostic_only_not_theorem_gate,4a09b46da042bd99120c3c23c0cc81b0e6b3f33dd2de64fa567151fb2cf15c72,2f4b8aa5a0edfdafeadf5c67ac561b97ec266443615d65a715c735eac6203ef6,169421e73b25e00e379d0a24e476d5f26da19186f48a179e3a8bf83ce889b3b8
mu^3,5.497787143782138,0.02871985385339684,-0.0017198538533968405,5.3907595952682854e-15,diagnostic_only_not_theorem_gate,4a09b46da042bd99120c3c23c0cc81b0e6b3f33dd2de64fa567151fb2cf15c72,2f4b8aa5a0edfdafeadf5c67ac561b97ec266443615d65a715c735eac6203ef6,169421e73b25e00e379d0a24e476d5f26da19186f48a179e3a8bf83ce889b3b8
mu^3,5.546874528994478,0.02880217144287895,-0.0016333929853404902,5.262906630919674e-15,diagnostic_only_not_theorem_gate,4a09b46da042bd99120c3c23c0cc81b0e6b3f33dd2de64fa567151fb2cf15c72,2f4b8aa5a0edfdafeadf5c67ac561b97ec266443615d65a715c735eac6203ef6,169421e73b25e00e379d0a24e476d5f26da19186f48a179e3a8bf83ce889b3b8
mu^3,5.595961914206819,0.02888014744350359,-0.0015429971305141264,5.131483521347769e-15,diagnostic_only_not_theorem_gate,4a09b46da042bd99120c3c23c0cc81b0e6b3f33dd2de64fa567151fb2cf15c72,2f4b8aa5a0edfdafeadf5c67ac561b97ec266443615d65a715c735eac6203ef6,169421e73b25e00e379d0a24e476d5f26da19186f48a179e3a8bf83ce889b3b8
mu^3,5.64504929941916,0.028953594004255366,-0.0014488840604497655,5.000615311326292e-15,diagnostic_only_not_theorem_gate,4a09b46da042bd99120c3c23c0cc81b0e6b3f33dd2de64fa567151fb2cf15c72,2f4b8aa5a0edfdafeadf5c67ac561b97ec266443615d65a715c735eac6203ef6,169421e73b25e00e379d0a24e476d5f26da19186f48a179e3a8bf83ce889b3b8
mu^3,5.6941366846315,0.029022334185936263,-0.0013512805017765275,4.869589317672265e-15,diagnostic_only_not_theorem_gate,4a09b46da042bd99120c3c23c0cc81b0e6b3f33dd2de64fa567151fb2cf15c72,2f4b8aa5a0edfdafeadf5c67ac561b97ec266443615d65a715c735eac6203ef6,169421e73b25e00e379d0a24e476d5f26da19186f48a179e3a8bf83ce889b3b8
mu^3,5.743224069843841,0.02908620238742769,-0.0012504215900163169,4.742695736332141e-15,diagnostic_only_not_theorem_gate,4a09b46da042bd99120c3c23c0cc81b0e6b3f33dd2de64fa567151fb2cf15c72,2f4b8aa5a0edfdafeadf5c67ac561b97ec266443615d65a715c735eac6203ef6,169421e73b25e00e379d0a24e476d5f26da19186f48a179e3a8bf83ce889b3b8
mu^3,5.792311455056181,0.02914504474463805,-0.0011465503031217609,4.617289211938553e-15,diagnostic_only_not_theorem_gate,4a09b46da042bd99120c3c23c0cc81b0e6b3f33dd2de64fa567151fb2cf15c72,2f4b8aa5a0edfdafeadf5c67ac561b97ec266443615d65a715c735eac6203ef6,169421e73b25e00e379d0a24e476d5f26da19186f48a179e3a8bf83ce889b3b8
mu^3,5.841398840268521,0.02919871950117485,-0.0010399168761210387,4.496843106097336e-15,diagnostic_only_not_theorem_gate,4a09b46da042bd99120c3c23c0cc81b0e6b3f33dd2de64fa567151fb2cf15c72,2f4b8aa5a0edfdafeadf5c67ac561b97ec266443615d65a715c735eac6203ef6,169421e73b25e00e379d0a24e476d5f26da19186f48a179e3a8bf83ce889b3b8
mu^3,5.890486225480862,0.029247097349848237,-0.0009307781982797806,4.3846460825127995e-15,diagnostic_only_not_theorem_gate,4a09b46da042bd99120c3c23c0cc81b0e6b3f33dd2de64fa567151fb2cf15c72,2f4b8aa5a0edfdafeadf5c67ac561b97ec266443615d65a715c735eac6203ef6,169421e73b25e00e379d0a24e476d5f26da19186f48a179e3a8bf83ce889b3b8
mu^3,5.939573610693203,0.029290061744183356,-0.0008193971942323229,4.279673544631146e-15,diagnostic_only_not_theorem_gate,4a09b46da042bd99120c3c23c0cc81b0e6b3f33dd2de64fa567151fb2cf15c72,2f4b8aa5a0edfdafeadf5c67ac561b97ec266443615d65a715c735eac6203ef6,169421e73b25e00e379d0a24e476d5f26da19186f48a179e3a8bf83ce889b3b8
mu^3,5.988660995905543,0.029327509179191018,-0.0007060421905732438,4.185438785943319e-15,diagnostic_only_not_theorem_gate,4a09b46da042bd99120c3c23c0cc81b0e6b3f33dd2de64fa567151fb2cf15c72,2f4b8aa5a0edfdafeadf5c67ac561b97ec266443615d65a715c735eac6203ef6,169421e73b25e00e379d0a24e476d5f26da19186f48a179e3a8bf83ce889b3b8
mu^3,6.037748381117884,0.029359349440720287,-0.0005909862694350817,4.10174659584104e-15,diagnostic_only_not_theorem_gate,4a09b46da042bd99120c3c23c0cc81b0e6b3f33dd2de64fa567151fb2cf15c72,2f4b8aa5a0edfdafeadf5c67ac561b97ec266443615d65a715c735eac6203ef6,169421e73b25e00e379d0a24e476d5f26da19186f48a179e3a8bf83ce889b3b8
mu^3,6.086835766330224,0.02938550582279225,-0.00047450661060956695,4.031122696878871e-15,diagnostic_only_not_theorem_gate,4a09b46da042bd99120c3c23c0cc81b0e6b3f33dd2de64fa567151fb2cf15c72,2f4b8aa5a0edfdafeadf5c67ac561b97ec266443615d65a715c735eac6203ef6,169421e73b25e00e379d0a24e476d5f26da19186f48a179e3a8bf83ce889b3b8
mu^3,6.135923151542564,0.02940591531239148,-0.00035688382379722337,3.97417606132525e-15,diagnostic_only_not_theorem_gate,4a09b46da042bd99120c3c23c0cc81b0e6b3f33dd2de64fa567151fb2cf15c72,2f4b8aa5a0edfdafeadf5c67ac561b97ec266443615d65a715c735eac6203ef6,169421e73b25e00e379d0a24e476d5f26da19186f48a179e3a8bf83ce889b3b8
mu^3,6.1850105367549055,0.029420528741269863,-0.00023840127259401898,3.933219021662682e-15,diagnostic_only_not_theorem_gate,4a09b46da042bd99120c3c23c0cc81b0e6b3f33dd2de64fa567151fb2cf15c72,2f4b8aa5a0edfdafeadf5c67ac561b97ec266443615d65a715c735eac6203ef6,169421e73b25e00e379d0a24e476d5f26da19186f48a179e3a8bf83ce889b3b8
mu^3,6.234097921967246,0.02942931090439725,-0.00011934439184365254,3.907972473071489e-15,diagnostic_only_not_theorem_gate,4a09b46da042bd99120c3c23c0cc81b0e6b3f33dd2de64fa567151fb2cf15c72,2f4b8aa5a0edfdafeadf5c67ac561b97ec266443615d65a715c735eac6203ef6,169421e73b25e00e379d0a24e476d5f26da19186f48a179e3a8bf83ce889b3b8
alpha^9,0.0,0.02385595641881854,0.0,5.76051543061716e-15,diagnostic_only_not_theorem_gate,4a09b46da042bd99120c3c23c0cc81b0e6b3f33dd2de64fa567151fb2cf15c72,2f4b8aa5a0edfdafeadf5c67ac561b97ec266443615d65a715c735eac6203ef6,169421e73b25e00e379d0a24e476d5f26da19186f48a179e3a8bf83ce889b3b8
alpha^9,0.04908738521234052,0.023852169280632468,0.0001542709065001802,5.774496844798708e-15,diagnostic_only_not_theorem_gate,4a09b46da042bd99120c3c23c0cc81b0e6b3f33dd2de64fa567151fb2cf15c72,2f4b8aa5a0edfdafeadf5c67ac561b97ec266443615d65a715c735eac6203ef6,169421e73b25e00e379d0a24e476d5f26da19186f48a179e3a8bf83ce889b3b8
alpha^9,0.09817477042468103,0.02384081698962185,0.00030817016087406594,5.816268912538513e-15,diagnostic_only_not_theorem_gate,4a09b46da042bd99120c3c23c0cc81b0e6b3f33dd2de64fa567151fb2cf15c72,2f4b8aa5a0edfdafeadf5c67ac561b97ec266443615d65a715c735eac6203ef6,169421e73b25e00e379d0a24e476d5f26da19186f48a179e3a8bf83ce889b3b8
alpha^9,0.14726215563702155,0.023821926894450073,0.00046132700633788793,5.88529872853451e-15,diagnostic_only_not_theorem_gate,4a09b46da042bd99120c3c23c0cc81b0e6b3f33dd2de64fa567151fb2cf15c72,2f4b8aa5a0edfdafeadf5c67ac561b97ec266443615d65a715c735eac6203ef6,169421e73b25e00e379d0a24e476d5f26da19186f48a179e3a8bf83ce889b3b8
alpha^9,0.19634954084936207,0.02379554450301099,0.0006133724746359685,5.98071933486448e-15,diagnostic_only_not_theorem_gate,4a09b46da042bd99120c3c23c0cc81b0e6b3f33dd2de64fa567151fb2cf15c72,2f4b8aa5a0edfdafeadf5c67ac561b97ec266443615d65a715c735eac6203ef6,169421e73b25e00e379d0a24e476d5f26da19186f48a179e3a8bf83ce889b3b8
alpha^9,0.2454369260617026,0.023761733372796395,0.0007639402749175674,6.09928620908936e-15,diagnostic_only_not_theorem_gate,4a09b46da042bd99120c3c23c0cc81b0e6b3f33dd2de64fa567151fb2cf15c72,2f4b8aa5a0edfdafeadf5c67ac561b97ec266443615d65a715c735eac6203ef6,169421e73b25e00e379d0a24e476d5f26da19186f48a179e3a8bf83ce889b3b8
alpha^9,0.2945243112740431,0.02372057495778048,0.0009126676761636246,6.242232742172118e-15,diagnostic_only_not_theorem_gate,4a09b46da042bd99120c3c23c0cc81b0e6b3f33dd2de64fa567151fb2cf15c72,2f4b8aa5a0edfdafeadf5c67ac561b97ec266443615d65a715c735eac6203ef6,169421e73b25e00e379d0a24e476d5f26da19186f48a179e3a8bf83ce889b3b8
alpha^9,0.3436116964863836,0.023672168412190078,0.0010591963810375569,6.403569230918931e-15,diagnostic_only_not_theorem_gate,4a09b46da042bd99120c3c23c0cc81b0e6b3f33dd2de64fa567151fb2cf15c72,2f4b8aa5a0edfdafeadf5c67ac561b97ec266443615d65a715c735eac6203ef6,169421e73b25e00e379d0a24e476d5f26da19186f48a179e3a8bf83ce889b3b8
alpha^9,0.39269908169872414,0.02361663035163342,0.0012031733890549236,6.583164806265873e-15,diagnostic_only_not_theorem_gate,4a09b46da042bd99120c3c23c0cc81b0e6b3f33dd2de64fa567151fb2cf15c72,2f4b8aa5a0edfdafeadf5c67ac561b97ec266443615d65a715c735eac6203ef6,169421e73b25e00e379d0a24e476d5f26da19186f48a179e3a8bf83ce889b3b8
alpha^9,0.44178646691106466,0.023554094572162954,0.0013442518469925146,6.780322832075991e-15,diagnostic_only_not_theorem_gate,4a09b46da042bd99120c3c23c0cc81b0e6b3f33dd2de64fa567151fb2cf15c72,2f4b8aa5a0edfdafeadf5c67ac561b97ec266443615d65a715c735eac6203ef6,169421e73b25e00e379d0a24e476d5f26da19186f48a179e3a8bf83ce889b3b8
alpha^9,0.4908738521234052,0.023484711727948904,0.0014820918844881449,6.989076603441884e-15,diagnostic_only_not_theorem_gate,4a09b46da042bd99120c3c23c0cc81b0e6b3f33dd2de64fa567151fb2cf15c72,2f4b8aa5a0edfdafeadf5c67ac561b97ec266443615d65a715c735eac6203ef6,169421e73b25e00e379d0a24e476d5f26da19186f48a179e3a8bf83ce889b3b8
alpha^9,0.5399612373357456,0.023408648968340204,0.001616361432818126,7.209851034305645e-15,diagnostic_only_not_theorem_gate,4a09b46da042bd99120c3c23c0cc81b0e6b3f33dd2de64fa567151fb2cf15c72,2f4b8aa5a0edfdafeadf5c67ac561b97ec266443615d65a715c735eac6203ef6,169421e73b25e00e379d0a24e476d5f26da19186f48a179e3a8bf83ce889b3b8
alpha^9,0.5890486225480862,0.023326089535187066,0.0017467370248799078,7.438252576997509e-15,diagnostic_only_not_theorem_gate,4a09b46da042bd99120c3c23c0cc81b0e6b3f33dd2de64fa567151fb2cf15c72,2f4b8aa5a0edfdafeadf5c67ac561b97ec266443615d65a715c735eac6203ef6,169421e73b25e00e379d0a24e476d5f26da19186f48a179e3a8bf83ce889b3b8
alpha^9,0.6381360077604268,0.023237232321395303,0.0018729045744526602,7.673821317496238e-15,diagnostic_only_not_theorem_gate,4a09b46da042bd99120c3c23c0cc81b0e6b3f33dd2de64fa567151fb2cf15c72,2f4b8aa5a0edfdafeadf5c67ac561b97ec266443615d65a715c735eac6203ef6,169421e73b25e00e379d0a24e476d5f26da19186f48a179e3a8bf83ce889b3b8
alpha^9,0.6872233929727672,0.023142291391775916,0.00199456013285849,7.912348726013586e-15,diagnostic_only_not_theorem_gate,4a09b46da042bd99120c3c23c0cc81b0e6b3f33dd2de64fa567151fb2cf15c72,2f4b8aa5a0edfdafeadf5c67ac561b97ec266443615d65a715c735eac6203ef6,169421e73b25e00e379d0a24e476d5f26da19186f48a179e3a8bf83ce889b3b8
alpha^9,0.7363107781851077,0.0230414954673442,0.0021114106212014295,8.152361797515149e-15,diagnostic_only_not_theorem_gate,4a09b46da042bd99120c3c23c0cc81b0e6b3f33dd2de64fa567151fb2cf15c72,2f4b8aa5a0edfdafeadf5c67ac561b97ec266443615d65a715c735eac6203ef6,169421e73b25e00e379d0a24e476d5f26da19186f48a179e3a8bf83ce889b3b8
alpha^9,0.7853981633974483,0.02293508737431079,0.002223174536420166,8.393148039816209e-15,diagnostic_only_not_theorem_gate,4a09b46da042bd99120c3c23c0cc81b0e6b3f33dd2de64fa567151fb2cf15c72,2f4b8aa5a0edfdafeadf5c67ac561b97ec266443615d65a715c735eac6203ef6,169421e73b25e00e379d0a24e476d5f26da19186f48a179e3a8bf83ce889b3b8
alpha^9,0.8344855486097889,0.022823323459092052,0.0023295826294535762,8.630232092782227e-15,diagnostic_only_not_theorem_gate,4a09b46da042bd99120c3c23c0cc81b0e6b3f33dd2de64fa567151fb2cf15c72,2f4b8aa5a0edfdafeadf5c67ac561b97ec266443615d65a715c735eac6203ef6,169421e73b25e00e379d0a24e476d5f26da19186f48a179e3a8bf83ce889b3b8
alpha^9,0.8835729338221293,0.022706472970749115,0.0024303785538852926,8.863610030820738e-15,diagnostic_only_not_theorem_gate,4a09b46da042bd99120c3c23c0cc81b0e6b3f33dd2de64fa567151fb2cf15c72,2f4b8aa5a0edfdafeadf5c67ac561b97ec266443615d65a715c735eac6203ef6,169421e73b25e00e379d0a24e476d5f26da19186f48a179e3a8bf83ce889b3b8
alpha^9,0.9326603190344698,0.022584817412343285,0.0025253194835046797,9.090233701270902e-15,diagnostic_only_not_theorem_gate,4a09b46da042bd99120c3c23c0cc81b0e6b3f33dd2de64fa567151fb2cf15c72,2f4b8aa5a0edfdafeadf5c67ac561b97ec266443615d65a715c735eac6203ef6,169421e73b25e00e379d0a24e476d5f26da19186f48a179e3a8bf83ce889b3b8
alpha^9,0.9817477042468103,0.022458649862770533,0.0026141766972964417,9.30813351263674e-15,diagnostic_only_not_theorem_gate,4a09b46da042bd99120c3c23c0cc81b0e6b3f33dd2de64fa567151fb2cf15c72,2f4b8aa5a0edfdafeadf5c67ac561b97ec266443615d65a715c735eac6203ef6,169421e73b25e00e379d0a24e476d5f26da19186f48a179e3a8bf83ce889b3b8
alpha^9,1.030835089459151,0.02232827427070875,0.0026967361304495807,9.516069419424333e-15,diagnostic_only_not_theorem_gate,4a09b46da042bd99120c3c23c0cc81b0e6b3f33dd2de64fa567151fb2cf15c72,2f4b8aa5a0edfdafeadf5c67ac561b97ec266443615d65a715c735eac6203ef6,169421e73b25e00e379d0a24e476d5f26da19186f48a179e3a8bf83ce889b3b8
alpha^9,1.0799224746714913,0.022194004722378768,0.0027727988900582787,9.712296880273563e-15,diagnostic_only_not_theorem_gate,4a09b46da042bd99120c3c23c0cc81b0e6b3f33dd2de64fa567151fb2cf15c72,2f4b8aa5a0edfdafeadf5c67ac561b97ec266443615d65a715c735eac6203ef6,169421e73b25e00e379d0a24e476d5f26da19186f48a179e3a8bf83ce889b3b8
alpha^9,1.1290098598838318,0.02205616468488314,0.002842181734272328,9.895098063676748e-15,diagnostic_only_not_theorem_gate,4a09b46da042bd99120c3c23c0cc81b0e6b3f33dd2de64fa567151fb2cf15c72,2f4b8aa5a0edfdafeadf5c67ac561b97ec266443615d65a715c735eac6203ef6,169421e73b25e00e379d0a24e476d5f26da19186f48a179e3a8bf83ce889b3b8
alpha^9,1.1780972450961724,0.021915086226945546,0.0029047175137427964,1.0063183910645902e-14,diagnostic_only_not_theorem_gate,4a09b46da042bd99120c3c23c0cc81b0e6b3f33dd2de64fa567151fb2cf15c72,2f4b8aa5a0edfdafeadf5c67ac561b97ec266443615d65a715c735eac6203ef6,169421e73b25e00e379d0a24e476d5f26da19186f48a179e3a8bf83ce889b3b8
alpha^9,1.227184630308513,0.02177110921892818,0.0029602555742994537,1.021523512717466e-14,diagnostic_only_not_theorem_gate,4a09b46da042bd99120c3c23c0cc81b0e6b3f33dd2de64fa567151fb2cf15c72,2f4b8aa5a0edfdafeadf5c67ac561b97ec266443615d65a715c735eac6203ef6,169421e73b25e00e379d0a24e476d5f26da19186f48a179e3a8bf83ce889b3b8
alpha^9,1.2762720155208536,0.021624580514054248,0.003008662119889858,1.0349929794637101e-14,diagnostic_only_not_theorem_gate,4a09b46da042bd99120c3c23c0cc81b0e6b3f33dd2de64fa567151fb2cf15c72,2f4b8aa5a0edfdafeadf5c67ac561b97ec266443615d65a715c735eac6203ef6,169421e73b25e00e379d0a24e476d5f26da19186f48a179e3a8bf83ce889b3b8
alpha^9,1.325359400733194,0.021475853112808193,0.00304982053490577,1.0466733985856405e-14,diagnostic_only_not_theorem_gate,4a09b46da042bd99120c3c23c0cc81b0e6b3f33dd2de64fa567151fb2cf15c72,2f4b8aa5a0edfdafeadf5c67ac561b97ec266443615d65a715c735eac6203ef6,169421e73b25e00e379d0a24e476d5f26da19186f48a179e3a8bf83ce889b3b8
alpha^9,1.3744467859455345,0.021325285312526594,0.0030836316651203645,1.0563934032526314e-14,diagnostic_only_not_theorem_gate,4a09b46da042bd99120c3c23c0cc81b0e6b3f33dd2de64fa567151fb2cf15c72,2f4b8aa5a0edfdafeadf5c67ac561b97ec266443615d65a715c735eac6203ef6,169421e73b25e00e379d0a24e476d5f26da19186f48a179e3a8bf83ce889b3b8
alpha^9,1.423534171157875,0.021173239844228513,0.00311001405655945,1.0641965068588913e-14,diagnostic_only_not_theorem_gate,4a09b46da042bd99120c3c23c0cc81b0e6b3f33dd2de64fa567151fb2cf15c72,2f4b8aa5a0edfdafeadf5c67ac561b97ec266443615d65a715c735eac6203ef6,169421e73b25e00e379d0a24e476d5f26da19186f48a179e3a8bf83ce889b3b8
alpha^9,1.4726215563702154,0.02102008299876469,0.003128904151731225,1.069890242148289e-14,diagnostic_only_not_theorem_gate,4a09b46da042bd99120c3c23c0cc81b0e6b3f33dd2de64fa567151fb2cf15c72,2f4b8aa5a0edfdafeadf5c67ac561b97ec266443615d65a715c735eac6203ef6,169421e73b25e00e379d0a24e476d5f26da19186f48a179e3a8bf83ce889b3b8
alpha^9,1.521708941582556,0.020866183744390806,0.0031402564427418433,1.0734574094370048e-14,diagnostic_only_not_theorem_gate,4a09b46da042bd99120c3c23c0cc81b0e6b3f33dd2de64fa567151fb2cf15c72,2f4b8aa5a0edfdafeadf5c67ac561b97ec266443615d65a715c735eac6203ef6,169421e73b25e00e379d0a24e476d5f26da19186f48a179e3a8bf83ce889b3b8
alpha^9,1.5707963267948966,0.020711912837890624,0.0031440435809279178,1.0749481551561432e-14,diagnostic_only_not_theorem_gate,4a09b46da042bd99120c3c23c0cc81b0e6b3f33dd2de64fa567151fb2cf15c72,2f4b8aa5a0edfdafeadf5c67ac561b97ec266443615d65a715c735eac6203ef6,169421e73b25e00e379d0a24e476d5f26da19186f48a179e3a8bf83ce889b3b8
alpha^9,1.6198837120072371,0.020557641931390445,0.0031402564427418433,1.0744580323669192e-14,diagnostic_only_not_theorem_gate,4a09b46da042bd99120c3c23c0cc81b0e6b3f33dd2de64fa567151fb2cf15c72,2f4b8aa5a0edfdafeadf5c67ac561b97ec266443615d65a715c735eac6203ef6,169421e73b25e00e379d0a24e476d5f26da19186f48a179e3a8bf83ce889b3b8
alpha^9,1.6689710972195777,0.020403742677016556,0.0031289041517312253,1.0717537633774527e-14,diagnostic_only_not_theorem_gate,4a09b46da042bd99120c3c23c0cc81b0e6b3f33dd2de64fa567151fb2cf15c72,2f4b8aa5a0edfdafeadf5c67ac561b97ec266443615d65a715c735eac6203ef6,169421e73b25e00e379d0a24e476d5f26da19186f48a179e3a8bf83ce889b3b8
alpha^9,1.718058482431918,0.020250585831552738,0.00311001405655945,1.0671360058954715e-14,diagnostic_only_not_theorem_gate,4a09b46da042bd99120c3c23c0cc81b0e6b3f33dd2de64fa567151fb2cf15c72,2f4b8aa5a0edfdafeadf5c67ac561b97ec266443615d65a715c735eac6203ef6,169421e73b25e00e379d0a24e476d5f26da19186f48a179e3a8bf83ce889b3b8
alpha^9,1.7671458676442586,0.020098540363254657,0.0030836316651203645,1.0604183800315358e-14,diagnostic_only_not_theorem_gate,4a09b46da042bd99120c3c23c0cc81b0e6b3f33dd2de64fa567151fb2cf15c72,2f4b8aa5a0edfdafeadf5c67ac561b97ec266443615d65a715c735eac6203ef6,169421e73b25e00e379d0a24e476d5f26da19186f48a179e3a8bf83ce889b3b8
alpha^9,1.8162332528565992,0.019947972562973055,0.00304982053490577,1.0519169704713745e-14,diagnostic_only_not_theorem_gate,4a09b46da042bd99120c3c23c0cc81b0e6b3f33dd2de64fa567151fb2cf15c72,2f4b8aa5a0edfdafeadf5c67ac561b97ec266443615d65a715c735eac6203ef6,169421e73b25e00e379d0a24e476d5f26da19186f48a179e3a8bf83ce889b3b8
alpha^9,1.8653206380689396,0.019799245161727,0.003008662119889858,1.0415274679025954e-14,diagnostic_only_not_theorem_gate,4a09b46da042bd99120c3c23c0cc81b0e6b3f33dd2de64fa567151fb2cf15c72,2f4b8aa5a0edfdafeadf5c67ac561b97ec266443615d65a715c735eac6203ef6,169421e73b25e00e379d0a24e476d5f26da19186f48a179e3a8bf83ce889b3b8
alpha^9,1.9144080232812801,0.019652716456853066,0.0029602555742994537,1.0294363424674946e-14,diagnostic_only_not_theorem_gate,4a09b46da042bd99120c3c23c0cc81b0e6b3f33dd2de64fa567151fb2cf15c72,2f4b8aa5a0edfdafeadf5c67ac561b97ec266443615d65a715c735eac6203ef6,169421e73b25e00e379d0a24e476d5f26da19186f48a179e3a8bf83ce889b3b8
alpha^9,1.9634954084936207,0.019508739448835702,0.0029047175137427964,1.015701421988394e-14,diagnostic_only_not_theorem_gate,4a09b46da042bd99120c3c23c0cc81b0e6b3f33dd2de64fa567151fb2cf15c72,2f4b8aa5a0edfdafeadf5c67ac561b97ec266443615d65a715c735eac6203ef6,169421e73b25e00e379d0a24e476d5f26da19186f48a179e3a8bf83ce889b3b8
alpha^9,2.012582793705961,0.01936766099089811,0.0028421817342723283,1.0007156406904283e-14,diagnostic_only_not_theorem_gate,4a09b46da042bd99120c3c23c0cc81b0e6b3f33dd2de64fa567151fb2cf15c72,2f4b8aa5a0edfdafeadf5c67ac561b97ec266443615d65a715c735eac6203ef6,169421e73b25e00e379d0a24e476d5f26da19186f48a179e3a8bf83ce889b3b8
alpha^9,2.061670178918302,0.01922982095340248,0.002772798890058279,9.843174072432536e-15,diagnostic_only_not_theorem_gate,4a09b46da042bd99120c3c23c0cc81b0e6b3f33dd2de64fa567151fb2cf15c72,2f4b8aa5a0edfdafeadf5c67ac561b97ec266443615d65a715c735eac6203ef6,169421e73b25e00e379d0a24e476d5f26da19186f48a179e3a8bf83ce889b3b8
alpha^9,2.110757564130642,0.0190955514050725,0.0026967361304495807,9.668473734612602e-15,diagnostic_only_not_theorem_gate,4a09b46da042bd99120c3c23c0cc81b0e6b3f33dd2de64fa567151fb2cf15c72,2f4b8aa5a0edfdafeadf5c67ac561b97ec266443615d65a715c735eac6203ef6,169421e73b25e00e379d0a24e476d5f26da19186f48a179e3a8bf83ce889b3b8
alpha^9,2.1598449493429825,0.018965175813010715,0.0026141766972964425,9.483101865915737e-15,diagnostic_only_not_theorem_gate,4a09b46da042bd99120c3c23c0cc81b0e6b3f33dd2de64fa567151fb2cf15c72,2f4b8aa5a0edfdafeadf5c67ac561b97ec266443615d65a715c735eac6203ef6,169421e73b25e00e379d0a24e476d5f26da19186f48a179e3a8bf83ce889b3b8
alpha^9,2.2089323345553233,0.018839008263437963,0.00252531948350468,9.291997975259532e-15,diagnostic_only_not_theorem_gate,4a09b46da042bd99120c3c23c0cc81b0e6b3f33dd2de64fa567151fb2cf15c72,2f4b8aa5a0edfdafeadf5c67ac561b97ec266443615d65a715c735eac6203ef6,169421e73b25e00e379d0a24e476d5f26da19186f48a179e3a8bf83ce889b3b8
alpha^9,2.2580197197676637,0.018717352705032133,0.002430378553885293,9.094103791331867e-15,diagnostic_only_not_theorem_gate,4a09b46da042bd99120c3c23c0cc81b0e6b3f33dd2de64fa567151fb2cf15c72,2f4b8aa5a0edfdafeadf5c67ac561b97ec266443615d65a715c735eac6203ef6,169421e73b25e00e379d0a24e476d5f26da19186f48a179e3a8bf83ce889b3b8
alpha^9,2.3071071049800045,0.018600502216689192,0.002329582629453576,8.892569754092702e-15,diagnostic_only_not_theorem_gate,4a09b46da042bd99120c3c23c0cc81b0e6b3f33dd2de64fa567151fb2cf15c72,2f4b8aa5a0edfdafeadf5c67ac561b97ec266443615d65a715c735eac6203ef6,169421e73b25e00e379d0a24e476d5f26da19186f48a179e3a8bf83ce889b3b8
alpha^9,2.356194490192345,0.018488738301470457,0.0022231745364201666,8.689204676526617e-15,diagnostic_only_not_theorem_gate,4a09b46da042bd99120c3c23c0cc81b0e6b3f33dd2de64fa567151fb2cf15c72,2f4b8aa5a0edfdafeadf5c67ac561b97ec266443615d65a715c735eac6203ef6,169421e73b25e00e379d0a24e476d5f26da19186f48a179e3a8bf83ce889b3b8
alpha^9,2.405281875404685,0.018382330208437048,0.00211141062120143,8.484644978914056e-15,diagnostic_only_not_theorem_gate,4a09b46da042bd99120c3c23c0cc81b0e6b3f33dd2de64fa567151fb2cf15c72,2f4b8aa5a0edfdafeadf5c67ac561b97ec266443615d65a715c735eac6203ef6,169421e73b25e00e379d0a24e476d5f26da19186f48a179e3a8bf83ce889b3b8
alpha^9,2.454369260617026,0.01828153428400533,0.00199456013285849,8.282413116266566e-15,diagnostic_only_not_theorem_gate,4a09b46da042bd99120c3c23c0cc81b0e6b3f33dd2de64fa567151fb2cf15c72,2f4b8aa5a0edfdafeadf5c67ac561b97ec266443615d65a715c735eac6203ef6,169421e73b25e00e379d0a24e476d5f26da19186f48a179e3a8bf83ce889b3b8
alpha^9,2.5034566458293663,0.018186593354385945,0.0018729045744526607,8.084335398587582e-15,diagnostic_only_not_theorem_gate,4a09b46da042bd99120c3c23c0cc81b0e6b3f33dd2de64fa567151fb2cf15c72,2f4b8aa5a0edfdafeadf5c67ac561b97ec266443615d65a715c735eac6203ef6,169421e73b25e00e379d0a24e476d5f26da19186f48a179e3a8bf83ce889b3b8
alpha^9,2.552544031041707,0.018097736140594182,0.0017467370248799078,7.891461373576027e-15,diagnostic_only_not_theorem_gate,4a09b46da042bd99120c3c23c0cc81b0e6b3f33dd2de64fa567151fb2cf15c72,2f4b8aa5a0edfdafeadf5c67ac561b97ec266443615d65a715c735eac6203ef6,169421e73b25e00e379d0a24e476d5f26da19186f48a179e3a8bf83ce889b3b8
alpha^9,2.6016314162540475,0.018015176707441044,0.0016163614328181264,7.70574388024008e-15,diagnostic_only_not_theorem_gate,4a09b46da042bd99120c3c23c0cc81b0e6b3f33dd2de64fa567151fb2cf15c72,2f4b8aa5a0edfdafeadf5c67ac561b97ec266443615d65a715c735eac6203ef6,169421e73b25e00e379d0a24e476d5f26da19186f48a179e3a8bf83ce889b3b8
alpha^9,2.650718801466388,0.017939113947832347,0.0014820918844881455,7.528364164955918e-15,diagnostic_only_not_theorem_gate,4a09b46da042bd99120c3c23c0cc81b0e6b3f33dd2de64fa567151fb2cf15c72,2f4b8aa5a0edfdafeadf5c67ac561b97ec266443615d65a715c735eac6203ef6,169421e73b25e00e379d0a24e476d5f26da19186f48a179e3a8bf83ce889b3b8
alpha^9,2.6998061866787286,0.017869731103618294,0.0013442518469925144,7.363517469247134e-15,diagnostic_only_not_theorem_gate,4a09b46da042bd99120c3c23c0cc81b0e6b3f33dd2de64fa567151fb2cf15c72,2f4b8aa5a0edfdafeadf5c67ac561b97ec266443615d65a715c735eac6203ef6,169421e73b25e00e379d0a24e476d5f26da19186f48a179e3a8bf83ce889b3b8
alpha^9,2.748893571891069,0.017807195324147828,0.0012031733890549238,7.209729695716005e-15,diagnostic_only_not_theorem_gate,4a09b46da042bd99120c3c23c0cc81b0e6b3f33dd2de64fa567151fb2cf15c72,2f4b8aa5a0edfdafeadf5c67ac561b97ec266443615d65a715c735eac6203ef6,169421e73b25e00e379d0a24e476d5f26da19186f48a179e3a8bf83ce889b3b8
alpha^9,2.7979809571034093,0.01775165726359117,0.0010591963810375577,7.070717542539611e-15,diagnostic_only_not_theorem_gate,4a09b46da042bd99120c3c23c0cc81b0e6b3f33dd2de64fa567151fb2cf15c72,2f4b8aa5a0edfdafeadf5c67ac561b97ec266443615d65a715c735eac6203ef6,169421e73b25e00e379d0a24e476d5f26da19186f48a179e3a8bf83ce889b3b8
alpha^9,2.84706834231575,0.017703250718000767,0.0009126676761636248,6.946777220078863e-15,diagnostic_only_not_theorem_gate,4a09b46da042bd99120c3c23c0cc81b0e6b3f33dd2de64fa567151fb2cf15c72,2f4b8aa5a0edfdafeadf5c67ac561b97ec266443615d65a715c735eac6203ef6,169421e73b25e00e379d0a24e476d5f26da19186f48a179e3a8bf83ce889b3b8
alpha^9,2.8961557275280905,0.017662092302984853,0.000763940274917568,6.837995640066905e-15,diagnostic_only_not_theorem_gate,4a09b46da042bd99120c3c23c0cc81b0e6b3f33dd2de64fa567151fb2cf15c72,2f4b8aa5a0edfdafeadf5c67ac561b97ec266443615d65a715c735eac6203ef6,169421e73b25e00e379d0a24e476d5f26da19186f48a179e3a8bf83ce889b3b8
alpha^9,2.945243112740431,0.01762828117277026,0.0006133724746359696,6.748446422360254e-15,diagnostic_only_not_theorem_gate,4a09b46da042bd99120c3c23c0cc81b0e6b3f33dd2de64fa567151fb2cf15c72,2f4b8aa5a0edfdafeadf5c67ac561b97ec266443615d65a715c735eac6203ef6,169421e73b25e00e379d0a24e476d5f26da19186f48a179e3a8bf83ce889b3b8
alpha^9,2.9943304979527716,0.017601898781331175,0.0004613270063378881,6.678016243591317e-15,diagnostic_only_not_theorem_gate,4a09b46da042bd99120c3c23c0cc81b0e6b3f33dd2de64fa567151fb2cf15c72,2f4b8aa5a0edfdafeadf5c67ac561b97ec266443615d65a715c735eac6203ef6,169421e73b25e00e379d0a24e476d5f26da19186f48a179e3a8bf83ce889b3b8
alpha^9,3.043417883165112,0.017583008686159397,0.00030817016087406664,6.626811410376517e-15,diagnostic_only_not_theorem_gate,4a09b46da042bd99120c3c23c0cc81b0e6b3f33dd2de64fa567151fb2cf15c72,2f4b8aa5a0edfdafeadf5c67ac561b97ec266443615d65a715c735eac6203ef6,169421e73b25e00e379d0a24e476d5f26da19186f48a179e3a8bf83ce889b3b8
alpha^9,3.0925052683774528,0.01757165639514878,0.00015427090650018004,6.595983710466772e-15,diagnostic_only_not_theorem_gate,4a09b46da042bd99120c3c23c0cc81b0e6b3f33dd2de64fa567151fb2cf15c72,2f4b8aa5a0edfdafeadf5c67ac561b97ec266443615d65a715c735eac6203ef6,169421e73b25e00e379d0a24e476d5f26da19186f48a179e3a8bf83ce889b3b8
alpha^9,3.141592653589793,0.017567869256962708,3.850342907763157e-19,6.585023519554235e-15,diagnostic_only_not_theorem_gate,4a09b46da042bd99120c3c23c0cc81b0e6b3f33dd2de64fa567151fb2cf15c72,2f4b8aa5a0edfdafeadf5c67ac561b97ec266443615d65a715c735eac6203ef6,169421e73b25e00e379d0a24e476d5f26da19186f48a179e3a8bf83ce889b3b8
alpha^9,3.1906800388021335,0.01757165639514878,-0.00015427090650017928,6.595833702448913e-15,diagnostic_only_not_theorem_gate,4a09b46da042bd99120c3c23c0cc81b0e6b3f33dd2de64fa567151fb2cf15c72,2f4b8aa5a0edfdafeadf5c67ac561b97ec266443615d65a715c735eac6203ef6,169421e73b25e00e379d0a24e476d5f26da19186f48a179e3a8bf83ce889b3b8
alpha^9,3.2397674240144743,0.017583008686159397,-0.0003081701608740659,6.626147346403897e-15,diagnostic_only_not_theorem_gate,4a09b46da042bd99120c3c23c0cc81b0e6b3f33dd2de64fa567151fb2cf15c72,2f4b8aa5a0edfdafeadf5c67ac561b97ec266443615d65a715c735eac6203ef6,169421e73b25e00e379d0a24e476d5f26da19186f48a179e3a8bf83ce889b3b8
alpha^9,3.2888548092268146,0.017601898781331175,-0.0004613270063378874,6.67825295698713e-15,diagnostic_only_not_theorem_gate,4a09b46da042bd99120c3c23c0cc81b0e6b3f33dd2de64fa567151fb2cf15c72,2f4b8aa5a0edfdafeadf5c67ac561b97ec266443615d65a715c735eac6203ef6,169421e73b25e00e379d0a24e476d5f26da19186f48a179e3a8bf83ce889b3b8
alpha^9,3.3379421944391554,0.01762828117277026,-0.0006133724746359688,6.748484051507553e-15,diagnostic_only_not_theorem_gate,4a09b46da042bd99120c3c23c0cc81b0e6b3f33dd2de64fa567151fb2cf15c72,2f4b8aa5a0edfdafeadf5c67ac561b97ec266443615d65a715c735eac6203ef6,169421e73b25e00e379d0a24e476d5f26da19186f48a179e3a8bf83ce889b3b8
alpha^9,3.3870295796514958,0.017662092302984853,-0.0007639402749175673,6.8375272238980846e-15,diagnostic_only_not_theorem_gate,4a09b46da042bd99120c3c23c0cc81b0e6b3f33dd2de64fa567151fb2cf15c72,2f4b8aa5a0edfdafeadf5c67ac561b97ec266443615d65a715c735eac6203ef6,169421e73b25e00e379d0a24e476d5f26da19186f48a179e3a8bf83ce889b3b8
alpha^9,3.436116964863836,0.017703250718000767,-0.0009126676761636239,6.946006678493745e-15,diagnostic_only_not_theorem_gate,4a09b46da042bd99120c3c23c0cc81b0e6b3f33dd2de64fa567151fb2cf15c72,2f4b8aa5a0edfdafeadf5c67ac561b97ec266443615d65a715c735eac6203ef6,169421e73b25e00e379d0a24e476d5f26da19186f48a179e3a8bf83ce889b3b8
alpha^9,3.485204350076177,0.01775165726359117,-0.0010591963810375569,7.070973784644299e-15,diagnostic_only_not_theorem_gate,4a09b46da042bd99120c3c23c0cc81b0e6b3f33dd2de64fa567151fb2cf15c72,2f4b8aa5a0edfdafeadf5c67ac561b97ec266443615d65a715c735eac6203ef6,169421e73b25e00e379d0a24e476d5f26da19186f48a179e3a8bf83ce889b3b8
alpha^9,3.5342917352885173,0.017807195324147828,-0.0012031733890549231,7.20998961412579e-15,diagnostic_only_not_theorem_gate,4a09b46da042bd99120c3c23c0cc81b0e6b3f33dd2de64fa567151fb2cf15c72,2f4b8aa5a0edfdafeadf5c67ac561b97ec266443615d65a715c735eac6203ef6,169421e73b25e00e379d0a24e476d5f26da19186f48a179e3a8bf83ce889b3b8
alpha^9,3.5833791205008576,0.017869731103618294,-0.0013442518469925138,7.363608780992578e-15,diagnostic_only_not_theorem_gate,4a09b46da042bd99120c3c23c0cc81b0e6b3f33dd2de64fa567151fb2cf15c72,2f4b8aa5a0edfdafeadf5c67ac561b97ec266443615d65a715c735eac6203ef6,169421e73b25e00e379d0a24e476d5f26da19186f48a179e3a8bf83ce889b3b8
alpha^9,3.6324665057131984,0.017939113947832343,-0.0014820918844881449,7.529166451482466e-15,diagnostic_only_not_theorem_gate,4a09b46da042bd99120c3c23c0cc81b0e6b3f33dd2de64fa567151fb2cf15c72,2f4b8aa5a0edfdafeadf5c67ac561b97ec266443615d65a715c735eac6203ef6,169421e73b25e00e379d0a24e476d5f26da19186f48a179e3a8bf83ce889b3b8
alpha^9,3.6815538909255388,0.018015176707441044,-0.0016163614328181255,7.706573812838895e-15,diagnostic_only_not_theorem_gate,4a09b46da042bd99120c3c23c0cc81b0e6b3f33dd2de64fa567151fb2cf15c72,2f4b8aa5a0edfdafeadf5c67ac561b97ec266443615d65a715c735eac6203ef6,169421e73b25e00e379d0a24e476d5f26da19186f48a179e3a8bf83ce889b3b8
alpha^9,3.730641276137879,0.018097736140594182,-0.001746737024879907,7.891271704663092e-15,diagnostic_only_not_theorem_gate,4a09b46da042bd99120c3c23c0cc81b0e6b3f33dd2de64fa567151fb2cf15c72,2f4b8aa5a0edfdafeadf5c67ac561b97ec266443615d65a715c735eac6203ef6,169421e73b25e00e379d0a24e476d5f26da19186f48a179e3a8bf83ce889b3b8
alpha^9,3.77972866135022,0.018186593354385945,-0.0018729045744526598,8.084264821755582e-15,diagnostic_only_not_theorem_gate,4a09b46da042bd99120c3c23c0cc81b0e6b3f33dd2de64fa567151fb2cf15c72,2f4b8aa5a0edfdafeadf5c67ac561b97ec266443615d65a715c735eac6203ef6,169421e73b25e00e379d0a24e476d5f26da19186f48a179e3a8bf83ce889b3b8
alpha^9,3.8288160465625602,0.01828153428400533,-0.0019945601328584892,8.282565977471512e-15,diagnostic_only_not_theorem_gate,4a09b46da042bd99120c3c23c0cc81b0e6b3f33dd2de64fa567151fb2cf15c72,2f4b8aa5a0edfdafeadf5c67ac561b97ec266443615d65a715c735eac6203ef6,169421e73b25e00e379d0a24e476d5f26da19186f48a179e3a8bf83ce889b3b8
alpha^9,3.877903431774901,0.018382330208437048,-0.00211141062120143,8.484644978914056e-15,diagnostic_only_not_theorem_gate,4a09b46da042bd99120c3c23c0cc81b0e6b3f33dd2de64fa567151fb2cf15c72,2f4b8aa5a0edfdafeadf5c67ac561b97ec266443615d65a715c735eac6203ef6,169421e73b25e00e379d0a24e476d5f26da19186f48a179e3a8bf83ce889b3b8
alpha^9,3.9269908169872414,0.018488738301470457,-0.002223174536420166,8.688347582311214e-15,diagnostic_only_not_theorem_gate,4a09b46da042bd99120c3c23c0cc81b0e6b3f33dd2de64fa567151fb2cf15c72,2f4b8aa5a0edfdafeadf5c67ac561b97ec266443615d65a715c735eac6203ef6,169421e73b25e00e379d0a24e476d5f26da19186f48a179e3a8bf83ce889b3b8
alpha^9,3.9760782021995817,0.018600502216689192,-0.0023295826294535754,8.891904847969638e-15,diagnostic_only_not_theorem_gate,4a09b46da042bd99120c3c23c0cc81b0e6b3f33dd2de64fa567151fb2cf15c72,2f4b8aa5a0edfdafeadf5c67ac561b97ec266443615d65a715c735eac6203ef6,169421e73b25e00e379d0a24e476d5f26da19186f48a179e3a8bf83ce889b3b8
alpha^9,4.025165587411922,0.018717352705032133,-0.0024303785538852918,9.093640409018886e-15,diagnostic_only_not_theorem_gate,4a09b46da042bd99120c3c23c0cc81b0e6b3f33dd2de64fa567151fb2cf15c72,2f4b8aa5a0edfdafeadf5c67ac561b97ec266443615d65a715c735eac6203ef6,169421e73b25e00e379d0a24e476d5f26da19186f48a179e3a8bf83ce889b3b8
alpha^9,4.074252972624263,0.018839008263437963,-0.0025253194835046806,9.29232252711237e-15,diagnostic_only_not_theorem_gate,4a09b46da042bd99120c3c23c0cc81b0e6b3f33dd2de64fa567151fb2cf15c72,2f4b8aa5a0edfdafeadf5c67ac561b97ec266443615d65a715c735eac6203ef6,169421e73b25e00e379d0a24e476d5f26da19186f48a179e3a8bf83ce889b3b8
alpha^9,4.123340357836604,0.018965175813010715,-0.0026141766972964417,9.484254044803426e-15,diagnostic_only_not_theorem_gate,4a09b46da042bd99120c3c23c0cc81b0e6b3f33dd2de64fa567151fb2cf15c72,2f4b8aa5a0edfdafeadf5c67ac561b97ec266443615d65a715c735eac6203ef6,169421e73b25e00e379d0a24e476d5f26da19186f48a179e3a8bf83ce889b3b8
alpha^9,4.172427743048944,0.0190955514050725,-0.0026967361304495807,9.668473734612602e-15,diagnostic_only_not_theorem_gate,4a09b46da042bd99120c3c23c0cc81b0e6b3f33dd2de64fa567151fb2cf15c72,2f4b8aa5a0edfdafeadf5c67ac561b97ec266443615d65a715c735eac6203ef6,169421e73b25e00e379d0a24e476d5f26da19186f48a179e3a8bf83ce889b3b8
alpha^9,4.221515128261284,0.019229820953402477,-0.0027727988900582787,9.842557853564625e-15,diagnostic_only_not_theorem_gate,4a09b46da042bd99120c3c23c0cc81b0e6b3f33dd2de64fa567151fb2cf15c72,2f4b8aa5a0edfdafeadf5c67ac561b97ec266443615d65a715c735eac6203ef6,169421e73b25e00e379d0a24e476d5f26da19186f48a179e3a8bf83ce889b3b8
alpha^9,4.270602513473625,0.01936766099089811,-0.002842181734272327,1.0007362971730947e-14,diagnostic_only_not_theorem_gate,4a09b46da042bd99120c3c23c0cc81b0e6b3f33dd2de64fa567151fb2cf15c72,2f4b8aa5a0edfdafeadf5c67ac561b97ec266443615d65a715c735eac6203ef6,169421e73b25e00e379d0a24e476d5f26da19186f48a179e3a8bf83ce889b3b8
alpha^9,4.319689898685965,0.0195087394488357,-0.002904717513742796,1.015687923776721e-14,diagnostic_only_not_theorem_gate,4a09b46da042bd99120c3c23c0cc81b0e6b3f33dd2de64fa567151fb2cf15c72,2f4b8aa5a0edfdafeadf5c67ac561b97ec266443615d65a715c735eac6203ef6,169421e73b25e00e379d0a24e476d5f26da19186f48a179e3a8bf83ce889b3b8
alpha^9,4.368777283898306,0.019652716456853066,-0.0029602555742994537,1.0294363424674946e-14,diagnostic_only_not_theorem_gate,4a09b46da042bd99120c3c23c0cc81b0e6b3f33dd2de64fa567151fb2cf15c72,2f4b8aa5a0edfdafeadf5c67ac561b97ec266443615d65a715c735eac6203ef6,169421e73b25e00e379d0a24e476d5f26da19186f48a179e3a8bf83ce889b3b8
alpha^9,4.417864669110647,0.019799245161727,-0.0030086621198898576,1.0415180521331403e-14,diagnostic_only_not_theorem_gate,4a09b46da042bd99120c3c23c0cc81b0e6b3f33dd2de64fa567151fb2cf15c72,2f4b8aa5a0edfdafeadf5c67ac561b97ec266443615d65a715c735eac6203ef6,169421e73b25e00e379d0a24e476d5f26da19186f48a179e3a8bf83ce889b3b8
alpha^9,4.466952054322987,0.019947972562973055,-0.00304982053490577,1.0519169704713745e-14,diagnostic_only_not_theorem_gate,4a09b46da042bd99120c3c23c0cc81b0e6b3f33dd2de64fa567151fb2cf15c72,2f4b8aa5a0edfdafeadf5c67ac561b97ec266443615d65a715c735eac6203ef6,169421e73b25e00e379d0a24e476d5f26da19186f48a179e3a8bf83ce889b3b8
alpha^9,4.516039439535327,0.020098540363254654,-0.003083631665120364,1.0604664667465481e-14,diagnostic_only_not_theorem_gate,4a09b46da042bd99120c3c23c0cc81b0e6b3f33dd2de64fa567151fb2cf15c72,2f4b8aa5a0edfdafeadf5c67ac561b97ec266443615d65a715c735eac6203ef6,169421e73b25e00e379d0a24e476d5f26da19186f48a179e3a8bf83ce889b3b8
alpha^9,4.565126824747668,0.020250585831552734,-0.0031100140565594498,1.067110033318999e-14,diagnostic_only_not_theorem_gate,4a09b46da042bd99120c3c23c0cc81b0e6b3f33dd2de64fa567151fb2cf15c72,2f4b8aa5a0edfdafeadf5c67ac561b97ec266443615d65a715c735eac6203ef6,169421e73b25e00e379d0a24e476d5f26da19186f48a179e3a8bf83ce889b3b8
alpha^9,4.614214209960009,0.02040374267701656,-0.0031289041517312253,1.0717672567391751e-14,diagnostic_only_not_theorem_gate,4a09b46da042bd99120c3c23c0cc81b0e6b3f33dd2de64fa567151fb2cf15c72,2f4b8aa5a0edfdafeadf5c67ac561b97ec266443615d65a715c735eac6203ef6,169421e73b25e00e379d0a24e476d5f26da19186f48a179e3a8bf83ce889b3b8
alpha^9,4.663301595172349,0.020557641931390445,-0.0031402564427418433,1.0744580323669192e-14,diagnostic_only_not_theorem_gate,4a09b46da042bd99120c3c23c0cc81b0e6b3f33dd2de64fa567151fb2cf15c72,2f4b8aa5a0edfdafeadf5c67ac561b97ec266443615d65a715c735eac6203ef6,169421e73b25e00e379d0a24e476d5f26da19186f48a179e3a8bf83ce889b3b8
alpha^9,4.71238898038469,0.020711912837890624,-0.0031440435809279178,1.0749481551561432e-14,diagnostic_only_not_theorem_gate,4a09b46da042bd99120c3c23c0cc81b0e6b3f33dd2de64fa567151fb2cf15c72,2f4b8aa5a0edfdafeadf5c67ac561b97ec266443615d65a715c735eac6203ef6,169421e73b25e00e379d0a24e476d5f26da19186f48a179e3a8bf83ce889b3b8
alpha^9,4.76147636559703,0.020866183744390802,-0.0031402564427418433,1.0734496256105345e-14,diagnostic_only_not_theorem_gate,4a09b46da042bd99120c3c23c0cc81b0e6b3f33dd2de64fa567151fb2cf15c72,2f4b8aa5a0edfdafeadf5c67ac561b97ec266443615d65a715c735eac6203ef6,169421e73b25e00e379d0a24e476d5f26da19186f48a179e3a8bf83ce889b3b8
alpha^9,4.81056375080937,0.021020082998764688,-0.0031289041517312253,1.0698592542412213e-14,diagnostic_only_not_theorem_gate,4a09b46da042bd99120c3c23c0cc81b0e6b3f33dd2de64fa567151fb2cf15c72,2f4b8aa5a0edfdafeadf5c67ac561b97ec266443615d65a715c735eac6203ef6,169421e73b25e00e379d0a24e476d5f26da19186f48a179e3a8bf83ce889b3b8
alpha^9,4.859651136021712,0.021173239844228513,-0.0031100140565594498,1.0641595024549493e-14,diagnostic_only_not_theorem_gate,4a09b46da042bd99120c3c23c0cc81b0e6b3f33dd2de64fa567151fb2cf15c72,2f4b8aa5a0edfdafeadf5c67ac561b97ec266443615d65a715c735eac6203ef6,169421e73b25e00e379d0a24e476d5f26da19186f48a179e3a8bf83ce889b3b8
alpha^9,4.908738521234052,0.021325285312526594,-0.0030836316651203645,1.0563934032526314e-14,diagnostic_only_not_theorem_gate,4a09b46da042bd99120c3c23c0cc81b0e6b3f33dd2de64fa567151fb2cf15c72,2f4b8aa5a0edfdafeadf5c67ac561b97ec266443615d65a715c735eac6203ef6,169421e73b25e00e379d0a24e476d5f26da19186f48a179e3a8bf83ce889b3b8
alpha^9,4.957825906446392,0.02147585311280819,-0.00304982053490577,1.0466594231185705e-14,diagnostic_only_not_theorem_gate,4a09b46da042bd99120c3c23c0cc81b0e6b3f33dd2de64fa567151fb2cf15c72,2f4b8aa5a0edfdafeadf5c67ac561b97ec266443615d65a715c735eac6203ef6,169421e73b25e00e379d0a24e476d5f26da19186f48a179e3a8bf83ce889b3b8
alpha^9,5.006913291658733,0.021624580514054248,-0.003008662119889858,1.0349929794637101e-14,diagnostic_only_not_theorem_gate,4a09b46da042bd99120c3c23c0cc81b0e6b3f33dd2de64fa567151fb2cf15c72,2f4b8aa5a0edfdafeadf5c67ac561b97ec266443615d65a715c735eac6203ef6,169421e73b25e00e379d0a24e476d5f26da19186f48a179e3a8bf83ce889b3b8
alpha^9,5.056000676871073,0.021771109218928178,-0.002960255574299454,1.0215046592268075e-14,diagnostic_only_not_theorem_gate,4a09b46da042bd99120c3c23c0cc81b0e6b3f33dd2de64fa567151fb2cf15c72,2f4b8aa5a0edfdafeadf5c67ac561b97ec266443615d65a715c735eac6203ef6,169421e73b25e00e379d0a24e476d5f26da19186f48a179e3a8bf83ce889b3b8
alpha^9,5.105088062083414,0.02191508622694555,-0.0029047175137427964,1.0063087605636403e-14,diagnostic_only_not_theorem_gate,4a09b46da042bd99120c3c23c0cc81b0e6b3f33dd2de64fa567151fb2cf15c72,2f4b8aa5a0edfdafeadf5c67ac561b97ec266443615d65a715c735eac6203ef6,169421e73b25e00e379d0a24e476d5f26da19186f48a179e3a8bf83ce889b3b8
alpha^9,5.154175447295755,0.02205616468488314,-0.002842181734272328,9.895098063676748e-15,diagnostic_only_not_theorem_gate,4a09b46da042bd99120c3c23c0cc81b0e6b3f33dd2de64fa567151fb2cf15c72,2f4b8aa5a0edfdafeadf5c67ac561b97ec266443615d65a715c735eac6203ef6,169421e73b25e00e379d0a24e476d5f26da19186f48a179e3a8bf83ce889b3b8
alpha^9,5.203262832508095,0.022194004722378768,-0.002772798890058279,9.711891133484319e-15,diagnostic_only_not_theorem_gate,4a09b46da042bd99120c3c23c0cc81b0e6b3f33dd2de64fa567151fb2cf15c72,2f4b8aa5a0edfdafeadf5c67ac561b97ec266443615d65a715c735eac6203ef6,169421e73b25e00e379d0a24e476d5f26da19186f48a179e3a8bf83ce889b3b8
alpha^9,5.252350217720435,0.02232827427070875,-0.002696736130449581,9.51618623863207e-15,diagnostic_only_not_theorem_gate,4a09b46da042bd99120c3c23c0cc81b0e6b3f33dd2de64fa567151fb2cf15c72,2f4b8aa5a0edfdafeadf5c67ac561b97ec266443615d65a715c735eac6203ef6,169421e73b25e00e379d0a24e476d5f26da19186f48a179e3a8bf83ce889b3b8
alpha^9,5.301437602932776,0.02245864986277053,-0.0026141766972964425,9.308460466898601e-15,diagnostic_only_not_theorem_gate,4a09b46da042bd99120c3c23c0cc81b0e6b3f33dd2de64fa567151fb2cf15c72,2f4b8aa5a0edfdafeadf5c67ac561b97ec266443615d65a715c735eac6203ef6,169421e73b25e00e379d0a24e476d5f26da19186f48a179e3a8bf83ce889b3b8
alpha^9,5.350524988145116,0.02258481741234328,-0.002525319483504681,9.09024146159702e-15,diagnostic_only_not_theorem_gate,4a09b46da042bd99120c3c23c0cc81b0e6b3f33dd2de64fa567151fb2cf15c72,2f4b8aa5a0edfdafeadf5c67ac561b97ec266443615d65a715c735eac6203ef6,169421e73b25e00e379d0a24e476d5f26da19186f48a179e3a8bf83ce889b3b8
alpha^9,5.399612373357457,0.022706472970749115,-0.0024303785538852926,8.863610030820738e-15,diagnostic_only_not_theorem_gate,4a09b46da042bd99120c3c23c0cc81b0e6b3f33dd2de64fa567151fb2cf15c72,2f4b8aa5a0edfdafeadf5c67ac561b97ec266443615d65a715c735eac6203ef6,169421e73b25e00e379d0a24e476d5f26da19186f48a179e3a8bf83ce889b3b8
alpha^9,5.448699758569798,0.022823323459092052,-0.0023295826294535762,8.630232092782227e-15,diagnostic_only_not_theorem_gate,4a09b46da042bd99120c3c23c0cc81b0e6b3f33dd2de64fa567151fb2cf15c72,2f4b8aa5a0edfdafeadf5c67ac561b97ec266443615d65a715c735eac6203ef6,169421e73b25e00e379d0a24e476d5f26da19186f48a179e3a8bf83ce889b3b8
alpha^9,5.497787143782138,0.02293508737431079,-0.002223174536420167,8.39267387853364e-15,diagnostic_only_not_theorem_gate,4a09b46da042bd99120c3c23c0cc81b0e6b3f33dd2de64fa567151fb2cf15c72,2f4b8aa5a0edfdafeadf5c67ac561b97ec266443615d65a715c735eac6203ef6,169421e73b25e00e379d0a24e476d5f26da19186f48a179e3a8bf83ce889b3b8
alpha^9,5.546874528994478,0.0230414954673442,-0.0021114106212014303,8.152547570567405e-15,diagnostic_only_not_theorem_gate,4a09b46da042bd99120c3c23c0cc81b0e6b3f33dd2de64fa567151fb2cf15c72,2f4b8aa5a0edfdafeadf5c67ac561b97ec266443615d65a715c735eac6203ef6,169421e73b25e00e379d0a24e476d5f26da19186f48a179e3a8bf83ce889b3b8
alpha^9,5.595961914206819,0.023142291391775916,-0.0019945601328584914,7.912130687946467e-15,diagnostic_only_not_theorem_gate,4a09b46da042bd99120c3c23c0cc81b0e6b3f33dd2de64fa567151fb2cf15c72,2f4b8aa5a0edfdafeadf5c67ac561b97ec266443615d65a715c735eac6203ef6,169421e73b25e00e379d0a24e476d5f26da19186f48a179e3a8bf83ce889b3b8
alpha^9,5.64504929941916,0.023237232321395303,-0.0018729045744526598,7.673683389952077e-15,diagnostic_only_not_theorem_gate,4a09b46da042bd99120c3c23c0cc81b0e6b3f33dd2de64fa567151fb2cf15c72,2f4b8aa5a0edfdafeadf5c67ac561b97ec266443615d65a715c735eac6203ef6,169421e73b25e00e379d0a24e476d5f26da19186f48a179e3a8bf83ce889b3b8
alpha^9,5.6941366846315,0.023326089535187066,-0.0017467370248799078,7.438252576997509e-15,diagnostic_only_not_theorem_gate,4a09b46da042bd99120c3c23c0cc81b0e6b3f33dd2de64fa567151fb2cf15c72,2f4b8aa5a0edfdafeadf5c67ac561b97ec266443615d65a715c735eac6203ef6,169421e73b25e00e379d0a24e476d5f26da19186f48a179e3a8bf83ce889b3b8
alpha^9,5.743224069843841,0.023408648968340204,-0.0016163614328181266,7.2093692373466e-15,diagnostic_only_not_theorem_gate,4a09b46da042bd99120c3c23c0cc81b0e6b3f33dd2de64fa567151fb2cf15c72,2f4b8aa5a0edfdafeadf5c67ac561b97ec266443615d65a715c735eac6203ef6,169421e73b25e00e379d0a24e476d5f26da19186f48a179e3a8bf83ce889b3b8
alpha^9,5.792311455056181,0.0234847117279489,-0.0014820918844881458,6.990268129152741e-15,diagnostic_only_not_theorem_gate,4a09b46da042bd99120c3c23c0cc81b0e6b3f33dd2de64fa567151fb2cf15c72,2f4b8aa5a0edfdafeadf5c67ac561b97ec266443615d65a715c735eac6203ef6,169421e73b25e00e379d0a24e476d5f26da19186f48a179e3a8bf83ce889b3b8
alpha^9,5.841398840268521,0.02355409457216295,-0.001344251846992516,6.779675698234155e-15,diagnostic_only_not_theorem_gate,4a09b46da042bd99120c3c23c0cc81b0e6b3f33dd2de64fa567151fb2cf15c72,2f4b8aa5a0edfdafeadf5c67ac561b97ec266443615d65a715c735eac6203ef6,169421e73b25e00e379d0a24e476d5f26da19186f48a179e3a8bf83ce889b3b8
alpha^9,5.890486225480862,0.02361663035163342,-0.0012031733890549255,6.583944188811006e-15,diagnostic_only_not_theorem_gate,4a09b46da042bd99120c3c23c0cc81b0e6b3f33dd2de64fa567151fb2cf15c72,2f4b8aa5a0edfdafeadf5c67ac561b97ec266443615d65a715c735eac6203ef6,169421e73b25e00e379d0a24e476d5f26da19186f48a179e3a8bf83ce889b3b8
alpha^9,5.939573610693203,0.023672168412190078,-0.0010591963810375566,6.4038390105719476e-15,diagnostic_only_not_theorem_gate,4a09b46da042bd99120c3c23c0cc81b0e6b3f33dd2de64fa567151fb2cf15c72,2f4b8aa5a0edfdafeadf5c67ac561b97ec266443615d65a715c735eac6203ef6,169421e73b25e00e379d0a24e476d5f26da19186f48a179e3a8bf83ce889b3b8
alpha^9,5.988660995905543,0.02372057495778048,-0.0009126676761636251,6.24248496882316e-15,diagnostic_only_not_theorem_gate,4a09b46da042bd99120c3c23c0cc81b0e6b3f33dd2de64fa567151fb2cf15c72,2f4b8aa5a0edfdafeadf5c67ac561b97ec266443615d65a715c735eac6203ef6,169421e73b25e00e379d0a24e476d5f26da19186f48a179e3a8bf83ce889b3b8
alpha^9,6.037748381117884,0.023761733372796395,-0.0007639402749175684,6.098851954221211e-15,diagnostic_only_not_theorem_gate,4a09b46da042bd99120c3c23c0cc81b0e6b3f33dd2de64fa567151fb2cf15c72,2f4b8aa5a0edfdafeadf5c67ac561b97ec266443615d65a715c735eac6203ef6,169421e73b25e00e379d0a24e476d5f26da19186f48a179e3a8bf83ce889b3b8
alpha^9,6.086835766330224,0.02379554450301099,-0.0006133724746359699,5.979833037525483e-15,diagnostic_only_not_theorem_gate,4a09b46da042bd99120c3c23c0cc81b0e6b3f33dd2de64fa567151fb2cf15c72,2f4b8aa5a0edfdafeadf5c67ac561b97ec266443615d65a715c735eac6203ef6,169421e73b25e00e379d0a24e476d5f26da19186f48a179e3a8bf83ce889b3b8
alpha^9,6.135923151542564,0.023821926894450073,-0.00046132700633788994,5.8858833565786395e-15,diagnostic_only_not_theorem_gate,4a09b46da042bd99120c3c23c0cc81b0e6b3f33dd2de64fa567151fb2cf15c72,2f4b8aa5a0edfdafeadf5c67ac561b97ec266443615d65a715c735eac6203ef6,169421e73b25e00e379d0a24e476d5f26da19186f48a179e3a8bf83ce889b3b8
alpha^9,6.1850105367549055,0.02384081698962185,-0.0003081701608740656,5.816001358105113e-15,diagnostic_only_not_theorem_gate,4a09b46da042bd99120c3c23c0cc81b0e6b3f33dd2de64fa567151fb2cf15c72,2f4b8aa5a0edfdafeadf5c67ac561b97ec266443615d65a715c735eac6203ef6,169421e73b25e00e379d0a24e476d5f26da19186f48a179e3a8bf83ce889b3b8
alpha^9,6.234097921967246,0.023852169280632468,-0.00015427090650018045,5.774688749777646e-15,diagnostic_only_not_theorem_gate,4a09b46da042bd99120c3c23c0cc81b0e6b3f33dd2de64fa567151fb2cf15c72,2f4b8aa5a0edfdafeadf5c67ac561b97ec266443615d65a715c735eac6203ef6,169421e73b25e00e379d0a24e476d5f26da19186f48a179e3a8bf83ce889b3b8
alpha^10,0.0,0.015818723429897426,0.0,4.4291763966394705e-15,diagnostic_only_not_theorem_gate,4a09b46da042bd99120c3c23c0cc81b0e6b3f33dd2de64fa567151fb2cf15c72,2f4b8aa5a0edfdafeadf5c67ac561b97ec266443615d65a715c735eac6203ef6,169421e73b25e00e379d0a24e476d5f26da19186f48a179e3a8bf83ce889b3b8
alpha^10,0.04908738521234052,0.01581588554870498,0.00011560246354583824,4.4295799371987814e-15,diagnostic_only_not_theorem_gate,4a09b46da042bd99120c3c23c0cc81b0e6b3f33dd2de64fa567151fb2cf15c72,2f4b8aa5a0edfdafeadf5c67ac561b97ec266443615d65a715c735eac6203ef6,169421e73b25e00e379d0a24e476d5f26da19186f48a179e3a8bf83ce889b3b8
alpha^10,0.09817477042468103,0.015807378741831996,0.00023092643063141462,4.432712125948929e-15,diagnostic_only_not_theorem_gate,4a09b46da042bd99120c3c23c0cc81b0e6b3f33dd2de64fa567151fb2cf15c72,2f4b8aa5a0edfdafeadf5c67ac561b97ec266443615d65a715c735eac6203ef6,169421e73b25e00e379d0a24e476d5f26da19186f48a179e3a8bf83ce889b3b8
alpha^10,0.14726215563702155,0.015793223502921346,0.00034569407571883345,4.4351963346475115e-15,diagnostic_only_not_theorem_gate,4a09b46da042bd99120c3c23c0cc81b0e6b3f33dd2de64fa567151fb2cf15c72,2f4b8aa5a0edfdafeadf5c67ac561b97ec266443615d65a715c735eac6203ef6,169421e73b25e00e379d0a24e476d5f26da19186f48a179e3a8bf83ce889b3b8
alpha^10,0.19634954084936207,0.01577345393318342,0.0004596289134986207,4.440049590377781e-15,diagnostic_only_not_theorem_gate,4a09b46da042bd99120c3c23c0cc81b0e6b3f33dd2de64fa567151fb2cf15c72,2f4b8aa5a0edfdafeadf5c67ac561b97ec266443615d65a715c735eac6203ef6,169421e73b25e00e379d0a24e476d5f26da19186f48a179e3a8bf83ce889b3b8
alpha^10,0.2454369260617026,0.015748117659243315,0.0005724564649670518,4.445480320408635e-15,diagnostic_only_not_theorem_gate,4a09b46da042bd99120c3c23c0cc81b0e6b3f33dd2de64fa567151fb2cf15c72,2f4b8aa5a0edfdafeadf5c67ac561b97ec266443615d65a715c735eac6203ef6,169421e73b25e00e379d0a24e476d5f26da19186f48a179e3a8bf83ce889b3b8
alpha^10,0.2945243112740431,0.015717275718404162,0.0006839049186701128,4.450748134600903e-15,diagnostic_only_not_theorem_gate,4a09b46da042bd99120c3c23c0cc81b0e6b3f33dd2de64fa567151fb2cf15c72,2f4b8aa5a0edfdafeadf5c67ac561b97ec266443615d65a715c735eac6203ef6,169421e73b25e00e379d0a24e476d5f26da19186f48a179e3a8bf83ce889b3b8
alpha^10,0.3436116964863836,0.01568100241160287,0.0007937057855211016,4.4578441449473616e-15,diagnostic_only_not_theorem_gate,4a09b46da042bd99120c3c23c0cc81b0e6b3f33dd2de64fa567151fb2cf15c72,2f4b8aa5a0edfdafeadf5c67ac561b97ec266443615d65a715c735eac6203ef6,169421e73b25e00e379d0a24e476d5f26da19186f48a179e3a8bf83ce889b3b8
alpha^10,0.39269908169872414,0.015639385124412687,0.0009015945456143539,4.463939088437768e-15,diagnostic_only_not_theorem_gate,4a09b46da042bd99120c3c23c0cc81b0e6b3f33dd2de64fa567151fb2cf15c72,2f4b8aa5a0edfdafeadf5c67ac561b97ec266443615d65a715c735eac6203ef6,169421e73b25e00e379d0a24e476d5f26da19186f48a179e3a8bf83ce889b3b8
alpha^10,0.44178646691106466,0.015592524116523704,0.0010073112854768658,4.470626372540394e-15,diagnostic_only_not_theorem_gate,4a09b46da042bd99120c3c23c0cc81b0e6b3f33dd2de64fa567151fb2cf15c72,2f4b8aa5a0edfdafeadf5c67ac561b97ec266443615d65a715c735eac6203ef6,169421e73b25e00e379d0a24e476d5f26da19186f48a179e3a8bf83ce889b3b8
alpha^10,0.4908738521234052,0.015540532280208463,0.0011106013242226157,4.475961155658643e-15,diagnostic_only_not_theorem_gate,4a09b46da042bd99120c3c23c0cc81b0e6b3f33dd2de64fa567151fb2cf15c72,2f4b8aa5a0edfdafeadf5c67ac561b97ec266443615d65a715c735eac6203ef6,169421e73b25e00e379d0a24e476d5f26da19186f48a179e3a8bf83ce889b3b8
alpha^10,0.5399612373357456,0.015483534868354597,0.0012112158271011262,4.4805274957818084e-15,diagnostic_only_not_theorem_gate,4a09b46da042bd99120c3c23c0cc81b0e6b3f33dd2de64fa567151fb2cf15c72,2f4b8aa5a0edfdafeadf5c67ac561b97ec266443615d65a715c735eac6203ef6,169421e73b25e00e379d0a24e476d5f26da19186f48a179e3a8bf83ce889b3b8
alpha^10,0.5890486225480862,0.01542166919271964,0.0013089124049621736,4.484444346739002e-15,diagnostic_only_not_theorem_gate,4a09b46da042bd99120c3c23c0cc81b0e6b3f33dd2de64fa567151fb2cf15c72,2f4b8aa5a0edfdafeadf5c67ac561b97ec266443615d65a715c735eac6203ef6,169421e73b25e00e379d0a24e476d5f26da19186f48a179e3a8bf83ce889b3b8
alpha^10,0.6381360077604268,0.015355084293134993,0.001403455698192481,4.48596046170749e-15,diagnostic_only_not_theorem_gate,4a09b46da042bd99120c3c23c0cc81b0e6b3f33dd2de64fa567151fb2cf15c72,2f4b8aa5a0edfdafeadf5c67ac561b97ec266443615d65a715c735eac6203ef6,169421e73b25e00e379d0a24e476d5f26da19186f48a179e3a8bf83ce889b3b8
alpha^10,0.6872233929727672,0.015283940578455904,0.0014946179437176415,4.486960664139718e-15,diagnostic_only_not_theorem_gate,4a09b46da042bd99120c3c23c0cc81b0e6b3f33dd2de64fa567151fb2cf15c72,2f4b8aa5a0edfdafeadf5c67ac561b97ec266443615d65a715c735eac6203ef6,169421e73b25e00e379d0a24e476d5f26da19186f48a179e3a8bf83ce889b3b8
alpha^10,0.7363107781851077,0.015208409440122488,0.001582179523703316,4.483635306202594e-15,diagnostic_only_not_theorem_gate,4a09b46da042bd99120c3c23c0cc81b0e6b3f33dd2de64fa567151fb2cf15c72,2f4b8aa5a0edfdafeadf5c67ac561b97ec266443615d65a715c735eac6203ef6,169421e73b25e00e379d0a24e476d5f26da19186f48a179e3a8bf83ce889b3b8
alpha^10,0.7853981633974483,0.015128672839262737,0.0016659294946338304,4.478224043084962e-15,diagnostic_only_not_theorem_gate,4a09b46da042bd99120c3c23c0cc81b0e6b3f33dd2de64fa567151fb2cf15c72,2f4b8aa5a0edfdafeadf5c67ac561b97ec266443615d65a715c735eac6203ef6,169421e73b25e00e379d0a24e476d5f26da19186f48a179e3a8bf83ce889b3b8
alpha^10,0.8344855486097889,0.015044922868332223,0.001745666095493582,4.469486022418089e-15,diagnostic_only_not_theorem_gate,4a09b46da042bd99120c3c23c0cc81b0e6b3f33dd2de64fa567151fb2cf15c72,2f4b8aa5a0edfdafeadf5c67ac561b97ec266443615d65a715c735eac6203ef6,169421e73b25e00e379d0a24e476d5f26da19186f48a179e3a8bf83ce889b3b8
alpha^10,0.8835729338221293,0.014957361288346547,0.001821197233826998,4.456824920336749e-15,diagnostic_only_not_theorem_gate,4a09b46da042bd99120c3c23c0cc81b0e6b3f33dd2de64fa567151fb2cf15c72,2f4b8aa5a0edfdafeadf5c67ac561b97ec266443615d65a715c735eac6203ef6,169421e73b25e00e379d0a24e476d5f26da19186f48a179e3a8bf83ce889b3b8
alpha^10,0.9326603190344698,0.014866199042821387,0.0018923409485060866,4.440559130341509e-15,diagnostic_only_not_theorem_gate,4a09b46da042bd99120c3c23c0cc81b0e6b3f33dd2de64fa567151fb2cf15c72,2f4b8aa5a0edfdafeadf5c67ac561b97ec266443615d65a715c735eac6203ef6,169421e73b25e00e379d0a24e476d5f26da19186f48a179e3a8bf83ce889b3b8
alpha^10,0.9817477042468103,0.01477165574959108,0.0019589258480907333,4.419051620982217e-15,diagnostic_only_not_theorem_gate,4a09b46da042bd99120c3c23c0cc81b0e6b3f33dd2de64fa567151fb2cf15c72,2f4b8aa5a0edfdafeadf5c67ac561b97ec266443615d65a715c735eac6203ef6,169421e73b25e00e379d0a24e476d5f26da19186f48a179e3a8bf83ce889b3b8
alpha^10,1.030835089459151,0.014673959171730033,0.0020207915237256896,4.3938024614495896e-15,diagnostic_only_not_theorem_gate,4a09b46da042bd99120c3c23c0cc81b0e6b3f33dd2de64fa567151fb2cf15c72,2f4b8aa5a0edfdafeadf5c67ac561b97ec266443615d65a715c735eac6203ef6,169421e73b25e00e379d0a24e476d5f26da19186f48a179e3a8bf83ce889b3b8
alpha^10,1.0799224746714913,0.014573344668851523,0.0020777889355795575,4.3637704870517075e-15,diagnostic_only_not_theorem_gate,4a09b46da042bd99120c3c23c0cc81b0e6b3f33dd2de64fa567151fb2cf15c72,2f4b8aa5a0edfdafeadf5c67ac561b97ec266443615d65a715c735eac6203ef6,169421e73b25e00e379d0a24e476d5f26da19186f48a179e3a8bf83ce889b3b8
alpha^10,1.1290098598838318,0.014470054630105773,0.0021297807718947985,4.3279840151971535e-15,diagnostic_only_not_theorem_gate,4a09b46da042bd99120c3c23c0cc81b0e6b3f33dd2de64fa567151fb2cf15c72,2f4b8aa5a0edfdafeadf5c67ac561b97ec266443615d65a715c735eac6203ef6,169421e73b25e00e379d0a24e476d5f26da19186f48a179e3a8bf83ce889b3b8
alpha^10,1.1780972450961724,0.01436433789024326,0.002176641779783781,4.287073750658556e-15,diagnostic_only_not_theorem_gate,4a09b46da042bd99120c3c23c0cc81b0e6b3f33dd2de64fa567151fb2cf15c72,2f4b8aa5a0edfdafeadf5c67ac561b97ec266443615d65a715c735eac6203ef6,169421e73b25e00e379d0a24e476d5f26da19186f48a179e3a8bf83ce889b3b8
alpha^10,1.227184630308513,0.014256449130150008,0.0022182590669739617,4.2402303168475476e-15,diagnostic_only_not_theorem_gate,4a09b46da042bd99120c3c23c0cc81b0e6b3f33dd2de64fa567151fb2cf15c72,2f4b8aa5a0edfdafeadf5c67ac561b97ec266443615d65a715c735eac6203ef6,169421e73b25e00e379d0a24e476d5f26da19186f48a179e3a8bf83ce889b3b8
alpha^10,1.2762720155208536,0.01414664826329902,0.002254532373775255,4.188572471747978e-15,diagnostic_only_not_theorem_gate,4a09b46da042bd99120c3c23c0cc81b0e6b3f33dd2de64fa567151fb2cf15c72,2f4b8aa5a0edfdafeadf5c67ac561b97ec266443615d65a715c735eac6203ef6,169421e73b25e00e379d0a24e476d5f26da19186f48a179e3a8bf83ce889b3b8
alpha^10,1.325359400733194,0.014035199809595958,0.0022853743146144102,4.130304910744469e-15,diagnostic_only_not_theorem_gate,4a09b46da042bd99120c3c23c0cc81b0e6b3f33dd2de64fa567151fb2cf15c72,2f4b8aa5a0edfdafeadf5c67ac561b97ec266443615d65a715c735eac6203ef6,169421e73b25e00e379d0a24e476d5f26da19186f48a179e3a8bf83ce889b3b8
alpha^10,1.3744467859455345,0.013922372258127527,0.0023107105885545117,4.0666623942562604e-15,diagnostic_only_not_theorem_gate,4a09b46da042bd99120c3c23c0cc81b0e6b3f33dd2de64fa567151fb2cf15c72,2f4b8aa5a0edfdafeadf5c67ac561b97ec266443615d65a715c735eac6203ef6,169421e73b25e00e379d0a24e476d5f26da19186f48a179e3a8bf83ce889b3b8
alpha^10,1.423534171157875,0.013808437420347739,0.002330480158292441,3.996822488633994e-15,diagnostic_only_not_theorem_gate,4a09b46da042bd99120c3c23c0cc81b0e6b3f33dd2de64fa567151fb2cf15c72,2f4b8aa5a0edfdafeadf5c67ac561b97ec266443615d65a715c735eac6203ef6,169421e73b25e00e379d0a24e476d5f26da19186f48a179e3a8bf83ce889b3b8
alpha^10,1.4726215563702154,0.013693669775260322,0.0023446353972030906,3.9219728974914274e-15,diagnostic_only_not_theorem_gate,4a09b46da042bd99120c3c23c0cc81b0e6b3f33dd2de64fa567151fb2cf15c72,2f4b8aa5a0edfdafeadf5c67ac561b97ec266443615d65a715c735eac6203ef6,169421e73b25e00e379d0a24e476d5f26da19186f48a179e3a8bf83ce889b3b8
alpha^10,1.521708941582556,0.013578345808174744,0.002353142204076072,3.841514648925714e-15,diagnostic_only_not_theorem_gate,4a09b46da042bd99120c3c23c0cc81b0e6b3f33dd2de64fa567151fb2cf15c72,2f4b8aa5a0edfdafeadf5c67ac561b97ec266443615d65a715c735eac6203ef6,169421e73b25e00e379d0a24e476d5f26da19186f48a179e3a8bf83ce889b3b8
alpha^10,1.5707963267948966,0.013462743344628906,0.0023559800852685194,3.7560357655058004e-15,diagnostic_only_not_theorem_gate,4a09b46da042bd99120c3c23c0cc81b0e6b3f33dd2de64fa567151fb2cf15c72,2f4b8aa5a0edfdafeadf5c67ac561b97ec266443615d65a715c735eac6203ef6,169421e73b25e00e379d0a24e476d5f26da19186f48a179e3a8bf83ce889b3b8
alpha^10,1.6198837120072371,0.013347140881083068,0.002353142204076072,3.66575767822754e-15,diagnostic_only_not_theorem_gate,4a09b46da042bd99120c3c23c0cc81b0e6b3f33dd2de64fa567151fb2cf15c72,2f4b8aa5a0edfdafeadf5c67ac561b97ec266443615d65a715c735eac6203ef6,169421e73b25e00e379d0a24e476d5f26da19186f48a179e3a8bf83ce889b3b8
alpha^10,1.6689710972195777,0.013231816913997491,0.0023446353972030906,3.570145397561329e-15,diagnostic_only_not_theorem_gate,4a09b46da042bd99120c3c23c0cc81b0e6b3f33dd2de64fa567151fb2cf15c72,2f4b8aa5a0edfdafeadf5c67ac561b97ec266443615d65a715c735eac6203ef6,169421e73b25e00e379d0a24e476d5f26da19186f48a179e3a8bf83ce889b3b8
alpha^10,1.718058482431918,0.013117049268910073,0.002330480158292441,3.4715617864027896e-15,diagnostic_only_not_theorem_gate,4a09b46da042bd99120c3c23c0cc81b0e6b3f33dd2de64fa567151fb2cf15c72,2f4b8aa5a0edfdafeadf5c67ac561b97ec266443615d65a715c735eac6203ef6,169421e73b25e00e379d0a24e476d5f26da19186f48a179e3a8bf83ce889b3b8
alpha^10,1.7671458676442586,0.013003114431130286,0.0023107105885545117,3.3690415196431656e-15,diagnostic_only_not_theorem_gate,4a09b46da042bd99120c3c23c0cc81b0e6b3f33dd2de64fa567151fb2cf15c72,2f4b8aa5a0edfdafeadf5c67ac561b97ec266443615d65a715c735eac6203ef6,169421e73b25e00e379d0a24e476d5f26da19186f48a179e3a8bf83ce889b3b8
alpha^10,1.8162332528565992,0.012890286879661855,0.0022853743146144102,3.2625430000914276e-15,diagnostic_only_not_theorem_gate,4a09b46da042bd99120c3c23c0cc81b0e6b3f33dd2de64fa567151fb2cf15c72,2f4b8aa5a0edfdafeadf5c67ac561b97ec266443615d65a715c735eac6203ef6,169421e73b25e00e379d0a24e476d5f26da19186f48a179e3a8bf83ce889b3b8
alpha^10,1.8653206380689396,0.012778838425958793,0.002254532373775255,3.1538871959293264e-15,diagnostic_only_not_theorem_gate,4a09b46da042bd99120c3c23c0cc81b0e6b3f33dd2de64fa567151fb2cf15c72,2f4b8aa5a0edfdafeadf5c67ac561b97ec266443615d65a715c735eac6203ef6,169421e73b25e00e379d0a24e476d5f26da19186f48a179e3a8bf83ce889b3b8
alpha^10,1.9144080232812801,0.012669037559107805,0.0022182590669739617,3.0435734356949376e-15,diagnostic_only_not_theorem_gate,4a09b46da042bd99120c3c23c0cc81b0e6b3f33dd2de64fa567151fb2cf15c72,2f4b8aa5a0edfdafeadf5c67ac561b97ec266443615d65a715c735eac6203ef6,169421e73b25e00e379d0a24e476d5f26da19186f48a179e3a8bf83ce889b3b8
alpha^10,1.9634954084936207,0.012561148799014552,0.002176641779783781,2.9313808851080504e-15,diagnostic_only_not_theorem_gate,4a09b46da042bd99120c3c23c0cc81b0e6b3f33dd2de64fa567151fb2cf15c72,2f4b8aa5a0edfdafeadf5c67ac561b97ec266443615d65a715c735eac6203ef6,169421e73b25e00e379d0a24e476d5f26da19186f48a179e3a8bf83ce889b3b8
alpha^10,2.012582793705961,0.012455432059152042,0.002129780771894799,2.8185816563283647e-15,diagnostic_only_not_theorem_gate,4a09b46da042bd99120c3c23c0cc81b0e6b3f33dd2de64fa567151fb2cf15c72,2f4b8aa5a0edfdafeadf5c67ac561b97ec266443615d65a715c735eac6203ef6,169421e73b25e00e379d0a24e476d5f26da19186f48a179e3a8bf83ce889b3b8
alpha^10,2.061670178918302,0.012352142020406291,0.002077788935579558,2.704645670677566e-15,diagnostic_only_not_theorem_gate,4a09b46da042bd99120c3c23c0cc81b0e6b3f33dd2de64fa567151fb2cf15c72,2f4b8aa5a0edfdafeadf5c67ac561b97ec266443615d65a715c735eac6203ef6,169421e73b25e00e379d0a24e476d5f26da19186f48a179e3a8bf83ce889b3b8
alpha^10,2.110757564130642,0.01225152751752778,0.0020207915237256896,2.5926381125946923e-15,diagnostic_only_not_theorem_gate,4a09b46da042bd99120c3c23c0cc81b0e6b3f33dd2de64fa567151fb2cf15c72,2f4b8aa5a0edfdafeadf5c67ac561b97ec266443615d65a715c735eac6203ef6,169421e73b25e00e379d0a24e476d5f26da19186f48a179e3a8bf83ce889b3b8
alpha^10,2.1598449493429825,0.012153830939666734,0.0019589258480907337,2.4799574896145825e-15,diagnostic_only_not_theorem_gate,4a09b46da042bd99120c3c23c0cc81b0e6b3f33dd2de64fa567151fb2cf15c72,2f4b8aa5a0edfdafeadf5c67ac561b97ec266443615d65a715c735eac6203ef6,169421e73b25e00e379d0a24e476d5f26da19186f48a179e3a8bf83ce889b3b8
alpha^10,2.2089323345553233,0.012059287646436425,0.0018923409485060868,2.369840760328918e-15,diagnostic_only_not_theorem_gate,4a09b46da042bd99120c3c23c0cc81b0e6b3f33dd2de64fa567151fb2cf15c72,2f4b8aa5a0edfdafeadf5c67ac561b97ec266443615d65a715c735eac6203ef6,169421e73b25e00e379d0a24e476d5f26da19186f48a179e3a8bf83ce889b3b8
alpha^10,2.2580197197676637,0.011968125400911266,0.0018211972338269982,2.2619608598862565e-15,diagnostic_only_not_theorem_gate,4a09b46da042bd99120c3c23c0cc81b0e6b3f33dd2de64fa567151fb2cf15c72,2f4b8aa5a0edfdafeadf5c67ac561b97ec266443615d65a715c735eac6203ef6,169421e73b25e00e379d0a24e476d5f26da19186f48a179e3a8bf83ce889b3b8
alpha^10,2.3071071049800045,0.01188056382092559,0.0017456660954935817,2.156761109509646e-15,diagnostic_only_not_theorem_gate,4a09b46da042bd99120c3c23c0cc81b0e6b3f33dd2de64fa567151fb2cf15c72,2f4b8aa5a0edfdafeadf5c67ac561b97ec266443615d65a715c735eac6203ef6,169421e73b25e00e379d0a24e476d5f26da19186f48a179e3a8bf83ce889b3b8
alpha^10,2.356194490192345,0.011796813849995076,0.0016659294946338307,2.0548541106623827e-15,diagnostic_only_not_theorem_gate,4a09b46da042bd99120c3c23c0cc81b0e6b3f33dd2de64fa567151fb2cf15c72,2f4b8aa5a0edfdafeadf5c67ac561b97ec266443615d65a715c735eac6203ef6,169421e73b25e00e379d0a24e476d5f26da19186f48a179e3a8bf83ce889b3b8
alpha^10,2.405281875404685,0.011717077249135325,0.0015821795237033166,1.9567188626374616e-15,diagnostic_only_not_theorem_gate,4a09b46da042bd99120c3c23c0cc81b0e6b3f33dd2de64fa567151fb2cf15c72,2f4b8aa5a0edfdafeadf5c67ac561b97ec266443615d65a715c735eac6203ef6,169421e73b25e00e379d0a24e476d5f26da19186f48a179e3a8bf83ce889b3b8
alpha^10,2.454369260617026,0.011641546110801908,0.0014946179437176415,1.8631416852523505e-15,diagnostic_only_not_theorem_gate,4a09b46da042bd99120c3c23c0cc81b0e6b3f33dd2de64fa567151fb2cf15c72,2f4b8aa5a0edfdafeadf5c67ac561b97ec266443615d65a715c735eac6203ef6,169421e73b25e00e379d0a24e476d5f26da19186f48a179e3a8bf83ce889b3b8
alpha^10,2.5034566458293663,0.011570402396122819,0.0014034556981924811,1.7740123897205628e-15,diagnostic_only_not_theorem_gate,4a09b46da042bd99120c3c23c0cc81b0e6b3f33dd2de64fa567151fb2cf15c72,2f4b8aa5a0edfdafeadf5c67ac561b97ec266443615d65a715c735eac6203ef6,169421e73b25e00e379d0a24e476d5f26da19186f48a179e3a8bf83ce889b3b8
alpha^10,2.552544031041707,0.011503817496538173,0.0013089124049621736,1.6894381049103511e-15,diagnostic_only_not_theorem_gate,4a09b46da042bd99120c3c23c0cc81b0e6b3f33dd2de64fa567151fb2cf15c72,2f4b8aa5a0edfdafeadf5c67ac561b97ec266443615d65a715c735eac6203ef6,169421e73b25e00e379d0a24e476d5f26da19186f48a179e3a8bf83ce889b3b8
alpha^10,2.6016314162540475,0.011441951820903216,0.0012112158271011264,1.6114405471213784e-15,diagnostic_only_not_theorem_gate,4a09b46da042bd99120c3c23c0cc81b0e6b3f33dd2de64fa567151fb2cf15c72,2f4b8aa5a0edfdafeadf5c67ac561b97ec266443615d65a715c735eac6203ef6,169421e73b25e00e379d0a24e476d5f26da19186f48a179e3a8bf83ce889b3b8
alpha^10,2.650718801466388,0.01138495440904935,0.0011106013242226163,1.538370804642027e-15,diagnostic_only_not_theorem_gate,4a09b46da042bd99120c3c23c0cc81b0e6b3f33dd2de64fa567151fb2cf15c72,2f4b8aa5a0edfdafeadf5c67ac561b97ec266443615d65a715c735eac6203ef6,169421e73b25e00e379d0a24e476d5f26da19186f48a179e3a8bf83ce889b3b8
alpha^10,2.6998061866787286,0.011332962572734109,0.0010073112854768656,1.4716699340499012e-15,diagnostic_only_not_theorem_gate,4a09b46da042bd99120c3c23c0cc81b0e6b3f33dd2de64fa567151fb2cf15c72,2f4b8aa5a0edfdafeadf5c67ac561b97ec266443615d65a715c735eac6203ef6,169421e73b25e00e379d0a24e476d5f26da19186f48a179e3a8bf83ce889b3b8
alpha^10,2.748893571891069,0.011286101564845125,0.0009015945456143542,1.4109242276156749e-15,diagnostic_only_not_theorem_gate,4a09b46da042bd99120c3c23c0cc81b0e6b3f33dd2de64fa567151fb2cf15c72,2f4b8aa5a0edfdafeadf5c67ac561b97ec266443615d65a715c735eac6203ef6,169421e73b25e00e379d0a24e476d5f26da19186f48a179e3a8bf83ce889b3b8
alpha^10,2.7979809571034093,0.011244484277654945,0.0007937057855211023,1.3567482101493153e-15,diagnostic_only_not_theorem_gate,4a09b46da042bd99120c3c23c0cc81b0e6b3f33dd2de64fa567151fb2cf15c72,2f4b8aa5a0edfdafeadf5c67ac561b97ec266443615d65a715c735eac6203ef6,169421e73b25e00e379d0a24e476d5f26da19186f48a179e3a8bf83ce889b3b8
alpha^10,2.84706834231575,0.01120821097085365,0.0006839049186701129,1.3095447312383108e-15,diagnostic_only_not_theorem_gate,4a09b46da042bd99120c3c23c0cc81b0e6b3f33dd2de64fa567151fb2cf15c72,2f4b8aa5a0edfdafeadf5c67ac561b97ec266443615d65a715c735eac6203ef6,169421e73b25e00e379d0a24e476d5f26da19186f48a179e3a8bf83ce889b3b8
alpha^10,2.8961557275280905,0.011177369030014496,0.0005724564649670522,1.2697202772853681e-15,diagnostic_only_not_theorem_gate,4a09b46da042bd99120c3c23c0cc81b0e6b3f33dd2de64fa567151fb2cf15c72,2f4b8aa5a0edfdafeadf5c67ac561b97ec266443615d65a715c735eac6203ef6,169421e73b25e00e379d0a24e476d5f26da19186f48a179e3a8bf83ce889b3b8
alpha^10,2.945243112740431,0.011152032756074395,0.0004596289134986216,1.2360010371365323e-15,diagnostic_only_not_theorem_gate,4a09b46da042bd99120c3c23c0cc81b0e6b3f33dd2de64fa567151fb2cf15c72,2f4b8aa5a0edfdafeadf5c67ac561b97ec266443615d65a715c735eac6203ef6,169421e73b25e00e379d0a24e476d5f26da19186f48a179e3a8bf83ce889b3b8
alpha^10,2.9943304979527716,0.011132263186336465,0.0003456940757188336,1.210351246762261e-15,diagnostic_only_not_theorem_gate,4a09b46da042bd99120c3c23c0cc81b0e6b3f33dd2de64fa567151fb2cf15c72,2f4b8aa5a0edfdafeadf5c67ac561b97ec266443615d65a715c735eac6203ef6,169421e73b25e00e379d0a24e476d5f26da19186f48a179e3a8bf83ce889b3b8
alpha^10,3.043417883165112,0.011118107947425815,0.00023092643063141513,1.1915451783598987e-15,diagnostic_only_not_theorem_gate,4a09b46da042bd99120c3c23c0cc81b0e6b3f33dd2de64fa567151fb2cf15c72,2f4b8aa5a0edfdafeadf5c67ac561b97ec266443615d65a715c735eac6203ef6,169421e73b25e00e379d0a24e476d5f26da19186f48a179e3a8bf83ce889b3b8
alpha^10,3.0925052683774528,0.011109601140552833,0.00011560246354583812,1.1802038178217375e-15,diagnostic_only_not_theorem_gate,4a09b46da042bd99120c3c23c0cc81b0e6b3f33dd2de64fa567151fb2cf15c72,2f4b8aa5a0edfdafeadf5c67ac561b97ec266443615d65a715c735eac6203ef6,169421e73b25e00e379d0a24e476d5f26da19186f48a179e3a8bf83ce889b3b8
alpha^10,3.141592653589793,0.011106763259360386,2.885243470279001e-19,1.1763896487853094e-15,diagnostic_only_not_theorem_gate,4a09b46da042bd99120c3c23c0cc81b0e6b3f33dd2de64fa567151fb2cf15c72,2f4b8aa5a0edfdafeadf5c67ac561b97ec266443615d65a715c735eac6203ef6,169421e73b25e00e379d0a24e476d5f26da19186f48a179e3a8bf83ce889b3b8
alpha^10,3.1906800388021335,0.011109601140552833,-0.00011560246354583755,1.1804322359188752e-15,diagnostic_only_not_theorem_gate,4a09b46da042bd99120c3c23c0cc81b0e6b3f33dd2de64fa567151fb2cf15c72,2f4b8aa5a0edfdafeadf5c67ac561b97ec266443615d65a715c735eac6203ef6,169421e73b25e00e379d0a24e476d5f26da19186f48a179e3a8bf83ce889b3b8
alpha^10,3.2397674240144743,0.011118107947425815,-0.0002309264306314146,1.1913437475043741e-15,diagnostic_only_not_theorem_gate,4a09b46da042bd99120c3c23c0cc81b0e6b3f33dd2de64fa567151fb2cf15c72,2f4b8aa5a0edfdafeadf5c67ac561b97ec266443615d65a715c735eac6203ef6,169421e73b25e00e379d0a24e476d5f26da19186f48a179e3a8bf83ce889b3b8
alpha^10,3.2888548092268146,0.011132263186336465,-0.0003456940757188331,1.2101866949332632e-15,diagnostic_only_not_theorem_gate,4a09b46da042bd99120c3c23c0cc81b0e6b3f33dd2de64fa567151fb2cf15c72,2f4b8aa5a0edfdafeadf5c67ac561b97ec266443615d65a715c735eac6203ef6,169421e73b25e00e379d0a24e476d5f26da19186f48a179e3a8bf83ce889b3b8
alpha^10,3.3379421944391554,0.011152032756074395,-0.000459628913498621,1.2362524114545377e-15,diagnostic_only_not_theorem_gate,4a09b46da042bd99120c3c23c0cc81b0e6b3f33dd2de64fa567151fb2cf15c72,2f4b8aa5a0edfdafeadf5c67ac561b97ec266443615d65a715c735eac6203ef6,169421e73b25e00e379d0a24e476d5f26da19186f48a179e3a8bf83ce889b3b8
alpha^10,3.3870295796514958,0.011177369030014496,-0.0005724564649670517,1.2695175756125793e-15,diagnostic_only_not_theorem_gate,4a09b46da042bd99120c3c23c0cc81b0e6b3f33dd2de64fa567151fb2cf15c72,2f4b8aa5a0edfdafeadf5c67ac561b97ec266443615d65a715c735eac6203ef6,169421e73b25e00e379d0a24e476d5f26da19186f48a179e3a8bf83ce889b3b8
alpha^10,3.436116964863836,0.01120821097085365,-0.0006839049186701122,1.3098307163897715e-15,diagnostic_only_not_theorem_gate,4a09b46da042bd99120c3c23c0cc81b0e6b3f33dd2de64fa567151fb2cf15c72,2f4b8aa5a0edfdafeadf5c67ac561b97ec266443615d65a715c735eac6203ef6,169421e73b25e00e379d0a24e476d5f26da19186f48a179e3a8bf83ce889b3b8
alpha^10,3.485204350076177,0.011244484277654945,-0.0007937057855211017,1.3572580474402468e-15,diagnostic_only_not_theorem_gate,4a09b46da042bd99120c3c23c0cc81b0e6b3f33dd2de64fa567151fb2cf15c72,2f4b8aa5a0edfdafeadf5c67ac561b97ec266443615d65a715c735eac6203ef6,169421e73b25e00e379d0a24e476d5f26da19186f48a179e3a8bf83ce889b3b8
alpha^10,3.5342917352885173,0.011286101564845125,-0.0009015945456143536,1.410517782116441e-15,diagnostic_only_not_theorem_gate,4a09b46da042bd99120c3c23c0cc81b0e6b3f33dd2de64fa567151fb2cf15c72,2f4b8aa5a0edfdafeadf5c67ac561b97ec266443615d65a715c735eac6203ef6,169421e73b25e00e379d0a24e476d5f26da19186f48a179e3a8bf83ce889b3b8
alpha^10,3.5833791205008576,0.011332962572734107,-0.0010073112854768651,1.4717633767194411e-15,diagnostic_only_not_theorem_gate,4a09b46da042bd99120c3c23c0cc81b0e6b3f33dd2de64fa567151fb2cf15c72,2f4b8aa5a0edfdafeadf5c67ac561b97ec266443615d65a715c735eac6203ef6,169421e73b25e00e379d0a24e476d5f26da19186f48a179e3a8bf83ce889b3b8
alpha^10,3.6324665057131984,0.01138495440904935,-0.0011106013242226157,1.53850852876842e-15,diagnostic_only_not_theorem_gate,4a09b46da042bd99120c3c23c0cc81b0e6b3f33dd2de64fa567151fb2cf15c72,2f4b8aa5a0edfdafeadf5c67ac561b97ec266443615d65a715c735eac6203ef6,169421e73b25e00e379d0a24e476d5f26da19186f48a179e3a8bf83ce889b3b8
alpha^10,3.6815538909255388,0.011441951820903216,-0.001211215827101126,1.6111556529649607e-15,diagnostic_only_not_theorem_gate,4a09b46da042bd99120c3c23c0cc81b0e6b3f33dd2de64fa567151fb2cf15c72,2f4b8aa5a0edfdafeadf5c67ac561b97ec266443615d65a715c735eac6203ef6,169421e73b25e00e379d0a24e476d5f26da19186f48a179e3a8bf83ce889b3b8
alpha^10,3.730641276137879,0.011503817496538173,-0.001308912404962173,1.6892506154703193e-15,diagnostic_only_not_theorem_gate,4a09b46da042bd99120c3c23c0cc81b0e6b3f33dd2de64fa567151fb2cf15c72,2f4b8aa5a0edfdafeadf5c67ac561b97ec266443615d65a715c735eac6203ef6,169421e73b25e00e379d0a24e476d5f26da19186f48a179e3a8bf83ce889b3b8
alpha^10,3.77972866135022,0.011570402396122819,-0.0014034556981924807,1.7738120124412099e-15,diagnostic_only_not_theorem_gate,4a09b46da042bd99120c3c23c0cc81b0e6b3f33dd2de64fa567151fb2cf15c72,2f4b8aa5a0edfdafeadf5c67ac561b97ec266443615d65a715c735eac6203ef6,169421e73b25e00e379d0a24e476d5f26da19186f48a179e3a8bf83ce889b3b8
alpha^10,3.8288160465625602,0.011641546110801908,-0.001494617943717641,1.8633857549142903e-15,diagnostic_only_not_theorem_gate,4a09b46da042bd99120c3c23c0cc81b0e6b3f33dd2de64fa567151fb2cf15c72,2f4b8aa5a0edfdafeadf5c67ac561b97ec266443615d65a715c735eac6203ef6,169421e73b25e00e379d0a24e476d5f26da19186f48a179e3a8bf83ce889b3b8
alpha^10,3.877903431774901,0.011717077249135325,-0.0015821795237033164,1.9570063541420985e-15,diagnostic_only_not_theorem_gate,4a09b46da042bd99120c3c23c0cc81b0e6b3f33dd2de64fa567151fb2cf15c72,2f4b8aa5a0edfdafeadf5c67ac561b97ec266443615d65a715c735eac6203ef6,169421e73b25e00e379d0a24e476d5f26da19186f48a179e3a8bf83ce889b3b8
alpha^10,3.9269908169872414,0.011796813849995076,-0.0016659294946338304,2.054871452514411e-15,diagnostic_only_not_theorem_gate,4a09b46da042bd99120c3c23c0cc81b0e6b3f33dd2de64fa567151fb2cf15c72,2f4b8aa5a0edfdafeadf5c67ac561b97ec266443615d65a715c735eac6203ef6,169421e73b25e00e379d0a24e476d5f26da19186f48a179e3a8bf83ce889b3b8
alpha^10,3.9760782021995817,0.01188056382092559,-0.0017456660954935815,2.1569733563149966e-15,diagnostic_only_not_theorem_gate,4a09b46da042bd99120c3c23c0cc81b0e6b3f33dd2de64fa567151fb2cf15c72,2f4b8aa5a0edfdafeadf5c67ac561b97ec266443615d65a715c735eac6203ef6,169421e73b25e00e379d0a24e476d5f26da19186f48a179e3a8bf83ce889b3b8
alpha^10,4.025165587411922,0.011968125400911264,-0.0018211972338269971,2.2616812956815493e-15,diagnostic_only_not_theorem_gate,4a09b46da042bd99120c3c23c0cc81b0e6b3f33dd2de64fa567151fb2cf15c72,2f4b8aa5a0edfdafeadf5c67ac561b97ec266443615d65a715c735eac6203ef6,169421e73b25e00e379d0a24e476d5f26da19186f48a179e3a8bf83ce889b3b8
alpha^10,4.074252972624263,0.012059287646436425,-0.001892340948506087,2.369452556152971e-15,diagnostic_only_not_theorem_gate,4a09b46da042bd99120c3c23c0cc81b0e6b3f33dd2de64fa567151fb2cf15c72,2f4b8aa5a0edfdafeadf5c67ac561b97ec266443615d65a715c735eac6203ef6,169421e73b25e00e379d0a24e476d5f26da19186f48a179e3a8bf83ce889b3b8
alpha^10,4.123340357836604,0.012153830939666732,-0.0019589258480907333,2.480253208371742e-15,diagnostic_only_not_theorem_gate,4a09b46da042bd99120c3c23c0cc81b0e6b3f33dd2de64fa567151fb2cf15c72,2f4b8aa5a0edfdafeadf5c67ac561b97ec266443615d65a715c735eac6203ef6,169421e73b25e00e379d0a24e476d5f26da19186f48a179e3a8bf83ce889b3b8
alpha^10,4.172427743048944,0.01225152751752778,-0.0020207915237256896,2.5926381125946923e-15,diagnostic_only_not_theorem_gate,4a09b46da042bd99120c3c23c0cc81b0e6b3f33dd2de64fa567151fb2cf15c72,2f4b8aa5a0edfdafeadf5c67ac561b97ec266443615d65a715c735eac6203ef6,169421e73b25e00e379d0a24e476d5f26da19186f48a179e3a8bf83ce889b3b8
alpha^10,4.221515128261284,0.01235214202040629,-0.0020777889355795575,2.7051129864558836e-15,diagnostic_only_not_theorem_gate,4a09b46da042bd99120c3c23c0cc81b0e6b3f33dd2de64fa567151fb2cf15c72,2f4b8aa5a0edfdafeadf5c67ac561b97ec266443615d65a715c735eac6203ef6,169421e73b25e00e379d0a24e476d5f26da19186f48a179e3a8bf83ce889b3b8
alpha^10,4.270602513473625,0.01245543205915204,-0.002129780771894798,2.818325813499664e-15,diagnostic_only_not_theorem_gate,4a09b46da042bd99120c3c23c0cc81b0e6b3f33dd2de64fa567151fb2cf15c72,2f4b8aa5a0edfdafeadf5c67ac561b97ec266443615d65a715c735eac6203ef6,169421e73b25e00e379d0a24e476d5f26da19186f48a179e3a8bf83ce889b3b8
alpha^10,4.319689898685965,0.012561148799014552,-0.0021766417797837805,2.9314383890982275e-15,diagnostic_only_not_theorem_gate,4a09b46da042bd99120c3c23c0cc81b0e6b3f33dd2de64fa567151fb2cf15c72,2f4b8aa5a0edfdafeadf5c67ac561b97ec266443615d65a715c735eac6203ef6,169421e73b25e00e379d0a24e476d5f26da19186f48a179e3a8bf83ce889b3b8
alpha^10,4.368777283898306,0.012669037559107805,-0.0022182590669739617,3.0435734356949376e-15,diagnostic_only_not_theorem_gate,4a09b46da042bd99120c3c23c0cc81b0e6b3f33dd2de64fa567151fb2cf15c72,2f4b8aa5a0edfdafeadf5c67ac561b97ec266443615d65a715c735eac6203ef6,169421e73b25e00e379d0a24e476d5f26da19186f48a179e3a8bf83ce889b3b8
alpha^10,4.417864669110647,0.012778838425958793,-0.0022545323737752547,3.1534131031238923e-15,diagnostic_only_not_theorem_gate,4a09b46da042bd99120c3c23c0cc81b0e6b3f33dd2de64fa567151fb2cf15c72,2f4b8aa5a0edfdafeadf5c67ac561b97ec266443615d65a715c735eac6203ef6,169421e73b25e00e379d0a24e476d5f26da19186f48a179e3a8bf83ce889b3b8
alpha^10,4.466952054322987,0.012890286879661855,-0.0022853743146144102,3.2625430000914276e-15,diagnostic_only_not_theorem_gate,4a09b46da042bd99120c3c23c0cc81b0e6b3f33dd2de64fa567151fb2cf15c72,2f4b8aa5a0edfdafeadf5c67ac561b97ec266443615d65a715c735eac6203ef6,169421e73b25e00e379d0a24e476d5f26da19186f48a179e3a8bf83ce889b3b8
alpha^10,4.516039439535327,0.013003114431130284,-0.0023107105885545112,3.3686612427154773e-15,diagnostic_only_not_theorem_gate,4a09b46da042bd99120c3c23c0cc81b0e6b3f33dd2de64fa567151fb2cf15c72,2f4b8aa5a0edfdafeadf5c67ac561b97ec266443615d65a715c735eac6203ef6,169421e73b25e00e379d0a24e476d5f26da19186f48a179e3a8bf83ce889b3b8
alpha^10,4.565126824747668,0.013117049268910072,-0.002330480158292441,3.471717154901639e-15,diagnostic_only_not_theorem_gate,4a09b46da042bd99120c3c23c0cc81b0e6b3f33dd2de64fa567151fb2cf15c72,2f4b8aa5a0edfdafeadf5c67ac561b97ec266443615d65a715c735eac6203ef6,169421e73b25e00e379d0a24e476d5f26da19186f48a179e3a8bf83ce889b3b8
alpha^10,4.614214209960009,0.013231816913997493,-0.0023446353972030906,3.570573390489605e-15,diagnostic_only_not_theorem_gate,4a09b46da042bd99120c3c23c0cc81b0e6b3f33dd2de64fa567151fb2cf15c72,2f4b8aa5a0edfdafeadf5c67ac561b97ec266443615d65a715c735eac6203ef6,169421e73b25e00e379d0a24e476d5f26da19186f48a179e3a8bf83ce889b3b8
alpha^10,4.663301595172349,0.013347140881083068,-0.002353142204076072,3.66575767822754e-15,diagnostic_only_not_theorem_gate,4a09b46da042bd99120c3c23c0cc81b0e6b3f33dd2de64fa567151fb2cf15c72,2f4b8aa5a0edfdafeadf5c67ac561b97ec266443615d65a715c735eac6203ef6,169421e73b25e00e379d0a24e476d5f26da19186f48a179e3a8bf83ce889b3b8
alpha^10,4.71238898038469,0.013462743344628906,-0.0023559800852685194,3.7560357655058004e-15,diagnostic_only_not_theorem_gate,4a09b46da042bd99120c3c23c0cc81b0e6b3f33dd2de64fa567151fb2cf15c72,2f4b8aa5a0edfdafeadf5c67ac561b97ec266443615d65a715c735eac6203ef6,169421e73b25e00e379d0a24e476d5f26da19186f48a179e3a8bf83ce889b3b8
alpha^10,4.76147636559703,0.013578345808174744,-0.002353142204076072,3.841514648925714e-15,diagnostic_only_not_theorem_gate,4a09b46da042bd99120c3c23c0cc81b0e6b3f33dd2de64fa567151fb2cf15c72,2f4b8aa5a0edfdafeadf5c67ac561b97ec266443615d65a715c735eac6203ef6,169421e73b25e00e379d0a24e476d5f26da19186f48a179e3a8bf83ce889b3b8
alpha^10,4.81056375080937,0.01369366977526032,-0.0023446353972030906,3.9218947371972256e-15,diagnostic_only_not_theorem_gate,4a09b46da042bd99120c3c23c0cc81b0e6b3f33dd2de64fa567151fb2cf15c72,2f4b8aa5a0edfdafeadf5c67ac561b97ec266443615d65a715c735eac6203ef6,169421e73b25e00e379d0a24e476d5f26da19186f48a179e3a8bf83ce889b3b8
alpha^10,4.859651136021712,0.01380843742034774,-0.002330480158292441,3.99730295433941e-15,diagnostic_only_not_theorem_gate,4a09b46da042bd99120c3c23c0cc81b0e6b3f33dd2de64fa567151fb2cf15c72,2f4b8aa5a0edfdafeadf5c67ac561b97ec266443615d65a715c735eac6203ef6,169421e73b25e00e379d0a24e476d5f26da19186f48a179e3a8bf83ce889b3b8
alpha^10,4.908738521234052,0.013922372258127527,-0.0023107105885545117,4.0666623942562604e-15,diagnostic_only_not_theorem_gate,4a09b46da042bd99120c3c23c0cc81b0e6b3f33dd2de64fa567151fb2cf15c72,2f4b8aa5a0edfdafeadf5c67ac561b97ec266443615d65a715c735eac6203ef6,169421e73b25e00e379d0a24e476d5f26da19186f48a179e3a8bf83ce889b3b8
alpha^10,4.957825906446392,0.014035199809595958,-0.0022853743146144102,4.130304910744469e-15,diagnostic_only_not_theorem_gate,4a09b46da042bd99120c3c23c0cc81b0e6b3f33dd2de64fa567151fb2cf15c72,2f4b8aa5a0edfdafeadf5c67ac561b97ec266443615d65a715c735eac6203ef6,169421e73b25e00e379d0a24e476d5f26da19186f48a179e3a8bf83ce889b3b8
alpha^10,5.006913291658733,0.01414664826329902,-0.002254532373775255,4.188572471747978e-15,diagnostic_only_not_theorem_gate,4a09b46da042bd99120c3c23c0cc81b0e6b3f33dd2de64fa567151fb2cf15c72,2f4b8aa5a0edfdafeadf5c67ac561b97ec266443615d65a715c735eac6203ef6,169421e73b25e00e379d0a24e476d5f26da19186f48a179e3a8bf83ce889b3b8
alpha^10,5.056000676871073,0.014256449130150006,-0.002218259066973962,4.240460534514016e-15,diagnostic_only_not_theorem_gate,4a09b46da042bd99120c3c23c0cc81b0e6b3f33dd2de64fa567151fb2cf15c72,2f4b8aa5a0edfdafeadf5c67ac561b97ec266443615d65a715c735eac6203ef6,169421e73b25e00e379d0a24e476d5f26da19186f48a179e3a8bf83ce889b3b8
alpha^10,5.105088062083414,0.01436433789024326,-0.002176641779783781,4.287073750658556e-15,diagnostic_only_not_theorem_gate,4a09b46da042bd99120c3c23c0cc81b0e6b3f33dd2de64fa567151fb2cf15c72,2f4b8aa5a0edfdafeadf5c67ac561b97ec266443615d65a715c735eac6203ef6,169421e73b25e00e379d0a24e476d5f26da19186f48a179e3a8bf83ce889b3b8
alpha^10,5.154175447295755,0.014470054630105773,-0.0021297807718947985,4.3279840151971535e-15,diagnostic_only_not_theorem_gate,4a09b46da042bd99120c3c23c0cc81b0e6b3f33dd2de64fa567151fb2cf15c72,2f4b8aa5a0edfdafeadf5c67ac561b97ec266443615d65a715c735eac6203ef6,169421e73b25e00e379d0a24e476d5f26da19186f48a179e3a8bf83ce889b3b8
alpha^10,5.203262832508095,0.014573344668851521,-0.002077788935579558,4.364561973006386e-15,diagnostic_only_not_theorem_gate,4a09b46da042bd99120c3c23c0cc81b0e6b3f33dd2de64fa567151fb2cf15c72,2f4b8aa5a0edfdafeadf5c67ac561b97ec266443615d65a715c735eac6203ef6,169421e73b25e00e379d0a24e476d5f26da19186f48a179e3a8bf83ce889b3b8
alpha^10,5.252350217720435,0.014673959171730032,-0.00202079152372569,4.393762618760403e-15,diagnostic_only_not_theorem_gate,4a09b46da042bd99120c3c23c0cc81b0e6b3f33dd2de64fa567151fb2cf15c72,2f4b8aa5a0edfdafeadf5c67ac561b97ec266443615d65a715c735eac6203ef6,169421e73b25e00e379d0a24e476d5f26da19186f48a179e3a8bf83ce889b3b8
alpha^10,5.301437602932776,0.014771655749591078,-0.0019589258480907337,4.419164032395375e-15,diagnostic_only_not_theorem_gate,4a09b46da042bd99120c3c23c0cc81b0e6b3f33dd2de64fa567151fb2cf15c72,2f4b8aa5a0edfdafeadf5c67ac561b97ec266443615d65a715c735eac6203ef6,169421e73b25e00e379d0a24e476d5f26da19186f48a179e3a8bf83ce889b3b8
alpha^10,5.350524988145116,0.014866199042821385,-0.0018923409485060876,4.440505707586712e-15,diagnostic_only_not_theorem_gate,4a09b46da042bd99120c3c23c0cc81b0e6b3f33dd2de64fa567151fb2cf15c72,2f4b8aa5a0edfdafeadf5c67ac561b97ec266443615d65a715c735eac6203ef6,169421e73b25e00e379d0a24e476d5f26da19186f48a179e3a8bf83ce889b3b8
alpha^10,5.399612373357457,0.014957361288346549,-0.0018211972338269976,4.457171449596544e-15,diagnostic_only_not_theorem_gate,4a09b46da042bd99120c3c23c0cc81b0e6b3f33dd2de64fa567151fb2cf15c72,2f4b8aa5a0edfdafeadf5c67ac561b97ec266443615d65a715c735eac6203ef6,169421e73b25e00e379d0a24e476d5f26da19186f48a179e3a8bf83ce889b3b8
alpha^10,5.448699758569798,0.015044922868332223,-0.001745666095493582,4.469486022418089e-15,diagnostic_only_not_theorem_gate,4a09b46da042bd99120c3c23c0cc81b0e6b3f33dd2de64fa567151fb2cf15c72,2f4b8aa5a0edfdafeadf5c67ac561b97ec266443615d65a715c735eac6203ef6,169421e73b25e00e379d0a24e476d5f26da19186f48a179e3a8bf83ce889b3b8
alpha^10,5.497787143782138,0.015128672839262737,-0.0016659294946338309,4.477939110583089e-15,diagnostic_only_not_theorem_gate,4a09b46da042bd99120c3c23c0cc81b0e6b3f33dd2de64fa567151fb2cf15c72,2f4b8aa5a0edfdafeadf5c67ac561b97ec266443615d65a715c735eac6203ef6,169421e73b25e00e379d0a24e476d5f26da19186f48a179e3a8bf83ce889b3b8
alpha^10,5.546874528994478,0.015208409440122488,-0.0015821795237033168,4.48364384600833e-15,diagnostic_only_not_theorem_gate,4a09b46da042bd99120c3c23c0cc81b0e6b3f33dd2de64fa567151fb2cf15c72,2f4b8aa5a0edfdafeadf5c67ac561b97ec266443615d65a715c735eac6203ef6,169421e73b25e00e379d0a24e476d5f26da19186f48a179e3a8bf83ce889b3b8
alpha^10,5.595961914206819,0.015283940578455904,-0.0014946179437176426,4.486542328698997e-15,diagnostic_only_not_theorem_gate,4a09b46da042bd99120c3c23c0cc81b0e6b3f33dd2de64fa567151fb2cf15c72,2f4b8aa5a0edfdafeadf5c67ac561b97ec266443615d65a715c735eac6203ef6,169421e73b25e00e379d0a24e476d5f26da19186f48a179e3a8bf83ce889b3b8
alpha^10,5.64504929941916,0.015355084293134993,-0.0014034556981924807,4.486102952751796e-15,diagnostic_only_not_theorem_gate,4a09b46da042bd99120c3c23c0cc81b0e6b3f33dd2de64fa567151fb2cf15c72,2f4b8aa5a0edfdafeadf5c67ac561b97ec266443615d65a715c735eac6203ef6,169421e73b25e00e379d0a24e476d5f26da19186f48a179e3a8bf83ce889b3b8
alpha^10,5.6941366846315,0.01542166919271964,-0.0013089124049621736,4.484444346739002e-15,diagnostic_only_not_theorem_gate,4a09b46da042bd99120c3c23c0cc81b0e6b3f33dd2de64fa567151fb2cf15c72,2f4b8aa5a0edfdafeadf5c67ac561b97ec266443615d65a715c735eac6203ef6,169421e73b25e00e379d0a24e476d5f26da19186f48a179e3a8bf83ce889b3b8
alpha^10,5.743224069843841,0.015483534868354597,-0.0012112158271011266,4.480542851096072e-15,diagnostic_only_not_theorem_gate,4a09b46da042bd99120c3c23c0cc81b0e6b3f33dd2de64fa567151fb2cf15c72,2f4b8aa5a0edfdafeadf5c67ac561b97ec266443615d65a715c735eac6203ef6,169421e73b25e00e379d0a24e476d5f26da19186f48a179e3a8bf83ce889b3b8
alpha^10,5.792311455056181,0.015540532280208463,-0.0011106013242226163,4.4761477728900704e-15,diagnostic_only_not_theorem_gate,4a09b46da042bd99120c3c23c0cc81b0e6b3f33dd2de64fa567151fb2cf15c72,2f4b8aa5a0edfdafeadf5c67ac561b97ec266443615d65a715c735eac6203ef6,169421e73b25e00e379d0a24e476d5f26da19186f48a179e3a8bf83ce889b3b8
alpha^10,5.841398840268521,0.015592524116523704,-0.0010073112854768669,4.4707324690230134e-15,diagnostic_only_not_theorem_gate,4a09b46da042bd99120c3c23c0cc81b0e6b3f33dd2de64fa567151fb2cf15c72,2f4b8aa5a0edfdafeadf5c67ac561b97ec266443615d65a715c735eac6203ef6,169421e73b25e00e379d0a24e476d5f26da19186f48a179e3a8bf83ce889b3b8
alpha^10,5.890486225480862,0.015639385124412687,-0.0009015945456143554,4.463407274236064e-15,diagnostic_only_not_theorem_gate,4a09b46da042bd99120c3c23c0cc81b0e6b3f33dd2de64fa567151fb2cf15c72,2f4b8aa5a0edfdafeadf5c67ac561b97ec266443615d65a715c735eac6203ef6,169421e73b25e00e379d0a24e476d5f26da19186f48a179e3a8bf83ce889b3b8
alpha^10,5.939573610693203,0.01568100241160287,-0.0007937057855211014,4.45762438299882e-15,diagnostic_only_not_theorem_gate,4a09b46da042bd99120c3c23c0cc81b0e6b3f33dd2de64fa567151fb2cf15c72,2f4b8aa5a0edfdafeadf5c67ac561b97ec266443615d65a715c735eac6203ef6,169421e73b25e00e379d0a24e476d5f26da19186f48a179e3a8bf83ce889b3b8
alpha^10,5.988660995905543,0.015717275718404162,-0.0006839049186701132,4.451193197084944e-15,diagnostic_only_not_theorem_gate,4a09b46da042bd99120c3c23c0cc81b0e6b3f33dd2de64fa567151fb2cf15c72,2f4b8aa5a0edfdafeadf5c67ac561b97ec266443615d65a715c735eac6203ef6,169421e73b25e00e379d0a24e476d5f26da19186f48a179e3a8bf83ce889b3b8
alpha^10,6.037748381117884,0.015748117659243315,-0.0005724564649670525,4.44509467602421e-15,diagnostic_only_not_theorem_gate,4a09b46da042bd99120c3c23c0cc81b0e6b3f33dd2de64fa567151fb2cf15c72,2f4b8aa5a0edfdafeadf5c67ac561b97ec266443615d65a715c735eac6203ef6,169421e73b25e00e379d0a24e476d5f26da19186f48a179e3a8bf83ce889b3b8
alpha^10,6.086835766330224,0.01577345393318342,-0.00045962891349862186,4.440469243065295e-15,diagnostic_only_not_theorem_gate,4a09b46da042bd99120c3c23c0cc81b0e6b3f33dd2de64fa567151fb2cf15c72,2f4b8aa5a0edfdafeadf5c67ac561b97ec266443615d65a715c735eac6203ef6,169421e73b25e00e379d0a24e476d5f26da19186f48a179e3a8bf83ce889b3b8
alpha^10,6.135923151542564,0.015793223502921346,-0.00034569407571883497,4.4358121426650366e-15,diagnostic_only_not_theorem_gate,4a09b46da042bd99120c3c23c0cc81b0e6b3f33dd2de64fa567151fb2cf15c72,2f4b8aa5a0edfdafeadf5c67ac561b97ec266443615d65a715c735eac6203ef6,169421e73b25e00e379d0a24e476d5f26da19186f48a179e3a8bf83ce889b3b8
alpha^10,6.1850105367549055,0.015807378741831996,-0.0002309264306314144,4.432991369321973e-15,diagnostic_only_not_theorem_gate,4a09b46da042bd99120c3c23c0cc81b0e6b3f33dd2de64fa567151fb2cf15c72,2f4b8aa5a0edfdafeadf5c67ac561b97ec266443615d65a715c735eac6203ef6,169421e73b25e00e379d0a24e476d5f26da19186f48a179e3a8bf83ce889b3b8
alpha^10,6.234097921967246,0.01581588554870498,-0.00011560246354583841,4.430726194188497e-15,diagnostic_only_not_theorem_gate,4a09b46da042bd99120c3c23c0cc81b0e6b3f33dd2de64fa567151fb2cf15c72,2f4b8aa5a0edfdafeadf5c67ac561b97ec266443615d65a715c735eac6203ef6,169421e73b25e00e379d0a24e476d5f26da19186f48a179e3a8bf83ce889b3b8
alpha^11,0.0,0.009076174760939897,0.0,8.218483943408344e-17,diagnostic_only_not_theorem_gate,4a09b46da042bd99120c3c23c0cc81b0e6b3f33dd2de64fa567151fb2cf15c72,2f4b8aa5a0edfdafeadf5c67ac561b97ec266443615d65a715c735eac6203ef6,169421e73b25e00e379d0a24e476d5f26da19186f48a179e3a8bf83ce889b3b8
alpha^11,0.04908738521234052,0.009075782812522972,1.596620841641735e-05,8.220435981921201e-17,diagnostic_only_not_theorem_gate,4a09b46da042bd99120c3c23c0cc81b0e6b3f33dd2de64fa567151fb2cf15c72,2f4b8aa5a0edfdafeadf5c67ac561b97ec266443615d65a715c735eac6203ef6,169421e73b25e00e379d0a24e476d5f26da19186f48a179e3a8bf83ce889b3b8
alpha^11,0.09817477042468103,0.009074607911510258,3.189395283828486e-05,8.223081438722638e-17,diagnostic_only_not_theorem_gate,4a09b46da042bd99120c3c23c0cc81b0e6b3f33dd2de64fa567151fb2cf15c72,2f4b8aa5a0edfdafeadf5c67ac561b97ec266443615d65a715c735eac6203ef6,169421e73b25e00e379d0a24e476d5f26da19186f48a179e3a8bf83ce889b3b8
alpha^11,0.14726215563702155,0.009072652888341205,4.7744861934184605e-05,8.191324282104585e-17,diagnostic_only_not_theorem_gate,4a09b46da042bd99120c3c23c0cc81b0e6b3f33dd2de64fa567151fb2cf15c72,2f4b8aa5a0edfdafeadf5c67ac561b97ec266443615d65a715c735eac6203ef6,169421e73b25e00e379d0a24e476d5f26da19186f48a179e3a8bf83ce889b3b8
alpha^11,0.19634954084936207,0.009069922452837869,6.34807494757289e-05,8.171171271484517e-17,diagnostic_only_not_theorem_gate,4a09b46da042bd99120c3c23c0cc81b0e6b3f33dd2de64fa567151fb2cf15c72,2f4b8aa5a0edfdafeadf5c67ac561b97ec266443615d65a715c735eac6203ef6,169421e73b25e00e379d0a24e476d5f26da19186f48a179e3a8bf83ce889b3b8
alpha^11,0.2454369260617026,0.009066423182858534,7.906370633152922e-05,8.145194094116208e-17,diagnostic_only_not_theorem_gate,4a09b46da042bd99120c3c23c0cc81b0e6b3f33dd2de64fa567151fb2cf15c72,2f4b8aa5a0edfdafeadf5c67ac561b97ec266443615d65a715c735eac6203ef6,169421e73b25e00e379d0a24e476d5f26da19186f48a179e3a8bf83ce889b3b8
alpha^11,0.2945243112740431,0.009062163508451081,9.445619179361409e-05,8.123764162361714e-17,diagnostic_only_not_theorem_gate,4a09b46da042bd99120c3c23c0cc81b0e6b3f33dd2de64fa567151fb2cf15c72,2f4b8aa5a0edfdafeadf5c67ac561b97ec266443615d65a715c735eac6203ef6,169421e73b25e00e379d0a24e476d5f26da19186f48a179e3a8bf83ce889b3b8
alpha^11,0.3436116964863836,0.00905715369154426,0.00010962112401628289,8.081351154082513e-17,diagnostic_only_not_theorem_gate,4a09b46da042bd99120c3c23c0cc81b0e6b3f33dd2de64fa567151fb2cf15c72,2f4b8aa5a0edfdafeadf5c67ac561b97ec266443615d65a715c735eac6203ef6,169421e73b25e00e379d0a24e476d5f26da19186f48a179e3a8bf83ce889b3b8
alpha^11,0.39269908169872414,0.009051405801225808,0.00012452196934952,8.049682124369652e-17,diagnostic_only_not_theorem_gate,4a09b46da042bd99120c3c23c0cc81b0e6b3f33dd2de64fa567151fb2cf15c72,2f4b8aa5a0edfdafeadf5c67ac561b97ec266443615d65a715c735eac6203ef6,169421e73b25e00e379d0a24e476d5f26da19186f48a179e3a8bf83ce889b3b8
alpha^11,0.44178646691106466,0.009044933684666958,0.00013912283035175774,7.999687798558656e-17,diagnostic_only_not_theorem_gate,4a09b46da042bd99120c3c23c0cc81b0e6b3f33dd2de64fa567151fb2cf15c72,2f4b8aa5a0edfdafeadf5c67ac561b97ec266443615d65a715c735eac6203ef6,169421e73b25e00e379d0a24e476d5f26da19186f48a179e3a8bf83ce889b3b8
alpha^11,0.4908738521234052,0.00903775293376339,0.00015338853226995737,7.93774727063203e-17,diagnostic_only_not_theorem_gate,4a09b46da042bd99120c3c23c0cc81b0e6b3f33dd2de64fa567151fb2cf15c72,2f4b8aa5a0edfdafeadf5c67ac561b97ec266443615d65a715c735eac6203ef6,169421e73b25e00e379d0a24e476d5f26da19186f48a179e3a8bf83ce889b3b8
alpha^11,0.5399612373357456,0.009029880847572992,0.00016728470777867,7.911487064992878e-17,diagnostic_only_not_theorem_gate,4a09b46da042bd99120c3c23c0cc81b0e6b3f33dd2de64fa567151fb2cf15c72,2f4b8aa5a0edfdafeadf5c67ac561b97ec266443615d65a715c735eac6203ef6,169421e73b25e00e379d0a24e476d5f26da19186f48a179e3a8bf83ce889b3b8
alpha^11,0.5890486225480862,0.009021336390640908,0.00018077787977393395,7.824187759922089e-17,diagnostic_only_not_theorem_gate,4a09b46da042bd99120c3c23c0cc81b0e6b3f33dd2de64fa567151fb2cf15c72,2f4b8aa5a0edfdafeadf5c67ac561b97ec266443615d65a715c735eac6203ef6,169421e73b25e00e379d0a24e476d5f26da19186f48a179e3a8bf83ce889b3b8
alpha^11,0.6381360077604268,0.009012140147312294,0.00019383554202255038,7.753823786878033e-17,diagnostic_only_not_theorem_gate,4a09b46da042bd99120c3c23c0cc81b0e6b3f33dd2de64fa567151fb2cf15c72,2f4b8aa5a0edfdafeadf5c67ac561b97ec266443615d65a715c735eac6203ef6,169421e73b25e00e379d0a24e476d5f26da19186f48a179e3a8bf83ce889b3b8
alpha^11,0.6872233929727672,0.009002314272142826,0.00020642623747244612,7.699665401161271e-17,diagnostic_only_not_theorem_gate,4a09b46da042bd99120c3c23c0cc81b0e6b3f33dd2de64fa567151fb2cf15c72,2f4b8aa5a0edfdafeadf5c67ac561b97ec266443615d65a715c735eac6203ef6,169421e73b25e00e379d0a24e476d5f26da19186f48a179e3a8bf83ce889b3b8
alpha^11,0.7363107781851077,0.008991882436526431,0.0002185196340354678,7.601024382991228e-17,diagnostic_only_not_theorem_gate,4a09b46da042bd99120c3c23c0cc81b0e6b3f33dd2de64fa567151fb2cf15c72,2f4b8aa5a0edfdafeadf5c67ac561b97ec266443615d65a715c735eac6203ef6,169421e73b25e00e379d0a24e476d5f26da19186f48a179e3a8bf83ce889b3b8
alpha^11,0.7853981633974483,0.008980869771668828,0.00023008659766003863,7.528598692054649e-17,diagnostic_only_not_theorem_gate,4a09b46da042bd99120c3c23c0cc81b0e6b3f33dd2de64fa567151fb2cf15c72,2f4b8aa5a0edfdafeadf5c67ac561b97ec266443615d65a715c735eac6203ef6,169421e73b25e00e379d0a24e476d5f26da19186f48a179e3a8bf83ce889b3b8
alpha^11,0.8344855486097889,0.008969302808044258,0.00024109926251764067,7.439337476828899e-17,diagnostic_only_not_theorem_gate,4a09b46da042bd99120c3c23c0cc81b0e6b3f33dd2de64fa567151fb2cf15c72,2f4b8aa5a0edfdafeadf5c67ac561b97ec266443615d65a715c735eac6203ef6,169421e73b25e00e379d0a24e476d5f26da19186f48a179e3a8bf83ce889b3b8
alpha^11,0.8835729338221293,0.008957209411481235,0.0002515310981340365,7.356289696019498e-17,diagnostic_only_not_theorem_gate,4a09b46da042bd99120c3c23c0cc81b0e6b3f33dd2de64fa567151fb2cf15c72,2f4b8aa5a0edfdafeadf5c67ac561b97ec266443615d65a715c735eac6203ef6,169421e73b25e00e379d0a24e476d5f26da19186f48a179e3a8bf83ce889b3b8
alpha^11,0.9326603190344698,0.00894461871603134,0.00026135697330350514,7.267220401751786e-17,diagnostic_only_not_theorem_gate,4a09b46da042bd99120c3c23c0cc81b0e6b3f33dd2de64fa567151fb2cf15c72,2f4b8aa5a0edfdafeadf5c67ac561b97ec266443615d65a715c735eac6203ef6,169421e73b25e00e379d0a24e476d5f26da19186f48a179e3a8bf83ce889b3b8
alpha^11,0.9817477042468103,0.008931561053782724,0.00027055321663211853,7.185681794607036e-17,diagnostic_only_not_theorem_gate,4a09b46da042bd99120c3c23c0cc81b0e6b3f33dd2de64fa567151fb2cf15c72,2f4b8aa5a0edfdafeadf5c67ac561b97ec266443615d65a715c735eac6203ef6,169421e73b25e00e379d0a24e476d5f26da19186f48a179e3a8bf83ce889b3b8
alpha^11,1.030835089459151,0.008918067881787459,0.0002790976735642022,7.067105932150054e-17,diagnostic_only_not_theorem_gate,4a09b46da042bd99120c3c23c0cc81b0e6b3f33dd2de64fa567151fb2cf15c72,2f4b8aa5a0edfdafeadf5c67ac561b97ec266443615d65a715c735eac6203ef6,169421e73b25e00e379d0a24e476d5f26da19186f48a179e3a8bf83ce889b3b8
alpha^11,1.0799224746714913,0.008904171706278748,0.00028696975975460063,6.964220908685915e-17,diagnostic_only_not_theorem_gate,4a09b46da042bd99120c3c23c0cc81b0e6b3f33dd2de64fa567151fb2cf15c72,2f4b8aa5a0edfdafeadf5c67ac561b97ec266443615d65a715c735eac6203ef6,169421e73b25e00e379d0a24e476d5f26da19186f48a179e3a8bf83ce889b3b8
alpha^11,1.1290098598838318,0.008889906004360548,0.000294150510658168,6.8476890018571e-17,diagnostic_only_not_theorem_gate,4a09b46da042bd99120c3c23c0cc81b0e6b3f33dd2de64fa567151fb2cf15c72,2f4b8aa5a0edfdafeadf5c67ac561b97ec266443615d65a715c735eac6203ef6,169421e73b25e00e379d0a24e476d5f26da19186f48a179e3a8bf83ce889b3b8
alpha^11,1.1780972450961724,0.00887530514335831,0.000300622627217018,6.749819110898023e-17,diagnostic_only_not_theorem_gate,4a09b46da042bd99120c3c23c0cc81b0e6b3f33dd2de64fa567151fb2cf15c72,2f4b8aa5a0edfdafeadf5c67ac561b97ec266443615d65a715c735eac6203ef6,169421e73b25e00e379d0a24e476d5f26da19186f48a179e3a8bf83ce889b3b8
alpha^11,1.227184630308513,0.008860404298025072,0.00030637051753547,6.623039994946571e-17,diagnostic_only_not_theorem_gate,4a09b46da042bd99120c3c23c0cc81b0e6b3f33dd2de64fa567151fb2cf15c72,2f4b8aa5a0edfdafeadf5c67ac561b97ec266443615d65a715c735eac6203ef6,169421e73b25e00e379d0a24e476d5f26da19186f48a179e3a8bf83ce889b3b8
alpha^11,1.2762720155208536,0.008845239365802404,0.000311380334442291,6.510542832761505e-17,diagnostic_only_not_theorem_gate,4a09b46da042bd99120c3c23c0cc81b0e6b3f33dd2de64fa567151fb2cf15c72,2f4b8aa5a0edfdafeadf5c67ac561b97ec266443615d65a715c735eac6203ef6,169421e73b25e00e379d0a24e476d5f26da19186f48a179e3a8bf83ce889b3b8
alpha^11,1.325359400733194,0.008829846880340319,0.00031564000884974435,6.389689427965089e-17,diagnostic_only_not_theorem_gate,4a09b46da042bd99120c3c23c0cc81b0e6b3f33dd2de64fa567151fb2cf15c72,2f4b8aa5a0edfdafeadf5c67ac561b97ec266443615d65a715c735eac6203ef6,169421e73b25e00e379d0a24e476d5f26da19186f48a179e3a8bf83ce889b3b8
alpha^11,1.3744467859455345,0.008814263923484519,0.00031913927882907915,6.256204841172566e-17,diagnostic_only_not_theorem_gate,4a09b46da042bd99120c3c23c0cc81b0e6b3f33dd2de64fa567151fb2cf15c72,2f4b8aa5a0edfdafeadf5c67ac561b97ec266443615d65a715c735eac6203ef6,169421e73b25e00e379d0a24e476d5f26da19186f48a179e3a8bf83ce889b3b8
alpha^11,1.423534171157875,0.008798528035942974,0.00032186971433241534,6.135415070421038e-17,diagnostic_only_not_theorem_gate,4a09b46da042bd99120c3c23c0cc81b0e6b3f33dd2de64fa567151fb2cf15c72,2f4b8aa5a0edfdafeadf5c67ac561b97ec266443615d65a715c735eac6203ef6,169421e73b25e00e379d0a24e476d5f26da19186f48a179e3a8bf83ce889b3b8
alpha^11,1.4726215563702154,0.008782677126847075,0.00032382473750146735,6.017485892372544e-17,diagnostic_only_not_theorem_gate,4a09b46da042bd99120c3c23c0cc81b0e6b3f33dd2de64fa567151fb2cf15c72,2f4b8aa5a0edfdafeadf5c67ac561b97ec266443615d65a715c735eac6203ef6,169421e73b25e00e379d0a24e476d5f26da19186f48a179e3a8bf83ce889b3b8
alpha^11,1.521708941582556,0.008766749382425207,0.00032499963851418133,5.857423827991913e-17,diagnostic_only_not_theorem_gate,4a09b46da042bd99120c3c23c0cc81b0e6b3f33dd2de64fa567151fb2cf15c72,2f4b8aa5a0edfdafeadf5c67ac561b97ec266443615d65a715c735eac6203ef6,169421e73b25e00e379d0a24e476d5f26da19186f48a179e3a8bf83ce889b3b8
alpha^11,1.5707963267948966,0.00875078317400879,0.0003253915869311083,5.762495203056572e-17,diagnostic_only_not_theorem_gate,4a09b46da042bd99120c3c23c0cc81b0e6b3f33dd2de64fa567151fb2cf15c72,2f4b8aa5a0edfdafeadf5c67ac561b97ec266443615d65a715c735eac6203ef6,169421e73b25e00e379d0a24e476d5f26da19186f48a179e3a8bf83ce889b3b8
alpha^11,1.6198837120072371,0.008734816965592373,0.00032499963851418133,5.598598933787703e-17,diagnostic_only_not_theorem_gate,4a09b46da042bd99120c3c23c0cc81b0e6b3f33dd2de64fa567151fb2cf15c72,2f4b8aa5a0edfdafeadf5c67ac561b97ec266443615d65a715c735eac6203ef6,169421e73b25e00e379d0a24e476d5f26da19186f48a179e3a8bf83ce889b3b8
alpha^11,1.6689710972195777,0.008718889221170504,0.0003238247375014674,5.444467114354371e-17,diagnostic_only_not_theorem_gate,4a09b46da042bd99120c3c23c0cc81b0e6b3f33dd2de64fa567151fb2cf15c72,2f4b8aa5a0edfdafeadf5c67ac561b97ec266443615d65a715c735eac6203ef6,169421e73b25e00e379d0a24e476d5f26da19186f48a179e3a8bf83ce889b3b8
alpha^11,1.718058482431918,0.008703038312074605,0.00032186971433241534,5.33773558287732e-17,diagnostic_only_not_theorem_gate,4a09b46da042bd99120c3c23c0cc81b0e6b3f33dd2de64fa567151fb2cf15c72,2f4b8aa5a0edfdafeadf5c67ac561b97ec266443615d65a715c735eac6203ef6,169421e73b25e00e379d0a24e476d5f26da19186f48a179e3a8bf83ce889b3b8
alpha^11,1.7671458676442586,0.00868730242453306,0.00031913927882907915,5.1994512916996203e-17,diagnostic_only_not_theorem_gate,4a09b46da042bd99120c3c23c0cc81b0e6b3f33dd2de64fa567151fb2cf15c72,2f4b8aa5a0edfdafeadf5c67ac561b97ec266443615d65a715c735eac6203ef6,169421e73b25e00e379d0a24e476d5f26da19186f48a179e3a8bf83ce889b3b8
alpha^11,1.8162332528565992,0.008671719467677261,0.00031564000884974435,5.065769948689962e-17,diagnostic_only_not_theorem_gate,4a09b46da042bd99120c3c23c0cc81b0e6b3f33dd2de64fa567151fb2cf15c72,2f4b8aa5a0edfdafeadf5c67ac561b97ec266443615d65a715c735eac6203ef6,169421e73b25e00e379d0a24e476d5f26da19186f48a179e3a8bf83ce889b3b8
alpha^11,1.8653206380689396,0.008656326982215176,0.000311380334442291,4.8865449639334654e-17,diagnostic_only_not_theorem_gate,4a09b46da042bd99120c3c23c0cc81b0e6b3f33dd2de64fa567151fb2cf15c72,2f4b8aa5a0edfdafeadf5c67ac561b97ec266443615d65a715c735eac6203ef6,169421e73b25e00e379d0a24e476d5f26da19186f48a179e3a8bf83ce889b3b8
alpha^11,1.9144080232812801,0.008641162049992508,0.00030637051753547,4.770393290582042e-17,diagnostic_only_not_theorem_gate,4a09b46da042bd99120c3c23c0cc81b0e6b3f33dd2de64fa567151fb2cf15c72,2f4b8aa5a0edfdafeadf5c67ac561b97ec266443615d65a715c735eac6203ef6,169421e73b25e00e379d0a24e476d5f26da19186f48a179e3a8bf83ce889b3b8
alpha^11,1.9634954084936207,0.00862626120465927,0.000300622627217018,4.64846511821602e-17,diagnostic_only_not_theorem_gate,4a09b46da042bd99120c3c23c0cc81b0e6b3f33dd2de64fa567151fb2cf15c72,2f4b8aa5a0edfdafeadf5c67ac561b97ec266443615d65a715c735eac6203ef6,169421e73b25e00e379d0a24e476d5f26da19186f48a179e3a8bf83ce889b3b8
alpha^11,2.012582793705961,0.008611660343657032,0.00029415051065816806,4.506287301163781e-17,diagnostic_only_not_theorem_gate,4a09b46da042bd99120c3c23c0cc81b0e6b3f33dd2de64fa567151fb2cf15c72,2f4b8aa5a0edfdafeadf5c67ac561b97ec266443615d65a715c735eac6203ef6,169421e73b25e00e379d0a24e476d5f26da19186f48a179e3a8bf83ce889b3b8
alpha^11,2.061670178918302,0.008597394641738832,0.0002869697597546007,4.368863750935765e-17,diagnostic_only_not_theorem_gate,4a09b46da042bd99120c3c23c0cc81b0e6b3f33dd2de64fa567151fb2cf15c72,2f4b8aa5a0edfdafeadf5c67ac561b97ec266443615d65a715c735eac6203ef6,169421e73b25e00e379d0a24e476d5f26da19186f48a179e3a8bf83ce889b3b8
alpha^11,2.110757564130642,0.00858349846623012,0.0002790976735642022,4.2336464052875734e-17,diagnostic_only_not_theorem_gate,4a09b46da042bd99120c3c23c0cc81b0e6b3f33dd2de64fa567151fb2cf15c72,2f4b8aa5a0edfdafeadf5c67ac561b97ec266443615d65a715c735eac6203ef6,169421e73b25e00e379d0a24e476d5f26da19186f48a179e3a8bf83ce889b3b8
alpha^11,2.1598449493429825,0.008570005294234856,0.00027055321663211864,4.075440857606457e-17,diagnostic_only_not_theorem_gate,4a09b46da042bd99120c3c23c0cc81b0e6b3f33dd2de64fa567151fb2cf15c72,2f4b8aa5a0edfdafeadf5c67ac561b97ec266443615d65a715c735eac6203ef6,169421e73b25e00e379d0a24e476d5f26da19186f48a179e3a8bf83ce889b3b8
alpha^11,2.2089323345553233,0.00855694763198624,0.00026135697330350514,3.965311694939773e-17,diagnostic_only_not_theorem_gate,4a09b46da042bd99120c3c23c0cc81b0e6b3f33dd2de64fa567151fb2cf15c72,2f4b8aa5a0edfdafeadf5c67ac561b97ec266443615d65a715c735eac6203ef6,169421e73b25e00e379d0a24e476d5f26da19186f48a179e3a8bf83ce889b3b8
alpha^11,2.2580197197676637,0.008544356936536344,0.0002515310981340365,3.794153781872376e-17,diagnostic_only_not_theorem_gate,4a09b46da042bd99120c3c23c0cc81b0e6b3f33dd2de64fa567151fb2cf15c72,2f4b8aa5a0edfdafeadf5c67ac561b97ec266443615d65a715c735eac6203ef6,169421e73b25e00e379d0a24e476d5f26da19186f48a179e3a8bf83ce889b3b8
alpha^11,2.3071071049800045,0.008532263539973321,0.00024109926251764065,3.706549339257289e-17,diagnostic_only_not_theorem_gate,4a09b46da042bd99120c3c23c0cc81b0e6b3f33dd2de64fa567151fb2cf15c72,2f4b8aa5a0edfdafeadf5c67ac561b97ec266443615d65a715c735eac6203ef6,169421e73b25e00e379d0a24e476d5f26da19186f48a179e3a8bf83ce889b3b8
alpha^11,2.356194490192345,0.008520696576348751,0.00023008659766003865,3.5668485367069333e-17,diagnostic_only_not_theorem_gate,4a09b46da042bd99120c3c23c0cc81b0e6b3f33dd2de64fa567151fb2cf15c72,2f4b8aa5a0edfdafeadf5c67ac561b97ec266443615d65a715c735eac6203ef6,169421e73b25e00e379d0a24e476d5f26da19186f48a179e3a8bf83ce889b3b8
alpha^11,2.405281875404685,0.008509683911491149,0.00021851963403546784,3.42227308184895e-17,diagnostic_only_not_theorem_gate,4a09b46da042bd99120c3c23c0cc81b0e6b3f33dd2de64fa567151fb2cf15c72,2f4b8aa5a0edfdafeadf5c67ac561b97ec266443615d65a715c735eac6203ef6,169421e73b25e00e379d0a24e476d5f26da19186f48a179e3a8bf83ce889b3b8
alpha^11,2.454369260617026,0.008499252075874753,0.00020642623747244612,3.31318453373498e-17,diagnostic_only_not_theorem_gate,4a09b46da042bd99120c3c23c0cc81b0e6b3f33dd2de64fa567151fb2cf15c72,2f4b8aa5a0edfdafeadf5c67ac561b97ec266443615d65a715c735eac6203ef6,169421e73b25e00e379d0a24e476d5f26da19186f48a179e3a8bf83ce889b3b8
alpha^11,2.5034566458293663,0.008489426200705285,0.0001938355420225504,3.19669877155922e-17,diagnostic_only_not_theorem_gate,4a09b46da042bd99120c3c23c0cc81b0e6b3f33dd2de64fa567151fb2cf15c72,2f4b8aa5a0edfdafeadf5c67ac561b97ec266443615d65a715c735eac6203ef6,169421e73b25e00e379d0a24e476d5f26da19186f48a179e3a8bf83ce889b3b8
alpha^11,2.552544031041707,0.008480229957376672,0.00018077787977393395,3.113038727722137e-17,diagnostic_only_not_theorem_gate,4a09b46da042bd99120c3c23c0cc81b0e6b3f33dd2de64fa567151fb2cf15c72,2f4b8aa5a0edfdafeadf5c67ac561b97ec266443615d65a715c735eac6203ef6,169421e73b25e00e379d0a24e476d5f26da19186f48a179e3a8bf83ce889b3b8
alpha^11,2.6016314162540475,0.008471685500444588,0.00016728470777867006,2.971665572159251e-17,diagnostic_only_not_theorem_gate,4a09b46da042bd99120c3c23c0cc81b0e6b3f33dd2de64fa567151fb2cf15c72,2f4b8aa5a0edfdafeadf5c67ac561b97ec266443615d65a715c735eac6203ef6,169421e73b25e00e379d0a24e476d5f26da19186f48a179e3a8bf83ce889b3b8
alpha^11,2.650718801466388,0.008463813414254189,0.00015338853226995746,2.875069437933374e-17,diagnostic_only_not_theorem_gate,4a09b46da042bd99120c3c23c0cc81b0e6b3f33dd2de64fa567151fb2cf15c72,2f4b8aa5a0edfdafeadf5c67ac561b97ec266443615d65a715c735eac6203ef6,169421e73b25e00e379d0a24e476d5f26da19186f48a179e3a8bf83ce889b3b8
alpha^11,2.6998061866787286,0.008456632663350621,0.00013912283035175774,2.7945030025657976e-17,diagnostic_only_not_theorem_gate,4a09b46da042bd99120c3c23c0cc81b0e6b3f33dd2de64fa567151fb2cf15c72,2f4b8aa5a0edfdafeadf5c67ac561b97ec266443615d65a715c735eac6203ef6,169421e73b25e00e379d0a24e476d5f26da19186f48a179e3a8bf83ce889b3b8
alpha^11,2.748893571891069,0.008450160546791772,0.00012452196934952005,2.7225232241669457e-17,diagnostic_only_not_theorem_gate,4a09b46da042bd99120c3c23c0cc81b0e6b3f33dd2de64fa567151fb2cf15c72,2f4b8aa5a0edfdafeadf5c67ac561b97ec266443615d65a715c735eac6203ef6,169421e73b25e00e379d0a24e476d5f26da19186f48a179e3a8bf83ce889b3b8
alpha^11,2.7979809571034093,0.00844441265647332,0.00010962112401628299,2.6263607739163168e-17,diagnostic_only_not_theorem_gate,4a09b46da042bd99120c3c23c0cc81b0e6b3f33dd2de64fa567151fb2cf15c72,2f4b8aa5a0edfdafeadf5c67ac561b97ec266443615d65a715c735eac6203ef6,169421e73b25e00e379d0a24e476d5f26da19186f48a179e3a8bf83ce889b3b8
alpha^11,2.84706834231575,0.008439402839566498,9.44561917936141e-05,2.5458332215698536e-17,diagnostic_only_not_theorem_gate,4a09b46da042bd99120c3c23c0cc81b0e6b3f33dd2de64fa567151fb2cf15c72,2f4b8aa5a0edfdafeadf5c67ac561b97ec266443615d65a715c735eac6203ef6,169421e73b25e00e379d0a24e476d5f26da19186f48a179e3a8bf83ce889b3b8
alpha^11,2.8961557275280905,0.008435143165159045,7.906370633152927e-05,2.4915598192737185e-17,diagnostic_only_not_theorem_gate,4a09b46da042bd99120c3c23c0cc81b0e6b3f33dd2de64fa567151fb2cf15c72,2f4b8aa5a0edfdafeadf5c67ac561b97ec266443615d65a715c735eac6203ef6,169421e73b25e00e379d0a24e476d5f26da19186f48a179e3a8bf83ce889b3b8
alpha^11,2.945243112740431,0.00843164389517971,6.348074947572902e-05,2.4403530652000076e-17,diagnostic_only_not_theorem_gate,4a09b46da042bd99120c3c23c0cc81b0e6b3f33dd2de64fa567151fb2cf15c72,2f4b8aa5a0edfdafeadf5c67ac561b97ec266443615d65a715c735eac6203ef6,169421e73b25e00e379d0a24e476d5f26da19186f48a179e3a8bf83ce889b3b8
alpha^11,2.9943304979527716,0.008428913459676375,4.7744861934184625e-05,2.3902817506837352e-17,diagnostic_only_not_theorem_gate,4a09b46da042bd99120c3c23c0cc81b0e6b3f33dd2de64fa567151fb2cf15c72,2f4b8aa5a0edfdafeadf5c67ac561b97ec266443615d65a715c735eac6203ef6,169421e73b25e00e379d0a24e476d5f26da19186f48a179e3a8bf83ce889b3b8
alpha^11,3.043417883165112,0.008426958436507322,3.189395283828493e-05,2.4039506747321696e-17,diagnostic_only_not_theorem_gate,4a09b46da042bd99120c3c23c0cc81b0e6b3f33dd2de64fa567151fb2cf15c72,2f4b8aa5a0edfdafeadf5c67ac561b97ec266443615d65a715c735eac6203ef6,169421e73b25e00e379d0a24e476d5f26da19186f48a179e3a8bf83ce889b3b8
alpha^11,3.0925052683774528,0.008425783535494608,1.5966208416417333e-05,2.3371726879222703e-17,diagnostic_only_not_theorem_gate,4a09b46da042bd99120c3c23c0cc81b0e6b3f33dd2de64fa567151fb2cf15c72,2f4b8aa5a0edfdafeadf5c67ac561b97ec266443615d65a715c735eac6203ef6,169421e73b25e00e379d0a24e476d5f26da19186f48a179e3a8bf83ce889b3b8
alpha^11,3.141592653589793,0.008425391587077682,3.9848976540465946e-20,2.3727201795060356e-17,diagnostic_only_not_theorem_gate,4a09b46da042bd99120c3c23c0cc81b0e6b3f33dd2de64fa567151fb2cf15c72,2f4b8aa5a0edfdafeadf5c67ac561b97ec266443615d65a715c735eac6203ef6,169421e73b25e00e379d0a24e476d5f26da19186f48a179e3a8bf83ce889b3b8
alpha^11,3.1906800388021335,0.008425783535494608,-1.5966208416417255e-05,2.3743939083713155e-17,diagnostic_only_not_theorem_gate,4a09b46da042bd99120c3c23c0cc81b0e6b3f33dd2de64fa567151fb2cf15c72,2f4b8aa5a0edfdafeadf5c67ac561b97ec266443615d65a715c735eac6203ef6,169421e73b25e00e379d0a24e476d5f26da19186f48a179e3a8bf83ce889b3b8
alpha^11,3.2397674240144743,0.008426958436507322,-3.189395283828485e-05,2.3760016558665014e-17,diagnostic_only_not_theorem_gate,4a09b46da042bd99120c3c23c0cc81b0e6b3f33dd2de64fa567151fb2cf15c72,2f4b8aa5a0edfdafeadf5c67ac561b97ec266443615d65a715c735eac6203ef6,169421e73b25e00e379d0a24e476d5f26da19186f48a179e3a8bf83ce889b3b8
alpha^11,3.2888548092268146,0.008428913459676375,-4.774486193418455e-05,2.401446789001068e-17,diagnostic_only_not_theorem_gate,4a09b46da042bd99120c3c23c0cc81b0e6b3f33dd2de64fa567151fb2cf15c72,2f4b8aa5a0edfdafeadf5c67ac561b97ec266443615d65a715c735eac6203ef6,169421e73b25e00e379d0a24e476d5f26da19186f48a179e3a8bf83ce889b3b8
alpha^11,3.3379421944391554,0.00843164389517971,-6.348074947572894e-05,2.4503235817936775e-17,diagnostic_only_not_theorem_gate,4a09b46da042bd99120c3c23c0cc81b0e6b3f33dd2de64fa567151fb2cf15c72,2f4b8aa5a0edfdafeadf5c67ac561b97ec266443615d65a715c735eac6203ef6,169421e73b25e00e379d0a24e476d5f26da19186f48a179e3a8bf83ce889b3b8
alpha^11,3.3870295796514958,0.008435143165159045,-7.90637063315292e-05,2.485129294796813e-17,diagnostic_only_not_theorem_gate,4a09b46da042bd99120c3c23c0cc81b0e6b3f33dd2de64fa567151fb2cf15c72,2f4b8aa5a0edfdafeadf5c67ac561b97ec266443615d65a715c735eac6203ef6,169421e73b25e00e379d0a24e476d5f26da19186f48a179e3a8bf83ce889b3b8
alpha^11,3.436116964863836,0.008439402839566498,-9.445619179361402e-05,2.543523070953958e-17,diagnostic_only_not_theorem_gate,4a09b46da042bd99120c3c23c0cc81b0e6b3f33dd2de64fa567151fb2cf15c72,2f4b8aa5a0edfdafeadf5c67ac561b97ec266443615d65a715c735eac6203ef6,169421e73b25e00e379d0a24e476d5f26da19186f48a179e3a8bf83ce889b3b8
alpha^11,3.485204350076177,0.00844441265647332,-0.0001096211240162829,2.640683502343242e-17,diagnostic_only_not_theorem_gate,4a09b46da042bd99120c3c23c0cc81b0e6b3f33dd2de64fa567151fb2cf15c72,2f4b8aa5a0edfdafeadf5c67ac561b97ec266443615d65a715c735eac6203ef6,169421e73b25e00e379d0a24e476d5f26da19186f48a179e3a8bf83ce889b3b8
alpha^11,3.5342917352885173,0.008450160546791772,-0.00012452196934951997,2.708478061040993e-17,diagnostic_only_not_theorem_gate,4a09b46da042bd99120c3c23c0cc81b0e6b3f33dd2de64fa567151fb2cf15c72,2f4b8aa5a0edfdafeadf5c67ac561b97ec266443615d65a715c735eac6203ef6,169421e73b25e00e379d0a24e476d5f26da19186f48a179e3a8bf83ce889b3b8
alpha^11,3.5833791205008576,0.008456632663350621,-0.00013912283035175766,2.786645702212325e-17,diagnostic_only_not_theorem_gate,4a09b46da042bd99120c3c23c0cc81b0e6b3f33dd2de64fa567151fb2cf15c72,2f4b8aa5a0edfdafeadf5c67ac561b97ec266443615d65a715c735eac6203ef6,169421e73b25e00e379d0a24e476d5f26da19186f48a179e3a8bf83ce889b3b8
alpha^11,3.6324665057131984,0.008463813414254189,-0.00015338853226995737,2.886688090157798e-17,diagnostic_only_not_theorem_gate,4a09b46da042bd99120c3c23c0cc81b0e6b3f33dd2de64fa567151fb2cf15c72,2f4b8aa5a0edfdafeadf5c67ac561b97ec266443615d65a715c735eac6203ef6,169421e73b25e00e379d0a24e476d5f26da19186f48a179e3a8bf83ce889b3b8
alpha^11,3.6815538909255388,0.008471685500444588,-0.00016728470777866998,2.989593212020337e-17,diagnostic_only_not_theorem_gate,4a09b46da042bd99120c3c23c0cc81b0e6b3f33dd2de64fa567151fb2cf15c72,2f4b8aa5a0edfdafeadf5c67ac561b97ec266443615d65a715c735eac6203ef6,169421e73b25e00e379d0a24e476d5f26da19186f48a179e3a8bf83ce889b3b8
alpha^11,3.730641276137879,0.008480229957376672,-0.0001807778797739339,3.101537033732144e-17,diagnostic_only_not_theorem_gate,4a09b46da042bd99120c3c23c0cc81b0e6b3f33dd2de64fa567151fb2cf15c72,2f4b8aa5a0edfdafeadf5c67ac561b97ec266443615d65a715c735eac6203ef6,169421e73b25e00e379d0a24e476d5f26da19186f48a179e3a8bf83ce889b3b8
alpha^11,3.77972866135022,0.008489426200705285,-0.00019383554202255033,3.2040611606585757e-17,diagnostic_only_not_theorem_gate,4a09b46da042bd99120c3c23c0cc81b0e6b3f33dd2de64fa567151fb2cf15c72,2f4b8aa5a0edfdafeadf5c67ac561b97ec266443615d65a715c735eac6203ef6,169421e73b25e00e379d0a24e476d5f26da19186f48a179e3a8bf83ce889b3b8
alpha^11,3.8288160465625602,0.008499252075874753,-0.00020642623747244606,3.322961761508469e-17,diagnostic_only_not_theorem_gate,4a09b46da042bd99120c3c23c0cc81b0e6b3f33dd2de64fa567151fb2cf15c72,2f4b8aa5a0edfdafeadf5c67ac561b97ec266443615d65a715c735eac6203ef6,169421e73b25e00e379d0a24e476d5f26da19186f48a179e3a8bf83ce889b3b8
alpha^11,3.877903431774901,0.008509683911491149,-0.00021851963403546782,3.4403759218214755e-17,diagnostic_only_not_theorem_gate,4a09b46da042bd99120c3c23c0cc81b0e6b3f33dd2de64fa567151fb2cf15c72,2f4b8aa5a0edfdafeadf5c67ac561b97ec266443615d65a715c735eac6203ef6,169421e73b25e00e379d0a24e476d5f26da19186f48a179e3a8bf83ce889b3b8
alpha^11,3.9269908169872414,0.008520696576348751,-0.00023008659766003863,3.548950932948671e-17,diagnostic_only_not_theorem_gate,4a09b46da042bd99120c3c23c0cc81b0e6b3f33dd2de64fa567151fb2cf15c72,2f4b8aa5a0edfdafeadf5c67ac561b97ec266443615d65a715c735eac6203ef6,169421e73b25e00e379d0a24e476d5f26da19186f48a179e3a8bf83ce889b3b8
alpha^11,3.9760782021995817,0.008532263539973321,-0.00024109926251764062,3.673370804198142e-17,diagnostic_only_not_theorem_gate,4a09b46da042bd99120c3c23c0cc81b0e6b3f33dd2de64fa567151fb2cf15c72,2f4b8aa5a0edfdafeadf5c67ac561b97ec266443615d65a715c735eac6203ef6,169421e73b25e00e379d0a24e476d5f26da19186f48a179e3a8bf83ce889b3b8
alpha^11,4.025165587411922,0.008544356936536343,-0.00025153109813403637,3.8306656463339264e-17,diagnostic_only_not_theorem_gate,4a09b46da042bd99120c3c23c0cc81b0e6b3f33dd2de64fa567151fb2cf15c72,2f4b8aa5a0edfdafeadf5c67ac561b97ec266443615d65a715c735eac6203ef6,169421e73b25e00e379d0a24e476d5f26da19186f48a179e3a8bf83ce889b3b8
alpha^11,4.074252972624263,0.00855694763198624,-0.0002613569733035052,3.934570418136467e-17,diagnostic_only_not_theorem_gate,4a09b46da042bd99120c3c23c0cc81b0e6b3f33dd2de64fa567151fb2cf15c72,2f4b8aa5a0edfdafeadf5c67ac561b97ec266443615d65a715c735eac6203ef6,169421e73b25e00e379d0a24e476d5f26da19186f48a179e3a8bf83ce889b3b8
alpha^11,4.123340357836604,0.008570005294234856,-0.00027055321663211853,4.078260743971943e-17,diagnostic_only_not_theorem_gate,4a09b46da042bd99120c3c23c0cc81b0e6b3f33dd2de64fa567151fb2cf15c72,2f4b8aa5a0edfdafeadf5c67ac561b97ec266443615d65a715c735eac6203ef6,169421e73b25e00e379d0a24e476d5f26da19186f48a179e3a8bf83ce889b3b8
alpha^11,4.172427743048944,0.008583498466230119,-0.0002790976735642022,4.228037205197555e-17,diagnostic_only_not_theorem_gate,4a09b46da042bd99120c3c23c0cc81b0e6b3f33dd2de64fa567151fb2cf15c72,2f4b8aa5a0edfdafeadf5c67ac561b97ec266443615d65a715c735eac6203ef6,169421e73b25e00e379d0a24e476d5f26da19186f48a179e3a8bf83ce889b3b8
alpha^11,4.221515128261284,0.008597394641738832,-0.00028696975975460063,4.3551243823056665e-17,diagnostic_only_not_theorem_gate,4a09b46da042bd99120c3c23c0cc81b0e6b3f33dd2de64fa567151fb2cf15c72,2f4b8aa5a0edfdafeadf5c67ac561b97ec266443615d65a715c735eac6203ef6,169421e73b25e00e379d0a24e476d5f26da19186f48a179e3a8bf83ce889b3b8
alpha^11,4.270602513473625,0.008611660343657032,-0.00029415051065816795,4.475186921252042e-17,diagnostic_only_not_theorem_gate,4a09b46da042bd99120c3c23c0cc81b0e6b3f33dd2de64fa567151fb2cf15c72,2f4b8aa5a0edfdafeadf5c67ac561b97ec266443615d65a715c735eac6203ef6,169421e73b25e00e379d0a24e476d5f26da19186f48a179e3a8bf83ce889b3b8
alpha^11,4.319689898685965,0.00862626120465927,-0.00030062262721701797,4.644042311003777e-17,diagnostic_only_not_theorem_gate,4a09b46da042bd99120c3c23c0cc81b0e6b3f33dd2de64fa567151fb2cf15c72,2f4b8aa5a0edfdafeadf5c67ac561b97ec266443615d65a715c735eac6203ef6,169421e73b25e00e379d0a24e476d5f26da19186f48a179e3a8bf83ce889b3b8
alpha^11,4.368777283898306,0.008641162049992508,-0.00030637051753547,4.770393290582042e-17,diagnostic_only_not_theorem_gate,4a09b46da042bd99120c3c23c0cc81b0e6b3f33dd2de64fa567151fb2cf15c72,2f4b8aa5a0edfdafeadf5c67ac561b97ec266443615d65a715c735eac6203ef6,169421e73b25e00e379d0a24e476d5f26da19186f48a179e3a8bf83ce889b3b8
alpha^11,4.417864669110647,0.008656326982215176,-0.00031138033444229096,4.9097706649428483e-17,diagnostic_only_not_theorem_gate,4a09b46da042bd99120c3c23c0cc81b0e6b3f33dd2de64fa567151fb2cf15c72,2f4b8aa5a0edfdafeadf5c67ac561b97ec266443615d65a715c735eac6203ef6,169421e73b25e00e379d0a24e476d5f26da19186f48a179e3a8bf83ce889b3b8
alpha^11,4.466952054322987,0.008671719467677261,-0.00031564000884974435,5.065769948689962e-17,diagnostic_only_not_theorem_gate,4a09b46da042bd99120c3c23c0cc81b0e6b3f33dd2de64fa567151fb2cf15c72,2f4b8aa5a0edfdafeadf5c67ac561b97ec266443615d65a715c735eac6203ef6,169421e73b25e00e379d0a24e476d5f26da19186f48a179e3a8bf83ce889b3b8
alpha^11,4.516039439535327,0.00868730242453306,-0.00031913927882907915,5.1994512916996203e-17,diagnostic_only_not_theorem_gate,4a09b46da042bd99120c3c23c0cc81b0e6b3f33dd2de64fa567151fb2cf15c72,2f4b8aa5a0edfdafeadf5c67ac561b97ec266443615d65a715c735eac6203ef6,169421e73b25e00e379d0a24e476d5f26da19186f48a179e3a8bf83ce889b3b8
alpha^11,4.565126824747668,0.008703038312074605,-0.0003218697143324153,5.323920603293015e-17,diagnostic_only_not_theorem_gate,4a09b46da042bd99120c3c23c0cc81b0e6b3f33dd2de64fa567151fb2cf15c72,2f4b8aa5a0edfdafeadf5c67ac561b97ec266443615d65a715c735eac6203ef6,169421e73b25e00e379d0a24e476d5f26da19186f48a179e3a8bf83ce889b3b8
alpha^11,4.614214209960009,0.008718889221170504,-0.0003238247375014674,5.444467114354371e-17,diagnostic_only_not_theorem_gate,4a09b46da042bd99120c3c23c0cc81b0e6b3f33dd2de64fa567151fb2cf15c72,2f4b8aa5a0edfdafeadf5c67ac561b97ec266443615d65a715c735eac6203ef6,169421e73b25e00e379d0a24e476d5f26da19186f48a179e3a8bf83ce889b3b8
alpha^11,4.663301595172349,0.008734816965592373,-0.00032499963851418133,5.598598933787703e-17,diagnostic_only_not_theorem_gate,4a09b46da042bd99120c3c23c0cc81b0e6b3f33dd2de64fa567151fb2cf15c72,2f4b8aa5a0edfdafeadf5c67ac561b97ec266443615d65a715c735eac6203ef6,169421e73b25e00e379d0a24e476d5f26da19186f48a179e3a8bf83ce889b3b8
alpha^11,4.71238898038469,0.00875078317400879,-0.0003253915869311083,5.762495203056572e-17,diagnostic_only_not_theorem_gate,4a09b46da042bd99120c3c23c0cc81b0e6b3f33dd2de64fa567151fb2cf15c72,2f4b8aa5a0edfdafeadf5c67ac561b97ec266443615d65a715c735eac6203ef6,169421e73b25e00e379d0a24e476d5f26da19186f48a179e3a8bf83ce889b3b8
alpha^11,4.76147636559703,0.008766749382425207,-0.00032499963851418133,5.857423827991913e-17,diagnostic_only_not_theorem_gate,4a09b46da042bd99120c3c23c0cc81b0e6b3f33dd2de64fa567151fb2cf15c72,2f4b8aa5a0edfdafeadf5c67ac561b97ec266443615d65a715c735eac6203ef6,169421e73b25e00e379d0a24e476d5f26da19186f48a179e3a8bf83ce889b3b8
alpha^11,4.81056375080937,0.008782677126847074,-0.0003238247375014674,6.010913559794023e-17,diagnostic_only_not_theorem_gate,4a09b46da042bd99120c3c23c0cc81b0e6b3f33dd2de64fa567151fb2cf15c72,2f4b8aa5a0edfdafeadf5c67ac561b97ec266443615d65a715c735eac6203ef6,169421e73b25e00e379d0a24e476d5f26da19186f48a179e3a8bf83ce889b3b8
alpha^11,4.859651136021712,0.008798528035942974,-0.0003218697143324153,6.125589251277854e-17,diagnostic_only_not_theorem_gate,4a09b46da042bd99120c3c23c0cc81b0e6b3f33dd2de64fa567151fb2cf15c72,2f4b8aa5a0edfdafeadf5c67ac561b97ec266443615d65a715c735eac6203ef6,169421e73b25e00e379d0a24e476d5f26da19186f48a179e3a8bf83ce889b3b8
alpha^11,4.908738521234052,0.008814263923484519,-0.00031913927882907915,6.256204841172566e-17,diagnostic_only_not_theorem_gate,4a09b46da042bd99120c3c23c0cc81b0e6b3f33dd2de64fa567151fb2cf15c72,2f4b8aa5a0edfdafeadf5c67ac561b97ec266443615d65a715c735eac6203ef6,169421e73b25e00e379d0a24e476d5f26da19186f48a179e3a8bf83ce889b3b8
alpha^11,4.957825906446392,0.008829846880340319,-0.00031564000884974435,6.389689427965089e-17,diagnostic_only_not_theorem_gate,4a09b46da042bd99120c3c23c0cc81b0e6b3f33dd2de64fa567151fb2cf15c72,2f4b8aa5a0edfdafeadf5c67ac561b97ec266443615d65a715c735eac6203ef6,169421e73b25e00e379d0a24e476d5f26da19186f48a179e3a8bf83ce889b3b8
alpha^11,5.006913291658733,0.008845239365802404,-0.000311380334442291,6.510542832761505e-17,diagnostic_only_not_theorem_gate,4a09b46da042bd99120c3c23c0cc81b0e6b3f33dd2de64fa567151fb2cf15c72,2f4b8aa5a0edfdafeadf5c67ac561b97ec266443615d65a715c735eac6203ef6,169421e73b25e00e379d0a24e476d5f26da19186f48a179e3a8bf83ce889b3b8
alpha^11,5.056000676871073,0.008860404298025072,-0.00030637051753547003,6.646036486876904e-17,diagnostic_only_not_theorem_gate,4a09b46da042bd99120c3c23c0cc81b0e6b3f33dd2de64fa567151fb2cf15c72,2f4b8aa5a0edfdafeadf5c67ac561b97ec266443615d65a715c735eac6203ef6,169421e73b25e00e379d0a24e476d5f26da19186f48a179e3a8bf83ce889b3b8
alpha^11,5.105088062083414,0.00887530514335831,-0.000300622627217018,6.749819110898023e-17,diagnostic_only_not_theorem_gate,4a09b46da042bd99120c3c23c0cc81b0e6b3f33dd2de64fa567151fb2cf15c72,2f4b8aa5a0edfdafeadf5c67ac561b97ec266443615d65a715c735eac6203ef6,169421e73b25e00e379d0a24e476d5f26da19186f48a179e3a8bf83ce889b3b8
alpha^11,5.154175447295755,0.008889906004360548,-0.000294150510658168,6.8476890018571e-17,diagnostic_only_not_theorem_gate,4a09b46da042bd99120c3c23c0cc81b0e6b3f33dd2de64fa567151fb2cf15c72,2f4b8aa5a0edfdafeadf5c67ac561b97ec266443615d65a715c735eac6203ef6,169421e73b25e00e379d0a24e476d5f26da19186f48a179e3a8bf83ce889b3b8
alpha^11,5.203262832508095,0.008904171706278748,-0.0002869697597546007,6.965894528950514e-17,diagnostic_only_not_theorem_gate,4a09b46da042bd99120c3c23c0cc81b0e6b3f33dd2de64fa567151fb2cf15c72,2f4b8aa5a0edfdafeadf5c67ac561b97ec266443615d65a715c735eac6203ef6,169421e73b25e00e379d0a24e476d5f26da19186f48a179e3a8bf83ce889b3b8
alpha^11,5.252350217720435,0.008918067881787459,-0.00027909767356420226,7.086992663150245e-17,diagnostic_only_not_theorem_gate,4a09b46da042bd99120c3c23c0cc81b0e6b3f33dd2de64fa567151fb2cf15c72,2f4b8aa5a0edfdafeadf5c67ac561b97ec266443615d65a715c735eac6203ef6,169421e73b25e00e379d0a24e476d5f26da19186f48a179e3a8bf83ce889b3b8
alpha^11,5.301437602932776,0.008931561053782724,-0.00027055321663211864,7.188159051039772e-17,diagnostic_only_not_theorem_gate,4a09b46da042bd99120c3c23c0cc81b0e6b3f33dd2de64fa567151fb2cf15c72,2f4b8aa5a0edfdafeadf5c67ac561b97ec266443615d65a715c735eac6203ef6,169421e73b25e00e379d0a24e476d5f26da19186f48a179e3a8bf83ce889b3b8
alpha^11,5.350524988145116,0.00894461871603134,-0.00026135697330350525,7.27789723013387e-17,diagnostic_only_not_theorem_gate,4a09b46da042bd99120c3c23c0cc81b0e6b3f33dd2de64fa567151fb2cf15c72,2f4b8aa5a0edfdafeadf5c67ac561b97ec266443615d65a715c735eac6203ef6,169421e73b25e00e379d0a24e476d5f26da19186f48a179e3a8bf83ce889b3b8
alpha^11,5.399612373357457,0.008957209411481235,-0.0002515310981340364,7.361902328350229e-17,diagnostic_only_not_theorem_gate,4a09b46da042bd99120c3c23c0cc81b0e6b3f33dd2de64fa567151fb2cf15c72,2f4b8aa5a0edfdafeadf5c67ac561b97ec266443615d65a715c735eac6203ef6,169421e73b25e00e379d0a24e476d5f26da19186f48a179e3a8bf83ce889b3b8
alpha^11,5.448699758569798,0.008969302808044258,-0.00024109926251764067,7.439337476828899e-17,diagnostic_only_not_theorem_gate,4a09b46da042bd99120c3c23c0cc81b0e6b3f33dd2de64fa567151fb2cf15c72,2f4b8aa5a0edfdafeadf5c67ac561b97ec266443615d65a715c735eac6203ef6,169421e73b25e00e379d0a24e476d5f26da19186f48a179e3a8bf83ce889b3b8
alpha^11,5.497787143782138,0.008980869771668828,-0.00023008659766003868,7.535820439892362e-17,diagnostic_only_not_theorem_gate,4a09b46da042bd99120c3c23c0cc81b0e6b3f33dd2de64fa567151fb2cf15c72,2f4b8aa5a0edfdafeadf5c67ac561b97ec266443615d65a715c735eac6203ef6,169421e73b25e00e379d0a24e476d5f26da19186f48a179e3a8bf83ce889b3b8
alpha^11,5.546874528994478,0.008991882436526431,-0.0002185196340354679,7.605000933930111e-17,diagnostic_only_not_theorem_gate,4a09b46da042bd99120c3c23c0cc81b0e6b3f33dd2de64fa567151fb2cf15c72,2f4b8aa5a0edfdafeadf5c67ac561b97ec266443615d65a715c735eac6203ef6,169421e73b25e00e379d0a24e476d5f26da19186f48a179e3a8bf83ce889b3b8
alpha^11,5.595961914206819,0.009002314272142826,-0.00020642623747244628,7.68030813003514e-17,diagnostic_only_not_theorem_gate,4a09b46da042bd99120c3c23c0cc81b0e6b3f33dd2de64fa567151fb2cf15c72,2f4b8aa5a0edfdafeadf5c67ac561b97ec266443615d65a715c735eac6203ef6,169421e73b25e00e379d0a24e476d5f26da19186f48a179e3a8bf83ce889b3b8
alpha^11,5.64504929941916,0.009012140147312294,-0.00019383554202255033,7.767258138321508e-17,diagnostic_only_not_theorem_gate,4a09b46da042bd99120c3c23c0cc81b0e6b3f33dd2de64fa567151fb2cf15c72,2f4b8aa5a0edfdafeadf5c67ac561b97ec266443615d65a715c735eac6203ef6,169421e73b25e00e379d0a24e476d5f26da19186f48a179e3a8bf83ce889b3b8
alpha^11,5.6941366846315,0.009021336390640908,-0.00018077787977393395,7.824187759922089e-17,diagnostic_only_not_theorem_gate,4a09b46da042bd99120c3c23c0cc81b0e6b3f33dd2de64fa567151fb2cf15c72,2f4b8aa5a0edfdafeadf5c67ac561b97ec266443615d65a715c735eac6203ef6,169421e73b25e00e379d0a24e476d5f26da19186f48a179e3a8bf83ce889b3b8
alpha^11,5.743224069843841,0.009029880847572992,-0.00016728470777867008,7.895019584771895e-17,diagnostic_only_not_theorem_gate,4a09b46da042bd99120c3c23c0cc81b0e6b3f33dd2de64fa567151fb2cf15c72,2f4b8aa5a0edfdafeadf5c67ac561b97ec266443615d65a715c735eac6203ef6,169421e73b25e00e379d0a24e476d5f26da19186f48a179e3a8bf83ce889b3b8
alpha^11,5.792311455056181,0.00903775293376339,-0.00015338853226995748,7.924316714921015e-17,diagnostic_only_not_theorem_gate,4a09b46da042bd99120c3c23c0cc81b0e6b3f33dd2de64fa567151fb2cf15c72,2f4b8aa5a0edfdafeadf5c67ac561b97ec266443615d65a715c735eac6203ef6,169421e73b25e00e379d0a24e476d5f26da19186f48a179e3a8bf83ce889b3b8
alpha^11,5.841398840268521,0.009044933684666958,-0.0001391228303517579,7.986867869179331e-17,diagnostic_only_not_theorem_gate,4a09b46da042bd99120c3c23c0cc81b0e6b3f33dd2de64fa567151fb2cf15c72,2f4b8aa5a0edfdafeadf5c67ac561b97ec266443615d65a715c735eac6203ef6,169421e73b25e00e379d0a24e476d5f26da19186f48a179e3a8bf83ce889b3b8
alpha^11,5.890486225480862,0.009051405801225808,-0.00012452196934952022,8.057044284766298e-17,diagnostic_only_not_theorem_gate,4a09b46da042bd99120c3c23c0cc81b0e6b3f33dd2de64fa567151fb2cf15c72,2f4b8aa5a0edfdafeadf5c67ac561b97ec266443615d65a715c735eac6203ef6,169421e73b25e00e379d0a24e476d5f26da19186f48a179e3a8bf83ce889b3b8
alpha^11,5.939573610693203,0.00905715369154426,-0.00010962112401628288,8.069660161155544e-17,diagnostic_only_not_theorem_gate,4a09b46da042bd99120c3c23c0cc81b0e6b3f33dd2de64fa567151fb2cf15c72,2f4b8aa5a0edfdafeadf5c67ac561b97ec266443615d65a715c735eac6203ef6,169421e73b25e00e379d0a24e476d5f26da19186f48a179e3a8bf83ce889b3b8
alpha^11,5.988660995905543,0.009062163508451081,-9.445619179361414e-05,8.112159763701217e-17,diagnostic_only_not_theorem_gate,4a09b46da042bd99120c3c23c0cc81b0e6b3f33dd2de64fa567151fb2cf15c72,2f4b8aa5a0edfdafeadf5c67ac561b97ec266443615d65a715c735eac6203ef6,169421e73b25e00e379d0a24e476d5f26da19186f48a179e3a8bf83ce889b3b8
alpha^11,6.037748381117884,0.009066423182858534,-7.906370633152932e-05,8.144298566761945e-17,diagnostic_only_not_theorem_gate,4a09b46da042bd99120c3c23c0cc81b0e6b3f33dd2de64fa567151fb2cf15c72,2f4b8aa5a0edfdafeadf5c67ac561b97ec266443615d65a715c735eac6203ef6,169421e73b25e00e379d0a24e476d5f26da19186f48a179e3a8bf83ce889b3b8
alpha^11,6.086835766330224,0.009069922452837869,-6.348074947572906e-05,8.160055905187737e-17,diagnostic_only_not_theorem_gate,4a09b46da042bd99120c3c23c0cc81b0e6b3f33dd2de64fa567151fb2cf15c72,2f4b8aa5a0edfdafeadf5c67ac561b97ec266443615d65a715c735eac6203ef6,169421e73b25e00e379d0a24e476d5f26da19186f48a179e3a8bf83ce889b3b8
alpha^11,6.135923151542564,0.009072652888341205,-4.7744861934184815e-05,8.20653883139498e-17,diagnostic_only_not_theorem_gate,4a09b46da042bd99120c3c23c0cc81b0e6b3f33dd2de64fa567151fb2cf15c72,2f4b8aa5a0edfdafeadf5c67ac561b97ec266443615d65a715c735eac6203ef6,169421e73b25e00e379d0a24e476d5f26da19186f48a179e3a8bf83ce889b3b8
alpha^11,6.1850105367549055,0.009074607911510258,-3.1893952838284823e-05,8.185686339103298e-17,diagnostic_only_not_theorem_gate,4a09b46da042bd99120c3c23c0cc81b0e6b3f33dd2de64fa567151fb2cf15c72,2f4b8aa5a0edfdafeadf5c67ac561b97ec266443615d65a715c735eac6203ef6,169421e73b25e00e379d0a24e476d5f26da19186f48a179e3a8bf83ce889b3b8
alpha^11,6.234097921967246,0.009075782812522972,-1.5966208416417374e-05,8.205172655002839e-17,diagnostic_only_not_theorem_gate,4a09b46da042bd99120c3c23c0cc81b0e6b3f33dd2de64fa567151fb2cf15c72,2f4b8aa5a0edfdafeadf5c67ac561b97ec266443615d65a715c735eac6203ef6,169421e73b25e00e379d0a24e476d5f26da19186f48a179e3a8bf83ce889b3b8
mu^4,0.0,0.008425391587211884,0.0,2.3409664110027168e-17,diagnostic_only_not_theorem_gate,4a09b46da042bd99120c3c23c0cc81b0e6b3f33dd2de64fa567151fb2cf15c72,2f4b8aa5a0edfdafeadf5c67ac561b97ec266443615d65a715c735eac6203ef6,169421e73b25e00e379d0a24e476d5f26da19186f48a179e3a8bf83ce889b3b8
mu^4,0.04908738521234052,0.008424999638794619,1.5966208430194344e-05,2.299768870994481e-17,diagnostic_only_not_theorem_gate,4a09b46da042bd99120c3c23c0cc81b0e6b3f33dd2de64fa567151fb2cf15c72,2f4b8aa5a0edfdafeadf5c67ac561b97ec266443615d65a715c735eac6203ef6,169421e73b25e00e379d0a24e476d5f26da19186f48a179e3a8bf83ce889b3b8
mu^4,0.09817477042468103,0.00842382473778089,3.189395286580566e-05,2.372140515709637e-17,diagnostic_only_not_theorem_gate,4a09b46da042bd99120c3c23c0cc81b0e6b3f33dd2de64fa567151fb2cf15c72,2f4b8aa5a0edfdafeadf5c67ac561b97ec266443615d65a715c735eac6203ef6,169421e73b25e00e379d0a24e476d5f26da19186f48a179e3a8bf83ce889b3b8
mu^4,0.14726215563702155,0.00842186971461015,4.774486197538291e-05,2.3934816818602673e-17,diagnostic_only_not_theorem_gate,4a09b46da042bd99120c3c23c0cc81b0e6b3f33dd2de64fa567151fb2cf15c72,2f4b8aa5a0edfdafeadf5c67ac561b97ec266443615d65a715c735eac6203ef6,169421e73b25e00e379d0a24e476d5f26da19186f48a179e3a8bf83ce889b3b8
mu^4,0.19634954084936207,0.008419139279104459,6.348074953050546e-05,2.425414335543763e-17,diagnostic_only_not_theorem_gate,4a09b46da042bd99120c3c23c0cc81b0e6b3f33dd2de64fa567151fb2cf15c72,2f4b8aa5a0edfdafeadf5c67ac561b97ec266443615d65a715c735eac6203ef6,169421e73b25e00e379d0a24e476d5f26da19186f48a179e3a8bf83ce889b3b8
mu^4,0.2454369260617026,0.008415640009122104,7.906370639975207e-05,2.4845342443729297e-17,diagnostic_only_not_theorem_gate,4a09b46da042bd99120c3c23c0cc81b0e6b3f33dd2de64fa567151fb2cf15c72,2f4b8aa5a0edfdafeadf5c67ac561b97ec266443615d65a715c735eac6203ef6,169421e73b25e00e379d0a24e476d5f26da19186f48a179e3a8bf83ce889b3b8
mu^4,0.2945243112740431,0.008411380334710976,9.445619187511888e-05,2.509926264785372e-17,diagnostic_only_not_theorem_gate,4a09b46da042bd99120c3c23c0cc81b0e6b3f33dd2de64fa567151fb2cf15c72,2f4b8aa5a0edfdafeadf5c67ac561b97ec266443615d65a715c735eac6203ef6,169421e73b25e00e379d0a24e476d5f26da19186f48a179e3a8bf83ce889b3b8
mu^4,0.3436116964863836,0.008406370517799832,0.00010962112411087328,2.579414567559431e-17,diagnostic_only_not_theorem_gate,4a09b46da042bd99120c3c23c0cc81b0e6b3f33dd2de64fa567151fb2cf15c72,2f4b8aa5a0edfdafeadf5c67ac561b97ec266443615d65a715c735eac6203ef6,169421e73b25e00e379d0a24e476d5f26da19186f48a179e3a8bf83ce889b3b8
mu^4,0.39269908169872414,0.00840062262747642,0.0001245219694569681,2.6638196445591897e-17,diagnostic_only_not_theorem_gate,4a09b46da042bd99120c3c23c0cc81b0e6b3f33dd2de64fa567151fb2cf15c72,2f4b8aa5a0edfdafeadf5c67ac561b97ec266443615d65a715c735eac6203ef6,169421e73b25e00e379d0a24e476d5f26da19186f48a179e3a8bf83ce889b3b8
mu^4,0.44178646691106466,0.008394150510911986,0.0001391228304718047,2.7329911248249674e-17,diagnostic_only_not_theorem_gate,4a09b46da042bd99120c3c23c0cc81b0e6b3f33dd2de64fa567151fb2cf15c72,2f4b8aa5a0edfdafeadf5c67ac561b97ec266443615d65a715c735eac6203ef6,169421e73b25e00e379d0a24e476d5f26da19186f48a179e3a8bf83ce889b3b8
mu^4,0.4908738521234052,0.008386969760002222,0.00015338853240231398,2.8101939098933497e-17,diagnostic_only_not_theorem_gate,4a09b46da042bd99120c3c23c0cc81b0e6b3f33dd2de64fa567151fb2cf15c72,2f4b8aa5a0edfdafeadf5c67ac561b97ec266443615d65a715c735eac6203ef6,169421e73b25e00e379d0a24e476d5f26da19186f48a179e3a8bf83ce889b3b8
mu^4,0.5399612373357456,0.008379097673805031,0.0001672847079230174,2.8999262873697006e-17,diagnostic_only_not_theorem_gate,4a09b46da042bd99120c3c23c0cc81b0e6b3f33dd2de64fa567151fb2cf15c72,2f4b8aa5a0edfdafeadf5c67ac561b97ec266443615d65a715c735eac6203ef6,169421e73b25e00e379d0a24e476d5f26da19186f48a179e3a8bf83ce889b3b8
mu^4,0.5890486225480862,0.008370553216865573,0.0001807778799299244,2.959468343627776e-17,diagnostic_only_not_theorem_gate,4a09b46da042bd99120c3c23c0cc81b0e6b3f33dd2de64fa567151fb2cf15c72,2f4b8aa5a0edfdafeadf5c67ac561b97ec266443615d65a715c735eac6203ef6,169421e73b25e00e379d0a24e476d5f26da19186f48a179e3a8bf83ce889b3b8
mu^4,0.6381360077604268,0.008361356973529025,0.00019383554218980808,3.054267879288594e-17,diagnostic_only_not_theorem_gate,4a09b46da042bd99120c3c23c0cc81b0e6b3f33dd2de64fa567151fb2cf15c72,2f4b8aa5a0edfdafeadf5c67ac561b97ec266443615d65a715c735eac6203ef6,169421e73b25e00e379d0a24e476d5f26da19186f48a179e3a8bf83ce889b3b8
mu^4,0.6872233929727672,0.008351531098351078,0.00020642623765056815,3.1285161204044737e-17,diagnostic_only_not_theorem_gate,4a09b46da042bd99120c3c23c0cc81b0e6b3f33dd2de64fa567151fb2cf15c72,2f4b8aa5a0edfdafeadf5c67ac561b97ec266443615d65a715c735eac6203ef6,169421e73b25e00e379d0a24e476d5f26da19186f48a179e3a8bf83ce889b3b8
mu^4,0.7363107781851077,0.008341099262725681,0.00021851963422402502,3.2275980410834433e-17,diagnostic_only_not_theorem_gate,4a09b46da042bd99120c3c23c0cc81b0e6b3f33dd2de64fa567151fb2cf15c72,2f4b8aa5a0edfdafeadf5c67ac561b97ec266443615d65a715c735eac6203ef6,169421e73b25e00e379d0a24e476d5f26da19186f48a179e3a8bf83ce889b3b8
mu^4,0.7853981633974483,0.008330086597858576,0.0002300865978585768,3.317393894153335e-17,diagnostic_only_not_theorem_gate,4a09b46da042bd99120c3c23c0cc81b0e6b3f33dd2de64fa567151fb2cf15c72,2f4b8aa5a0edfdafeadf5c67ac561b97ec266443615d65a715c735eac6203ef6,169421e73b25e00e379d0a24e476d5f26da19186f48a179e3a8bf83ce889b3b8
mu^4,0.8344855486097889,0.008318519634224024,0.00024109926272568153,3.403415142733416e-17,diagnostic_only_not_theorem_gate,4a09b46da042bd99120c3c23c0cc81b0e6b3f33dd2de64fa567151fb2cf15c72,2f4b8aa5a0edfdafeadf5c67ac561b97ec266443615d65a715c735eac6203ef6,169421e73b25e00e379d0a24e476d5f26da19186f48a179e3a8bf83ce889b3b8
mu^4,0.8835729338221293,0.008306426237650568,0.0002515310983510788,3.499566202789694e-17,diagnostic_only_not_theorem_gate,4a09b46da042bd99120c3c23c0cc81b0e6b3f33dd2de64fa567151fb2cf15c72,2f4b8aa5a0edfdafeadf5c67ac561b97ec266443615d65a715c735eac6203ef6,169421e73b25e00e379d0a24e476d5f26da19186f48a179e3a8bf83ce889b3b8
mu^4,0.9326603190344698,0.008293835542189808,0.000261356973529026,3.5813705429204916e-17,diagnostic_only_not_theorem_gate,4a09b46da042bd99120c3c23c0cc81b0e6b3f33dd2de64fa567151fb2cf15c72,2f4b8aa5a0edfdafeadf5c67ac561b97ec266443615d65a715c735eac6203ef6,169421e73b25e00e379d0a24e476d5f26da19186f48a179e3a8bf83ce889b3b8
mu^4,0.9817477042468103,0.008280777879929924,0.00027055321686557474,3.669982155209408e-17,diagnostic_only_not_theorem_gate,4a09b46da042bd99120c3c23c0cc81b0e6b3f33dd2de64fa567151fb2cf15c72,2f4b8aa5a0edfdafeadf5c67ac561b97ec266443615d65a715c735eac6203ef6,169421e73b25e00e379d0a24e476d5f26da19186f48a179e3a8bf83ce889b3b8
mu^4,1.030835089459151,0.008267284707923017,0.0002790976738050313,3.7536468189326815e-17,diagnostic_only_not_theorem_gate,4a09b46da042bd99120c3c23c0cc81b0e6b3f33dd2de64fa567151fb2cf15c72,2f4b8aa5a0edfdafeadf5c67ac561b97ec266443615d65a715c735eac6203ef6,169421e73b25e00e379d0a24e476d5f26da19186f48a179e3a8bf83ce889b3b8
mu^4,1.0799224746714913,0.008253388532402314,0.00028696976000222243,3.812129568362656e-17,diagnostic_only_not_theorem_gate,4a09b46da042bd99120c3c23c0cc81b0e6b3f33dd2de64fa567151fb2cf15c72,2f4b8aa5a0edfdafeadf5c67ac561b97ec266443615d65a715c735eac6203ef6,169421e73b25e00e379d0a24e476d5f26da19186f48a179e3a8bf83ce889b3b8
mu^4,1.1290098598838318,0.008239122830471804,0.00029415051091198597,3.898594237917116e-17,diagnostic_only_not_theorem_gate,4a09b46da042bd99120c3c23c0cc81b0e6b3f33dd2de64fa567151fb2cf15c72,2f4b8aa5a0edfdafeadf5c67ac561b97ec266443615d65a715c735eac6203ef6,169421e73b25e00e379d0a24e476d5f26da19186f48a179e3a8bf83ce889b3b8
mu^4,1.1780972450961724,0.008224521969456968,0.00030062262747642066,3.9785049966423515e-17,diagnostic_only_not_theorem_gate,4a09b46da042bd99120c3c23c0cc81b0e6b3f33dd2de64fa567151fb2cf15c72,2f4b8aa5a0edfdafeadf5c67ac561b97ec266443615d65a715c735eac6203ef6,169421e73b25e00e379d0a24e476d5f26da19186f48a179e3a8bf83ce889b3b8
mu^4,1.227184630308513,0.008209621124110873,0.0003063705177998324,4.057417120045188e-17,diagnostic_only_not_theorem_gate,4a09b46da042bd99120c3c23c0cc81b0e6b3f33dd2de64fa567151fb2cf15c72,2f4b8aa5a0edfdafeadf5c67ac561b97ec266443615d65a715c735eac6203ef6,169421e73b25e00e379d0a24e476d5f26da19186f48a179e3a8bf83ce889b3b8
mu^4,1.2762720155208536,0.00819445619187512,0.0003113803347109763,4.1205575015548353e-17,diagnostic_only_not_theorem_gate,4a09b46da042bd99120c3c23c0cc81b0e6b3f33dd2de64fa567151fb2cf15c72,2f4b8aa5a0edfdafeadf5c67ac561b97ec266443615d65a715c735eac6203ef6,169421e73b25e00e379d0a24e476d5f26da19186f48a179e3a8bf83ce889b3b8
mu^4,1.325359400733194,0.008179063706399751,0.00031564000912210526,4.186266904998604e-17,diagnostic_only_not_theorem_gate,4a09b46da042bd99120c3c23c0cc81b0e6b3f33dd2de64fa567151fb2cf15c72,2f4b8aa5a0edfdafeadf5c67ac561b97ec266443615d65a715c735eac6203ef6,169421e73b25e00e379d0a24e476d5f26da19186f48a179e3a8bf83ce889b3b8
mu^4,1.3744467859455345,0.008163480749530504,0.00031913927910445956,4.258283376751919e-17,diagnostic_only_not_theorem_gate,4a09b46da042bd99120c3c23c0cc81b0e6b3f33dd2de64fa567151fb2cf15c72,2f4b8aa5a0edfdafeadf5c67ac561b97ec266443615d65a715c735eac6203ef6,169421e73b25e00e379d0a24e476d5f26da19186f48a179e3a8bf83ce889b3b8
mu^4,1.423534171157875,0.008147744861975382,0.0003218697146101518,4.3220663413420835e-17,diagnostic_only_not_theorem_gate,4a09b46da042bd99120c3c23c0cc81b0e6b3f33dd2de64fa567151fb2cf15c72,2f4b8aa5a0edfdafeadf5c67ac561b97ec266443615d65a715c735eac6203ef6,169421e73b25e00e379d0a24e476d5f26da19186f48a179e3a8bf83ce889b3b8
mu^4,1.4726215563702154,0.008131893952865805,0.00032382473778089075,4.3777510023919154e-17,diagnostic_only_not_theorem_gate,4a09b46da042bd99120c3c23c0cc81b0e6b3f33dd2de64fa567151fb2cf15c72,2f4b8aa5a0edfdafeadf5c67ac561b97ec266443615d65a715c735eac6203ef6,169421e73b25e00e379d0a24e476d5f26da19186f48a179e3a8bf83ce889b3b8
mu^4,1.521708941582556,0.008115966208430194,0.0003249996387946185,4.415958515040764e-17,diagnostic_only_not_theorem_gate,4a09b46da042bd99120c3c23c0cc81b0e6b3f33dd2de64fa567151fb2cf15c72,2f4b8aa5a0edfdafeadf5c67ac561b97ec266443615d65a715c735eac6203ef6,169421e73b25e00e379d0a24e476d5f26da19186f48a179e3a8bf83ce889b3b8
mu^4,1.5707963267948966,0.0081,0.0003253915872118837,4.4859892019289e-17,diagnostic_only_not_theorem_gate,4a09b46da042bd99120c3c23c0cc81b0e6b3f33dd2de64fa567151fb2cf15c72,2f4b8aa5a0edfdafeadf5c67ac561b97ec266443615d65a715c735eac6203ef6,169421e73b25e00e379d0a24e476d5f26da19186f48a179e3a8bf83ce889b3b8
mu^4,1.6198837120072371,0.008084033791569805,0.0003249996387946185,4.536336970574027e-17,diagnostic_only_not_theorem_gate,4a09b46da042bd99120c3c23c0cc81b0e6b3f33dd2de64fa567151fb2cf15c72,2f4b8aa5a0edfdafeadf5c67ac561b97ec266443615d65a715c735eac6203ef6,169421e73b25e00e379d0a24e476d5f26da19186f48a179e3a8bf83ce889b3b8
mu^4,1.6689710972195777,0.008068106047134194,0.0003238247377808908,4.5660155616513054e-17,diagnostic_only_not_theorem_gate,4a09b46da042bd99120c3c23c0cc81b0e6b3f33dd2de64fa567151fb2cf15c72,2f4b8aa5a0edfdafeadf5c67ac561b97ec266443615d65a715c735eac6203ef6,169421e73b25e00e379d0a24e476d5f26da19186f48a179e3a8bf83ce889b3b8
mu^4,1.718058482431918,0.008052255138024617,0.0003218697146101518,4.611788703705807e-17,diagnostic_only_not_theorem_gate,4a09b46da042bd99120c3c23c0cc81b0e6b3f33dd2de64fa567151fb2cf15c72,2f4b8aa5a0edfdafeadf5c67ac561b97ec266443615d65a715c735eac6203ef6,169421e73b25e00e379d0a24e476d5f26da19186f48a179e3a8bf83ce889b3b8
mu^4,1.7671458676442586,0.008036519250469495,0.00031913927910445956,4.658731866321749e-17,diagnostic_only_not_theorem_gate,4a09b46da042bd99120c3c23c0cc81b0e6b3f33dd2de64fa567151fb2cf15c72,2f4b8aa5a0edfdafeadf5c67ac561b97ec266443615d65a715c735eac6203ef6,169421e73b25e00e379d0a24e476d5f26da19186f48a179e3a8bf83ce889b3b8
mu^4,1.8162332528565992,0.008020936293600248,0.00031564000912210526,4.681190236733076e-17,diagnostic_only_not_theorem_gate,4a09b46da042bd99120c3c23c0cc81b0e6b3f33dd2de64fa567151fb2cf15c72,2f4b8aa5a0edfdafeadf5c67ac561b97ec266443615d65a715c735eac6203ef6,169421e73b25e00e379d0a24e476d5f26da19186f48a179e3a8bf83ce889b3b8
mu^4,1.8653206380689396,0.00800554380812488,0.0003113803347109763,4.713734889979712e-17,diagnostic_only_not_theorem_gate,4a09b46da042bd99120c3c23c0cc81b0e6b3f33dd2de64fa567151fb2cf15c72,2f4b8aa5a0edfdafeadf5c67ac561b97ec266443615d65a715c735eac6203ef6,169421e73b25e00e379d0a24e476d5f26da19186f48a179e3a8bf83ce889b3b8
mu^4,1.9144080232812801,0.007990378875889126,0.0003063705177998324,4.749807475941212e-17,diagnostic_only_not_theorem_gate,4a09b46da042bd99120c3c23c0cc81b0e6b3f33dd2de64fa567151fb2cf15c72,2f4b8aa5a0edfdafeadf5c67ac561b97ec266443615d65a715c735eac6203ef6,169421e73b25e00e379d0a24e476d5f26da19186f48a179e3a8bf83ce889b3b8
mu^4,1.9634954084936207,0.007975478030543031,0.00030062262747642066,4.7711836139492776e-17,diagnostic_only_not_theorem_gate,4a09b46da042bd99120c3c23c0cc81b0e6b3f33dd2de64fa567151fb2cf15c72,2f4b8aa5a0edfdafeadf5c67ac561b97ec266443615d65a715c735eac6203ef6,169421e73b25e00e379d0a24e476d5f26da19186f48a179e3a8bf83ce889b3b8
mu^4,2.012582793705961,0.007960877169528195,0.000294150510911986,4.7862457422382605e-17,diagnostic_only_not_theorem_gate,4a09b46da042bd99120c3c23c0cc81b0e6b3f33dd2de64fa567151fb2cf15c72,2f4b8aa5a0edfdafeadf5c67ac561b97ec266443615d65a715c735eac6203ef6,169421e73b25e00e379d0a24e476d5f26da19186f48a179e3a8bf83ce889b3b8
mu^4,2.061670178918302,0.007946611467597686,0.0002869697600022225,4.799705283545867e-17,diagnostic_only_not_theorem_gate,4a09b46da042bd99120c3c23c0cc81b0e6b3f33dd2de64fa567151fb2cf15c72,2f4b8aa5a0edfdafeadf5c67ac561b97ec266443615d65a715c735eac6203ef6,169421e73b25e00e379d0a24e476d5f26da19186f48a179e3a8bf83ce889b3b8
mu^4,2.110757564130642,0.007932715292076982,0.0002790976738050313,4.8199860930033986e-17,diagnostic_only_not_theorem_gate,4a09b46da042bd99120c3c23c0cc81b0e6b3f33dd2de64fa567151fb2cf15c72,2f4b8aa5a0edfdafeadf5c67ac561b97ec266443615d65a715c735eac6203ef6,169421e73b25e00e379d0a24e476d5f26da19186f48a179e3a8bf83ce889b3b8
mu^4,2.1598449493429825,0.007919222120070075,0.00027055321686557485,4.859481053858035e-17,diagnostic_only_not_theorem_gate,4a09b46da042bd99120c3c23c0cc81b0e6b3f33dd2de64fa567151fb2cf15c72,2f4b8aa5a0edfdafeadf5c67ac561b97ec266443615d65a715c735eac6203ef6,169421e73b25e00e379d0a24e476d5f26da19186f48a179e3a8bf83ce889b3b8
mu^4,2.2089323345553233,0.007906164457810191,0.0002613569735290261,4.8695283936954747e-17,diagnostic_only_not_theorem_gate,4a09b46da042bd99120c3c23c0cc81b0e6b3f33dd2de64fa567151fb2cf15c72,2f4b8aa5a0edfdafeadf5c67ac561b97ec266443615d65a715c735eac6203ef6,169421e73b25e00e379d0a24e476d5f26da19186f48a179e3a8bf83ce889b3b8
mu^4,2.2580197197676637,0.007893573762349431,0.0002515310983510788,4.863270693832003e-17,diagnostic_only_not_theorem_gate,4a09b46da042bd99120c3c23c0cc81b0e6b3f33dd2de64fa567151fb2cf15c72,2f4b8aa5a0edfdafeadf5c67ac561b97ec266443615d65a715c735eac6203ef6,169421e73b25e00e379d0a24e476d5f26da19186f48a179e3a8bf83ce889b3b8
mu^4,2.3071071049800045,0.007881480365775975,0.0002410992627256815,4.883357379787746e-17,diagnostic_only_not_theorem_gate,4a09b46da042bd99120c3c23c0cc81b0e6b3f33dd2de64fa567151fb2cf15c72,2f4b8aa5a0edfdafeadf5c67ac561b97ec266443615d65a715c735eac6203ef6,169421e73b25e00e379d0a24e476d5f26da19186f48a179e3a8bf83ce889b3b8
mu^4,2.356194490192345,0.007869913402141424,0.00023008659785857683,4.887330315201222e-17,diagnostic_only_not_theorem_gate,4a09b46da042bd99120c3c23c0cc81b0e6b3f33dd2de64fa567151fb2cf15c72,2f4b8aa5a0edfdafeadf5c67ac561b97ec266443615d65a715c735eac6203ef6,169421e73b25e00e379d0a24e476d5f26da19186f48a179e3a8bf83ce889b3b8
mu^4,2.405281875404685,0.007858900737274318,0.0002185196342240251,4.9019428807145236e-17,diagnostic_only_not_theorem_gate,4a09b46da042bd99120c3c23c0cc81b0e6b3f33dd2de64fa567151fb2cf15c72,2f4b8aa5a0edfdafeadf5c67ac561b97ec266443615d65a715c735eac6203ef6,169421e73b25e00e379d0a24e476d5f26da19186f48a179e3a8bf83ce889b3b8
mu^4,2.454369260617026,0.007848468901648921,0.00020642623765056815,4.8963770598783136e-17,diagnostic_only_not_theorem_gate,4a09b46da042bd99120c3c23c0cc81b0e6b3f33dd2de64fa567151fb2cf15c72,2f4b8aa5a0edfdafeadf5c67ac561b97ec266443615d65a715c735eac6203ef6,169421e73b25e00e379d0a24e476d5f26da19186f48a179e3a8bf83ce889b3b8
mu^4,2.5034566458293663,0.007838643026470974,0.0001938355421898081,4.898056259021453e-17,diagnostic_only_not_theorem_gate,4a09b46da042bd99120c3c23c0cc81b0e6b3f33dd2de64fa567151fb2cf15c72,2f4b8aa5a0edfdafeadf5c67ac561b97ec266443615d65a715c735eac6203ef6,169421e73b25e00e379d0a24e476d5f26da19186f48a179e3a8bf83ce889b3b8
mu^4,2.552544031041707,0.007829446783134424,0.0001807778799299244,4.89580013897886e-17,diagnostic_only_not_theorem_gate,4a09b46da042bd99120c3c23c0cc81b0e6b3f33dd2de64fa567151fb2cf15c72,2f4b8aa5a0edfdafeadf5c67ac561b97ec266443615d65a715c735eac6203ef6,169421e73b25e00e379d0a24e476d5f26da19186f48a179e3a8bf83ce889b3b8
mu^4,2.6016314162540475,0.007820902326194968,0.00016728470792301745,4.896441748298145e-17,diagnostic_only_not_theorem_gate,4a09b46da042bd99120c3c23c0cc81b0e6b3f33dd2de64fa567151fb2cf15c72,2f4b8aa5a0edfdafeadf5c67ac561b97ec266443615d65a715c735eac6203ef6,169421e73b25e00e379d0a24e476d5f26da19186f48a179e3a8bf83ce889b3b8
mu^4,2.650718801466388,0.007813030239997777,0.00015338853240231406,4.9168475112705257e-17,diagnostic_only_not_theorem_gate,4a09b46da042bd99120c3c23c0cc81b0e6b3f33dd2de64fa567151fb2cf15c72,2f4b8aa5a0edfdafeadf5c67ac561b97ec266443615d65a715c735eac6203ef6,169421e73b25e00e379d0a24e476d5f26da19186f48a179e3a8bf83ce889b3b8
mu^4,2.6998061866787286,0.007805849489088013,0.0001391228304718047,4.925204758287643e-17,diagnostic_only_not_theorem_gate,4a09b46da042bd99120c3c23c0cc81b0e6b3f33dd2de64fa567151fb2cf15c72,2f4b8aa5a0edfdafeadf5c67ac561b97ec266443615d65a715c735eac6203ef6,169421e73b25e00e379d0a24e476d5f26da19186f48a179e3a8bf83ce889b3b8
mu^4,2.748893571891069,0.0077993773725235785,0.00012452196945696815,4.92184130090101e-17,diagnostic_only_not_theorem_gate,4a09b46da042bd99120c3c23c0cc81b0e6b3f33dd2de64fa567151fb2cf15c72,2f4b8aa5a0edfdafeadf5c67ac561b97ec266443615d65a715c735eac6203ef6,169421e73b25e00e379d0a24e476d5f26da19186f48a179e3a8bf83ce889b3b8
mu^4,2.7979809571034093,0.007793629482200167,0.00010962112411087337,4.9183853553098027e-17,diagnostic_only_not_theorem_gate,4a09b46da042bd99120c3c23c0cc81b0e6b3f33dd2de64fa567151fb2cf15c72,2f4b8aa5a0edfdafeadf5c67ac561b97ec266443615d65a715c735eac6203ef6,169421e73b25e00e379d0a24e476d5f26da19186f48a179e3a8bf83ce889b3b8
mu^4,2.84706834231575,0.007788619665289024,9.445619187511891e-05,4.913598807967848e-17,diagnostic_only_not_theorem_gate,4a09b46da042bd99120c3c23c0cc81b0e6b3f33dd2de64fa567151fb2cf15c72,2f4b8aa5a0edfdafeadf5c67ac561b97ec266443615d65a715c735eac6203ef6,169421e73b25e00e379d0a24e476d5f26da19186f48a179e3a8bf83ce889b3b8
mu^4,2.8961557275280905,0.007784359990877895,7.906370639975214e-05,4.914829439393725e-17,diagnostic_only_not_theorem_gate,4a09b46da042bd99120c3c23c0cc81b0e6b3f33dd2de64fa567151fb2cf15c72,2f4b8aa5a0edfdafeadf5c67ac561b97ec266443615d65a715c735eac6203ef6,169421e73b25e00e379d0a24e476d5f26da19186f48a179e3a8bf83ce889b3b8
mu^4,2.945243112740431,0.00778086072089554,6.348074953050558e-05,4.920159917810397e-17,diagnostic_only_not_theorem_gate,4a09b46da042bd99120c3c23c0cc81b0e6b3f33dd2de64fa567151fb2cf15c72,2f4b8aa5a0edfdafeadf5c67ac561b97ec266443615d65a715c735eac6203ef6,169421e73b25e00e379d0a24e476d5f26da19186f48a179e3a8bf83ce889b3b8
mu^4,2.9943304979527716,0.0077781302853898475,4.774486197538293e-05,4.917103217912742e-17,diagnostic_only_not_theorem_gate,4a09b46da042bd99120c3c23c0cc81b0e6b3f33dd2de64fa567151fb2cf15c72,2f4b8aa5a0edfdafeadf5c67ac561b97ec266443615d65a715c735eac6203ef6,169421e73b25e00e379d0a24e476d5f26da19186f48a179e3a8bf83ce889b3b8
mu^4,3.043417883165112,0.007776175262219109,3.189395286580573e-05,4.9024078603307073e-17,diagnostic_only_not_theorem_gate,4a09b46da042bd99120c3c23c0cc81b0e6b3f33dd2de64fa567151fb2cf15c72,2f4b8aa5a0edfdafeadf5c67ac561b97ec266443615d65a715c735eac6203ef6,169421e73b25e00e379d0a24e476d5f26da19186f48a179e3a8bf83ce889b3b8
mu^4,3.0925052683774528,0.007775000361205381,1.596620843019433e-05,4.9421090471773924e-17,diagnostic_only_not_theorem_gate,4a09b46da042bd99120c3c23c0cc81b0e6b3f33dd2de64fa567151fb2cf15c72,2f4b8aa5a0edfdafeadf5c67ac561b97ec266443615d65a715c735eac6203ef6,169421e73b25e00e379d0a24e476d5f26da19186f48a179e3a8bf83ce889b3b8
mu^4,3.141592653589793,0.007774608412788116,3.984897657485102e-20,4.910477665069309e-17,diagnostic_only_not_theorem_gate,4a09b46da042bd99120c3c23c0cc81b0e6b3f33dd2de64fa567151fb2cf15c72,2f4b8aa5a0edfdafeadf5c67ac561b97ec266443615d65a715c735eac6203ef6,169421e73b25e00e379d0a24e476d5f26da19186f48a179e3a8bf83ce889b3b8
mu^4,3.1906800388021335,0.007775000361205381,-1.596620843019425e-05,4.909669769397553e-17,diagnostic_only_not_theorem_gate,4a09b46da042bd99120c3c23c0cc81b0e6b3f33dd2de64fa567151fb2cf15c72,2f4b8aa5a0edfdafeadf5c67ac561b97ec266443615d65a715c735eac6203ef6,169421e73b25e00e379d0a24e476d5f26da19186f48a179e3a8bf83ce889b3b8
mu^4,3.2397674240144743,0.007776175262219109,-3.1893952865805656e-05,4.907555206419919e-17,diagnostic_only_not_theorem_gate,4a09b46da042bd99120c3c23c0cc81b0e6b3f33dd2de64fa567151fb2cf15c72,2f4b8aa5a0edfdafeadf5c67ac561b97ec266443615d65a715c735eac6203ef6,169421e73b25e00e379d0a24e476d5f26da19186f48a179e3a8bf83ce889b3b8
mu^4,3.2888548092268146,0.0077781302853898475,-4.774486197538286e-05,4.9136657375196344e-17,diagnostic_only_not_theorem_gate,4a09b46da042bd99120c3c23c0cc81b0e6b3f33dd2de64fa567151fb2cf15c72,2f4b8aa5a0edfdafeadf5c67ac561b97ec266443615d65a715c735eac6203ef6,169421e73b25e00e379d0a24e476d5f26da19186f48a179e3a8bf83ce889b3b8
mu^4,3.3379421944391554,0.00778086072089554,-6.34807495305055e-05,4.90577733922944e-17,diagnostic_only_not_theorem_gate,4a09b46da042bd99120c3c23c0cc81b0e6b3f33dd2de64fa567151fb2cf15c72,2f4b8aa5a0edfdafeadf5c67ac561b97ec266443615d65a715c735eac6203ef6,169421e73b25e00e379d0a24e476d5f26da19186f48a179e3a8bf83ce889b3b8
mu^4,3.3870295796514958,0.007784359990877895,-7.906370639975206e-05,4.911902323560735e-17,diagnostic_only_not_theorem_gate,4a09b46da042bd99120c3c23c0cc81b0e6b3f33dd2de64fa567151fb2cf15c72,2f4b8aa5a0edfdafeadf5c67ac561b97ec266443615d65a715c735eac6203ef6,169421e73b25e00e379d0a24e476d5f26da19186f48a179e3a8bf83ce889b3b8
mu^4,3.436116964863836,0.007788619665289024,-9.445619187511881e-05,4.925623805907523e-17,diagnostic_only_not_theorem_gate,4a09b46da042bd99120c3c23c0cc81b0e6b3f33dd2de64fa567151fb2cf15c72,2f4b8aa5a0edfdafeadf5c67ac561b97ec266443615d65a715c735eac6203ef6,169421e73b25e00e379d0a24e476d5f26da19186f48a179e3a8bf83ce889b3b8
mu^4,3.485204350076177,0.007793629482200167,-0.0001096211241108733,4.90968745857845e-17,diagnostic_only_not_theorem_gate,4a09b46da042bd99120c3c23c0cc81b0e6b3f33dd2de64fa567151fb2cf15c72,2f4b8aa5a0edfdafeadf5c67ac561b97ec266443615d65a715c735eac6203ef6,169421e73b25e00e379d0a24e476d5f26da19186f48a179e3a8bf83ce889b3b8
mu^4,3.5342917352885173,0.0077993773725235785,-0.00012452196945696807,4.914605000093796e-17,diagnostic_only_not_theorem_gate,4a09b46da042bd99120c3c23c0cc81b0e6b3f33dd2de64fa567151fb2cf15c72,2f4b8aa5a0edfdafeadf5c67ac561b97ec266443615d65a715c735eac6203ef6,169421e73b25e00e379d0a24e476d5f26da19186f48a179e3a8bf83ce889b3b8
mu^4,3.5833791205008576,0.007805849489088013,-0.00013912283047180462,4.904367224353428e-17,diagnostic_only_not_theorem_gate,4a09b46da042bd99120c3c23c0cc81b0e6b3f33dd2de64fa567151fb2cf15c72,2f4b8aa5a0edfdafeadf5c67ac561b97ec266443615d65a715c735eac6203ef6,169421e73b25e00e379d0a24e476d5f26da19186f48a179e3a8bf83ce889b3b8
mu^4,3.6324665057131984,0.007813030239997777,-0.00015338853240231398,4.9047808592649986e-17,diagnostic_only_not_theorem_gate,4a09b46da042bd99120c3c23c0cc81b0e6b3f33dd2de64fa567151fb2cf15c72,2f4b8aa5a0edfdafeadf5c67ac561b97ec266443615d65a715c735eac6203ef6,169421e73b25e00e379d0a24e476d5f26da19186f48a179e3a8bf83ce889b3b8
mu^4,3.6815538909255388,0.007820902326194968,-0.00016728470792301737,4.911970416814129e-17,diagnostic_only_not_theorem_gate,4a09b46da042bd99120c3c23c0cc81b0e6b3f33dd2de64fa567151fb2cf15c72,2f4b8aa5a0edfdafeadf5c67ac561b97ec266443615d65a715c735eac6203ef6,169421e73b25e00e379d0a24e476d5f26da19186f48a179e3a8bf83ce889b3b8
mu^4,3.730641276137879,0.007829446783134424,-0.00018077787992992436,4.9203479342286843e-17,diagnostic_only_not_theorem_gate,4a09b46da042bd99120c3c23c0cc81b0e6b3f33dd2de64fa567151fb2cf15c72,2f4b8aa5a0edfdafeadf5c67ac561b97ec266443615d65a715c735eac6203ef6,169421e73b25e00e379d0a24e476d5f26da19186f48a179e3a8bf83ce889b3b8
mu^4,3.77972866135022,0.007838643026470974,-0.00019383554218980805,4.889399910434984e-17,diagnostic_only_not_theorem_gate,4a09b46da042bd99120c3c23c0cc81b0e6b3f33dd2de64fa567151fb2cf15c72,2f4b8aa5a0edfdafeadf5c67ac561b97ec266443615d65a715c735eac6203ef6,169421e73b25e00e379d0a24e476d5f26da19186f48a179e3a8bf83ce889b3b8
mu^4,3.8288160465625602,0.007848468901648921,-0.0002064262376505681,4.9149351558731754e-17,diagnostic_only_not_theorem_gate,4a09b46da042bd99120c3c23c0cc81b0e6b3f33dd2de64fa567151fb2cf15c72,2f4b8aa5a0edfdafeadf5c67ac561b97ec266443615d65a715c735eac6203ef6,169421e73b25e00e379d0a24e476d5f26da19186f48a179e3a8bf83ce889b3b8
mu^4,3.877903431774901,0.007858900737274318,-0.00021851963422402505,4.8929283590330714e-17,diagnostic_only_not_theorem_gate,4a09b46da042bd99120c3c23c0cc81b0e6b3f33dd2de64fa567151fb2cf15c72,2f4b8aa5a0edfdafeadf5c67ac561b97ec266443615d65a715c735eac6203ef6,169421e73b25e00e379d0a24e476d5f26da19186f48a179e3a8bf83ce889b3b8
mu^4,3.9269908169872414,0.007869913402141424,-0.0002300865978585768,4.883514872079716e-17,diagnostic_only_not_theorem_gate,4a09b46da042bd99120c3c23c0cc81b0e6b3f33dd2de64fa567151fb2cf15c72,2f4b8aa5a0edfdafeadf5c67ac561b97ec266443615d65a715c735eac6203ef6,169421e73b25e00e379d0a24e476d5f26da19186f48a179e3a8bf83ce889b3b8
mu^4,3.9760782021995817,0.007881480365775975,-0.00024109926272568145,4.8850848424724745e-17,diagnostic_only_not_theorem_gate,4a09b46da042bd99120c3c23c0cc81b0e6b3f33dd2de64fa567151fb2cf15c72,2f4b8aa5a0edfdafeadf5c67ac561b97ec266443615d65a715c735eac6203ef6,169421e73b25e00e379d0a24e476d5f26da19186f48a179e3a8bf83ce889b3b8
mu^4,4.025165587411922,0.007893573762349431,-0.0002515310983510787,4.8783735880659515e-17,diagnostic_only_not_theorem_gate,4a09b46da042bd99120c3c23c0cc81b0e6b3f33dd2de64fa567151fb2cf15c72,2f4b8aa5a0edfdafeadf5c67ac561b97ec266443615d65a715c735eac6203ef6,169421e73b25e00e379d0a24e476d5f26da19186f48a179e3a8bf83ce889b3b8
mu^4,4.074252972624263,0.007906164457810191,-0.00026135697352902613,4.85311813169181e-17,diagnostic_only_not_theorem_gate,4a09b46da042bd99120c3c23c0cc81b0e6b3f33dd2de64fa567151fb2cf15c72,2f4b8aa5a0edfdafeadf5c67ac561b97ec266443615d65a715c735eac6203ef6,169421e73b25e00e379d0a24e476d5f26da19186f48a179e3a8bf83ce889b3b8
mu^4,4.123340357836604,0.007919222120070075,-0.00027055321686557474,4.8403834200752676e-17,diagnostic_only_not_theorem_gate,4a09b46da042bd99120c3c23c0cc81b0e6b3f33dd2de64fa567151fb2cf15c72,2f4b8aa5a0edfdafeadf5c67ac561b97ec266443615d65a715c735eac6203ef6,169421e73b25e00e379d0a24e476d5f26da19186f48a179e3a8bf83ce889b3b8
mu^4,4.172427743048944,0.007932715292076982,-0.00027909767380503126,4.8223791126585866e-17,diagnostic_only_not_theorem_gate,4a09b46da042bd99120c3c23c0cc81b0e6b3f33dd2de64fa567151fb2cf15c72,2f4b8aa5a0edfdafeadf5c67ac561b97ec266443615d65a715c735eac6203ef6,169421e73b25e00e379d0a24e476d5f26da19186f48a179e3a8bf83ce889b3b8
mu^4,4.221515128261284,0.007946611467597686,-0.00028696976000222243,4.796635406034765e-17,diagnostic_only_not_theorem_gate,4a09b46da042bd99120c3c23c0cc81b0e6b3f33dd2de64fa567151fb2cf15c72,2f4b8aa5a0edfdafeadf5c67ac561b97ec266443615d65a715c735eac6203ef6,169421e73b25e00e379d0a24e476d5f26da19186f48a179e3a8bf83ce889b3b8
mu^4,4.270602513473625,0.007960877169528195,-0.0002941505109119859,4.779670899143569e-17,diagnostic_only_not_theorem_gate,4a09b46da042bd99120c3c23c0cc81b0e6b3f33dd2de64fa567151fb2cf15c72,2f4b8aa5a0edfdafeadf5c67ac561b97ec266443615d65a715c735eac6203ef6,169421e73b25e00e379d0a24e476d5f26da19186f48a179e3a8bf83ce889b3b8
mu^4,4.319689898685965,0.007975478030543031,-0.0003006226274764206,4.768239785806649e-17,diagnostic_only_not_theorem_gate,4a09b46da042bd99120c3c23c0cc81b0e6b3f33dd2de64fa567151fb2cf15c72,2f4b8aa5a0edfdafeadf5c67ac561b97ec266443615d65a715c735eac6203ef6,169421e73b25e00e379d0a24e476d5f26da19186f48a179e3a8bf83ce889b3b8
mu^4,4.368777283898306,0.007990378875889126,-0.0003063705177998324,4.749807475941212e-17,diagnostic_only_not_theorem_gate,4a09b46da042bd99120c3c23c0cc81b0e6b3f33dd2de64fa567151fb2cf15c72,2f4b8aa5a0edfdafeadf5c67ac561b97ec266443615d65a715c735eac6203ef6,169421e73b25e00e379d0a24e476d5f26da19186f48a179e3a8bf83ce889b3b8
mu^4,4.417864669110647,0.00800554380812488,-0.00031138033471097626,4.71110302012128e-17,diagnostic_only_not_theorem_gate,4a09b46da042bd99120c3c23c0cc81b0e6b3f33dd2de64fa567151fb2cf15c72,2f4b8aa5a0edfdafeadf5c67ac561b97ec266443615d65a715c735eac6203ef6,169421e73b25e00e379d0a24e476d5f26da19186f48a179e3a8bf83ce889b3b8
mu^4,4.466952054322987,0.008020936293600248,-0.00031564000912210526,4.681190236733076e-17,diagnostic_only_not_theorem_gate,4a09b46da042bd99120c3c23c0cc81b0e6b3f33dd2de64fa567151fb2cf15c72,2f4b8aa5a0edfdafeadf5c67ac561b97ec266443615d65a715c735eac6203ef6,169421e73b25e00e379d0a24e476d5f26da19186f48a179e3a8bf83ce889b3b8
mu^4,4.516039439535327,0.008036519250469495,-0.0003191392791044595,4.6537671965589866e-17,diagnostic_only_not_theorem_gate,4a09b46da042bd99120c3c23c0cc81b0e6b3f33dd2de64fa567151fb2cf15c72,2f4b8aa5a0edfdafeadf5c67ac561b97ec266443615d65a715c735eac6203ef6,169421e73b25e00e379d0a24e476d5f26da19186f48a179e3a8bf83ce889b3b8
mu^4,4.565126824747668,0.008052255138024617,-0.0003218697146101517,4.610518179904681e-17,diagnostic_only_not_theorem_gate,4a09b46da042bd99120c3c23c0cc81b0e6b3f33dd2de64fa567151fb2cf15c72,2f4b8aa5a0edfdafeadf5c67ac561b97ec266443615d65a715c735eac6203ef6,169421e73b25e00e379d0a24e476d5f26da19186f48a179e3a8bf83ce889b3b8
mu^4,4.614214209960009,0.008068106047134194,-0.0003238247377808908,4.5660155616513054e-17,diagnostic_only_not_theorem_gate,4a09b46da042bd99120c3c23c0cc81b0e6b3f33dd2de64fa567151fb2cf15c72,2f4b8aa5a0edfdafeadf5c67ac561b97ec266443615d65a715c735eac6203ef6,169421e73b25e00e379d0a24e476d5f26da19186f48a179e3a8bf83ce889b3b8
mu^4,4.663301595172349,0.008084033791569805,-0.0003249996387946185,4.536336970574027e-17,diagnostic_only_not_theorem_gate,4a09b46da042bd99120c3c23c0cc81b0e6b3f33dd2de64fa567151fb2cf15c72,2f4b8aa5a0edfdafeadf5c67ac561b97ec266443615d65a715c735eac6203ef6,169421e73b25e00e379d0a24e476d5f26da19186f48a179e3a8bf83ce889b3b8
mu^4,4.71238898038469,0.0081,-0.0003253915872118837,4.4859892019289e-17,diagnostic_only_not_theorem_gate,4a09b46da042bd99120c3c23c0cc81b0e6b3f33dd2de64fa567151fb2cf15c72,2f4b8aa5a0edfdafeadf5c67ac561b97ec266443615d65a715c735eac6203ef6,169421e73b25e00e379d0a24e476d5f26da19186f48a179e3a8bf83ce889b3b8
mu^4,4.76147636559703,0.008115966208430194,-0.0003249996387946185,4.415958515040764e-17,diagnostic_only_not_theorem_gate,4a09b46da042bd99120c3c23c0cc81b0e6b3f33dd2de64fa567151fb2cf15c72,2f4b8aa5a0edfdafeadf5c67ac561b97ec266443615d65a715c735eac6203ef6,169421e73b25e00e379d0a24e476d5f26da19186f48a179e3a8bf83ce889b3b8
mu^4,4.81056375080937,0.008131893952865805,-0.0003238247377808908,4.385672775653082e-17,diagnostic_only_not_theorem_gate,4a09b46da042bd99120c3c23c0cc81b0e6b3f33dd2de64fa567151fb2cf15c72,2f4b8aa5a0edfdafeadf5c67ac561b97ec266443615d65a715c735eac6203ef6,169421e73b25e00e379d0a24e476d5f26da19186f48a179e3a8bf83ce889b3b8
mu^4,4.859651136021712,0.008147744861975382,-0.0003218697146101517,4.320068362456154e-17,diagnostic_only_not_theorem_gate,4a09b46da042bd99120c3c23c0cc81b0e6b3f33dd2de64fa567151fb2cf15c72,2f4b8aa5a0edfdafeadf5c67ac561b97ec266443615d65a715c735eac6203ef6,169421e73b25e00e379d0a24e476d5f26da19186f48a179e3a8bf83ce889b3b8
mu^4,4.908738521234052,0.008163480749530504,-0.00031913927910445956,4.258283376751919e-17,diagnostic_only_not_theorem_gate,4a09b46da042bd99120c3c23c0cc81b0e6b3f33dd2de64fa567151fb2cf15c72,2f4b8aa5a0edfdafeadf5c67ac561b97ec266443615d65a715c735eac6203ef6,169421e73b25e00e379d0a24e476d5f26da19186f48a179e3a8bf83ce889b3b8
mu^4,4.957825906446392,0.008179063706399751,-0.00031564000912210526,4.186266904998604e-17,diagnostic_only_not_theorem_gate,4a09b46da042bd99120c3c23c0cc81b0e6b3f33dd2de64fa567151fb2cf15c72,2f4b8aa5a0edfdafeadf5c67ac561b97ec266443615d65a715c735eac6203ef6,169421e73b25e00e379d0a24e476d5f26da19186f48a179e3a8bf83ce889b3b8
mu^4,5.006913291658733,0.00819445619187512,-0.0003113803347109763,4.1205575015548353e-17,diagnostic_only_not_theorem_gate,4a09b46da042bd99120c3c23c0cc81b0e6b3f33dd2de64fa567151fb2cf15c72,2f4b8aa5a0edfdafeadf5c67ac561b97ec266443615d65a715c735eac6203ef6,169421e73b25e00e379d0a24e476d5f26da19186f48a179e3a8bf83ce889b3b8
mu^4,5.056000676871073,0.008209621124110873,-0.00030637051779983245,4.0467431781256825e-17,diagnostic_only_not_theorem_gate,4a09b46da042bd99120c3c23c0cc81b0e6b3f33dd2de64fa567151fb2cf15c72,2f4b8aa5a0edfdafeadf5c67ac561b97ec266443615d65a715c735eac6203ef6,169421e73b25e00e379d0a24e476d5f26da19186f48a179e3a8bf83ce889b3b8
mu^4,5.105088062083414,0.008224521969456968,-0.00030062262747642066,3.9785049966423515e-17,diagnostic_only_not_theorem_gate,4a09b46da042bd99120c3c23c0cc81b0e6b3f33dd2de64fa567151fb2cf15c72,2f4b8aa5a0edfdafeadf5c67ac561b97ec266443615d65a715c735eac6203ef6,169421e73b25e00e379d0a24e476d5f26da19186f48a179e3a8bf83ce889b3b8
mu^4,5.154175447295755,0.008239122830471804,-0.00029415051091198597,3.898594237917116e-17,diagnostic_only_not_theorem_gate,4a09b46da042bd99120c3c23c0cc81b0e6b3f33dd2de64fa567151fb2cf15c72,2f4b8aa5a0edfdafeadf5c67ac561b97ec266443615d65a715c735eac6203ef6,169421e73b25e00e379d0a24e476d5f26da19186f48a179e3a8bf83ce889b3b8
mu^4,5.203262832508095,0.008253388532402314,-0.0002869697600022225,3.8084927233380515e-17,diagnostic_only_not_theorem_gate,4a09b46da042bd99120c3c23c0cc81b0e6b3f33dd2de64fa567151fb2cf15c72,2f4b8aa5a0edfdafeadf5c67ac561b97ec266443615d65a715c735eac6203ef6,169421e73b25e00e379d0a24e476d5f26da19186f48a179e3a8bf83ce889b3b8
mu^4,5.252350217720435,0.008267284707923017,-0.00027909767380503137,3.751315185153581e-17,diagnostic_only_not_theorem_gate,4a09b46da042bd99120c3c23c0cc81b0e6b3f33dd2de64fa567151fb2cf15c72,2f4b8aa5a0edfdafeadf5c67ac561b97ec266443615d65a715c735eac6203ef6,169421e73b25e00e379d0a24e476d5f26da19186f48a179e3a8bf83ce889b3b8
mu^4,5.301437602932776,0.008280777879929924,-0.00027055321686557485,3.672140504830139e-17,diagnostic_only_not_theorem_gate,4a09b46da042bd99120c3c23c0cc81b0e6b3f33dd2de64fa567151fb2cf15c72,2f4b8aa5a0edfdafeadf5c67ac561b97ec266443615d65a715c735eac6203ef6,169421e73b25e00e379d0a24e476d5f26da19186f48a179e3a8bf83ce889b3b8
mu^4,5.350524988145116,0.008293835542189808,-0.0002613569735290262,3.590277932409809e-17,diagnostic_only_not_theorem_gate,4a09b46da042bd99120c3c23c0cc81b0e6b3f33dd2de64fa567151fb2cf15c72,2f4b8aa5a0edfdafeadf5c67ac561b97ec266443615d65a715c735eac6203ef6,169421e73b25e00e379d0a24e476d5f26da19186f48a179e3a8bf83ce889b3b8
mu^4,5.399612373357457,0.008306426237650568,-0.00025153109835107873,3.4808109372484915e-17,diagnostic_only_not_theorem_gate,4a09b46da042bd99120c3c23c0cc81b0e6b3f33dd2de64fa567151fb2cf15c72,2f4b8aa5a0edfdafeadf5c67ac561b97ec266443615d65a715c735eac6203ef6,169421e73b25e00e379d0a24e476d5f26da19186f48a179e3a8bf83ce889b3b8
mu^4,5.448699758569798,0.008318519634224024,-0.00024109926272568153,3.403415142733416e-17,diagnostic_only_not_theorem_gate,4a09b46da042bd99120c3c23c0cc81b0e6b3f33dd2de64fa567151fb2cf15c72,2f4b8aa5a0edfdafeadf5c67ac561b97ec266443615d65a715c735eac6203ef6,169421e73b25e00e379d0a24e476d5f26da19186f48a179e3a8bf83ce889b3b8
mu^4,5.497787143782138,0.008330086597858576,-0.0002300865978585769,3.326878937645509e-17,diagnostic_only_not_theorem_gate,4a09b46da042bd99120c3c23c0cc81b0e6b3f33dd2de64fa567151fb2cf15c72,2f4b8aa5a0edfdafeadf5c67ac561b97ec266443615d65a715c735eac6203ef6,169421e73b25e00e379d0a24e476d5f26da19186f48a179e3a8bf83ce889b3b8
mu^4,5.546874528994478,0.008341099262725681,-0.00021851963422402513,3.217012134816795e-17,diagnostic_only_not_theorem_gate,4a09b46da042bd99120c3c23c0cc81b0e6b3f33dd2de64fa567151fb2cf15c72,2f4b8aa5a0edfdafeadf5c67ac561b97ec266443615d65a715c735eac6203ef6,169421e73b25e00e379d0a24e476d5f26da19186f48a179e3a8bf83ce889b3b8
mu^4,5.595961914206819,0.008351531098351078,-0.0002064262376505683,3.142751668939137e-17,diagnostic_only_not_theorem_gate,4a09b46da042bd99120c3c23c0cc81b0e6b3f33dd2de64fa567151fb2cf15c72,2f4b8aa5a0edfdafeadf5c67ac561b97ec266443615d65a715c735eac6203ef6,169421e73b25e00e379d0a24e476d5f26da19186f48a179e3a8bf83ce889b3b8
mu^4,5.64504929941916,0.008361356973529025,-0.00019383554218980805,3.031148433819979e-17,diagnostic_only_not_theorem_gate,4a09b46da042bd99120c3c23c0cc81b0e6b3f33dd2de64fa567151fb2cf15c72,2f4b8aa5a0edfdafeadf5c67ac561b97ec266443615d65a715c735eac6203ef6,169421e73b25e00e379d0a24e476d5f26da19186f48a179e3a8bf83ce889b3b8
mu^4,5.6941366846315,0.008370553216865573,-0.0001807778799299244,2.959468343627776e-17,diagnostic_only_not_theorem_gate,4a09b46da042bd99120c3c23c0cc81b0e6b3f33dd2de64fa567151fb2cf15c72,2f4b8aa5a0edfdafeadf5c67ac561b97ec266443615d65a715c735eac6203ef6,169421e73b25e00e379d0a24e476d5f26da19186f48a179e3a8bf83ce889b3b8
mu^4,5.743224069843841,0.008379097673805031,-0.00016728470792301748,2.8885651365850954e-17,diagnostic_only_not_theorem_gate,4a09b46da042bd99120c3c23c0cc81b0e6b3f33dd2de64fa567151fb2cf15c72,2f4b8aa5a0edfdafeadf5c67ac561b97ec266443615d65a715c735eac6203ef6,169421e73b25e00e379d0a24e476d5f26da19186f48a179e3a8bf83ce889b3b8
mu^4,5.792311455056181,0.008386969760002222,-0.0001533885324023141,2.80171339942449e-17,diagnostic_only_not_theorem_gate,4a09b46da042bd99120c3c23c0cc81b0e6b3f33dd2de64fa567151fb2cf15c72,2f4b8aa5a0edfdafeadf5c67ac561b97ec266443615d65a715c735eac6203ef6,169421e73b25e00e379d0a24e476d5f26da19186f48a179e3a8bf83ce889b3b8
mu^4,5.841398840268521,0.008394150510911986,-0.00013912283047180486,2.7280437933854295e-17,diagnostic_only_not_theorem_gate,4a09b46da042bd99120c3c23c0cc81b0e6b3f33dd2de64fa567151fb2cf15c72,2f4b8aa5a0edfdafeadf5c67ac561b97ec266443615d65a715c735eac6203ef6,169421e73b25e00e379d0a24e476d5f26da19186f48a179e3a8bf83ce889b3b8
mu^4,5.890486225480862,0.00840062262747642,-0.0001245219694569683,2.6605447629093426e-17,diagnostic_only_not_theorem_gate,4a09b46da042bd99120c3c23c0cc81b0e6b3f33dd2de64fa567151fb2cf15c72,2f4b8aa5a0edfdafeadf5c67ac561b97ec266443615d65a715c735eac6203ef6,169421e73b25e00e379d0a24e476d5f26da19186f48a179e3a8bf83ce889b3b8
mu^4,5.939573610693203,0.008406370517799832,-0.00010962112411087326,2.595412493670974e-17,diagnostic_only_not_theorem_gate,4a09b46da042bd99120c3c23c0cc81b0e6b3f33dd2de64fa567151fb2cf15c72,2f4b8aa5a0edfdafeadf5c67ac561b97ec266443615d65a715c735eac6203ef6,169421e73b25e00e379d0a24e476d5f26da19186f48a179e3a8bf83ce889b3b8
mu^4,5.988660995905543,0.008411380334710976,-9.445619187511893e-05,2.5065871639164582e-17,diagnostic_only_not_theorem_gate,4a09b46da042bd99120c3c23c0cc81b0e6b3f33dd2de64fa567151fb2cf15c72,2f4b8aa5a0edfdafeadf5c67ac561b97ec266443615d65a715c735eac6203ef6,169421e73b25e00e379d0a24e476d5f26da19186f48a179e3a8bf83ce889b3b8
mu^4,6.037748381117884,0.008415640009122104,-7.906370639975217e-05,2.5027658517410743e-17,diagnostic_only_not_theorem_gate,4a09b46da042bd99120c3c23c0cc81b0e6b3f33dd2de64fa567151fb2cf15c72,2f4b8aa5a0edfdafeadf5c67ac561b97ec266443615d65a715c735eac6203ef6,169421e73b25e00e379d0a24e476d5f26da19186f48a179e3a8bf83ce889b3b8
mu^4,6.086835766330224,0.008419139279104459,-6.348074953050562e-05,2.4439755079995753e-17,diagnostic_only_not_theorem_gate,4a09b46da042bd99120c3c23c0cc81b0e6b3f33dd2de64fa567151fb2cf15c72,2f4b8aa5a0edfdafeadf5c67ac561b97ec266443615d65a715c735eac6203ef6,169421e73b25e00e379d0a24e476d5f26da19186f48a179e3a8bf83ce889b3b8
mu^4,6.135923151542564,0.00842186971461015,-4.774486197538312e-05,2.407917818457144e-17,diagnostic_only_not_theorem_gate,4a09b46da042bd99120c3c23c0cc81b0e6b3f33dd2de64fa567151fb2cf15c72,2f4b8aa5a0edfdafeadf5c67ac561b97ec266443615d65a715c735eac6203ef6,169421e73b25e00e379d0a24e476d5f26da19186f48a179e3a8bf83ce889b3b8
mu^4,6.1850105367549055,0.00842382473778089,-3.189395286580563e-05,2.3746515549669884e-17,diagnostic_only_not_theorem_gate,4a09b46da042bd99120c3c23c0cc81b0e6b3f33dd2de64fa567151fb2cf15c72,2f4b8aa5a0edfdafeadf5c67ac561b97ec266443615d65a715c735eac6203ef6,169421e73b25e00e379d0a24e476d5f26da19186f48a179e3a8bf83ce889b3b8
mu^4,6.234097921967246,0.008424999638794619,-1.596620843019437e-05,2.3814219394181394e-17,diagnostic_only_not_theorem_gate,4a09b46da042bd99120c3c23c0cc81b0e6b3f33dd2de64fa567151fb2cf15c72,2f4b8aa5a0edfdafeadf5c67ac561b97ec266443615d65a715c735eac6203ef6,169421e73b25e00e379d0a24e476d5f26da19186f48a179e3a8bf83ce889b3b8
