theta,branch,weighted_kernel,K_tail,phi_abs
0.0,1,3.2469852696212955e-237,8.132960737911388e-237,0.3992377898107434
0.0,2,1.1600668266781484e-25,1.9309916752465097e-25,0.6007622101892566
0.0,0,1.1600668266781484e-25,,
0.006135923151542565,1,2.4790669570003283e-236,6.209660689993039e-236,0.39922744265163823
0.006135923151542565,2,1.1622576771783312e-25,1.934594314471074e-25,0.6007759190050639
0.006135923151542565,0,1.1622576771783312e-25,,
0.01227184630308513,1,1.4833566655914956e-235,3.71585683859226e-235,0.3991963980381602
0.01227184630308513,2,1.1688543161764515e-25,1.945441335067894e-25,0.6008170460383785
0.01227184630308513,0,1.1688543161764515e-25,,
0.018407769454627694,1,8.697601563385928e-235,2.1790600570951742e-234,0.39914464656749227
0.018407769454627694,2,1.1799294320282293e-25,1.9636507276963116e-25,0.6008855930364371
0.018407769454627694,0,1.1799294320282293e-25,,
0.02454369260617026,1,5.091807280516164e-234,1.2759113840250814e-233,0.39907217258718897
0.02454369260617026,2,1.1956056016334822e-25,1.989421432349626e-25,0.6009815628764994
0.02454369260617026,0,1.1956056016334822e-25,,
0.030679615757712823,1,2.9768821742156574e-233,7.4612511329289195e-233,0.3989789542236035
0.030679615757712823,2,1.2160574705227339e-25,2.0230368278888203e-25,0.6011049595136508
0.030679615757712823,0,1.2160574705227339e-25,,
0.03681553890925539,1,1.7375487082205763e-232,4.356232979990151e-232,0.3988649634217922
0.03681553890925539,2,1.2415148772914765e-25,2.0648697314195196e-25,0.601255787907735
0.03681553890925539,0,1.2415148772914765e-25,,
0.04295146206079795,1,1.0121857240275716e-231,2.5385230673396953e-231,0.3987301659970005
0.04295146206079795,2,1.2722669972042387e-25,2.1153890254334185e-25,0.6014340539294261
0.04295146206079795,0,1.2722669972042387e-25,,
0.04908738521234052,1,5.882930909947174e-231,1.4759927164653603e-230,0.39857452169786767
0.04908738521234052,2,1.3086676048440925e-25,2.1751680700250122e-25,0.6016397642454563
0.04908738521234052,0,1.3086676048440925e-25,,
0.05522330836388308,1,3.4103622707927445e-230,8.560189572603228e-230,0.3983979842815121
0.05522330836388308,2,1.35114158366293e-25,2.2448951014155974e-25,0.6018729261830187
0.05522330836388308,0,1.35114158366293e-25,,
0.06135923151542565,1,1.9712601862070278e-229,4.950421152868786e-229,0.3982005016006922
0.06135923151542565,2,1.4001928420336444e-25,2.3253858677638757e-25,0.6021335475733711
0.06135923151542565,0,1.4001928420336444e-25,,
0.06749515466696822,1,1.1357640019027728e-228,2.85380735080653e-228,0.39798201570326336
0.06749515466696822,2,1.4564138318809407e-25,2.417598810298373e-25,0.6024216365746781
0.06749515466696822,0,1.4564138318809407e-25,,
0.07363107781851078,1,6.520751926028704e-228,1.6394407269871672e-227,0.3977424629441785
0.07363107781851078,2,1.5204969083053972e-25,2.522653163910675e-25,0.6027372014741368
0.07363107781851078,0,1.5204969083053972e-25,,
0.07976700097005335,1,3.729392910993516e-227,9.382550732901137e-227,0.39748177411030816
0.07976700097005335,2,1.5932478181394296e-25,2.6418504285279197e-25,0.6030802504694455
0.07976700097005335,0,1.5932478181394296e-25,,
0.0859029241215959,1,2.124103853880404e-226,5.347695178005916e-226,0.3971998745583801
0.0859029241215959,2,1.6756016636371456e-25,2.7766997532099197e-25,0.603450791429688
0.0859029241215959,0,1.6756016636371456e-25,,
0.09203884727313848,1,1.2044190817406132e-225,3.034590938101303e-225,0.3968966843663614
0.09203884727313848,2,1.7686417563878004e-25,2.9289478818677857e-25,0.6038488316357272
0.09203884727313848,0,1.7686417563878004e-25,,
0.09817477042468103,1,6.796915211423126e-225,1.7139165600333446e-224,0.3965721184986328
0.09817477042468103,2,1.8736218582596925e-25,3.1006144361284226e-25,0.6042743775002182
0.09817477042468103,0,1.8736218582596925e-25,,
0.1043106935762236,1,3.816343833852962e-224,9.631732889900152e-224,0.39622608698532175
0.1043106935762236,2,1.9919924034018135e-25,3.2940334612321535e-25,0.6047274342673788
0.1043106935762236,0,1.9919924034018135e-25,,
0.11044661672776616,1,2.1313496487617735e-223,5.3841200203022684e-223,0.39585849511618393
0.11044661672776616,2,2.125431411251312e-25,3.511902339789251e-25,0.6052080056926807
0.11044661672776616,0,2.125431411251312e-25,,
0.11658253987930874,1,1.1835994400039839e-222,2.992898838558422e-222,0.39546924364943914
0.11658253987930874,2,2.275880938953254e-25,3.757339391530976e-25,0.6057160937026551
0.11658253987930874,0,2.275880938953254e-25,,
0.1227184630308513,1,6.533864512988417e-222,1.6538991046793978e-221,0.3950582290359836
0.1227184630308513,2,2.4455900872113817e-25,4.0339517318267675e-25,0.6062516980350434
0.1227184630308513,0,2.4455900872113817e-25,,
0.12885438618239387,1,3.5844668621268225e-221,9.083215053771212e-221,0.3946253436594135
0.12885438618239387,2,2.637165771922233e-25,4.345915266071166e-25,0.6068148158595618
0.12885438618239387,0,2.637165771922233e-25,,
0.13499030933393644,1,1.953633815076269e-220,4.956316958195428e-220,0.3941704760923075
0.13499030933393644,2,2.8536327116703804e-25,4.698069061068932e-25,0.6074054413795921
0.13499030933393644,0,2.8536327116703804e-25,,
0.14112623248547898,1,1.0575535776985919e-219,2.6862357320051918e-219,0.3936935113692204
0.14112623248547898,2,3.098504366353473e-25,5.096026770340412e-25,0.6080235654151587
0.14112623248547898,0,3.098504366353473e-25,,
0.14726215563702155,1,5.684341290477184e-219,1.4456824115490218e-218,0.39319433127684783
0.14726215563702155,2,3.375866904528929e-25,5.546308312242997e-25,0.6086691749676075
0.14726215563702155,0,3.375866904528929e-25,,
0.15339807878856412,1,3.0328848082727347e-218,7.723694371062361e-218,0.3926728146618228
0.15339807878856412,2,3.690478688217131e-25,6.0564956253437235e-25,0.6093422527664561
0.15339807878856412,0,3.690478688217131e-25,,
0.1595340019401067,1,1.6058712680702617e-217,4.095264396410062e-217,0.3921288377566
0.1595340019401067,2,4.047888257846921e-25,6.635417075319212e-25,0.6100427767989532
0.1595340019401067,0,4.047888257846921e-25,,
0.16566992509164924,1,8.435819285479128e-217,2.154400419636091e-216,0.3915622745238816
0.16566992509164924,2,4.454574393704275e-25,7.293365986823292e-25,0.610770719822949
0.16566992509164924,0,4.454574393704275e-25,,
0.1718058482431918,1,4.395314254878964e-216,1.1241989314811616e-215,0.39097299702002225
0.1718058482431918,2,4.918112543800204e-25,8.042359851944647e-25,0.611526048863755
0.1718058482431918,0,4.918112543800204e-25,,
0.17794177139473438,1,2.2708313937834865e-215,5.817261756211059e-215,0.3903608757778403
0.17794177139473438,2,5.447372765900054e-25,8.896448059933774e-25,0.6123087246957529
0.17794177139473438,0,5.447372765900054e-25,,
0.18407769454627695,1,1.1630547161502751e-214,2.9842899166841133e-214,0.38972578020923704
0.18407769454627695,2,6.052755362585592e-25,9.872077543316158e-25,0.6131187013095922
0.18407769454627695,0,6.052755362585592e-25,,
0.19021361769781953,1,5.903718000377236e-214,1.5174016851073384e-213,0.38906757902800254
0.19021361769781953,2,6.746471627518504e-25,1.0988527594220495e-24,0.6139559253659121
0.19021361769781953,0,6.746471627518504e-25,,
0.19634954084936207,1,2.9692934732536488e-213,7.645209656437168e-213,0.3883861406931518
0.19634954084936207,2,7.542878610172907e-25,1.2268427332291501e-24,0.6148203356366171
0.19634954084936207,0,7.542878610172907e-25,,
0.20248546400090464,1,1.479369238136245e-212,3.8159413644106277e-212,0.38768133387309883
0.20248546400090464,2,8.458878594794122e-25,1.373837197377261e-24,0.6157118624348384
0.20248546400090464,0,8.458878594794122e-25,,
0.2086213871524472,1,7.299480377775594e-212,1.8863996017311333e-211,0.3869530279309284
0.2086213871524472,2,9.514396136376179e-25,1.5429657245634e-24,0.6166304270348187
0.2086213871524472,0,9.514396136376179e-25,,
0.21475731030398978,1,3.5661311460567767e-211,9.233871179326797e-211,0.3862010934309751
0.21475731030398978,2,1.0732948072031154e-24,1.7379155109585847e-24,0.6175759410830718
0.21475731030398978,0,1.0732948072031154e-24,,
0.22089323345553233,1,1.7246182700376528e-210,4.474583818566637e-210,0.38542540266685793
0.22089323345553233,2,1.2142325013456085e-24,1.963035852758646e-24,0.6185483060022835
0.22089323345553233,0,1.2142325013456085e-24,,
0.2270291566070749,1,8.254324291825558e-210,2.146066031835726e-209,0.3846258302110528
0.2270291566070749,2,1.377540652301154e-24,2.223462845221312e-24,0.6195474123895427
0.2270291566070749,0,1.377540652301154e-24,,
0.23316507975861747,1,3.909019456329423e-209,1.0184983076114049e-208,0.3838022534860077
0.23316507975861747,2,1.5671136597794584e-24,2.5252682725968624e-24,0.6205731394106161
0.23316507975861747,0,1.5671136597794584e-24,,
0.23930100291016004,1,1.8312986119485245e-208,4.78202595032905e-208,0.38295455335672385
0.23930100291016004,2,1.7875691367584578e-24,2.8756374312976154e-24,0.621625354192106
0.23930100291016004,0,1.7875691367584578e-24,,
0.2454369260617026,1,8.485261676065461e-208,2.220792401595306e-207,0.3820826147446323
0.2454369260617026,2,2.0443877211405618e-24,3.2830815485912934e-24,0.6227039112134661
0.2454369260617026,0,2.0443877211405618e-24,,
0.2515728492132452,1,3.8877494076245545e-207,1.0199078848248827e-206,0.3811863272624937
0.2515728492132452,2,2.3440804995835627e-24,3.757691550432671e-24,0.6238086517009782
0.2515728492132452,0,2.3440804995835627e-24,,
0.25770877236478773,1,1.761055354709315e-206,4.631119460049252e-206,0.3802655858699413
0.25770877236478773,2,2.6943895046780545e-24,4.31144122395218e-24,0.6249394030259287
0.25770877236478773,0,2.6943895046780545e-24,,
0.2638446955163303,1,7.885093673501135e-206,2.0787429117746327e-205,0.37932029154916486
0.2638446955163303,2,3.1045278025643884e-24,4.958549345643823e-24,0.6260959781093584
0.2638446955163303,0,3.1045278025643884e-24,,
0.2699806186678729,1,3.4891518920402523e-205,9.22201307226286e-205,0.3783503520001082
0.2699806186678729,2,3.585466936440835e-24,5.715912142772821e-24,0.6272781748358897
0.2699806186678729,0,3.585466936440835e-24,,
0.2761165418194154,1,1.5255795537423276e-204,4.042815903086092e-204,0.37735568235441375
0.2761165418194154,2,4.150280962918255e-24,6.603619564425868e-24,0.6284857754792676
0.2761165418194154,0,4.150280962918255e-24,,
0.28225246497095796,1,6.589878304427466e-204,1.7510614713622297e-203,0.37633620590720335
0.28225246497095796,2,4.814558047003442e-24,7.645571305620858e-24,0.629718546142377
0.28225246497095796,0,4.814558047003442e-24,,
0.28838838812250056,1,2.811744890392503e-203,7.492155382373613e-203,0.37529185486562955
0.28838838812250056,2,5.5968926050836574e-24,8.870211402351345e-24,0.63097623621462
0.28838838812250056,0,5.5968926050836574e-24,,
0.2945243112740431,1,1.1848455915211946e-202,3.1661521323990757e-202,0.37422257111296997
0.2945243112740431,2,6.519473343980651e-24,1.0311403549721238e-23,0.6322585778496567
0.2945243112740431,0,6.519473343980651e-24,,
0.3006602344255857,1,4.930253136397992e-202,1.321329163206992e-201,0.37312830698686744
0.3006602344255857,2,7.608785280429323e-24,1.2009473143443377e-23,0.6335652854666128
0.3006602344255857,0,7.608785280429323e-24,,
0.30679615757712825,1,2.025515672686903e-201,5.4448024933271156e-201,0.37200902607014236
0.30679615757712825,2,8.896446982625493e-24,1.4012446460595114e-23,0.6348960552779631
0.30679615757712825,0,8.896446982625493e-24,,
0.3129320807286708,1,8.214881532359426e-201,2.2150615693337332e-200,0.37086470399242105
0.3129320807286708,2,1.0420207896447719e-23,1.637752242930784e-23,0.6362505648473782
0.3129320807286708,0,1.0420207896447719e-23,,
0.3190680038802134,1,3.288590575362999e-200,8.895407421342979e-200,0.369695329240637
0.3190680038802134,2,1.222513474268755e-23,1.917281813230063e-23,0.6376284726809017
0.3190680038802134,0,1.222513474268755e-23,,
0.32520392703175593,1,1.2992950663880234e-199,3.525893837350517e-199,0.36850090397626956
0.32520392703175593,2,1.4365020630369242e-23,2.2479435576832207e-23,0.6390294178548745
0.32520392703175593,0,1.4365020630369242e-23,,
0.3313398501832985,1,5.065766247600797e-199,1.3792600520762099e-198,0.3672814448569915
0.3313398501832985,2,1.6904055745389703e-23,2.6393904354964836e-23,0.6404530196840681
0.3313398501832985,0,1.6904055745389703e-23,,
0.3374757733348411,1,1.9488348998796337e-198,5.3241475200875834e-198,0.36603698386020206
0.3374757733348411,2,1.9918804245672707e-23,3.103106259558172e-23,0.6418988774335042
0.3374757733348411,0,1.9918804245672707e-23,,
0.3436116964863836,1,7.3969722510867e-198,2.0278590745392522e-197,0.3647675691057259
0.3436116964863836,2,2.3500538300034173e-23,3.6527447015478983e-23,0.643366570077441
0.3436116964863836,0,2.3500538300034173e-23,,
0.3497476196379262,1,2.7697580397501717e-197,7.620252440322595e-197,0.36347326567476773
0.3497476196379262,2,2.7757986988273404e-23,4.3045271798907004e-23,0.6448556561089765
0.3497476196379262,0,2.7757986988273404e-23,,
0.35588354278946877,1,1.0230617597845407e-196,2.824934469597393e-196,0.36215415642202364
0.35588354278946877,2,3.2820564926028037e-23,5.0777085288578807e-23,0.6463656734036741
0.35588354278946877,0,3.2820564926028037e-23,,
0.3620194659410113,1,3.727355233014748e-196,1.0330511049988248e-195,0.3608103427776681
0.3620194659410113,2,3.884215281778373e-23,5.995120277967652e-23,0.6478961391405351
0.3620194659410113,0,3.884215281778373e-23,,
0.3681553890925539,1,1.3393955914040953e-195,3.7263196686955174e-195,0.35944194553576264
0.3681553890925539,2,4.600550942201213e-23,7.083802267845717e-23,0.6494465497835394
0.3681553890925539,0,4.600550942201213e-23,,
0.37429131224409645,1,4.7467883266387164e-195,1.325736680265302e-194,0.35804910562547043
0.37429131224409645,2,5.452740127876071e-23,8.375734138114879e-23,0.6510163811268388
0.37429131224409645,0,5.452740127876071e-23,,
0.38042723539563905,1,1.6590181418279246e-194,4.6519050793301403e-194,0.3566319848613115
0.38042723539563905,2,6.466454252376502e-23,9.90867887372096e-23,0.6526050884065219
0.38042723539563905,0,6.466454252376502e-23,,
0.3865631585471816,1,5.717993171957637e-194,1.6098372222871637e-193,0.35519076666856064
0.3865631585471816,2,7.672044156622165e-23,1.1727150996764896e-22,0.6542121064816688
0.3865631585471816,0,7.672044156622165e-23,,
0.39269908169872414,1,1.9433989237853135e-193,5.49408527918923e-193,0.35372565677977674
0.39269908169872414,2,9.105325353828671e-23,1.388352202627565e-22,0.6558368500871847
0.39269908169872414,0,9.105325353828671e-23,,
0.39883500485026674,1,6.513199526901019e-193,1.8490963963843368e-192,0.35223688389835806
0.39883500485026674,2,1.0808473623265274e-22,1.6439275356714582e-22,0.6574787141606323
0.39883500485026674,0,1.0808473623265274e-22,,
0.4049709280018093,1,2.152449019304711e-192,6.137146934078057e-192,0.3507247003249498
0.4049709280018093,2,1.283104015088542e-22,1.946642155667359e-22,0.6591370742449894
0.4049709280018093,0,1.283104015088542e-22,,
0.4111068511533518,1,7.014118806358643e-192,2.0086861620155965e-191,0.34918938254248705
0.4111068511533518,2,1.523109424134916e-22,2.30490830615389e-22,0.6608112869689245
0.4111068511533518,0,1.523109424134916e-22,,
0.4172427743048944,1,2.253795654899862e-191,6.48329450584031e-191,0.3476312317556433
0.4172427743048944,2,1.8076499682398403e-22,2.728525409666887e-22,0.66250069060582
0.4172427743048944,0,1.8076499682398403e-22,,
0.42337869745643697,1,7.141020970935019e-191,2.0635772628667e-190,0.3460505743804711
0.42337869745643697,2,2.144632793629514e-22,3.2288737162991074e-22,0.6642046057123794
0.42337869745643697,0,2.144632793629514e-22,,
0.42951462060797957,1,2.2310914459848065e-190,6.477299866663757e-190,0.344447762480073
0.42951462060797957,2,2.543240725070432e-22,3.819125126407921e-22,0.6659223358472357
0.42951462060797957,0,2.543240725070432e-22,,
0.4356505437595221,1,6.873792788239128e-190,2.0050548815545958e-189,0.3428231741422266
0.4356505437595221,2,3.0141001296231647e-22,4.514469896074785e-22,0.6676531683695237
0.4356505437595221,0,3.0141001296231647e-22,,
0.44178646691106466,1,2.0883918429750736e-189,6.121135171207066e-189,0.34117721379501087
0.44178646691106466,2,3.5694603817792505e-22,5.332356901528435e-22,0.6693963753169112
0.44178646691106466,0,3.5694603817792505e-22,,
0.44792239006260726,1,6.257232390078895e-189,1.8430168865277098e-188,0.33951031245664154
0.44792239006260726,2,4.223382681019357e-22,6.292743856589099e-22,0.6711512143620902
0.44792239006260726,0,4.223382681019357e-22,,
0.4540583132141498,1,1.8489678048985415e-188,5.4731862526474315e-188,0.3378229279159244
0.4540583132141498,2,4.991934870039199e-22,7.418352323488142e-22,0.672916929846218
0.4540583132141498,0,4.991934870039199e-22,,
0.46019423636569234,1,5.388637389217514e-188,1.603209810418938e-187,0.33611554483997313
0.46019423636569234,2,5.893387580012753e-22,8.734920519092127e-22,0.6746927538872773
0.46019423636569234,0,5.893387580012753e-22,,
0.46633015951723494,1,1.5490328801412903e-187,4.632432246814054e-187,0.3343886748061204
0.46633015951723494,2,6.948405482569063e-22,1.0271444795031393e-21,0.6764779075607956
0.46633015951723494,0,6.948405482569063e-22,,
0.4724660826687775,1,4.392457970091358e-187,1.3204726593378703e-186,0.33264285625526585
0.4724660826687775,2,8.180225663192223e-22,1.2060398278896588e-21,0.6782716021498285
0.4724660826687775,0,8.180225663192223e-22,,
0.4786020058203201,1,1.228731026486162e-186,3.713539723035296e-186,0.33087865436426445
0.4786020058203201,2,9.614813170178567e-22,1.413791254490376e-21,0.6800730404605864
0.4786020058203201,0,9.614813170178567e-22,,
0.48473792897186263,1,3.391164505187072e-186,1.0304463425971161e-185,0.3290966608353473
0.48473792897186263,2,1.1280981680713233e-21,1.6543905405868962e-21,0.6818814181995563
0.48473792897186263,0,1.1280981680713233e-21,,
0.4908738521234052,1,9.234809269797225e-186,2.821533757620279e-185,0.3272974936009978
0.4908738521234052,2,1.3210465030050248e-21,1.9322135088310023e-21,0.6836959254074689
0.4908738521234052,0,1.3210465030050248e-21,,
0.4970097752749478,1,2.4816574865430596e-185,7.624566146747389e-185,0.3254817964431623
0.4970097752749478,2,1.5437923170093537e-21,2.252015831346427e-21,0.6855157479449675
0.4970097752749478,0,1.5437923170093537e-21,,
0.5031456984264904,1,6.581758222956145e-185,2.033602154266336e-184,0.32365023852616104
0.5031456984264904,2,1.8000864092017413e-21,2.618916734705736e-21,0.6873400690243788
0.5031456984264904,0,1.8000864092017413e-21,,
0.5092816215780329,1,1.7229909641805666e-184,5.354170759677317e-184,0.32180351384317957
0.5092816215780329,2,2.093946153159254e-21,3.0383679133373258e-21,0.6891680707815517
0.5092816215780329,0,2.093946153159254e-21,,
0.5154175447295755,1,4.452698709211276e-184,1.391719114508123e-183,0.3199423405767477
0.5154175447295755,2,2.4296247078637495e-21,3.516104847201924e-21,0.6909989358813396
0.5154175447295755,0,2.4296247078637495e-21,,
0.521553467881118,1,1.136120664618577e-183,3.57194874094343e-183,0.3180674603741661
0.521553467881118,2,2.8115654868484903e-21,4.058077714380554e-21,0.6928318491499521
0.521553467881118,0,2.8115654868484903e-21,,
0.5276893910326605,1,2.862538568039002e-183,9.053519671020421e-183,0.3161796375393931
0.5276893910326605,2,3.2443397603968642e-21,4.670359228761137e-21,0.6946659992271002
0.5276893910326605,0,3.2443397603968642e-21,,
0.5338253141842031,1,7.1231500116718896e-183,2.266500496325514e-182,0.3142796581434706
0.5338253141842031,2,3.732565451483919e-21,5.3590270524226505e-21,0.6965005802306113
0.5338253141842031,0,3.732565451483919e-21,,
0.5399612373357457,1,1.7508863199126725e-182,5.605197957178501e-182,0.3123683290561284
0.5399612373357457,2,4.2808055278130106e-21,6.1300189652753535e-21,0.6983347934259975
0.5399612373357457,0,4.2808055278130106e-21,,
0.5460971604872883,1,4.2519019394137336e-182,1.369608694499448e-181,0.3104464769017606
0.5460971604872883,2,4.893444914225557e-21,6.988959750094268e-21,0.7001678488933284
0.5460971604872883,0,4.893444914225557e-21,,
0.5522330836388308,1,1.0202937997153457e-181,3.307113025879293e-181,0.30851494694351145
0.5522330836388308,2,5.574545571117759e-21,7.940959790128923e-21,0.7019989671836955
0.5522330836388308,0,5.574545571117759e-21,,
0.5583690067903734,1,2.419714539776623e-181,7.892742989088262e-181,0.3065746018997305
0.5583690067903734,2,6.327680315903843e-21,8.990386687279984e-21,0.7038273809575443
0.5583690067903734,0,6.327680315903843e-21,,
0.5645049299419159,1,5.672608892628706e-181,1.8621532373299711e-180,0.30462632069755535
0.5645049299419159,2,7.155747104780148e-21,1.0140612782898774e-20,0.705652336597219
0.5645049299419159,0,7.155747104780148e-21,,
0.5706408530934586,1,1.3148220830732127e-180,4.344063671022046e-180,0.3026709971688488
0.5706408530934586,2,8.060766824417471e-21,1.1393743270844573e-20,0.7074730957861891
0.5706408530934586,0,8.060766824417471e-21,,
0.5767767762450011,1,3.013732995208674e-180,1.0022073155031948e-179,0.30070953869414924
0.5767767762450011,2,9.043669132721327e-21,1.27503315790672e-20,0.709288937047624
0.5767767762450011,0,9.043669132721327e-21,,
0.5829126993965437,1,6.832613446669903e-180,2.287121886987498e-179,0.2987428648006835
0.5829126993965437,2,1.0104072478573483e-20,1.420909077977008e-20,0.7110991572352371
0.5829126993965437,0,1.0104072478573483e-20,,
0.5890486225480862,1,1.5325203133777482e-179,5.163966951842582e-179,0.29677190572083767
0.5890486225480862,2,1.1240066044781837e-20,1.5766611859254042e-20,0.712903072969644
0.5890486225480862,0,1.1240066044781837e-20,,
0.5951845456996288,1,3.401403810785201e-179,1.1538098682607393e-178,0.2947976009177751
0.5951845456996288,2,1.2448002897146375e-20,1.7417101600292188e-20,0.714700022013855
0.5951845456996288,0,1.2448002897146375e-20,,
0.6013204688511714,1,7.472055587771206e-179,2.5517494309294456e-178,0.29282089758513613
0.6013204688511714,2,1.372231496777294e-20,1.915215444374306e-20,0.7164893645819554
0.6013204688511714,0,1.372231496777294e-20,,
0.607456392002714,1,1.6249923721288143e-178,5.587185436120341e-178,0.29084274912793745
0.607456392002714,2,1.5055361521031464e-20,2.096057382885361e-20,0.7182704845755115
0.607456392002714,0,1.5055361521031464e-20,,
0.6135923151542565,1,3.4993965879514925e-178,1.2114334812840541e-177,0.2888641136319198
0.6135923151542565,2,1.6437323308191393e-20,2.2828258986157484e-20,0.720042790742763
0.6135923151542565,0,1.6437323308191393e-20,,
0.619728238305799,1,7.463948654133173e-178,2.6017128386901078e-177,0.28688595232866165
0.619728238305799,2,1.785615457840322e-20,2.473817280626419e-20,0.7218057177562318
0.619728238305799,0,1.785615457840322e-20,,
0.6258641614573416,1,1.5771842932968803e-177,5.535743099706754e-177,0.2849092280637858
0.6258641614573416,2,1.92976043618104e-20,2.667040509117344e-20,0.7235587272049697
0.6258641614573416,0,1.92976043618104e-20,,
0.6320000846088842,1,3.302484314699713e-177,1.1672240754430531e-176,0.28293490377553776
0.6320000846088842,2,2.0745316887315594e-20,2.860234311484693e-20,0.7253013084982921
0.6320000846088842,0,2.0745316887315594e-20,,
0.6381360077604268,1,6.854112033821911e-177,2.4394988231047585e-176,0.28096394099090644
0.6381360077604268,2,2.2181018598260277e-20,3.050895794035283e-20,0.7270329796784845
0.6381360077604268,0,2.2181018598260277e-20,,
0.6442719309119693,1,1.4103360859900554e-176,5.055016999625325e-176,0.2789972983462941
0.6442719309119693,2,2.35847959947422e-20,3.236321040131125e-20,0.7287532881406172
0.6442719309119693,0,2.35847959947422e-20,,
0.6504078540635119,1,2.8778293800073764e-176,1.0387928304310542e-175,0.27703593013952565
0.6504078540635119,2,2.4935464538068064e-20,3.4136575182644133e-20,0.7304618112582618
0.6504078540635119,0,2.4935464538068064e-20,,
0.6565437772150544,1,5.824914042786845e-176,2.117528508756732e-175,0.27508078491971927
0.6565437772150544,2,2.621102424800207e-20,3.5799675248391905e-20,0.7321581569145506
0.6565437772150544,0,2.621102424800207e-20,,
0.662679700366597,1,1.1697903010736647e-175,4.2828627078952873e-175,0.2731328041212254
0.662679700366597,2,2.738919262576967e-20,3.732301227197036e-20,0.7338419639386662
0.662679700366597,0,2.738919262576967e-20,,
0.6688156235181396,1,2.3314885209782694e-175,8.597158489801348e-175,0.2711929207474855
0.6688156235181396,2,2.8448000427359986e-20,3.867777211339002e-20,0.73551290244847
0.6688156235181396,0,2.8448000427359986e-20,,
0.6749515466696822,1,4.6129499958954113e-175,1.713182328126735e-174,0.26926205811026566
0.6749515466696822,2,2.936643092554081e-20,3.983667820395948e-20,0.737170674100583
0.6749515466696822,0,2.936643092554081e-20,,
0.6810874698212247,1,9.062716715689817e-175,3.3899448102713965e-174,0.26734112862929654
0.6810874698212247,2,3.0125078997020693e-20,4.077486041503822e-20,0.7388150122498084
0.6810874698212247,0,3.0125078997020693e-20,,
0.6872233929727672,1,1.7684252203372188e-174,6.662465961004085e-174,0.26543103269689405
0.6872233929727672,2,3.070680301746605e-20,4.147070306856514e-20,0.7404456820203239
0.6872233929727672,0,3.070680301746605e-20,,
0.6933593161243098,1,3.428296851835482e-174,1.3009001931318033e-173,0.2635326576116618
0.6933593161243098,2,3.109734047705404e-20,4.190663360965883e-20,0.7420624802915828
0.6933593161243098,0,3.109734047705404e-20,,
0.6994952392758524,1,6.604631499052245e-174,2.524253904827145e-173,0.26164687658488595
0.6994952392758524,2,3.1285857717151906e-20,4.206981343132492e-20,0.7436652356023202
0.6994952392758524,0,3.1285857717151906e-20,,
0.705631162427395,1,1.2647723974478498e-173,4.868731013289755e-173,0.25977454782273035
0.705631162427395,2,3.126540541699861e-20,4.195269461539614e-20,0.7452538079764864
0.705631162427395,0,3.126540541699861e-20,,
0.7117670855789375,1,2.4081580484375533e-173,9.336967276789285e-173,0.25791651368683494
0.7117670855789375,2,3.103325449304816e-20,4.15534109705138e-20,0.7468280886753024
0.7117670855789375,0,3.103325449304816e-20,,
0.7179030087304801,1,4.5601755783895854e-173,1.7808066038590883e-172,0.25607359993541573
0.7179030087304801,2,3.0591091844200834e-20,4.087597856874736e-20,0.7483879998799573
0.7179030087304801,0,3.0591091844200834e-20,,
0.7240389318820226,1,8.590473846109514e-173,3.378795758810624e-172,0.2542466150464644
0.7240389318820226,2,2.9945061674385326e-20,3.993028968781725e-20,0.749933494309749
0.7240389318820226,0,2.9945061674385326e-20,,
0.7301748550335653,1,1.610298659815313e-172,6.37902846484992e-172,0.2524363496241584
0.7301748550335653,2,2.910564560786901e-20,3.873189416946358e-20,0.7514645547806966
0.7301748550335653,0,2.910564560786901e-20,,
0.7363107781851078,1,3.004442992859753e-172,1.1986914016056349e-171,0.2506435758891181
0.7363107781851078,2,2.808738302781282e-20,3.7301573083691614e-20,0.7529811937098365
0.7363107781851078,0,2.808738302781282e-20,,
0.7424467013366504,1,5.580894497600191e-172,2.242502456295238e-171,0.24886904725269274
0.7424467013366504,2,2.6908441479162377e-20,3.566472052830923e-20,0.754483452570546
0.7424467013366504,0,2.6908441479162377e-20,,
0.7485826244881929,1,1.0323800196377955e-171,4.177756488810348e-171,0.24711349797502788
0.7485826244881929,2,2.5590055009528607e-20,3.385055964468536e-20,0.7559714013043304
0.7485826244881929,0,2.5590055009528607e-20,,
0.7547185476397354,1,1.9023236328495418e-171,7.752636345831571e-171,0.24537764290625874
0.7547185476397354,2,2.4155855411616038e-20,3.1891227772799044e-20,0.7574451376945502
0.7547185476397354,0,2.4155855411616038e-20,,
0.7608544707912781,1,3.4926153938881894e-171,1.4333842997091752e-170,0.24366217730979886
0.7608544707912781,2,2.2631126971416443e-20,2.9820772470811684e-20,0.7589047867075742
0.7608544707912781,0,2.2631126971416443e-20,,
0.7669903939428206,1,6.39073106250824e-171,2.641149638978321e-170,0.2419677767663469
0.7669903939428206,2,2.104201911525739e-20,2.7674104403960987e-20,0.7603504998068031
0.7669903939428206,0,2.104201911525739e-20,,
0.7731263170943632,1,1.1657217748547294e-170,4.8512091534413365e-170,0.24029509715692077
0.7731263170943632,2,1.9414753022310277e-20,2.5485954571575882e-20,0.7617824542449461
0.7731263170943632,0,1.9414753022310277e-20,,
0.7792622402459057,1,2.1202852476356538e-170,8.884691693321859e-170,0.2386447747229493
0.7792622402459057,2,1.777485772795497e-20,2.328988191438825e-20,0.7632008523398243
0.7792622402459057,0,1.777485772795497e-20,,
0.7853981633974483,1,3.8464343828252814e-170,1.6228487687483439e-169,0.2370174262012057
0.7853981633974483,2,1.6146468560123346e-20,2.1117373175087095e-20,0.7646059207388494
0.7853981633974483,0,1.6146468560123346e-20,,
0.7915340865489908,1,6.961387820638398e-170,2.9570875984837324e-169,0.23541364903115816
0.7915340865489908,2,1.4551716162039843e-20,1.8997070329046627e-20,0.7659979096771667
0.7915340865489908,0,1.4551716162039843e-20,,
0.7976700097005335,1,1.2572300257600024e-169,5.376591554063301e-169,0.23383402163213687
0.7976700097005335,2,1.3010228239098102e-20,1.6954152490033e-20,0.7673770922342801
0.7976700097005335,0,1.3010228239098102e-20,,
0.803805932852076,1,2.2663247103078048e-169,9.756903112432645e-169,0.23227910374757757
0.803805932852076,2,1.1538759007815332e-20,1.5009889581247677e-20,0.768743763593775
0.803805932852076,0,1.1538759007815332e-20,,
0.8099418560036186,1,4.0787223477847466e-169,1.7675979640090637e-168,0.23074943685349436
0.8099418560036186,2,1.0150953664535335e-20,1.318137496385109e-20,0.7700982403105554
0.8099418560036186,0,1.0150953664535335e-20,,
0.8160777791551611,1,7.330371402075758e-169,3.197606921418027e-168,0.229245544628262
0.8160777791551611,2,8.857247585281318e-21,1.148143435128806e-20,0.7714408595897825
0.8160777791551611,0,8.857247585281318e-21,,
0.8222137023067037,1,1.3159273178417163e-168,5.777491579836263e-168,0.22776793348074606
0.8222137023067037,2,7.664892933807656e-21,9.918699365726866e-21,0.7727719785814835
0.8222137023067037,0,7.664892933807656e-21,,
0.8283496254582463,1,2.3601804470371633e-168,1.042864422813051e-167,0.22631709313380816
0.8283496254582463,2,6.578099332006473e-21,8.497826557496408e-21,0.7740919736945635
0.8283496254582463,0,6.578099332006473e-21,,
0.8344855486097889,1,4.2302712936790405e-168,1.8810109430527695e-167,0.2248934972602318
0.8344855486097889,2,5.598270564277372e-21,7.219837003041032e-21,0.7754012399337205
0.8344855486097889,0,5.598270564277372e-21,,
0.8406214717613314,1,7.578832163652828e-168,3.3910127098948854e-167,0.22349760416815884
0.8406214717613314,2,4.724316144428203e-21,6.082547942767095e-21,0.7767001902625364
0.8406214717613314,0,4.724316144428203e-21,,
0.8467573949128739,1,1.3575248636850168e-167,6.111402036451299e-167,0.22212985753319694
0.8467573949128739,2,3.95301503337786e-21,5.0810663617703435e-21,0.7779892549957863
0.8467573949128739,0,3.95301503337786e-21,,
0.8528933180644165,1,2.4316671965101872e-167,1.1013450012902298e-166,0.22079068717445308
0.8528933180644165,2,3.2794087933716947e-21,4.2083148350818415e-21,0.7792688812237876
0.8528933180644165,0,3.2794087933716947e-21,,
0.8590292412159591,1,4.3568214724201954e-167,1.985060757770149e-166,0.21948050987186327
0.8590292412159591,2,2.6972028243408695e-21,3.455562098811186e-21,0.7805395322714027
0.8590292412159591,0,2.6972028243408695e-21,,
0.8651651643675017,1,7.809840612201323e-167,3.579216438188925e-166,0.21819973022232445
0.8651651643675017,2,2.199156792153508e-21,2.812934313363171e-21,0.7818016871941013
0.8651651643675017,0,2.199156792153508e-21,,
0.8713010875190442,1,1.400934760869084e-166,6.45744589700964e-166,0.21694874153228894
0.8713010875190442,2,1.7774486165325008e-21,2.2698874397275923e-21,0.7830558403133027
0.8713010875190442,0,1.7774486165325008e-21,,
0.8774370106705868,1,2.5153164117259118e-166,1.1659669889208106e-165,0.21572792674465208
0.8774370106705868,2,1.4240001088374946e-21,1.8156261230808596e-21,0.7843025007930425
0.8774370106705868,0,1.4240001088374946e-21,,
0.8835729338221293,1,4.521276316477224e-166,2.1074511249750548e-165,0.21453765939794883
0.8835729338221293,2,1.1307562179200373e-21,1.439459559348534e-21,0.7855421922598446
0.8835729338221293,0,1.1307562179200373e-21,,
0.8897088569736719,1,8.137988141025093e-166,3.8138779646166674e-165,0.21337830461607446
0.8897088569736719,2,8.899135729222361e-22,1.1310896522396987e-21,0.7867754524675353
0.8897088569736719,0,8.899135729222361e-22,,
0.8958447801252145,1,1.4670795118424564e-165,6.912028222938656e-165,0.21225022012695516
0.8958447801252145,2,6.940973763242886e-22,8.808310671602673e-22,0.7880028330086108
0.8958447801252145,0,6.940973763242886e-22,,
0.9019807032767571,1,2.649494662219252e-165,1.2547703133429554e-164,0.21115375730881586
0.9019807032767571,2,5.364885344970395e-22,6.797663570000616e-22,0.7892248990736547
0.9019807032767571,0,5.364885344970395e-22,,
0.9081166264282996,1,4.794426428059859e-165,2.2820901822481845e-164,0.21008926226292535
0.9081166264282996,2,4.109051198487106e-22,5.198420638954009e-22,0.7904422292602127
0.9081166264282996,0,4.109051198487106e-22,,
0.9142525495798421,1,8.694911107106206e-165,4.159108715926807e-164,0.20905707691193762
0.9142525495798421,2,3.1184380575597194e-22,3.939135634986087e-22,0.7916554154324604
0.9142525495798421,0,3.1184380575597194e-22,,
0.9203884727313847,1,1.580660002201719e-164,7.597225273670678e-164,0.20805754012319905
0.9203884727313847,2,2.344878254403973e-22,2.9574745627170313e-22,0.7928650626329423
0.9203884727313847,0,2.344878254403973e-22,,
0.9265243958829273,1,2.8810174548757973e-164,1.3911843633477043e-163,0.2070909888566461
0.9265243958829273,2,1.7468834446299243e-22,2.199906190755175e-22,0.7940717890476326
0.9265243958829273,0,1.7468834446299243e-22,,
0.9326603190344699,1,5.265941985827203e-164,2.5543263580074396e-163,0.2061577593371828
0.9326603190344699,2,1.2892599853132382e-22,1.6211473990067666e-22,0.7952762260255503
0.9326603190344699,0,1.2892599853132382e-22,,
0.9387962421860124,1,9.654217209926625e-164,4.703450465073819e-163,0.20525818825169884
0.9387962421860124,2,9.425884444277143e-23,1.1834441622983962e-22,0.7964790181541729
0.9387962421860124,0,9.425884444277143e-23,,
0.944932165337555,1,1.7756460317430866e-163,8.687427579910401e-163,0.2043926139711659
0.944932165337555,2,6.826221614058569e-23,8.557585206864977e-23,0.79768082339192
0.944932165337555,0,6.826221614058569e-23,,
0.9510680884890975,1,3.2770350402495114e-163,1.609851080637086e-162,0.2035613777985384
0.9510680884890975,2,4.896507727581973e-23,6.129197813388475e-23,0.7988823132590299
0.9510680884890975,0,4.896507727581973e-23,,
0.9572040116406402,1,6.069846681249332e-163,2.9935402622031607e-162,0.20276482524347603
0.9572040116406402,2,3.478650968018801e-23,4.347856244414456e-23,0.8000841730882217
0.9572040116406402,0,3.478650968018801e-23,,
0.9633399347921827,1,1.1285803912419183e-162,5.586940165415138e-162,0.20200330732521085
0.9633399347921827,2,2.4475048825700257e-23,3.054466838955533e-23,0.8012871023366368
0.9633399347921827,0,2.4475048825700257e-23,,
0.9694758579437253,1,2.1068386872191636e-162,1.046734988674251e-161,0.20127718190519203
0.9694758579437253,2,1.7052727743434992e-23,2.12497217112063e-23,0.8024918149606649
0.9694758579437253,0,1.7052727743434992e-23,,
0.9756117810952678,1,3.949659526140356e-162,1.969052415098652e-161,0.20058681505146594
0.9756117810952678,2,1.1764955517257991e-23,1.463850886194247e-23,0.8036990398554044
0.9756117810952678,0,1.1764955517257991e-23,,
0.9817477042468103,1,7.437089228953087e-162,3.719798513228039e-161,0.19993258243708437
0.9817477042468103,2,8.036753402549173e-24,9.984666834308636e-24,0.8049095213606753
0.9817477042468103,0,8.036753402549173e-24,,
0.987883627398353,1,1.4068457761808253e-161,7.0584084905921465e-161,0.1993148707751826
0.987883627398353,2,5.435404487441219e-24,6.742640528871837e-24,0.8061240198356916
0.987883627398353,0,5.435404487441219e-24,,
0.9940195505498955,1,2.6740853835533803e-161,1.345559550257611e-160,0.19873407929373466
0.9940195505498955,2,3.6392343968202794e-24,4.507666492500409e-24,0.80734331230472
0.9940195505498955,0,3.6392343968202794e-24,,
1.000155473701438,1,5.108276693693737e-161,2.5774563202781832e-160,0.19819062125337605
1.000155473701438,2,2.4120163010014877e-24,2.9830709658839744e-24,0.8085681931763008
1.000155473701438,0,2.4120163010014877e-24,,
1.0062913968529807,1,9.809097244531433e-161,4.961985451911272e-160,0.19768492551208786
1.0062913968529807,2,1.5823647852737307e-24,1.9540205125444874e-24,0.8097994750388808
1.0062913968529807,0,1.5823647852737307e-24,,
1.0124273200045233,1,1.893757547331795e-160,9.602383872252795e-160,0.19721743814096285
1.0124273200045233,2,1.0274298706456102e-24,1.2668085637189276e-24,0.8110379895360185
1.0124273200045233,0,1.0274298706456102e-24,,
1.0185632431560658,1,3.676595283491494e-160,1.8682966560622925e-159,0.1967886240957287
1.0185632431560658,2,6.602051316379782e-25,8.12775646771349e-25,0.8122845883246645
1.0185632431560658,0,6.602051316379782e-25,,
1.0246991663076084,1,7.179249394594723e-160,3.655441488825834e-159,0.19639896894918632
1.0246991663076084,2,4.1980486435149e-25,5.1602230988291745e-25,0.8135401441203993
1.0246991663076084,0,4.1980486435149e-25,,
1.030835089459151,1,1.410295108183422e-159,7.193585517344286e-159,0.19604898069024024
1.030835089459151,2,2.641297876730502e-25,3.24162970022183e-25,0.814805551833929
1.030835089459151,0,2.641297876730502e-25,,
1.0369710126106935,1,2.7875655426881196e-159,1.4241223333777032e-158,0.195739191595755
1.0369710126106935,2,1.6441703301475753e-25,2.0147128285095412e-25,0.8160817298036026
1.0369710126106935,0,1.6441703301475753e-25,,
1.043106935762236,1,5.545122872910336e-159,2.8368129783826195e-158,0.19547016018207278
1.043106935762236,2,1.0124941408704725e-25,1.238722500441941e-25,0.8173696211292225
1.043106935762236,0,1.0124941408704725e-25,,
1.0492428589137786,1,1.1103392648408715e-158,5.686976027265748e-158,0.19524247324367808
1.0492428589137786,2,6.167509685171248e-26,7.533570566008081e-26,0.8186701951129812
1.0492428589137786,0,6.167509685171248e-26,,
1.055378782065321,1,2.238446684079278e-158,1.1475874109344455e-157,0.19505674798720377
1.055378782065321,2,3.715802010868734e-26,4.53155180716326e-26,0.819984448813974
1.055378782065321,0,3.715802010868734e-26,,
1.0615147052168636,1,4.544364777811942e-158,2.331476089313975e-157,0.19491363426974273
1.0615147052168636,2,2.2139758809491648e-26,2.6956529108545646e-26,0.8213134087234174
1.0615147052168636,0,2.2139758809491648e-26,,
1.0676506283684062,1,9.292330950292022e-158,4.769852105826897e-157,0.19481381695127237
1.0676506283684062,2,1.304431595841468e-26,1.5856302201363464e-26,0.8226581325684507
1.0676506283684062,0,1.304431595841468e-26,,
1.073786551519949,1,1.9142198773275593e-157,9.828708945230849e-157,0.19475801837192358
1.073786551519949,2,7.598827505309628e-27,9.221657445248241e-27,0.8240197112532271
1.073786551519949,0,7.598827505309628e-27,,
1.0799224746714915,1,3.973436655905059e-157,2.0403069809542444e-156,0.1947470009658398
1.0799224746714915,2,4.3761844201615795e-27,5.301900030928263e-27,0.8253992709469085
1.0799224746714915,0,4.3761844201615795e-27,,
1.086058397823034,1,8.312676442695826e-157,4.267691466728928e-156,0.19478157002449079
1.086058397823034,2,2.491227362674246e-27,3.01310288245732e-27,0.8267979753291859
1.086058397823034,0,2.491227362674246e-27,,
1.0921943209745766,1,1.753111784101608e-156,8.996657103064444e-156,0.19486257662353973
1.0921943209745766,2,1.4016603102377947e-27,1.692382869275208e-27,0.8282170280050635
1.0921943209745766,0,1.4016603102377947e-27,,
1.0983302441261191,1,3.7279312278232554e-156,1.9118486203824564e-155,0.19499092072872903
1.0983302441261191,2,7.793358698336125e-28,9.393463029651555e-28,0.829657675101875
1.0983302441261191,0,7.793358698336125e-28,,
1.1044661672776617,1,7.994892089268234e-156,4.096424792451791e-155,0.19516755449776324
1.1044661672776617,2,4.2815165732295395e-28,5.151494790042316e-28,0.8311212080628679
1.1044661672776617,0,4.2815165732295395e-28,,
1.1106020904292042,1,1.7295862969453575e-155,8.851811460815995e-155,0.1953934857968515
1.1106020904292042,2,2.3237956445794256e-28,2.790980805695916e-28,0.8326089666532119
1.1106020904292042,0,2.3237956445794256e-28,,
1.1167380135807468,1,3.7753480648474676e-155,1.9294487003440537e-154,0.19566978195244364
1.1167380135807468,2,1.2458317730236444e-28,1.493583986425501e-28,0.8341223421959777
1.1167380135807468,0,1.2458317730236444e-28,,
1.1228739367322893,1,8.316852032631151e-155,4.243344380773813e-154,0.195997573760782
1.1228739367322893,2,6.596496020374033e-29,7.893729587940191e-29,0.8356627810575076
1.1228739367322893,0,6.596496020374033e-29,,
1.1290098598838318,1,1.849491176019848e-154,9.418013285647606e-154,0.19637805978022388
1.1290098598838318,2,3.448960537237733e-29,4.119481110259367e-29,0.8372317884037058
1.1290098598838318,0,3.448960537237733e-29,,
1.1351457830353746,1,4.152820098673502e-154,2.110038675370719e-153,0.19681251093389937
1.1351457830353746,2,1.7803686449976067e-29,2.122440382854919e-29,0.8388309322511157
1.1351457830353746,0,1.7803686449976067e-29,,
1.1412817061869172,1,9.417597144612894e-154,4.7731822266018236e-153,0.19730227545319537
1.1412817061869172,2,9.07196283321297e-30,1.0794020997545417e-29,0.8404618478392764
1.1412817061869172,0,9.07196283321297e-30,,
1.1474176293384597,1,2.1575173208296338e-153,1.0904880359001863e-152,0.19784878419584181
1.1474176293384597,2,4.562279888322801e-30,5.417572400511994e-30,0.8421262423537962
1.1474176293384597,0,4.562279888322801e-30,,
1.1535535524900022,1,4.994584637390627e-153,2.5167523971834547e-152,0.19845355637607262
1.1535535524900022,2,2.2639581570733455e-30,2.6829683196321953e-30,0.8438259000328817
1.1535535524900022,0,2.2639581570733455e-30,,
1.1596894756415448,1,1.1686700728632053e-152,5.869227620197243e-152,0.1991182057484986
1.1596894756415448,2,1.108341835907919e-30,1.310774295080183e-30,0.8455626876937797
1.1596894756415448,0,1.108341835907919e-30,,
1.1658253987930873,1,2.7647223545218804e-152,1.3834371642469524e-151,0.19984444729203182
1.1658253987930873,2,5.351892405906333e-31,6.316120443474356e-31,0.847338560719779
1.1658253987930873,0,5.351892405906333e-31,,
1.1719613219446299,1,6.614560974364764e-152,3.296827821294434e-151,0.2006341044455178
1.1719613219446299,2,2.548443511492052e-31,3.001150322588259e-31,0.8491555695531496
1.1719613219446299,0,2.548443511492052e-31,,
1.1780972450961724,1,1.6009093300206506e-151,7.945388585905662e-151,0.20148911695275754
1.1780972450961724,2,1.1964053067591304e-31,1.4058554646408004e-31,0.8510158667447474
1.1780972450961724,0,1.1964053067591304e-31,,
1.184233168247715,1,3.920835982510265e-151,1.9370613952080052e-150,0.20241154938144013
1.184233168247715,2,5.536238939222021e-32,6.490910999619165e-32,0.8529217146170766
1.184233168247715,0,5.536238939222021e-32,,
1.1903690913992575,1,9.720101824608663e-151,4.7787265348565935e-150,0.20340360038828537
1.1903690913992575,2,2.52451272793175e-32,2.953076496891276e-32,0.8548754936044908
1.1903690913992575,0,2.52451272793175e-32,,
1.1965050145508,1,2.4399523681565376e-150,1.1933197314751464e-149,0.20446761281155898
1.1965050145508,2,1.134109386948625e-32,1.3235339475740159e-32,0.8568797113420488
1.1965050145508,0,1.134109386948625e-32,,
1.2026409377023428,1,6.203731316923068e-150,3.017289749236076e-149,0.20560608468224642
1.2026409377023428,2,5.0179973778842535e-33,5.8421016958989013e-33,0.8589370125834747
1.2026409377023428,0,5.0179973778842535e-33,,
1.2087768608538854,1,1.5982077408247433e-149,7.72746711618068e-149,0.2068216812567507
1.2087768608538854,2,2.1861616197694674e-33,2.538947955717592e-33,0.8610501900388835
1.2087768608538854,0,2.1861616197694674e-33,,
1.214912784005428,1,4.173253445336492e-149,2.005241507701182e-148,0.2081172481872634
1.214912784005428,2,9.375256886376086e-34,1.0860769020156106e-33,0.8632221962346209
1.214912784005428,0,9.375256886376086e-34,,
1.2210487071569704,1,1.1049324647986162e-148,5.274245726514651e-148,0.20949582596121896
1.2210487071569704,2,3.956398589189768e-34,4.571460448256184e-34,0.865456156510982
1.2210487071569704,0,3.956398589189768e-34,,
1.227184630308513,1,2.9674279952544677e-148,1.406626199524268e-147,0.21096066575882597
1.227184630308513,2,1.642455168218382e-34,1.8927628682556576e-34,0.8677553832890036
1.227184630308513,0,1.642455168218382e-34,,
1.2333205534600555,1,8.086832619791503e-148,3.805295261320302e-147,0.21251524689796764
1.2333205534600555,2,6.705292404876987e-35,7.706139690544641e-35,0.870123391755319
1.2333205534600555,0,6.705292404876987e-35,,
1.239456476611598,1,2.2372142943056895e-147,1.0446301189194644e-146,0.21416329605925974
1.239456476611598,2,2.691037308964718e-35,3.0840575184471417e-35,0.8725639171346214
1.239456476611598,0,2.691037308964718e-35,,
1.2455923997631406,1,6.285673958024414e-147,2.9112633251806225e-146,0.21590880851131647
1.2455923997631406,2,1.0613024289770192e-35,1.2128048824436787e-35,0.8750809337431118
1.2455923997631406,0,1.0613024289770192e-35,,
1.2517283229146832,1,1.7943338199065848e-146,8.240109250783956e-146,0.21775607158799182
1.2517283229146832,2,4.1115705445052745e-36,4.68459660320975e-36,0.8776786760439832
1.2517283229146832,0,4.1115705445052745e-36,,
1.2578642460662257,1,5.206693943013954e-146,2.3698062321577826e-145,0.21970969070636193
1.2578642460662257,2,1.5640431323659875e-36,1.7765915986016583e-36,0.8803616619582316
1.2578642460662257,0,1.5640431323659875e-36,,
1.2640001692177685,1,1.5365173264670406e-145,6.928283040411059e-145,0.22177461825749517
1.2640001692177685,2,5.839508553839338e-37,6.612251143621098e-37,0.8831347187217424
1.2640001692177685,0,5.839508553839338e-37,,
1.270136092369311,1,4.613688203379293e-145,2.060085184908061e-144,0.22395618575283313
1.270136092369311,2,2.1389222472944377e-37,2.4141252560469215e-37,0.8860030116237121
1.270136092369311,0,2.1389222472944377e-37,,
1.2762720155208536,1,1.4103387920736412e-144,6.233262271199646e-144,0.22626013966875952
1.2762720155208536,2,7.682436775201903e-38,8.641932612388376e-38,0.8889720760132962
1.2762720155208536,0,7.682436775201903e-38,,
1.282407938672396,1,4.391402609878953e-144,1.9202200004951003e-143,0.2286926815024682
1.282407938672396,2,2.704402637004054e-38,3.0316788811731786e-38,0.8920478530224555
1.282407938672396,0,2.704402637004054e-38,,
1.2885438618239387,1,1.3936053019600085e-143,6.026127357742463e-143,0.23126051263577804
1.2885438618239387,2,9.325737485001332e-39,1.0417063082239003e-38,0.8952367295251988
1.2885438618239387,0,9.325737485001332e-39,,
1.2946797849754812,1,4.510224146211118e-143,1.927686067409622e-142,0.233970884702811
1.2946797849754812,2,3.1484207938571113e-39,3.5039077077857025e-39,0.8985455829391005
1.2946797849754812,0,3.1484207938571113e-39,,
1.3008157081270237,1,1.4895576882206129e-142,6.289521053240307e-142,0.23683165627583133
1.3008157081270237,2,1.0400267932767729e-39,1.153046277504785e-39,0.9019818315769697
1.3008157081270237,0,1.0400267932767729e-39,,
1.3069516312785663,1,5.023560314041638e-142,2.0944473195963068e-141,0.2398513568252412
1.3069516312785663,2,3.3594479267616663e-40,3.709828252826862e-40,0.9055534913784193
1.3069516312785663,0,3.3594479267616663e-40,,
1.3130875544301088,1,1.7312974345717056e-141,7.123529923212772e-141,0.24303925907998095
1.3130875544301088,2,1.0604158389663553e-40,1.1662286507894857e-40,0.909269239997234
1.3130875544301088,0,1.0604158389663553e-40,,
1.3192234775816514,1,6.101914074158474e-141,2.476371281068113e-140,0.2464054611199733
1.3192234775816514,2,3.268625295616413e-41,3.5795504554593767e-41,0.9131384893964117
1.3192234775816514,0,3.268625295616413e-41,,
1.325359400733194,1,2.2011157160059735e-140,8.8058372868193e-140,0.24996097978106338
1.325359400733194,2,9.831309875770649e-42,1.0719162354479864e-41,0.9171714683155111
1.325359400733194,0,9.831309875770649e-42,,
1.3314953238847367,1,8.133385389824513e-140,3.2056810970262825e-139,0.25371785725565044
1.3314953238847367,2,2.88317420874055e-42,3.1291935448773173e-42,0.9213793162332462
1.3314953238847367,0,2.88317420874055e-42,,
1.3376312470362792,1,3.0813715382312014e-139,1.1957701541395202e-138,0.25768928314225786
1.3376312470362792,2,8.237149421414006e-43,8.897579456845854e-43,0.9257741907633419
1.3376312470362792,0,8.237149421414006e-43,,
1.3437671701878218,1,1.1980613087399864e-138,4.5746783864321356e-138,0.26188973465178905
1.3437671701878218,2,2.2905413258677966e-43,2.461969781571574e-43,0.9303693908077345
1.3437671701878218,0,2.2905413258677966e-43,,
1.3499030933393643,1,4.785444452112068e-138,1.7967754775988809e-137,0.26633513823925803
1.3499030933393643,2,6.193496483782196e-44,6.622788988917976e-44,0.9351794982666484
1.3499030933393643,0,6.193496483782196e-44,,
1.3560390164909069,1,1.9658509300908966e-137,7.252910126391495e-137,0.27104305662601075
1.3560390164909069,2,1.6267539916218132e-44,1.7301834191918138e-44,0.9402205416936006
1.3560390164909069,0,1.6267539916218132e-44,,
1.3621749396424494,1,8.315239553903372e-137,3.0124088004601632e-136,0.27603290604625674
1.3621749396424494,2,4.145862502971641e-45,4.384788830717106e-45,0.9455101860158702
1.3621749396424494,0,4.145862502971641e-45,,
1.368310862793992,1,3.6261293222170686e-136,1.2889411643615387e-135,0.2813262096422553
1.368310862793992,2,1.0239940920933066e-45,1.0766781579360289e-45,0.9510679533578386
1.368310862793992,0,1.0239940920933066e-45,,
1.3744467859455345,1,1.6324745120051407e-135,5.689117200350985e-135,0.2869468943097932
1.3744467859455345,2,2.448002393342161e-46,2.5582221643823627e-46,0.9569154811592321
1.3744467859455345,0,2.448002393342161e-46,,
1.380582709097077,1,7.598378679921199e-135,2.5939970425935743e-134,0.29292164004643806
1.380582709097077,2,5.656601853924588e-47,5.873468975326982e-47,0.9630768252435827
1.380582709097077,0,5.656601853924588e-47,,
1.3867186322486196,1,3.662314902621253e-134,1.2237073362678267e-133,0.2992802930961346
1.3867186322486196,2,1.2614685121184205e-47,1.3010479287844425e-47,0.9695788173591724
1.3867186322486196,0,1.2614685121184205e-47,,
1.3928545554001623,1,1.8310399264157777e-133,5.982688756820396e-133,0.30605635707328954
1.3928545554001623,2,2.710603502828222e-48,2.775973546098709e-48,0.9764514891136636
1.3928545554001623,0,2.710603502828222e-48,,
1.3989904785517049,1,9.513934101461978e-133,3.0368053854342857e-132,0.31328758000412377
1.3989904785517049,2,5.60213108228989e-49,5.694793473925932e-49,0.9837285773293967
1.3989904785517049,0,5.60213108228989e-49,,
1.4051264017032474,1,5.14789508203191e-132,1.6036224038202319e-131,0.3210166601419592
1.4051264017032474,2,1.1114660727391424e-49,1.1210531738578195e-49,0.991448129899418
1.4051264017032474,0,1.1114660727391424e-49,,
1.41126232485479,1,2.9072189125342723e-131,8.828693167236787e-131,0.32929209991382863
1.41126232485479,2,2.1123816568058242e-50,2.1131144076296876e-50,0.9996532365586938
1.41126232485479,0,2.1123816568058242e-50,,
1.4173982480063325,1,1.717796233472021e-130,5.0796938327516405e-130,0.33816924602747184
1.4173982480063325,2,3.836787466736333e-51,3.804853649400738e-51,1.0083929160693539
1.4173982480063325,0,3.836787466736333e-51,,
1.423534171157875,1,1.0648512036285382e-129,3.062455521854504e-129,0.34771156545114673
1.423534171157875,2,6.642985765370791e-52,6.527301097222645e-52,1.0177232008183856
1.423534171157875,0,6.642985765370791e-52,,
1.4296700943094176,1,6.945988003751861e-129,1.9402622626014035e-128,0.3579922228884171
1.4296700943094176,2,1.0932497854676742e-52,1.06377422636176e-52,1.0277084726960573
1.4296700943094176,0,1.0932497854676742e-52,,
1.4358060174609601,1,4.783641116549552e-128,1.2960423585530636e-127,0.3690960472842984
1.4358060174609601,2,1.704733072456215e-53,1.6416555417017294e-53,1.0384231217525084
1.4358060174609601,0,1.704733072456215e-53,,
1.4419419406125027,1,3.4912904819292346e-127,9.160558645086454e-127,0.3811220054578107
1.4419419406125027,2,2.5097568718912083e-54,2.390350216962936e-54,1.049953623565665
1.4419419406125027,0,2.5097568718912083e-54,,
1.4480778637640452,1,2.7116984076216757e-126,6.8792297042868e-126,0.39418634413848364
1.4480778637640452,2,3.474651044534335e-55,3.270564036618431e-55,1.0624011655576444
1.4480778637640452,0,3.474651044534335e-55,,
1.4542137869155878,1,2.2521064232031464e-125,5.514102884427108e-125,0.4084266235879512
1.4542137869155878,2,4.50333908637347e-56,4.185706725952393e-56,1.0758850013192944
1.4542137869155878,0,4.50333908637347e-56,,
1.4603497100671305,1,2.010842090836184e-124,4.742474296249577e-124,0.42400695612127814
1.4603497100671305,2,5.435902129840063e-57,4.984565739813757e-57,1.090546782525366
1.4603497100671305,0,5.435902129840063e-57,,
1.466485633218673,1,1.942235063476857e-123,4.402914185238744e-123,0.4411248963217168
1.466485633218673,2,6.075285194485938e-58,5.490263464460472e-58,1.1065562215388065
1.466485633218673,0,6.075285194485938e-58,,
1.4726215563702156,1,2.0439591271927802e-122,4.4431901288945615e-122,0.46002063110031816
1.4726215563702156,2,6.244086363122486e-59,5.554650910723572e-59,1.1241185924155774
1.4726215563702156,0,6.244086363122486e-59,,
1.4787574795217582,1,2.3632873486210643e-121,4.9133873063208974e-121,0.4809894277173671
1.4787574795217582,2,5.855189928530187e-60,5.12047896053507e-60,1.143484813365651
1.4787574795217582,0,5.855189928530187e-60,,
1.4848934026733007,1,3.03183109566057e-120,6.010781907550272e-120,0.5043987857639989
1.4848934026733007,2,4.9629443997572514e-61,4.260165296832067e-61,1.1649652194124447
1.4848934026733007,0,4.9629443997572514e-61,,
1.4910293258248433,1,4.3663780720728046e-119,8.227388383728207e-119,0.5307125260682295
1.4910293258248433,2,3.7605758304894823e-62,3.1629420030642662e-62,1.188948715103289
1.4910293258248433,0,3.7605758304894823e-62,,
1.4971652489763858,1,7.159708437052109e-118,1.277321068421609e-117,0.5605253537311015
1.4971652489763858,2,2.5135721639355906e-63,2.0672014680110334e-63,1.2159299433712354
1.4971652489763858,0,2.5135721639355906e-63,,
1.5033011721279284,1,1.3599633427065203e-116,2.2871377409706727e-116,0.5946136598355222
1.5033011721279284,2,1.4580319420078928e-64,1.169655028498507e-64,1.2465486887014685
1.5033011721279284,0,1.4580319420078928e-64,,
1.509437095279471,1,3.057391310310657e-115,4.822290528934801e-115,0.6340122586902714
1.509437095279471,2,7.19240489747369e-66,5.611839094362898e-66,1.281648453659064
1.509437095279471,0,7.19240489747369e-66,,
1.5155730184310134,1,8.360195226888541e-114,1.229198323126343e-113,0.6801339596384431
1.5155730184310134,2,2.9406387407404553e-67,2.223770736014911e-67,1.3223659674603874
1.5155730184310134,0,2.9406387407404553e-67,,
1.5217089415825562,1,2.880875808163684e-112,3.9197583546363775e-112,0.7349626042013839
1.5217089415825562,2,9.637440259727096e-69,7.033230659395676e-69,1.370272173123238
1.5217089415825562,0,9.637440259727096e-69,,
1.5278448647340988,1,1.3117900772050853e-110,1.6369189782786205e-110,0.8013775236356293
1.5278448647340988,2,2.4213043449570455e-70,1.6960644102006117e-70,1.4276016467267607
1.5278448647340988,0,2.4213043449570455e-70,,
1.5339807878856413,1,8.4278028425828745e-109,9.536690308597606e-109,0.8837240772078929
1.5339807878856413,2,4.3842246636199114e-72,2.92742580060107e-72,1.4976381853025025
1.5339807878856413,0,4.3842246636199114e-72,,
1.5401167110371838,1,8.397244320436545e-107,8.491789704194523e-107,0.9888662594045072
1.5401167110371838,2,5.2335688203470885e-74,3.3011475208246514e-74,1.585378656158845
1.5401167110371838,0,5.2335688203470885e-74,,
1.5462526341887264,1,1.4975916004097726e-104,1.3274030763452816e-104,1.1282116390245744
1.5462526341887264,2,3.5968993949402767e-76,2.1174909204256188e-76,1.6986610711026306
1.5462526341887264,0,3.5968993949402767e-76,,
1.552388557340269,1,6.018609494022268e-102,4.554057179452501e-102,1.3215928691404437
1.552388557340269,2,1.1431479086669138e-78,6.180043491723388e-79,1.8497408799758002
1.552388557340269,0,1.1431479086669138e-78,,
1.5585244804918115,1,8.034505517949296e-99,5.0128133826766734e-99,1.6027936618815721
1.5585244804918115,2,1.1534532076033237e-81,5.614878834216496e-82,2.054279783517853
1.5585244804918115,0,1.1534532076033237e-81,,
1.564660403643354,1,6.532289763978482e-95,3.259986589078111e-95,2.003778109352819
1.564660403643354,2,1.9832021061848285e-85,8.627292055898977e-86,2.298753877039318
1.564660403643354,0,1.9832021068380575e-85,,
1.5707963267948966,1,3.96132976531361e-90,1.676569949682061e-90,2.3627584199900658
1.5707963267948966,2,3.96132976531361e-90,1.676569949682061e-90,2.3627584199900658
1.5707963267948966,0,7.92265953062722e-90,,
1.576932249946439,1,1.9832021061848285e-85,8.627292055898977e-86,2.298753877039318
1.576932249946439,2,6.532289763978482e-95,3.259986589078111e-95,2.003778109352819
1.576932249946439,0,1.9832021068380575e-85,,
1.5830681730979816,1,1.1534532076033237e-81,5.614878834216496e-82,2.054279783517853
1.5830681730979816,2,8.034505517949296e-99,5.0128133826766734e-99,1.6027936618815721
1.5830681730979816,0,1.1534532076033237e-81,,
1.5892040962495244,1,1.1431479086669138e-78,6.180043491723388e-79,1.8497408799758002
1.5892040962495244,2,6.018609494022268e-102,4.554057179452501e-102,1.3215928691404437
1.5892040962495244,0,1.1431479086669138e-78,,
1.595340019401067,1,3.5968993949402767e-76,2.1174909204256188e-76,1.6986610711026306
1.595340019401067,2,1.4975916004097726e-104,1.3274030763452816e-104,1.1282116390245744
1.595340019401067,0,3.5968993949402767e-76,,
1.6014759425526095,1,5.2335688203470885e-74,3.3011475208246514e-74,1.585378656158845
1.6014759425526095,2,8.397244320436545e-107,8.491789704194523e-107,0.9888662594045072
1.6014759425526095,0,5.2335688203470885e-74,,
1.607611865704152,1,4.3842246636199114e-72,2.92742580060107e-72,1.4976381853025025
1.607611865704152,2,8.4278028425828745e-109,9.536690308597606e-109,0.8837240772078929
1.607611865704152,0,4.3842246636199114e-72,,
1.6137477888556946,1,2.4213043449570455e-70,1.6960644102006117e-70,1.4276016467267607
1.6137477888556946,2,1.3117900772050853e-110,1.6369189782786205e-110,0.8013775236356293
1.6137477888556946,0,2.4213043449570455e-70,,
1.6198837120072371,1,9.637440259727096e-69,7.033230659395676e-69,1.370272173123238
1.6198837120072371,2,2.880875808163684e-112,3.9197583546363775e-112,0.7349626042013839
1.6198837120072371,0,9.637440259727096e-69,,
1.6260196351587797,1,2.9406387407404553e-67,2.223770736014911e-67,1.3223659674603874
1.6260196351587797,2,8.360195226888541e-114,1.229198323126343e-113,0.6801339596384431
1.6260196351587797,0,2.9406387407404553e-67,,
1.6321555583103222,1,7.19240489747369e-66,5.611839094362898e-66,1.281648453659064
1.6321555583103222,2,3.057391310310657e-115,4.822290528934801e-115,0.6340122586902714
1.6321555583103222,0,7.19240489747369e-66,,
1.6382914814618648,1,1.4580319420078928e-64,1.169655028498507e-64,1.2465486887014685
1.6382914814618648,2,1.3599633427065203e-116,2.2871377409706727e-116,0.5946136598355222
1.6382914814618648,0,1.4580319420078928e-64,,
1.6444274046134073,1,2.5135721639355906e-63,2.0672014680110334e-63,1.2159299433712354
1.6444274046134073,2,7.159708437052109e-118,1.277321068421609e-117,0.5605253537311015
1.6444274046134073,0,2.5135721639355906e-63,,
1.65056332776495,1,3.7605758304894823e-62,3.1629420030642662e-62,1.188948715103289
1.65056332776495,2,4.3663780720728046e-119,8.227388383728207e-119,0.5307125260682295
1.65056332776495,0,3.7605758304894823e-62,,
1.6566992509164926,1,4.9629443997572514e-61,4.260165296832067e-61,1.1649652194124447
1.6566992509164926,2,3.03183109566057e-120,6.010781907550272e-120,0.5043987857639989
1.6566992509164926,0,4.9629443997572514e-61,,
1.6628351740680352,1,5.855189928530187e-60,5.12047896053507e-60,1.143484813365651
1.6628351740680352,2,2.3632873486210643e-121,4.9133873063208974e-121,0.4809894277173671
1.6628351740680352,0,5.855189928530187e-60,,
1.6689710972195777,1,6.244086363122486e-59,5.554650910723572e-59,1.1241185924155774
1.6689710972195777,2,2.0439591271927802e-122,4.4431901288945615e-122,0.46002063110031816
1.6689710972195777,0,6.244086363122486e-59,,
1.6751070203711202,1,6.075285194485938e-58,5.490263464460472e-58,1.1065562215388065
1.6751070203711202,2,1.942235063476857e-123,4.402914185238744e-123,0.4411248963217168
1.6751070203711202,0,6.075285194485938e-58,,
1.6812429435226628,1,5.435902129840063e-57,4.984565739813757e-57,1.090546782525366
1.6812429435226628,2,2.010842090836184e-124,4.742474296249577e-124,0.42400695612127814
1.6812429435226628,0,5.435902129840063e-57,,
1.6873788666742053,1,4.50333908637347e-56,4.185706725952393e-56,1.0758850013192944
1.6873788666742053,2,2.2521064232031464e-125,5.514102884427108e-125,0.4084266235879512
1.6873788666742053,0,4.50333908637347e-56,,
1.6935147898257479,1,3.474651044534335e-55,3.270564036618431e-55,1.0624011655576444
1.6935147898257479,2,2.7116984076216757e-126,6.8792297042868e-126,0.39418634413848364
1.6935147898257479,0,3.474651044534335e-55,,
1.6996507129772904,1,2.5097568718912083e-54,2.390350216962936e-54,1.049953623565665
1.6996507129772904,2,3.4912904819292346e-127,9.160558645086454e-127,0.3811220054578107
1.6996507129772904,0,2.5097568718912083e-54,,
1.705786636128833,1,1.704733072456215e-53,1.6416555417017294e-53,1.0384231217525084
1.705786636128833,2,4.783641116549552e-128,1.2960423585530636e-127,0.3690960472842984
1.705786636128833,0,1.704733072456215e-53,,
1.7119225592803755,1,1.0932497854676742e-52,1.06377422636176e-52,1.0277084726960573
1.7119225592803755,2,6.945988003751861e-129,1.9402622626014035e-128,0.3579922228884171
1.7119225592803755,0,1.0932497854676742e-52,,
1.7180584824319183,1,6.642985765370791e-52,6.527301097222645e-52,1.0177232008183856
1.7180584824319183,2,1.0648512036285382e-129,3.062455521854504e-129,0.34771156545114673
1.7180584824319183,0,6.642985765370791e-52,,
1.7241944055834608,1,3.836787466736333e-51,3.804853649400738e-51,1.0083929160693539
1.7241944055834608,2,1.717796233472021e-130,5.0796938327516405e-130,0.33816924602747184
1.7241944055834608,0,3.836787466736333e-51,,
1.7303303287350034,1,2.1123816568058242e-50,2.1131144076296876e-50,0.9996532365586938
1.7303303287350034,2,2.9072189125342723e-131,8.828693167236787e-131,0.32929209991382863
1.7303303287350034,0,2.1123816568058242e-50,,
1.736466251886546,1,1.1114660727391424e-49,1.1210531738578195e-49,0.991448129899418
1.736466251886546,2,5.14789508203191e-132,1.6036224038202319e-131,0.3210166601419592
1.736466251886546,0,1.1114660727391424e-49,,
1.7426021750380885,1,5.60213108228989e-49,5.694793473925932e-49,0.9837285773293967
1.7426021750380885,2,9.513934101461978e-133,3.0368053854342857e-132,0.31328758000412377
1.7426021750380885,0,5.60213108228989e-49,,
1.748738098189631,1,2.710603502828222e-48,2.775973546098709e-48,0.9764514891136636
1.748738098189631,2,1.8310399264157777e-133,5.982688756820396e-133,0.30605635707328954
1.748738098189631,0,2.710603502828222e-48,,
1.7548740213411735,1,1.2614685121184205e-47,1.3010479287844425e-47,0.9695788173591724
1.7548740213411735,2,3.662314902621253e-134,1.2237073362678267e-133,0.2992802930961346
1.7548740213411735,0,1.2614685121184205e-47,,
1.761009944492716,1,5.656601853924588e-47,5.873468975326982e-47,0.9630768252435827
1.761009944492716,2,7.598378679921199e-135,2.5939970425935743e-134,0.29292164004643806
1.761009944492716,0,5.656601853924588e-47,,
1.7671458676442586,1,2.448002393342161e-46,2.5582221643823627e-46,0.9569154811592321
1.7671458676442586,2,1.6324745120051407e-135,5.689117200350985e-135,0.2869468943097932
1.7671458676442586,0,2.448002393342161e-46,,
1.7732817907958012,1,1.0239940920933066e-45,1.0766781579360289e-45,0.9510679533578386
1.7732817907958012,2,3.6261293222170686e-136,1.2889411643615387e-135,0.2813262096422553
1.7732817907958012,0,1.0239940920933066e-45,,
1.7794177139473437,1,4.145862502971641e-45,4.384788830717106e-45,0.9455101860158702
1.7794177139473437,2,8.315239553903372e-137,3.0124088004601632e-136,0.27603290604625674
1.7794177139473437,0,4.145862502971641e-45,,
1.7855536370988865,1,1.6267539916218132e-44,1.7301834191918138e-44,0.9402205416936006
1.7855536370988865,2,1.9658509300908966e-137,7.252910126391495e-137,0.27104305662601075
1.7855536370988865,0,1.6267539916218132e-44,,
1.791689560250429,1,6.193496483782196e-44,6.622788988917976e-44,0.9351794982666484
1.791689560250429,2,4.785444452112068e-138,1.7967754775988809e-137,0.26633513823925803
1.791689560250429,0,6.193496483782196e-44,,
1.7978254834019716,1,2.2905413258677966e-43,2.461969781571574e-43,0.9303693908077345
1.7978254834019716,2,1.1980613087399864e-138,4.5746783864321356e-138,0.26188973465178905
1.7978254834019716,0,2.2905413258677966e-43,,
1.8039614065535141,1,8.237149421414006e-43,8.897579456845854e-43,0.9257741907633419
1.8039614065535141,2,3.0813715382312014e-139,1.1957701541395202e-138,0.25768928314225786
1.8039614065535141,0,8.237149421414006e-43,,
1.8100973297050567,1,2.88317420874055e-42,3.1291935448773173e-42,0.9213793162332462
1.8100973297050567,2,8.133385389824513e-140,3.2056810970262825e-139,0.25371785725565044
1.8100973297050567,0,2.88317420874055e-42,,
1.8162332528565992,1,9.831309875770649e-42,1.0719162354479864e-41,0.9171714683155111
1.8162332528565992,2,2.2011157160059735e-140,8.8058372868193e-140,0.24996097978106338
1.8162332528565992,0,9.831309875770649e-42,,
1.8223691760081417,1,3.268625295616413e-41,3.5795504554593767e-41,0.9131384893964117
1.8223691760081417,2,6.101914074158474e-141,2.476371281068113e-140,0.2464054611199733
1.8223691760081417,0,3.268625295616413e-41,,
1.8285050991596843,1,1.0604158389663553e-40,1.1662286507894857e-40,0.909269239997234
1.8285050991596843,2,1.7312974345717056e-141,7.123529923212772e-141,0.24303925907998095
1.8285050991596843,0,1.0604158389663553e-40,,
1.8346410223112268,1,3.3594479267616663e-40,3.709828252826862e-40,0.9055534913784193
1.8346410223112268,2,5.023560314041638e-142,2.0944473195963068e-141,0.2398513568252412
1.8346410223112268,0,3.3594479267616663e-40,,
1.8407769454627694,1,1.0400267932767729e-39,1.153046277504785e-39,0.9019818315769697
1.8407769454627694,2,1.4895576882206129e-142,6.289521053240307e-142,0.23683165627583133
1.8407769454627694,0,1.0400267932767729e-39,,
1.8469128686143121,1,3.1484207938571113e-39,3.5039077077857025e-39,0.8985455829391005
1.8469128686143121,2,4.510224146211118e-143,1.927686067409622e-142,0.233970884702811
1.8469128686143121,0,3.1484207938571113e-39,,
1.8530487917658547,1,9.325737485001332e-39,1.0417063082239003e-38,0.8952367295251988
1.8530487917658547,2,1.3936053019600085e-143,6.026127357742463e-143,0.23126051263577804
1.8530487917658547,0,9.325737485001332e-39,,
1.8591847149173972,1,2.704402637004054e-38,3.0316788811731786e-38,0.8920478530224555
1.8591847149173972,2,4.391402609878953e-144,1.9202200004951003e-143,0.2286926815024682
1.8591847149173972,0,2.704402637004054e-38,,
1.8653206380689398,1,7.682436775201903e-38,8.641932612388376e-38,0.8889720760132962
1.8653206380689398,2,1.4103387920736412e-144,6.233262271199646e-144,0.22626013966875952
1.8653206380689398,0,7.682436775201903e-38,,
1.8714565612204823,1,2.1389222472944377e-37,2.4141252560469215e-37,0.8860030116237121
1.8714565612204823,2,4.613688203379293e-145,2.060085184908061e-144,0.22395618575283313
1.8714565612204823,0,2.1389222472944377e-37,,
1.8775924843720249,1,5.839508553839338e-37,6.612251143621098e-37,0.8831347187217424
1.8775924843720249,2,1.5365173264670406e-145,6.928283040411059e-145,0.22177461825749517
1.8775924843720249,0,5.839508553839338e-37,,
1.8837284075235674,1,1.5640431323659875e-36,1.7765915986016583e-36,0.8803616619582316
1.8837284075235674,2,5.206693943013954e-146,2.3698062321577826e-145,0.21970969070636193
1.8837284075235674,0,1.5640431323659875e-36,,
1.88986433067511,1,4.1115705445052745e-36,4.68459660320975e-36,0.8776786760439832
1.88986433067511,2,1.7943338199065848e-146,8.240109250783956e-146,0.21775607158799182
1.88986433067511,0,4.1115705445052745e-36,,
1.8960002538266525,1,1.0613024289770192e-35,1.2128048824436787e-35,0.8750809337431118
1.8960002538266525,2,6.285673958024414e-147,2.9112633251806225e-146,0.21590880851131647
1.8960002538266525,0,1.0613024289770192e-35,,
1.902136176978195,1,2.691037308964718e-35,3.0840575184471417e-35,0.8725639171346214
1.902136176978195,2,2.2372142943056895e-147,1.0446301189194644e-146,0.21416329605925974
1.902136176978195,0,2.691037308964718e-35,,
1.9082721001297376,1,6.705292404876987e-35,7.706139690544641e-35,0.870123391755319
1.9082721001297376,2,8.086832619791503e-148,3.805295261320302e-147,0.21251524689796764
1.9082721001297376,0,6.705292404876987e-35,,
1.9144080232812803,1,1.642455168218382e-34,1.8927628682556576e-34,0.8677553832890036
1.9144080232812803,2,2.9674279952544677e-148,1.406626199524268e-147,0.21096066575882597
1.9144080232812803,0,1.642455168218382e-34,,
1.920543946432823,1,3.956398589189768e-34,4.571460448256184e-34,0.865456156510982
1.920543946432823,2,1.1049324647986162e-148,5.274245726514651e-148,0.20949582596121896
1.920543946432823,0,3.956398589189768e-34,,
1.9266798695843654,1,9.375256886376086e-34,1.0860769020156106e-33,0.8632221962346209
1.9266798695843654,2,4.173253445336492e-149,2.005241507701182e-148,0.2081172481872634
1.9266798695843654,0,9.375256886376086e-34,,
1.932815792735908,1,2.1861616197694674e-33,2.538947955717592e-33,0.8610501900388835
1.932815792735908,2,1.5982077408247433e-149,7.72746711618068e-149,0.2068216812567507
1.932815792735908,0,2.1861616197694674e-33,,
1.9389517158874505,1,5.0179973778842535e-33,5.8421016958989013e-33,0.8589370125834747
1.9389517158874505,2,6.203731316923068e-150,3.017289749236076e-149,0.20560608468224642
1.9389517158874505,0,5.0179973778842535e-33,,
1.945087639038993,1,1.134109386948625e-32,1.3235339475740159e-32,0.8568797113420488
1.945087639038993,2,2.4399523681565376e-150,1.1933197314751464e-149,0.20446761281155898
1.945087639038993,0,1.134109386948625e-32,,
1.9512235621905356,1,2.52451272793175e-32,2.953076496891276e-32,0.8548754936044908
1.9512235621905356,2,9.720101824608663e-151,4.7787265348565935e-150,0.20340360038828537
1.9512235621905356,0,2.52451272793175e-32,,
1.9573594853420782,1,5.536238939222021e-32,6.490910999619165e-32,0.8529217146170766
1.9573594853420782,2,3.920835982510265e-151,1.9370613952080052e-150,0.20241154938144013
1.9573594853420782,0,5.536238939222021e-32,,
1.9634954084936207,1,1.1964053067591304e-31,1.4058554646408004e-31,0.8510158667447474
1.9634954084936207,2,1.6009093300206506e-151,7.945388585905662e-151,0.20148911695275754
1.9634954084936207,0,1.1964053067591304e-31,,
1.9696313316451632,1,2.548443511492052e-31,3.001150322588259e-31,0.8491555695531496
1.9696313316451632,2,6.614560974364764e-152,3.296827821294434e-151,0.2006341044455178
1.9696313316451632,0,2.548443511492052e-31,,
1.975767254796706,1,5.351892405906333e-31,6.316120443474356e-31,0.847338560719779
1.975767254796706,2,2.7647223545218804e-152,1.3834371642469524e-151,0.19984444729203182
1.975767254796706,0,5.351892405906333e-31,,
1.9819031779482486,1,1.108341835907919e-30,1.310774295080183e-30,0.8455626876937797
1.9819031779482486,2,1.1686700728632053e-152,5.869227620197243e-152,0.1991182057484986
1.9819031779482486,0,1.108341835907919e-30,,
1.988039101099791,1,2.2639581570733455e-30,2.6829683196321953e-30,0.8438259000328817
1.988039101099791,2,4.994584637390627e-153,2.5167523971834547e-152,0.19845355637607262
1.988039101099791,0,2.2639581570733455e-30,,
1.9941750242513336,1,4.562279888322801e-30,5.417572400511994e-30,0.8421262423537962
1.9941750242513336,2,2.1575173208296338e-153,1.0904880359001863e-152,0.19784878419584181
1.9941750242513336,0,4.562279888322801e-30,,
2.000310947402876,1,9.07196283321297e-30,1.0794020997545417e-29,0.8404618478392764
2.000310947402876,2,9.417597144612894e-154,4.7731822266018236e-153,0.19730227545319537
2.000310947402876,0,9.07196283321297e-30,,
2.0064468705544187,1,1.7803686449976067e-29,2.122440382854919e-29,0.8388309322511157
2.0064468705544187,2,4.152820098673502e-154,2.110038675370719e-153,0.19681251093389937
2.0064468705544187,0,1.7803686449976067e-29,,
2.0125827937059615,1,3.448960537237733e-29,4.119481110259367e-29,0.8372317884037058
2.0125827937059615,2,1.849491176019848e-154,9.418013285647606e-154,0.19637805978022388
2.0125827937059615,0,3.448960537237733e-29,,
2.018718716857504,1,6.596496020374033e-29,7.893729587940191e-29,0.8356627810575076
2.018718716857504,2,8.316852032631151e-155,4.243344380773813e-154,0.195997573760782
2.018718716857504,0,6.596496020374033e-29,,
2.0248546400090466,1,1.2458317730236444e-28,1.493583986425501e-28,0.8341223421959777
2.0248546400090466,2,3.7753480648474676e-155,1.9294487003440537e-154,0.19566978195244364
2.0248546400090466,0,1.2458317730236444e-28,,
2.030990563160589,1,2.3237956445794256e-28,2.790980805695916e-28,0.8326089666532119
2.030990563160589,2,1.7295862969453575e-155,8.851811460815995e-155,0.1953934857968515
2.030990563160589,0,2.3237956445794256e-28,,
2.0371264863121317,1,4.2815165732295395e-28,5.151494790042316e-28,0.8311212080628679
2.0371264863121317,2,7.994892089268234e-156,4.096424792451791e-155,0.19516755449776324
2.0371264863121317,0,4.2815165732295395e-28,,
2.043262409463674,1,7.793358698336125e-28,9.393463029651555e-28,0.829657675101875
2.043262409463674,2,3.7279312278232554e-156,1.9118486203824564e-155,0.19499092072872903
2.043262409463674,0,7.793358698336125e-28,,
2.0493983326152168,1,1.4016603102377947e-27,1.692382869275208e-27,0.8282170280050635
2.0493983326152168,2,1.753111784101608e-156,8.996657103064444e-156,0.19486257662353973
2.0493983326152168,0,1.4016603102377947e-27,,
2.055534255766759,1,2.491227362674246e-27,3.01310288245732e-27,0.8267979753291859
2.055534255766759,2,8.312676442695826e-157,4.267691466728928e-156,0.19478157002449079
2.055534255766759,0,2.491227362674246e-27,,
2.061670178918302,1,4.3761844201615795e-27,5.301900030928263e-27,0.8253992709469085
2.061670178918302,2,3.973436655905059e-157,2.0403069809542444e-156,0.1947470009658398
2.061670178918302,0,4.3761844201615795e-27,,
2.067806102069844,1,7.598827505309628e-27,9.221657445248241e-27,0.8240197112532271
2.067806102069844,2,1.9142198773275593e-157,9.828708945230849e-157,0.19475801837192358
2.067806102069844,0,7.598827505309628e-27,,
2.073942025221387,1,1.304431595841468e-26,1.5856302201363464e-26,0.8226581325684507
2.073942025221387,2,9.292330950292022e-158,4.769852105826897e-157,0.19481381695127237
2.073942025221387,0,1.304431595841468e-26,,
2.0800779483729297,1,2.2139758809491648e-26,2.6956529108545646e-26,0.8213134087234174
2.0800779483729297,2,4.544364777811942e-158,2.331476089313975e-157,0.19491363426974273
2.0800779483729297,0,2.2139758809491648e-26,,
2.086213871524472,1,3.715802010868734e-26,4.53155180716326e-26,0.819984448813974
2.086213871524472,2,2.238446684079278e-158,1.1475874109344455e-157,0.19505674798720377
2.086213871524472,0,3.715802010868734e-26,,
2.092349794676015,1,6.167509685171248e-26,7.533570566008081e-26,0.8186701951129812
2.092349794676015,2,1.1103392648408715e-158,5.686976027265748e-158,0.19524247324367808
2.092349794676015,0,6.167509685171248e-26,,
2.098485717827557,1,1.0124941408704725e-25,1.238722500441941e-25,0.8173696211292225
2.098485717827557,2,5.545122872910336e-159,2.8368129783826195e-158,0.19547016018207278
2.098485717827557,0,1.0124941408704725e-25,,
2.1046216409791,1,1.6441703301475753e-25,2.0147128285095412e-25,0.8160817298036026
2.1046216409791,2,2.7875655426881196e-159,1.4241223333777032e-158,0.195739191595755
2.1046216409791,0,1.6441703301475753e-25,,
2.110757564130642,1,2.641297876730502e-25,3.24162970022183e-25,0.814805551833929
2.110757564130642,2,1.410295108183422e-159,7.193585517344286e-159,0.19604898069024024
2.110757564130642,0,2.641297876730502e-25,,
2.116893487282185,1,4.1980486435149e-25,5.1602230988291745e-25,0.8135401441203993
2.116893487282185,2,7.179249394594723e-160,3.655441488825834e-159,0.19639896894918632
2.116893487282185,0,4.1980486435149e-25,,
2.1230294104337273,1,6.602051316379782e-25,8.12775646771349e-25,0.8122845883246645
2.1230294104337273,2,3.676595283491494e-160,1.8682966560622925e-159,0.1967886240957287
2.1230294104337273,0,6.602051316379782e-25,,
2.12916533358527,1,1.0274298706456102e-24,1.2668085637189276e-24,0.8110379895360185
2.12916533358527,2,1.893757547331795e-160,9.602383872252795e-160,0.19721743814096285
2.12916533358527,0,1.0274298706456102e-24,,
2.1353012567368124,1,1.5823647852737307e-24,1.9540205125444874e-24,0.8097994750388808
2.1353012567368124,2,9.809097244531433e-161,4.961985451911272e-160,0.19768492551208786
2.1353012567368124,0,1.5823647852737307e-24,,
2.141437179888355,1,2.4120163010014877e-24,2.9830709658839744e-24,0.8085681931763008
2.141437179888355,2,5.108276693693737e-161,2.5774563202781832e-160,0.19819062125337605
2.141437179888355,0,2.4120163010014877e-24,,
2.147573103039898,1,3.6392343968202794e-24,4.507666492500409e-24,0.80734331230472
2.147573103039898,2,2.6740853835533803e-161,1.345559550257611e-160,0.19873407929373466
2.147573103039898,0,3.6392343968202794e-24,,
2.1537090261914402,1,5.435404487441219e-24,6.742640528871837e-24,0.8061240198356916
2.1537090261914402,2,1.4068457761808253e-161,7.0584084905921465e-161,0.1993148707751826
2.1537090261914402,0,5.435404487441219e-24,,
2.159844949342983,1,8.036753402549173e-24,9.984666834308636e-24,0.8049095213606753
2.159844949342983,2,7.437089228953087e-162,3.719798513228039e-161,0.19993258243708437
2.159844949342983,0,8.036753402549173e-24,,
2.1659808724945253,1,1.1764955517257991e-23,1.463850886194247e-23,0.8036990398554044
2.1659808724945253,2,3.949659526140356e-162,1.969052415098652e-161,0.20058681505146594
2.1659808724945253,0,1.1764955517257991e-23,,
2.172116795646068,1,1.7052727743434992e-23,2.12497217112063e-23,0.8024918149606649
2.172116795646068,2,2.1068386872191636e-162,1.046734988674251e-161,0.20127718190519203
2.172116795646068,0,1.7052727743434992e-23,,
2.1782527187976104,1,2.4475048825700257e-23,3.054466838955533e-23,0.8012871023366368
2.1782527187976104,2,1.1285803912419183e-162,5.586940165415138e-162,0.20200330732521085
2.1782527187976104,0,2.4475048825700257e-23,,
2.184388641949153,1,3.478650968018801e-23,4.347856244414456e-23,0.8000841730882217
2.184388641949153,2,6.069846681249332e-163,2.9935402622031607e-162,0.20276482524347603
2.184388641949153,0,3.478650968018801e-23,,
2.1905245651006955,1,4.896507727581973e-23,6.129197813388475e-23,0.7988823132590299
2.1905245651006955,2,3.2770350402495114e-163,1.609851080637086e-162,0.2035613777985384
2.1905245651006955,0,4.896507727581973e-23,,
2.1966604882522383,1,6.826221614058569e-23,8.557585206864977e-23,0.79768082339192
2.1966604882522383,2,1.7756460317430866e-163,8.687427579910401e-163,0.2043926139711659
2.1966604882522383,0,6.826221614058569e-23,,
2.202796411403781,1,9.425884444277143e-23,1.1834441622983962e-22,0.7964790181541729
2.202796411403781,2,9.654217209926625e-164,4.703450465073819e-163,0.20525818825169884
2.202796411403781,0,9.425884444277143e-23,,
2.2089323345553233,1,1.2892599853132382e-22,1.6211473990067666e-22,0.7952762260255503
2.2089323345553233,2,5.265941985827203e-164,2.5543263580074396e-163,0.2061577593371828
2.2089323345553233,0,1.2892599853132382e-22,,
2.215068257706866,1,1.7468834446299243e-22,2.199906190755175e-22,0.7940717890476326
2.215068257706866,2,2.8810174548757973e-164,1.3911843633477043e-163,0.2070909888566461
2.215068257706866,0,1.7468834446299243e-22,,
2.2212041808584084,1,2.344878254403973e-22,2.9574745627170313e-22,0.7928650626329423
2.2212041808584084,2,1.580660002201719e-164,7.597225273670678e-164,0.20805754012319905
2.2212041808584084,0,2.344878254403973e-22,,
2.227340104009951,1,3.1184380575597194e-22,3.939135634986087e-22,0.7916554154324604
2.227340104009951,2,8.694911107106206e-165,4.159108715926807e-164,0.20905707691193762
2.227340104009951,0,3.1184380575597194e-22,,
2.2334760271614935,1,4.109051198487106e-22,5.198420638954009e-22,0.7904422292602127
2.2334760271614935,2,4.794426428059859e-165,2.2820901822481845e-164,0.21008926226292535
2.2334760271614935,0,4.109051198487106e-22,,
2.2396119503130363,1,5.364885344970395e-22,6.797663570000616e-22,0.7892248990736547
2.2396119503130363,2,2.649494662219252e-165,1.2547703133429554e-164,0.21115375730881586
2.2396119503130363,0,5.364885344970395e-22,,
2.2457478734645786,1,6.940973763242886e-22,8.808310671602673e-22,0.7880028330086108
2.2457478734645786,2,1.4670795118424564e-165,6.912028222938656e-165,0.21225022012695516
2.2457478734645786,0,6.940973763242886e-22,,
2.2518837966161214,1,8.899135729222361e-22,1.1310896522396987e-21,0.7867754524675353
2.2518837966161214,2,8.137988141025093e-166,3.8138779646166674e-165,0.21337830461607446
2.2518837966161214,0,8.899135729222361e-22,,
2.2580197197676637,1,1.1307562179200373e-21,1.439459559348534e-21,0.7855421922598446
2.2580197197676637,2,4.521276316477224e-166,2.1074511249750548e-165,0.21453765939794883
2.2580197197676637,0,1.1307562179200373e-21,,
2.2641556429192065,1,1.4240001088374946e-21,1.8156261230808596e-21,0.7843025007930425
2.2641556429192065,2,2.5153164117259118e-166,1.1659669889208106e-165,0.21572792674465208
2.2641556429192065,0,1.4240001088374946e-21,,
2.2702915660707492,1,1.7774486165325008e-21,2.2698874397275923e-21,0.7830558403133027
2.2702915660707492,2,1.400934760869084e-166,6.45744589700964e-166,0.21694874153228894
2.2702915660707492,0,1.7774486165325008e-21,,
2.2764274892222915,1,2.199156792153508e-21,2.812934313363171e-21,0.7818016871941013
2.2764274892222915,2,7.809840612201323e-167,3.579216438188925e-166,0.21819973022232445
2.2764274892222915,0,2.199156792153508e-21,,
2.2825634123738343,1,2.6972028243408695e-21,3.455562098811186e-21,0.7805395322714027
2.2825634123738343,2,4.3568214724201954e-167,1.985060757770149e-166,0.21948050987186327
2.2825634123738343,0,2.6972028243408695e-21,,
2.2886993355253766,1,3.2794087933716947e-21,4.2083148350818415e-21,0.7792688812237876
2.2886993355253766,2,2.4316671965101872e-167,1.1013450012902298e-166,0.22079068717445308
2.2886993355253766,0,3.2794087933716947e-21,,
2.2948352586769194,1,3.95301503337786e-21,5.0810663617703435e-21,0.7779892549957863
2.2948352586769194,2,1.3575248636850168e-167,6.111402036451299e-167,0.22212985753319694
2.2948352586769194,0,3.95301503337786e-21,,
2.3009711818284617,1,4.724316144428203e-21,6.082547942767095e-21,0.7767001902625364
2.3009711818284617,2,7.578832163652828e-168,3.3910127098948854e-167,0.22349760416815884
2.3009711818284617,0,4.724316144428203e-21,,
2.3071071049800045,1,5.598270564277372e-21,7.219837003041032e-21,0.7754012399337205
2.3071071049800045,2,4.2302712936790405e-168,1.8810109430527695e-167,0.2248934972602318
2.3071071049800045,0,5.598270564277372e-21,,
2.313243028131547,1,6.578099332006473e-21,8.497826557496408e-21,0.7740919736945635
2.313243028131547,2,2.3601804470371633e-168,1.042864422813051e-167,0.22631709313380816
2.313243028131547,0,6.578099332006473e-21,,
2.3193789512830896,1,7.664892933807656e-21,9.918699365726866e-21,0.7727719785814835
2.3193789512830896,2,1.3159273178417163e-168,5.777491579836263e-168,0.22776793348074606
2.3193789512830896,0,7.664892933807656e-21,,
2.325514874434632,1,8.857247585281318e-21,1.148143435128806e-20,0.7714408595897825
2.325514874434632,2,7.330371402075758e-169,3.197606921418027e-168,0.229245544628262
2.325514874434632,0,8.857247585281318e-21,,
2.3316507975861747,1,1.0150953664535335e-20,1.318137496385109e-20,0.7700982403105554
2.3316507975861747,2,4.0787223477847466e-169,1.7675979640090637e-168,0.23074943685349436
2.3316507975861747,0,1.0150953664535335e-20,,
2.3377867207377174,1,1.1538759007815332e-20,1.5009889581247677e-20,0.768743763593775
2.3377867207377174,2,2.2663247103078048e-169,9.756903112432645e-169,0.23227910374757757
2.3377867207377174,0,1.1538759007815332e-20,,
2.3439226438892597,1,1.3010228239098102e-20,1.6954152490033e-20,0.7673770922342801
2.3439226438892597,2,1.2572300257600024e-169,5.376591554063301e-169,0.23383402163213687
2.3439226438892597,0,1.3010228239098102e-20,,
2.3500585670408025,1,1.4551716162039843e-20,1.8997070329046627e-20,0.7659979096771667
2.3500585670408025,2,6.961387820638398e-170,2.9570875984837324e-169,0.23541364903115816
2.3500585670408025,0,1.4551716162039843e-20,,
2.356194490192345,1,1.6146468560123346e-20,2.1117373175087095e-20,0.7646059207388494
2.356194490192345,2,3.8464343828252814e-170,1.6228487687483439e-169,0.2370174262012057
2.356194490192345,0,1.6146468560123346e-20,,
2.3623304133438876,1,1.777485772795497e-20,2.328988191438825e-20,0.7632008523398243
2.3623304133438876,2,2.1202852476356538e-170,8.884691693321859e-170,0.2386447747229493
2.3623304133438876,0,1.777485772795497e-20,,
2.36846633649543,1,1.9414753022310277e-20,2.5485954571575882e-20,0.7617824542449461
2.36846633649543,2,1.1657217748547294e-170,4.8512091534413365e-170,0.24029509715692077
2.36846633649543,0,1.9414753022310277e-20,,
2.3746022596469727,1,2.104201911525739e-20,2.7674104403960987e-20,0.7603504998068031
2.3746022596469727,2,6.39073106250824e-171,2.641149638978321e-170,0.2419677767663469
2.3746022596469727,0,2.104201911525739e-20,,
2.380738182798515,1,2.2631126971416443e-20,2.9820772470811684e-20,0.7589047867075742
2.380738182798515,2,3.4926153938881894e-171,1.4333842997091752e-170,0.24366217730979886
2.380738182798515,0,2.2631126971416443e-20,,
2.386874105950058,1,2.4155855411616038e-20,3.1891227772799044e-20,0.7574451376945502
2.386874105950058,2,1.9023236328495418e-171,7.752636345831571e-171,0.24537764290625874
2.386874105950058,0,2.4155855411616038e-20,,
2.3930100291016,1,2.5590055009528607e-20,3.385055964468536e-20,0.7559714013043304
2.3930100291016,2,1.0323800196377955e-171,4.177756488810348e-171,0.24711349797502788
2.3930100291016,0,2.5590055009528607e-20,,
2.399145952253143,1,2.6908441479162377e-20,3.566472052830923e-20,0.754483452570546
2.399145952253143,2,5.580894497600191e-172,2.242502456295238e-171,0.24886904725269274
2.399145952253143,0,2.6908441479162377e-20,,
2.4052818754046856,1,2.808738302781282e-20,3.7301573083691614e-20,0.7529811937098365
2.4052818754046856,2,3.004442992859753e-172,1.1986914016056349e-171,0.2506435758891181
2.4052818754046856,0,2.808738302781282e-20,,
2.411417798556228,1,2.910564560786901e-20,3.873189416946358e-20,0.7514645547806966
2.411417798556228,2,1.610298659815313e-172,6.37902846484992e-172,0.2524363496241584
2.411417798556228,0,2.910564560786901e-20,,
2.4175537217077707,1,2.9945061674385326e-20,3.993028968781725e-20,0.749933494309749
2.4175537217077707,2,8.590473846109514e-173,3.378795758810624e-172,0.2542466150464644
2.4175537217077707,0,2.9945061674385326e-20,,
2.423689644859313,1,3.0591091844200834e-20,4.087597856874736e-20,0.7483879998799573
2.423689644859313,2,4.5601755783895854e-173,1.7808066038590883e-172,0.25607359993541573
2.423689644859313,0,3.0591091844200834e-20,,
2.429825568010856,1,3.103325449304816e-20,4.15534109705138e-20,0.7468280886753024
2.429825568010856,2,2.4081580484375533e-173,9.336967276789285e-173,0.25791651368683494
2.429825568010856,0,3.103325449304816e-20,,
2.435961491162398,1,3.126540541699861e-20,4.195269461539614e-20,0.7452538079764864
2.435961491162398,2,1.2647723974478498e-173,4.868731013289755e-173,0.25977454782273035
2.435961491162398,0,3.126540541699861e-20,,
2.442097414313941,1,3.1285857717151906e-20,4.206981343132492e-20,0.7436652356023202
2.442097414313941,2,6.604631499052245e-174,2.524253904827145e-173,0.26164687658488595
2.442097414313941,0,3.1285857717151906e-20,,
2.448233337465483,1,3.109734047705404e-20,4.190663360965883e-20,0.7420624802915828
2.448233337465483,2,3.428296851835482e-174,1.3009001931318033e-173,0.2635326576116618
2.448233337465483,0,3.109734047705404e-20,,
2.454369260617026,1,3.070680301746605e-20,4.147070306856514e-20,0.7404456820203239
2.454369260617026,2,1.7684252203372188e-174,6.662465961004085e-174,0.26543103269689405
2.454369260617026,0,3.070680301746605e-20,,
2.4605051837685687,1,3.0125078997020693e-20,4.077486041503822e-20,0.7388150122498084
2.4605051837685687,2,9.062716715689817e-175,3.3899448102713965e-174,0.26734112862929654
2.4605051837685687,0,3.0125078997020693e-20,,
2.466641106920111,1,2.936643092554081e-20,3.983667820395948e-20,0.737170674100583
2.466641106920111,2,4.6129499958954113e-175,1.713182328126735e-174,0.26926205811026566
2.466641106920111,0,2.936643092554081e-20,,
2.472777030071654,1,2.8448000427359986e-20,3.867777211339002e-20,0.73551290244847
2.472777030071654,2,2.3314885209782694e-175,8.597158489801348e-175,0.2711929207474855
2.472777030071654,0,2.8448000427359986e-20,,
2.478912953223196,1,2.738919262576967e-20,3.732301227197036e-20,0.7338419639386662
2.478912953223196,2,1.1697903010736647e-175,4.2828627078952873e-175,0.2731328041212254
2.478912953223196,0,2.738919262576967e-20,,
2.485048876374739,1,2.621102424800207e-20,3.5799675248391905e-20,0.7321581569145506
2.485048876374739,2,5.824914042786845e-176,2.117528508756732e-175,0.27508078491971927
2.485048876374739,0,2.621102424800207e-20,,
2.4911847995262812,1,2.4935464538068064e-20,3.4136575182644133e-20,0.7304618112582618
2.4911847995262812,2,2.8778293800073764e-176,1.0387928304310542e-175,0.27703593013952565
2.4911847995262812,0,2.4935464538068064e-20,,
2.497320722677824,1,2.35847959947422e-20,3.236321040131125e-20,0.7287532881406172
2.497320722677824,2,1.4103360859900554e-176,5.055016999625325e-176,0.2789972983462941
2.497320722677824,0,2.35847959947422e-20,,
2.5034566458293663,1,2.2181018598260277e-20,3.050895794035283e-20,0.7270329796784845
2.5034566458293663,2,6.854112033821911e-177,2.4394988231047585e-176,0.28096394099090644
2.5034566458293663,0,2.2181018598260277e-20,,
2.509592568980909,1,2.0745316887315594e-20,2.860234311484693e-20,0.7253013084982921
2.509592568980909,2,3.302484314699713e-177,1.1672240754430531e-176,0.28293490377553776
2.509592568980909,0,2.0745316887315594e-20,,
2.5157284921324514,1,1.92976043618104e-20,2.667040509117344e-20,0.7235587272049697
2.5157284921324514,2,1.5771842932968803e-177,5.535743099706754e-177,0.2849092280637858
2.5157284921324514,0,1.92976043618104e-20,,
2.521864415283994,1,1.785615457840322e-20,2.473817280626419e-20,0.7218057177562318
2.521864415283994,2,7.463948654133173e-178,2.6017128386901078e-177,0.28688595232866165
2.521864415283994,0,1.785615457840322e-20,,
2.528000338435537,1,1.6437323308191393e-20,2.2828258986157484e-20,0.720042790742763
2.528000338435537,2,3.4993965879514925e-178,1.2114334812840541e-177,0.2888641136319198
2.528000338435537,0,1.6437323308191393e-20,,
2.5341362615870793,1,1.5055361521031464e-20,2.096057382885361e-20,0.7182704845755115
2.5341362615870793,2,1.6249923721288143e-178,5.587185436120341e-178,0.29084274912793745
2.5341362615870793,0,1.5055361521031464e-20,,
2.540272184738622,1,1.372231496777294e-20,1.915215444374306e-20,0.7164893645819554
2.540272184738622,2,7.472055587771206e-179,2.5517494309294456e-178,0.29282089758513613
2.540272184738622,0,1.372231496777294e-20,,
2.5464081078901644,1,1.2448002897146375e-20,1.7417101600292188e-20,0.714700022013855
2.5464081078901644,2,3.401403810785201e-179,1.1538098682607393e-178,0.2947976009177751
2.5464081078901644,0,1.2448002897146375e-20,,
2.552544031041707,1,1.1240066044781837e-20,1.5766611859254042e-20,0.712903072969644
2.552544031041707,2,1.5325203133777482e-179,5.163966951842582e-179,0.29677190572083767
2.552544031041707,0,1.1240066044781837e-20,,
2.5586799541932495,1,1.0104072478573483e-20,1.420909077977008e-20,0.7110991572352371
2.5586799541932495,2,6.832613446669903e-180,2.287121886987498e-179,0.2987428648006835
2.5586799541932495,0,1.0104072478573483e-20,,
2.564815877344792,1,9.043669132721327e-21,1.27503315790672e-20,0.709288937047624
2.564815877344792,2,3.013732995208674e-180,1.0022073155031948e-179,0.30070953869414924
2.564815877344792,0,9.043669132721327e-21,,
2.5709518004963345,1,8.060766824417471e-21,1.1393743270844573e-20,0.7074730957861891
2.5709518004963345,2,1.3148220830732127e-180,4.344063671022046e-180,0.3026709971688488
2.5709518004963345,0,8.060766824417471e-21,,
2.5770877236478773,1,7.155747104780148e-21,1.0140612782898774e-20,0.705652336597219
2.5770877236478773,2,5.672608892628706e-181,1.8621532373299711e-180,0.30462632069755535
2.5770877236478773,0,7.155747104780148e-21,,
2.5832236467994196,1,6.327680315903843e-21,8.990386687279984e-21,0.7038273809575443
2.5832236467994196,2,2.419714539776623e-181,7.892742989088262e-181,0.3065746018997305
2.5832236467994196,0,6.327680315903843e-21,,
2.5893595699509624,1,5.574545571117759e-21,7.940959790128923e-21,0.7019989671836955
2.5893595699509624,2,1.0202937997153457e-181,3.307113025879293e-181,0.30851494694351145
2.5893595699509624,0,5.574545571117759e-21,,
2.595495493102505,1,4.893444914225557e-21,6.988959750094268e-21,0.7001678488933284
2.595495493102505,2,4.2519019394137336e-182,1.369608694499448e-181,0.3104464769017606
2.595495493102505,0,4.893444914225557e-21,,
2.6016314162540475,1,4.2808055278130106e-21,6.1300189652753535e-21,0.6983347934259975
2.6016314162540475,2,1.7508863199126725e-182,5.605197957178501e-182,0.3123683290561284
2.6016314162540475,0,4.2808055278130106e-21,,
2.6077673394055902,1,3.732565451483919e-21,5.3590270524226505e-21,0.6965005802306113
2.6077673394055902,2,7.1231500116718896e-183,2.266500496325514e-182,0.3142796581434706
2.6077673394055902,0,3.732565451483919e-21,,
2.6139032625571326,1,3.2443397603968642e-21,4.670359228761137e-21,0.6946659992271002
2.6139032625571326,2,2.862538568039002e-183,9.053519671020421e-183,0.3161796375393931
2.6139032625571326,0,3.2443397603968642e-21,,
2.6200391857086753,1,2.8115654868484903e-21,4.058077714380554e-21,0.6928318491499521
2.6200391857086753,2,1.136120664618577e-183,3.57194874094343e-183,0.3180674603741661
2.6200391857086753,0,2.8115654868484903e-21,,
2.6261751088602177,1,2.4296247078637495e-21,3.516104847201924e-21,0.6909989358813396
2.6261751088602177,2,4.452698709211276e-184,1.391719114508123e-183,0.3199423405767477
2.6261751088602177,0,2.4296247078637495e-21,,
2.6323110320117604,1,2.093946153159254e-21,3.0383679133373258e-21,0.6891680707815517
2.6323110320117604,2,1.7229909641805666e-184,5.354170759677317e-184,0.32180351384317957
2.6323110320117604,0,2.093946153159254e-21,,
2.6384469551633027,1,1.8000864092017413e-21,2.618916734705736e-21,0.6873400690243788
2.6384469551633027,2,6.581758222956145e-185,2.033602154266336e-184,0.32365023852616104
2.6384469551633027,0,1.8000864092017413e-21,,
2.6445828783148455,1,1.5437923170093537e-21,2.252015831346427e-21,0.6855157479449675
2.6445828783148455,2,2.4816574865430596e-185,7.624566146747389e-185,0.3254817964431623
2.6445828783148455,0,1.5437923170093537e-21,,
2.650718801466388,1,1.3210465030050248e-21,1.9322135088310023e-21,0.6836959254074689
2.650718801466388,2,9.234809269797225e-186,2.821533757620279e-185,0.3272974936009978
2.650718801466388,0,1.3210465030050248e-21,,
2.6568547246179306,1,1.1280981680713233e-21,1.6543905405868962e-21,0.6818814181995563
2.6568547246179306,2,3.391164505187072e-186,1.0304463425971161e-185,0.3290966608353473
2.6568547246179306,0,1.1280981680713233e-21,,
2.6629906477694734,1,9.614813170178567e-22,1.413791254490376e-21,0.6800730404605864
2.6629906477694734,2,1.228731026486162e-186,3.713539723035296e-186,0.33087865436426445
2.6629906477694734,0,9.614813170178567e-22,,
2.6691265709210157,1,8.180225663192223e-22,1.2060398278896588e-21,0.6782716021498285
2.6691265709210157,2,4.392457970091358e-187,1.3204726593378703e-186,0.33264285625526585
2.6691265709210157,0,8.180225663192223e-22,,
2.6752624940725585,1,6.948405482569063e-22,1.0271444795031393e-21,0.6764779075607956
2.6752624940725585,2,1.5490328801412903e-187,4.632432246814054e-187,0.3343886748061204
2.6752624940725585,0,6.948405482569063e-22,,
2.6813984172241008,1,5.893387580012753e-22,8.734920519092127e-22,0.6746927538872773
2.6813984172241008,2,5.388637389217514e-188,1.603209810418938e-187,0.33611554483997313
2.6813984172241008,0,5.893387580012753e-22,,
2.6875343403756435,1,4.991934870039199e-22,7.418352323488142e-22,0.672916929846218
2.6875343403756435,2,1.8489678048985415e-188,5.4731862526474315e-188,0.3378229279159244
2.6875343403756435,0,4.991934870039199e-22,,
2.693670263527186,1,4.223382681019357e-22,6.292743856589099e-22,0.6711512143620902
2.693670263527186,2,6.257232390078895e-189,1.8430168865277098e-188,0.33951031245664154
2.693670263527186,0,4.223382681019357e-22,,
2.6998061866787286,1,3.5694603817792505e-22,5.332356901528435e-22,0.6693963753169112
2.6998061866787286,2,2.0883918429750736e-189,6.121135171207066e-189,0.34117721379501087
2.6998061866787286,0,3.5694603817792505e-22,,
2.705942109830271,1,3.0141001296231647e-22,4.514469896074785e-22,0.6676531683695237
2.705942109830271,2,6.873792788239128e-190,2.0050548815545958e-189,0.3428231741422266
2.705942109830271,0,3.0141001296231647e-22,,
2.7120780329818137,1,2.543240725070432e-22,3.819125126407921e-22,0.6659223358472357
2.7120780329818137,2,2.2310914459848065e-190,6.477299866663757e-190,0.344447762480073
2.7120780329818137,0,2.543240725070432e-22,,
2.7182139561333565,1,2.144632793629514e-22,3.2288737162991074e-22,0.6642046057123794
2.7182139561333565,2,7.141020970935019e-191,2.0635772628667e-190,0.3460505743804711
2.7182139561333565,0,2.144632793629514e-22,,
2.724349879284899,1,1.8076499682398403e-22,2.728525409666887e-22,0.66250069060582
2.724349879284899,2,2.253795654899862e-191,6.48329450584031e-191,0.3476312317556433
2.724349879284899,0,1.8076499682398403e-22,,
2.7304858024364416,1,1.523109424134916e-22,2.30490830615389e-22,0.6608112869689245
2.7304858024364416,2,7.014118806358643e-192,2.0086861620155965e-191,0.34918938254248705
2.7304858024364416,0,1.523109424134916e-22,,
2.736621725587984,1,1.283104015088542e-22,1.946642155667359e-22,0.6591370742449894
2.736621725587984,2,2.152449019304711e-192,6.137146934078057e-192,0.3507247003249498
2.736621725587984,0,1.283104015088542e-22,,
2.7427576487395267,1,1.0808473623265274e-22,1.6439275356714582e-22,0.6574787141606323
2.7427576487395267,2,6.513199526901019e-193,1.8490963963843368e-192,0.35223688389835806
2.7427576487395267,0,1.0808473623265274e-22,,
2.748893571891069,1,9.105325353828671e-23,1.388352202627565e-22,0.6558368500871847
2.748893571891069,2,1.9433989237853135e-193,5.49408527918923e-193,0.35372565677977674
2.748893571891069,0,9.105325353828671e-23,,
2.7550294950426117,1,7.672044156622165e-23,1.1727150996764896e-22,0.6542121064816688
2.7550294950426117,2,5.717993171957637e-194,1.6098372222871637e-193,0.35519076666856064
2.7550294950426117,0,7.672044156622165e-23,,
2.761165418194154,1,6.466454252376502e-23,9.90867887372096e-23,0.6526050884065219
2.761165418194154,2,1.6590181418279246e-194,4.6519050793301403e-194,0.3566319848613115
2.761165418194154,0,6.466454252376502e-23,,
2.767301341345697,1,5.452740127876071e-23,8.375734138114879e-23,0.6510163811268388
2.767301341345697,2,4.7467883266387164e-195,1.325736680265302e-194,0.35804910562547043
2.767301341345697,0,5.452740127876071e-23,,
2.773437264497239,1,4.600550942201213e-23,7.083802267845717e-23,0.6494465497835394
2.773437264497239,2,1.3393955914040953e-195,3.7263196686955174e-195,0.35944194553576264
2.773437264497239,0,4.600550942201213e-23,,
2.779573187648782,1,3.884215281778373e-23,5.995120277967652e-23,0.6478961391405351
2.779573187648782,2,3.727355233014748e-196,1.0330511049988248e-195,0.3608103427776681
2.779573187648782,0,3.884215281778373e-23,,
2.7857091108003247,1,3.2820564926028037e-23,5.0777085288578807e-23,0.6463656734036741
2.7857091108003247,2,1.0230617597845407e-196,2.824934469597393e-196,0.36215415642202364
2.7857091108003247,0,3.2820564926028037e-23,,
2.791845033951867,1,2.7757986988273404e-23,4.3045271798907004e-23,0.6448556561089765
2.791845033951867,2,2.7697580397501717e-197,7.620252440322595e-197,0.36347326567476773
2.791845033951867,0,2.7757986988273404e-23,,
2.7979809571034098,1,2.3500538300034173e-23,3.6527447015478983e-23,0.643366570077441
2.7979809571034098,2,7.3969722510867e-198,2.0278590745392522e-197,0.3647675691057259
2.7979809571034098,0,2.3500538300034173e-23,,
2.804116880254952,1,1.9918804245672707e-23,3.103106259558172e-23,0.6418988774335042
2.804116880254952,2,1.9488348998796337e-198,5.3241475200875834e-198,0.36603698386020206
2.804116880254952,0,1.9918804245672707e-23,,
2.810252803406495,1,1.6904055745389703e-23,2.6393904354964836e-23,0.6404530196840681
2.810252803406495,2,5.065766247600797e-199,1.3792600520762099e-198,0.3672814448569915
2.810252803406495,0,1.6904055745389703e-23,,
2.816388726558037,1,1.4365020630369242e-23,2.2479435576832207e-23,0.6390294178548745
2.816388726558037,2,1.2992950663880234e-199,3.525893837350517e-199,0.36850090397626956
2.816388726558037,0,1.4365020630369242e-23,,
2.82252464970958,1,1.222513474268755e-23,1.917281813230063e-23,0.6376284726809017
2.82252464970958,2,3.288590575362999e-200,8.895407421342979e-200,0.369695329240637
2.82252464970958,0,1.222513474268755e-23,,
2.8286605728611223,1,1.0420207896447719e-23,1.637752242930784e-23,0.6362505648473782
2.8286605728611223,2,8.214881532359426e-201,2.2150615693337332e-200,0.37086470399242105
2.8286605728611223,0,1.0420207896447719e-23,,
2.834796496012665,1,8.896446982625493e-24,1.4012446460595114e-23,0.6348960552779631
2.834796496012665,2,2.025515672686903e-201,5.4448024933271156e-201,0.37200902607014236
2.834796496012665,0,8.896446982625493e-24,,
2.8409324191642074,1,7.608785280429323e-24,1.2009473143443377e-23,0.6335652854666128
2.8409324191642074,2,4.930253136397992e-202,1.321329163206992e-201,0.37312830698686744
2.8409324191642074,0,7.608785280429323e-24,,
2.84706834231575,1,6.519473343980651e-24,1.0311403549721238e-23,0.6322585778496567
2.84706834231575,2,1.1848455915211946e-202,3.1661521323990757e-202,0.37422257111296997
2.84706834231575,0,6.519473343980651e-24,,
2.853204265467293,1,5.5968926050836574e-24,8.870211402351345e-24,0.63097623621462
2.853204265467293,2,2.811744890392503e-203,7.492155382373613e-203,0.37529185486562955
2.853204265467293,0,5.5968926050836574e-24,,
2.859340188618835,1,4.814558047003442e-24,7.645571305620858e-24,0.629718546142377
2.859340188618835,2,6.589878304427466e-204,1.7510614713622297e-203,0.37633620590720335
2.859340188618835,0,4.814558047003442e-24,,
2.865476111770378,1,4.150280962918255e-24,6.603619564425868e-24,0.6284857754792676
2.865476111770378,2,1.5255795537423276e-204,4.042815903086092e-204,0.37735568235441375
2.865476111770378,0,4.150280962918255e-24,,
2.8716120349219203,1,3.585466936440835e-24,5.715912142772821e-24,0.6272781748358897
2.8716120349219203,2,3.4891518920402523e-205,9.22201307226286e-205,0.3783503520001082
2.8716120349219203,0,3.585466936440835e-24,,
2.877747958073463,1,3.1045278025643884e-24,4.958549345643823e-24,0.6260959781093584
2.877747958073463,2,7.885093673501135e-206,2.0787429117746327e-205,0.37932029154916486
2.877747958073463,0,3.1045278025643884e-24,,
2.8838838812250054,1,2.6943895046780545e-24,4.31144122395218e-24,0.6249394030259287
2.8838838812250054,2,1.761055354709315e-206,4.631119460049252e-206,0.3802655858699413
2.8838838812250054,0,2.6943895046780545e-24,,
2.890019804376548,1,2.3440804995835627e-24,3.757691550432671e-24,0.6238086517009782
2.890019804376548,2,3.8877494076245545e-207,1.0199078848248827e-206,0.3811863272624937
2.890019804376548,0,2.3440804995835627e-24,,
2.8961557275280905,1,2.0443877211405618e-24,3.2830815485912934e-24,0.6227039112134661
2.8961557275280905,2,8.485261676065461e-208,2.220792401595306e-207,0.3820826147446323
2.8961557275280905,0,2.0443877211405618e-24,,
2.9022916506796332,1,1.7875691367584578e-24,2.8756374312976154e-24,0.621625354192106
2.9022916506796332,2,1.8312986119485245e-208,4.78202595032905e-208,0.38295455335672385
2.9022916506796332,0,1.7875691367584578e-24,,
2.9084275738311756,1,1.5671136597794584e-24,2.5252682725968624e-24,0.6205731394106161
2.9084275738311756,2,3.909019456329423e-209,1.0184983076114049e-208,0.3838022534860077
2.9084275738311756,0,1.5671136597794584e-24,,
2.9145634969827183,1,1.377540652301154e-24,2.223462845221312e-24,0.6195474123895427
2.9145634969827183,2,8.254324291825558e-210,2.146066031835726e-209,0.3846258302110528
2.9145634969827183,0,1.377540652301154e-24,,
2.920699420134261,1,1.2142325013456085e-24,1.963035852758646e-24,0.6185483060022835
2.920699420134261,2,1.7246182700376528e-210,4.474583818566637e-210,0.38542540266685793
2.920699420134261,0,1.2142325013456085e-24,,
2.9268353432858034,1,1.0732948072031154e-24,1.7379155109585847e-24,0.6175759410830718
2.9268353432858034,2,3.5661311460567767e-211,9.233871179326797e-211,0.3862010934309751
2.9268353432858034,0,1.0732948072031154e-24,,
2.932971266437346,1,9.514396136376179e-25,1.5429657245634e-24,0.6166304270348187
2.932971266437346,2,7.299480377775594e-212,1.8863996017311333e-211,0.3869530279309284
2.932971266437346,0,9.514396136376179e-25,,
2.9391071895888885,1,8.458878594794122e-25,1.373837197377261e-24,0.6157118624348384
2.9391071895888885,2,1.479369238136245e-212,3.8159413644106277e-212,0.38768133387309883
2.9391071895888885,0,8.458878594794122e-25,,
2.9452431127404313,1,7.542878610172907e-25,1.2268427332291501e-24,0.6148203356366171
2.9452431127404313,2,2.9692934732536488e-213,7.645209656437168e-213,0.3883861406931518
2.9452431127404313,0,7.542878610172907e-25,,
2.9513790358919736,1,6.746471627518504e-25,1.0988527594220495e-24,0.6139559253659121
2.9513790358919736,2,5.903718000377236e-214,1.5174016851073384e-213,0.38906757902800254
2.9513790358919736,0,6.746471627518504e-25,,
2.9575149590435164,1,6.052755362585592e-25,9.872077543316158e-25,0.6131187013095922
2.9575149590435164,2,1.1630547161502751e-214,2.9842899166841133e-214,0.38972578020923704
2.9575149590435164,0,6.052755362585592e-25,,
2.9636508821950587,1,5.447372765900054e-25,8.896448059933774e-25,0.6123087246957529
2.9636508821950587,2,2.2708313937834865e-215,5.817261756211059e-215,0.3903608757778403
2.9636508821950587,0,5.447372765900054e-25,,
2.9697868053466014,1,4.918112543800204e-25,8.042359851944647e-25,0.611526048863755
2.9697868053466014,2,4.395314254878964e-216,1.1241989314811616e-215,0.39097299702002225
2.9697868053466014,0,4.918112543800204e-25,,
2.9759227284981438,1,4.454574393704275e-25,7.293365986823292e-25,0.610770719822949
2.9759227284981438,2,8.435819285479128e-217,2.154400419636091e-216,0.3915622745238816
2.9759227284981438,0,4.454574393704275e-25,,
2.9820586516496865,1,4.047888257846921e-25,6.635417075319212e-25,0.6100427767989532
2.9820586516496865,2,1.6058712680702617e-217,4.095264396410062e-217,0.3921288377566
2.9820586516496865,0,4.047888257846921e-25,,
2.9881945748012293,1,3.690478688217131e-25,6.0564956253437235e-25,0.6093422527664561
2.9881945748012293,2,3.0328848082727347e-218,7.723694371062361e-218,0.3926728146618228
2.9881945748012293,0,3.690478688217131e-25,,
2.9943304979527716,1,3.375866904528929e-25,5.546308312242997e-25,0.6086691749676075
2.9943304979527716,2,5.684341290477184e-219,1.4456824115490218e-218,0.39319433127684783
2.9943304979527716,0,3.375866904528929e-25,,
3.0004664211043144,1,3.098504366353473e-25,5.096026770340412e-25,0.6080235654151587
3.0004664211043144,2,1.0575535776985919e-219,2.6862357320051918e-219,0.3936935113692204
3.0004664211043144,0,3.098504366353473e-25,,
3.0066023442558567,1,2.8536327116703804e-25,4.698069061068932e-25,0.6074054413795921
3.0066023442558567,2,1.953633815076269e-220,4.956316958195428e-220,0.3941704760923075
3.0066023442558567,0,2.8536327116703804e-25,,
3.0127382674073995,1,2.637165771922233e-25,4.345915266071166e-25,0.6068148158595618
3.0127382674073995,2,3.5844668621268225e-221,9.083215053771212e-221,0.3946253436594135
3.0127382674073995,0,2.637165771922233e-25,,
3.018874190558942,1,2.4455900872113817e-25,4.0339517318267675e-25,0.6062516980350434
3.018874190558942,2,6.533864512988417e-222,1.6538991046793978e-221,0.3950582290359836
3.018874190558942,0,2.4455900872113817e-25,,
3.0250101137104846,1,2.275880938953254e-25,3.757339391530976e-25,0.6057160937026551
3.0250101137104846,2,1.1835994400039839e-222,2.992898838558422e-222,0.39546924364943914
3.0250101137104846,0,2.275880938953254e-25,,
3.031146036862027,1,2.125431411251312e-25,3.511902339789251e-25,0.6052080056926807
3.031146036862027,2,2.1313496487617735e-223,5.3841200203022684e-223,0.39585849511618393
3.031146036862027,0,2.125431411251312e-25,,
3.0372819600135696,1,1.9919924034018135e-25,3.2940334612321535e-25,0.6047274342673788
3.0372819600135696,2,3.816343833852962e-224,9.631732889900152e-224,0.39622608698532175
3.0372819600135696,0,1.9919924034018135e-25,,
3.0434178831651124,1,1.8736218582596925e-25,3.1006144361284226e-25,0.6042743775002182
3.0434178831651124,2,6.796915211423126e-225,1.7139165600333446e-224,0.3965721184986328
3.0434178831651124,0,1.8736218582596925e-25,,
3.0495538063166547,1,1.7686417563878004e-25,2.9289478818677857e-25,0.6038488316357272
3.0495538063166547,2,1.2044190817406132e-225,3.034590938101303e-225,0.3968966843663614
3.0495538063166547,0,1.7686417563878004e-25,,
3.0556897294681975,1,1.6756016636371456e-25,2.7766997532099197e-25,0.603450791429688
3.0556897294681975,2,2.124103853880404e-226,5.347695178005916e-226,0.3971998745583801
3.0556897294681975,0,1.6756016636371456e-25,,
3.06182565261974,1,1.5932478181394296e-25,2.6418504285279197e-25,0.6030802504694455
3.06182565261974,2,3.729392910993516e-227,9.382550732901137e-227,0.39748177411030816
3.06182565261974,0,1.5932478181394296e-25,,
3.0679615757712826,1,1.5204969083053972e-25,2.522653163910675e-25,0.6027372014741368
3.0679615757712826,2,6.520751926028704e-228,1.6394407269871672e-227,0.3977424629441785
3.0679615757712826,0,1.5204969083053972e-25,,
3.074097498922825,1,1.4564138318809407e-25,2.417598810298373e-25,0.6024216365746781
3.074097498922825,2,1.1357640019027728e-228,2.85380735080653e-228,0.39798201570326336
3.074097498922825,0,1.4564138318809407e-25,,
3.0802334220743677,1,1.4001928420336444e-25,2.3253858677638757e-25,0.6021335475733711
3.0802334220743677,2,1.9712601862070278e-229,4.950421152868786e-229,0.3982005016006922
3.0802334220743677,0,1.4001928420336444e-25,,
3.08636934522591,1,1.35114158366293e-25,2.2448951014155974e-25,0.6018729261830187
3.08636934522591,2,3.4103622707927445e-230,8.560189572603228e-230,0.3983979842815121
3.08636934522591,0,1.35114158366293e-25,,
3.0925052683774528,1,1.3086676048440925e-25,2.1751680700250122e-25,0.6016397642454563
3.0925052683774528,2,5.882930909947174e-231,1.4759927164653603e-230,0.39857452169786767
3.0925052683774528,0,1.3086676048440925e-25,,
3.098641191528995,1,1.2722669972042387e-25,2.1153890254334185e-25,0.6014340539294261
3.098641191528995,2,1.0121857240275716e-231,2.5385230673396953e-231,0.3987301659970005
3.098641191528995,0,1.2722669972042387e-25,,
3.104777114680538,1,1.2415148772914765e-25,2.0648697314195196e-25,0.601255787907735
3.104777114680538,2,1.7375487082205763e-232,4.356232979990151e-232,0.3988649634217922
3.104777114680538,0,1.2415148772914765e-25,,
3.1109130378320806,1,1.2160574705227339e-25,2.0230368278888203e-25,0.6011049595136508
3.1109130378320806,2,2.9768821742156574e-233,7.4612511329289195e-233,0.3989789542236035
3.1109130378320806,0,1.2160574705227339e-25,,
3.117048960983623,1,1.1956056016334822e-25,1.989421432349626e-25,0.6009815628764994
3.117048960983623,2,5.091807280516164e-234,1.2759113840250814e-233,0.39907217258718897
3.117048960983623,0,1.1956056016334822e-25,,
3.1231848841351657,1,1.1799294320282293e-25,1.9636507276963116e-25,0.6008855930364371
3.1231848841351657,2,8.697601563385928e-235,2.1790600570951742e-234,0.39914464656749227
3.1231848841351657,0,1.1799294320282293e-25,,
3.129320807286708,1,1.1688543161764515e-25,1.945441335067894e-25,0.6008170460383785
3.129320807286708,2,1.4833566655914956e-235,3.71585683859226e-235,0.3991963980381602
3.129320807286708,0,1.1688543161764515e-25,,
3.135456730438251,1,1.1622576771783312e-25,1.934594314471074e-25,0.6007759190050639
3.135456730438251,2,2.4790669570003283e-236,6.209660689993039e-236,0.39922744265163823
3.135456730438251,0,1.1622576771783312e-25,,
3.141592653589793,1,1.1600668266781484e-25,1.9309916752465097e-25,0.6007622101892566
3.141592653589793,2,3.2469852696212955e-237,8.132960737911388e-237,0.3992377898107434
3.141592653589793,0,1.1600668266781484e-25,,
3.147728576741336,1,1.1622576771783312e-25,1.934594314471074e-25,0.6007759190050639
3.147728576741336,2,2.4790669570003283e-236,6.209660689993039e-236,0.39922744265163823
3.147728576741336,0,1.1622576771783312e-25,,
3.153864499892878,1,1.1688543161764515e-25,1.945441335067894e-25,0.6008170460383785
3.153864499892878,2,1.4833566655914956e-235,3.71585683859226e-235,0.3991963980381602
3.153864499892878,0,1.1688543161764515e-25,,
3.160000423044421,1,1.1799294320282293e-25,1.9636507276963116e-25,0.6008855930364371
3.160000423044421,2,8.697601563385928e-235,2.1790600570951742e-234,0.39914464656749227
3.160000423044421,0,1.1799294320282293e-25,,
3.1661363461959633,1,1.1956056016334822e-25,1.989421432349626e-25,0.6009815628764994
3.1661363461959633,2,5.091807280516164e-234,1.2759113840250814e-233,0.39907217258718897
3.1661363461959633,0,1.1956056016334822e-25,,
3.172272269347506,1,1.2160574705227339e-25,2.0230368278888203e-25,0.6011049595136508
3.172272269347506,2,2.9768821742156574e-233,7.4612511329289195e-233,0.3989789542236035
3.172272269347506,0,1.2160574705227339e-25,,
3.178408192499049,1,1.2415148772914765e-25,2.0648697314195196e-25,0.601255787907735
3.178408192499049,2,1.7375487082205763e-232,4.356232979990151e-232,0.3988649634217922
3.178408192499049,0,1.2415148772914765e-25,,
3.184544115650591,1,1.2722669972042387e-25,2.1153890254334185e-25,0.6014340539294261
3.184544115650591,2,1.0121857240275716e-231,2.5385230673396953e-231,0.3987301659970005
3.184544115650591,0,1.2722669972042387e-25,,
3.190680038802134,1,1.3086676048440925e-25,2.1751680700250122e-25,0.6016397642454563
3.190680038802134,2,5.882930909947174e-231,1.4759927164653603e-230,0.39857452169786767
3.190680038802134,0,1.3086676048440925e-25,,
3.1968159619536762,1,1.35114158366293e-25,2.2448951014155974e-25,0.6018729261830187
3.1968159619536762,2,3.4103622707927445e-230,8.560189572603228e-230,0.3983979842815121
3.1968159619536762,0,1.35114158366293e-25,,
3.202951885105219,1,1.4001928420336444e-25,2.3253858677638757e-25,0.6021335475733711
3.202951885105219,2,1.9712601862070278e-229,4.950421152868786e-229,0.3982005016006922
3.202951885105219,0,1.4001928420336444e-25,,
3.2090878082567613,1,1.4564138318809407e-25,2.417598810298373e-25,0.6024216365746781
3.2090878082567613,2,1.1357640019027728e-228,2.85380735080653e-228,0.39798201570326336
3.2090878082567613,0,1.4564138318809407e-25,,
3.215223731408304,1,1.5204969083053972e-25,2.522653163910675e-25,0.6027372014741368
3.215223731408304,2,6.520751926028704e-228,1.6394407269871672e-227,0.3977424629441785
3.215223731408304,0,1.5204969083053972e-25,,
3.2213596545598464,1,1.5932478181394296e-25,2.6418504285279197e-25,0.6030802504694455
3.2213596545598464,2,3.729392910993516e-227,9.382550732901137e-227,0.39748177411030816
3.2213596545598464,0,1.5932478181394296e-25,,
3.227495577711389,1,1.6756016636371456e-25,2.7766997532099197e-25,0.603450791429688
3.227495577711389,2,2.124103853880404e-226,5.347695178005916e-226,0.3971998745583801
3.227495577711389,0,1.6756016636371456e-25,,
3.2336315008629315,1,1.7686417563878004e-25,2.9289478818677857e-25,0.6038488316357272
3.2336315008629315,2,1.2044190817406132e-225,3.034590938101303e-225,0.3968966843663614
3.2336315008629315,0,1.7686417563878004e-25,,
3.2397674240144743,1,1.8736218582596925e-25,3.1006144361284226e-25,0.6042743775002182
3.2397674240144743,2,6.796915211423126e-225,1.7139165600333446e-224,0.3965721184986328
3.2397674240144743,0,1.8736218582596925e-25,,
3.245903347166017,1,1.9919924034018135e-25,3.2940334612321535e-25,0.6047274342673788
3.245903347166017,2,3.816343833852962e-224,9.631732889900152e-224,0.39622608698532175
3.245903347166017,0,1.9919924034018135e-25,,
3.2520392703175593,1,2.125431411251312e-25,3.511902339789251e-25,0.6052080056926807
3.2520392703175593,2,2.1313496487617735e-223,5.3841200203022684e-223,0.39585849511618393
3.2520392703175593,0,2.125431411251312e-25,,
3.258175193469102,1,2.275880938953254e-25,3.757339391530976e-25,0.6057160937026551
3.258175193469102,2,1.1835994400039839e-222,2.992898838558422e-222,0.39546924364943914
3.258175193469102,0,2.275880938953254e-25,,
3.2643111166206444,1,2.4455900872113817e-25,4.0339517318267675e-25,0.6062516980350434
3.2643111166206444,2,6.533864512988417e-222,1.6538991046793978e-221,0.3950582290359836
3.2643111166206444,0,2.4455900872113817e-25,,
3.270447039772187,1,2.637165771922233e-25,4.345915266071166e-25,0.6068148158595618
3.270447039772187,2,3.5844668621268225e-221,9.083215053771212e-221,0.3946253436594135
3.270447039772187,0,2.637165771922233e-25,,
3.2765829629237295,1,2.8536327116703804e-25,4.698069061068932e-25,0.6074054413795921
3.2765829629237295,2,1.953633815076269e-220,4.956316958195428e-220,0.3941704760923075
3.2765829629237295,0,2.8536327116703804e-25,,
3.2827188860752723,1,3.098504366353473e-25,5.096026770340412e-25,0.6080235654151587
3.2827188860752723,2,1.0575535776985919e-219,2.6862357320051918e-219,0.3936935113692204
3.2827188860752723,0,3.098504366353473e-25,,
3.2888548092268146,1,3.375866904528929e-25,5.546308312242997e-25,0.6086691749676075
3.2888548092268146,2,5.684341290477184e-219,1.4456824115490218e-218,0.39319433127684783
3.2888548092268146,0,3.375866904528929e-25,,
3.2949907323783574,1,3.690478688217131e-25,6.0564956253437235e-25,0.6093422527664561
3.2949907323783574,2,3.0328848082727347e-218,7.723694371062361e-218,0.3926728146618228
3.2949907323783574,0,3.690478688217131e-25,,
3.3011266555299,1,4.047888257846921e-25,6.635417075319212e-25,0.6100427767989532
3.3011266555299,2,1.6058712680702617e-217,4.095264396410062e-217,0.3921288377566
3.3011266555299,0,4.047888257846921e-25,,
3.3072625786814425,1,4.454574393704275e-25,7.293365986823292e-25,0.610770719822949
3.3072625786814425,2,8.435819285479128e-217,2.154400419636091e-216,0.3915622745238816
3.3072625786814425,0,4.454574393704275e-25,,
3.3133985018329852,1,4.918112543800204e-25,8.042359851944647e-25,0.611526048863755
3.3133985018329852,2,4.395314254878964e-216,1.1241989314811616e-215,0.39097299702002225
3.3133985018329852,0,4.918112543800204e-25,,
3.3195344249845276,1,5.447372765900054e-25,8.896448059933774e-25,0.6123087246957529
3.3195344249845276,2,2.2708313937834865e-215,5.817261756211059e-215,0.3903608757778403
3.3195344249845276,0,5.447372765900054e-25,,
3.3256703481360703,1,6.052755362585592e-25,9.872077543316158e-25,0.6131187013095922
3.3256703481360703,2,1.1630547161502751e-214,2.9842899166841133e-214,0.38972578020923704
3.3256703481360703,0,6.052755362585592e-25,,
3.3318062712876126,1,6.746471627518504e-25,1.0988527594220495e-24,0.6139559253659121
3.3318062712876126,2,5.903718000377236e-214,1.5174016851073384e-213,0.38906757902800254
3.3318062712876126,0,6.746471627518504e-25,,
3.3379421944391554,1,7.542878610172907e-25,1.2268427332291501e-24,0.6148203356366171
3.3379421944391554,2,2.9692934732536488e-213,7.645209656437168e-213,0.3883861406931518
3.3379421944391554,0,7.542878610172907e-25,,
3.3440781175906977,1,8.458878594794122e-25,1.373837197377261e-24,0.6157118624348384
3.3440781175906977,2,1.479369238136245e-212,3.8159413644106277e-212,0.38768133387309883
3.3440781175906977,0,8.458878594794122e-25,,
3.3502140407422405,1,9.514396136376179e-25,1.5429657245634e-24,0.6166304270348187
3.3502140407422405,2,7.299480377775594e-212,1.8863996017311333e-211,0.3869530279309284
3.3502140407422405,0,9.514396136376179e-25,,
3.356349963893783,1,1.0732948072031154e-24,1.7379155109585847e-24,0.6175759410830718
3.356349963893783,2,3.5661311460567767e-211,9.233871179326797e-211,0.3862010934309751
3.356349963893783,0,1.0732948072031154e-24,,
3.3624858870453256,1,1.2142325013456085e-24,1.963035852758646e-24,0.6185483060022835
3.3624858870453256,2,1.7246182700376528e-210,4.474583818566637e-210,0.38542540266685793
3.3624858870453256,0,1.2142325013456085e-24,,
3.3686218101968683,1,1.377540652301154e-24,2.223462845221312e-24,0.6195474123895427
3.3686218101968683,2,8.254324291825558e-210,2.146066031835726e-209,0.3846258302110528
3.3686218101968683,0,1.377540652301154e-24,,
3.3747577333484107,1,1.5671136597794584e-24,2.5252682725968624e-24,0.6205731394106161
3.3747577333484107,2,3.909019456329423e-209,1.0184983076114049e-208,0.3838022534860077
3.3747577333484107,0,1.5671136597794584e-24,,
3.3808936564999534,1,1.7875691367584578e-24,2.8756374312976154e-24,0.621625354192106
3.3808936564999534,2,1.8312986119485245e-208,4.78202595032905e-208,0.38295455335672385
3.3808936564999534,0,1.7875691367584578e-24,,
3.3870295796514958,1,2.0443877211405618e-24,3.2830815485912934e-24,0.6227039112134661
3.3870295796514958,2,8.485261676065461e-208,2.220792401595306e-207,0.3820826147446323
3.3870295796514958,0,2.0443877211405618e-24,,
3.3931655028030385,1,2.3440804995835627e-24,3.757691550432671e-24,0.6238086517009782
3.3931655028030385,2,3.8877494076245545e-207,1.0199078848248827e-206,0.3811863272624937
3.3931655028030385,0,2.3440804995835627e-24,,
3.399301425954581,1,2.6943895046780545e-24,4.31144122395218e-24,0.6249394030259287
3.399301425954581,2,1.761055354709315e-206,4.631119460049252e-206,0.3802655858699413
3.399301425954581,0,2.6943895046780545e-24,,
3.4054373491061236,1,3.1045278025643884e-24,4.958549345643823e-24,0.6260959781093584
3.4054373491061236,2,7.885093673501135e-206,2.0787429117746327e-205,0.37932029154916486
3.4054373491061236,0,3.1045278025643884e-24,,
3.411573272257666,1,3.585466936440835e-24,5.715912142772821e-24,0.6272781748358897
3.411573272257666,2,3.4891518920402523e-205,9.22201307226286e-205,0.3783503520001082
3.411573272257666,0,3.585466936440835e-24,,
3.4177091954092087,1,4.150280962918255e-24,6.603619564425868e-24,0.6284857754792676
3.4177091954092087,2,1.5255795537423276e-204,4.042815903086092e-204,0.37735568235441375
3.4177091954092087,0,4.150280962918255e-24,,
3.423845118560751,1,4.814558047003442e-24,7.645571305620858e-24,0.629718546142377
3.423845118560751,2,6.589878304427466e-204,1.7510614713622297e-203,0.37633620590720335
3.423845118560751,0,4.814558047003442e-24,,
3.429981041712294,1,5.5968926050836574e-24,8.870211402351345e-24,0.63097623621462
3.429981041712294,2,2.811744890392503e-203,7.492155382373613e-203,0.37529185486562955
3.429981041712294,0,5.5968926050836574e-24,,
3.4361169648638366,1,6.519473343980651e-24,1.0311403549721238e-23,0.6322585778496567
3.4361169648638366,2,1.1848455915211946e-202,3.1661521323990757e-202,0.37422257111296997
3.4361169648638366,0,6.519473343980651e-24,,
3.442252888015379,1,7.608785280429323e-24,1.2009473143443377e-23,0.6335652854666128
3.442252888015379,2,4.930253136397992e-202,1.321329163206992e-201,0.37312830698686744
3.442252888015379,0,7.608785280429323e-24,,
3.4483888111669216,1,8.896446982625493e-24,1.4012446460595114e-23,0.6348960552779631
3.4483888111669216,2,2.025515672686903e-201,5.4448024933271156e-201,0.37200902607014236
3.4483888111669216,0,8.896446982625493e-24,,
3.454524734318464,1,1.0420207896447719e-23,1.637752242930784e-23,0.6362505648473782
3.454524734318464,2,8.214881532359426e-201,2.2150615693337332e-200,0.37086470399242105
3.454524734318464,0,1.0420207896447719e-23,,
3.4606606574700067,1,1.222513474268755e-23,1.917281813230063e-23,0.6376284726809017
3.4606606574700067,2,3.288590575362999e-200,8.895407421342979e-200,0.369695329240637
3.4606606574700067,0,1.222513474268755e-23,,
3.466796580621549,1,1.4365020630369242e-23,2.2479435576832207e-23,0.6390294178548745
3.466796580621549,2,1.2992950663880234e-199,3.525893837350517e-199,0.36850090397626956
3.466796580621549,0,1.4365020630369242e-23,,
3.472932503773092,1,1.6904055745389703e-23,2.6393904354964836e-23,0.6404530196840681
3.472932503773092,2,5.065766247600797e-199,1.3792600520762099e-198,0.3672814448569915
3.472932503773092,0,1.6904055745389703e-23,,
3.479068426924634,1,1.9918804245672707e-23,3.103106259558172e-23,0.6418988774335042
3.479068426924634,2,1.9488348998796337e-198,5.3241475200875834e-198,0.36603698386020206
3.479068426924634,0,1.9918804245672707e-23,,
3.485204350076177,1,2.3500538300034173e-23,3.6527447015478983e-23,0.643366570077441
3.485204350076177,2,7.3969722510867e-198,2.0278590745392522e-197,0.3647675691057259
3.485204350076177,0,2.3500538300034173e-23,,
3.4913402732277192,1,2.7757986988273404e-23,4.3045271798907004e-23,0.6448556561089765
3.4913402732277192,2,2.7697580397501717e-197,7.620252440322595e-197,0.36347326567476773
3.4913402732277192,0,2.7757986988273404e-23,,
3.497476196379262,1,3.2820564926028037e-23,5.0777085288578807e-23,0.6463656734036741
3.497476196379262,2,1.0230617597845407e-196,2.824934469597393e-196,0.36215415642202364
3.497476196379262,0,3.2820564926028037e-23,,
3.5036121195308048,1,3.884215281778373e-23,5.995120277967652e-23,0.6478961391405351
3.5036121195308048,2,3.727355233014748e-196,1.0330511049988248e-195,0.3608103427776681
3.5036121195308048,0,3.884215281778373e-23,,
3.509748042682347,1,4.600550942201213e-23,7.083802267845717e-23,0.6494465497835394
3.509748042682347,2,1.3393955914040953e-195,3.7263196686955174e-195,0.35944194553576264
3.509748042682347,0,4.600550942201213e-23,,
3.51588396583389,1,5.452740127876071e-23,8.375734138114879e-23,0.6510163811268388
3.51588396583389,2,4.7467883266387164e-195,1.325736680265302e-194,0.35804910562547043
3.51588396583389,0,5.452740127876071e-23,,
3.522019888985432,1,6.466454252376502e-23,9.90867887372096e-23,0.6526050884065219
3.522019888985432,2,1.6590181418279246e-194,4.6519050793301403e-194,0.3566319848613115
3.522019888985432,0,6.466454252376502e-23,,
3.528155812136975,1,7.672044156622165e-23,1.1727150996764896e-22,0.6542121064816688
3.528155812136975,2,5.717993171957637e-194,1.6098372222871637e-193,0.35519076666856064
3.528155812136975,0,7.672044156622165e-23,,
3.5342917352885173,1,9.105325353828671e-23,1.388352202627565e-22,0.6558368500871847
3.5342917352885173,2,1.9433989237853135e-193,5.49408527918923e-193,0.35372565677977674
3.5342917352885173,0,9.105325353828671e-23,,
3.54042765844006,1,1.0808473623265274e-22,1.6439275356714582e-22,0.6574787141606323
3.54042765844006,2,6.513199526901019e-193,1.8490963963843368e-192,0.35223688389835806
3.54042765844006,0,1.0808473623265274e-22,,
3.5465635815916023,1,1.283104015088542e-22,1.946642155667359e-22,0.6591370742449894
3.5465635815916023,2,2.152449019304711e-192,6.137146934078057e-192,0.3507247003249498
3.5465635815916023,0,1.283104015088542e-22,,
3.552699504743145,1,1.523109424134916e-22,2.30490830615389e-22,0.6608112869689245
3.552699504743145,2,7.014118806358643e-192,2.0086861620155965e-191,0.34918938254248705
3.552699504743145,0,1.523109424134916e-22,,
3.5588354278946874,1,1.8076499682398403e-22,2.728525409666887e-22,0.66250069060582
3.5588354278946874,2,2.253795654899862e-191,6.48329450584031e-191,0.3476312317556433
3.5588354278946874,0,1.8076499682398403e-22,,
3.56497135104623,1,2.144632793629514e-22,3.2288737162991074e-22,0.6642046057123794
3.56497135104623,2,7.141020970935019e-191,2.0635772628667e-190,0.3460505743804711
3.56497135104623,0,2.144632793629514e-22,,
3.571107274197773,1,2.543240725070432e-22,3.819125126407921e-22,0.6659223358472357
3.571107274197773,2,2.2310914459848065e-190,6.477299866663757e-190,0.344447762480073
3.571107274197773,0,2.543240725070432e-22,,
3.5772431973493153,1,3.0141001296231647e-22,4.514469896074785e-22,0.6676531683695237
3.5772431973493153,2,6.873792788239128e-190,2.0050548815545958e-189,0.3428231741422266
3.5772431973493153,0,3.0141001296231647e-22,,
3.583379120500858,1,3.5694603817792505e-22,5.332356901528435e-22,0.6693963753169112
3.583379120500858,2,2.0883918429750736e-189,6.121135171207066e-189,0.34117721379501087
3.583379120500858,0,3.5694603817792505e-22,,
3.5895150436524004,1,4.223382681019357e-22,6.292743856589099e-22,0.6711512143620902
3.5895150436524004,2,6.257232390078895e-189,1.8430168865277098e-188,0.33951031245664154
3.5895150436524004,0,4.223382681019357e-22,,
3.595650966803943,1,4.991934870039199e-22,7.418352323488142e-22,0.672916929846218
3.595650966803943,2,1.8489678048985415e-188,5.4731862526474315e-188,0.3378229279159244
3.595650966803943,0,4.991934870039199e-22,,
3.6017868899554855,1,5.893387580012753e-22,8.734920519092127e-22,0.6746927538872773
3.6017868899554855,2,5.388637389217514e-188,1.603209810418938e-187,0.33611554483997313
3.6017868899554855,0,5.893387580012753e-22,,
3.6079228131070282,1,6.948405482569063e-22,1.0271444795031393e-21,0.6764779075607956
3.6079228131070282,2,1.5490328801412903e-187,4.632432246814054e-187,0.3343886748061204
3.6079228131070282,0,6.948405482569063e-22,,
3.6140587362585705,1,8.180225663192223e-22,1.2060398278896588e-21,0.6782716021498285
3.6140587362585705,2,4.392457970091358e-187,1.3204726593378703e-186,0.33264285625526585
3.6140587362585705,0,8.180225663192223e-22,,
3.6201946594101133,1,9.614813170178567e-22,1.413791254490376e-21,0.6800730404605864
3.6201946594101133,2,1.228731026486162e-186,3.713539723035296e-186,0.33087865436426445
3.6201946594101133,0,9.614813170178567e-22,,
3.626330582561656,1,1.1280981680713233e-21,1.6543905405868962e-21,0.6818814181995563
3.626330582561656,2,3.391164505187072e-186,1.0304463425971161e-185,0.3290966608353473
3.626330582561656,0,1.1280981680713233e-21,,
3.6324665057131984,1,1.3210465030050248e-21,1.9322135088310023e-21,0.6836959254074689
3.6324665057131984,2,9.234809269797225e-186,2.821533757620279e-185,0.3272974936009978
3.6324665057131984,0,1.3210465030050248e-21,,
3.638602428864741,1,1.5437923170093537e-21,2.252015831346427e-21,0.6855157479449675
3.638602428864741,2,2.4816574865430596e-185,7.624566146747389e-185,0.3254817964431623
3.638602428864741,0,1.5437923170093537e-21,,
3.6447383520162835,1,1.8000864092017413e-21,2.618916734705736e-21,0.6873400690243788
3.6447383520162835,2,6.581758222956145e-185,2.033602154266336e-184,0.32365023852616104
3.6447383520162835,0,1.8000864092017413e-21,,
3.6508742751678263,1,2.093946153159254e-21,3.0383679133373258e-21,0.6891680707815517
3.6508742751678263,2,1.7229909641805666e-184,5.354170759677317e-184,0.32180351384317957
3.6508742751678263,0,2.093946153159254e-21,,
3.6570101983193686,1,2.4296247078637495e-21,3.516104847201924e-21,0.6909989358813396
3.6570101983193686,2,4.452698709211276e-184,1.391719114508123e-183,0.3199423405767477
3.6570101983193686,0,2.4296247078637495e-21,,
3.6631461214709113,1,2.8115654868484903e-21,4.058077714380554e-21,0.6928318491499521
3.6631461214709113,2,1.136120664618577e-183,3.57194874094343e-183,0.3180674603741661
3.6631461214709113,0,2.8115654868484903e-21,,
3.6692820446224537,1,3.2443397603968642e-21,4.670359228761137e-21,0.6946659992271002
3.6692820446224537,2,2.862538568039002e-183,9.053519671020421e-183,0.3161796375393931
3.6692820446224537,0,3.2443397603968642e-21,,
3.6754179677739964,1,3.732565451483919e-21,5.3590270524226505e-21,0.6965005802306113
3.6754179677739964,2,7.1231500116718896e-183,2.266500496325514e-182,0.3142796581434706
3.6754179677739964,0,3.732565451483919e-21,,
3.6815538909255388,1,4.2808055278130106e-21,6.1300189652753535e-21,0.6983347934259975
3.6815538909255388,2,1.7508863199126725e-182,5.605197957178501e-182,0.3123683290561284
3.6815538909255388,0,4.2808055278130106e-21,,
3.6876898140770815,1,4.893444914225557e-21,6.988959750094268e-21,0.7001678488933284
3.6876898140770815,2,4.2519019394137336e-182,1.369608694499448e-181,0.3104464769017606
3.6876898140770815,0,4.893444914225557e-21,,
3.6938257372286243,1,5.574545571117759e-21,7.940959790128923e-21,0.7019989671836955
3.6938257372286243,2,1.0202937997153457e-181,3.307113025879293e-181,0.30851494694351145
3.6938257372286243,0,5.574545571117759e-21,,
3.6999616603801666,1,6.327680315903843e-21,8.990386687279984e-21,0.7038273809575443
3.6999616603801666,2,2.419714539776623e-181,7.892742989088262e-181,0.3065746018997305
3.6999616603801666,0,6.327680315903843e-21,,
3.7060975835317094,1,7.155747104780148e-21,1.0140612782898774e-20,0.705652336597219
3.7060975835317094,2,5.672608892628706e-181,1.8621532373299711e-180,0.30462632069755535
3.7060975835317094,0,7.155747104780148e-21,,
3.7122335066832517,1,8.060766824417471e-21,1.1393743270844573e-20,0.7074730957861891
3.7122335066832517,2,1.3148220830732127e-180,4.344063671022046e-180,0.3026709971688488
3.7122335066832517,0,8.060766824417471e-21,,
3.7183694298347945,1,9.043669132721327e-21,1.27503315790672e-20,0.709288937047624
3.7183694298347945,2,3.013732995208674e-180,1.0022073155031948e-179,0.30070953869414924
3.7183694298347945,0,9.043669132721327e-21,,
3.724505352986337,1,1.0104072478573483e-20,1.420909077977008e-20,0.7110991572352371
3.724505352986337,2,6.832613446669903e-180,2.287121886987498e-179,0.2987428648006835
3.724505352986337,0,1.0104072478573483e-20,,
3.7306412761378795,1,1.1240066044781837e-20,1.5766611859254042e-20,0.712903072969644
3.7306412761378795,2,1.5325203133777482e-179,5.163966951842582e-179,0.29677190572083767
3.7306412761378795,0,1.1240066044781837e-20,,
3.736777199289422,1,1.2448002897146375e-20,1.7417101600292188e-20,0.714700022013855
3.736777199289422,2,3.401403810785201e-179,1.1538098682607393e-178,0.2947976009177751
3.736777199289422,0,1.2448002897146375e-20,,
3.7429131224409646,1,1.372231496777294e-20,1.915215444374306e-20,0.7164893645819554
3.7429131224409646,2,7.472055587771206e-179,2.5517494309294456e-178,0.29282089758513613
3.7429131224409646,0,1.372231496777294e-20,,
3.749049045592507,1,1.5055361521031464e-20,2.096057382885361e-20,0.7182704845755115
3.749049045592507,2,1.6249923721288143e-178,5.587185436120341e-178,0.29084274912793745
3.749049045592507,0,1.5055361521031464e-20,,
3.7551849687440497,1,1.6437323308191393e-20,2.2828258986157484e-20,0.720042790742763
3.7551849687440497,2,3.4993965879514925e-178,1.2114334812840541e-177,0.2888641136319198
3.7551849687440497,0,1.6437323308191393e-20,,
3.7613208918955925,1,1.785615457840322e-20,2.473817280626419e-20,0.7218057177562318
3.7613208918955925,2,7.463948654133173e-178,2.6017128386901078e-177,0.28688595232866165
3.7613208918955925,0,1.785615457840322e-20,,
3.767456815047135,1,1.92976043618104e-20,2.667040509117344e-20,0.7235587272049697
3.767456815047135,2,1.5771842932968803e-177,5.535743099706754e-177,0.2849092280637858
3.767456815047135,0,1.92976043618104e-20,,
3.7735927381986776,1,2.0745316887315594e-20,2.860234311484693e-20,0.7253013084982921
3.7735927381986776,2,3.302484314699713e-177,1.1672240754430531e-176,0.28293490377553776
3.7735927381986776,0,2.0745316887315594e-20,,
3.77972866135022,1,2.2181018598260277e-20,3.050895794035283e-20,0.7270329796784845
3.77972866135022,2,6.854112033821911e-177,2.4394988231047585e-176,0.28096394099090644
3.77972866135022,0,2.2181018598260277e-20,,
3.7858645845017627,1,2.35847959947422e-20,3.236321040131125e-20,0.7287532881406172
3.7858645845017627,2,1.4103360859900554e-176,5.055016999625325e-176,0.2789972983462941
3.7858645845017627,0,2.35847959947422e-20,,
3.792000507653305,1,2.4935464538068064e-20,3.4136575182644133e-20,0.7304618112582618
3.792000507653305,2,2.8778293800073764e-176,1.0387928304310542e-175,0.27703593013952565
3.792000507653305,0,2.4935464538068064e-20,,
3.7981364308048478,1,2.621102424800207e-20,3.5799675248391905e-20,0.7321581569145506
3.7981364308048478,2,5.824914042786845e-176,2.117528508756732e-175,0.27508078491971927
3.7981364308048478,0,2.621102424800207e-20,,
3.80427235395639,1,2.738919262576967e-20,3.732301227197036e-20,0.7338419639386662
3.80427235395639,2,1.1697903010736647e-175,4.2828627078952873e-175,0.2731328041212254
3.80427235395639,0,2.738919262576967e-20,,
3.810408277107933,1,2.8448000427359986e-20,3.867777211339002e-20,0.73551290244847
3.810408277107933,2,2.3314885209782694e-175,8.597158489801348e-175,0.2711929207474855
3.810408277107933,0,2.8448000427359986e-20,,
3.816544200259475,1,2.936643092554081e-20,3.983667820395948e-20,0.737170674100583
3.816544200259475,2,4.6129499958954113e-175,1.713182328126735e-174,0.26926205811026566
3.816544200259475,0,2.936643092554081e-20,,
3.822680123411018,1,3.0125078997020693e-20,4.077486041503822e-20,0.7388150122498084
3.822680123411018,2,9.062716715689817e-175,3.3899448102713965e-174,0.26734112862929654
3.822680123411018,0,3.0125078997020693e-20,,
3.8288160465625607,1,3.070680301746605e-20,4.147070306856514e-20,0.7404456820203239
3.8288160465625607,2,1.7684252203372188e-174,6.662465961004085e-174,0.26543103269689405
3.8288160465625607,0,3.070680301746605e-20,,
3.834951969714103,1,3.109734047705404e-20,4.190663360965883e-20,0.7420624802915828
3.834951969714103,2,3.428296851835482e-174,1.3009001931318033e-173,0.2635326576116618
3.834951969714103,0,3.109734047705404e-20,,
3.841087892865646,1,3.1285857717151906e-20,4.206981343132492e-20,0.7436652356023202
3.841087892865646,2,6.604631499052245e-174,2.524253904827145e-173,0.26164687658488595
3.841087892865646,0,3.1285857717151906e-20,,
3.847223816017188,1,3.126540541699861e-20,4.195269461539614e-20,0.7452538079764864
3.847223816017188,2,1.2647723974478498e-173,4.868731013289755e-173,0.25977454782273035
3.847223816017188,0,3.126540541699861e-20,,
3.853359739168731,1,3.103325449304816e-20,4.15534109705138e-20,0.7468280886753024
3.853359739168731,2,2.4081580484375533e-173,9.336967276789285e-173,0.25791651368683494
3.853359739168731,0,3.103325449304816e-20,,
3.859495662320273,1,3.0591091844200834e-20,4.087597856874736e-20,0.7483879998799573
3.859495662320273,2,4.5601755783895854e-173,1.7808066038590883e-172,0.25607359993541573
3.859495662320273,0,3.0591091844200834e-20,,
3.865631585471816,1,2.9945061674385326e-20,3.993028968781725e-20,0.749933494309749
3.865631585471816,2,8.590473846109514e-173,3.378795758810624e-172,0.2542466150464644
3.865631585471816,0,2.9945061674385326e-20,,
3.8717675086233583,1,2.910564560786901e-20,3.873189416946358e-20,0.7514645547806966
3.8717675086233583,2,1.610298659815313e-172,6.37902846484992e-172,0.2524363496241584
3.8717675086233583,0,2.910564560786901e-20,,
3.877903431774901,1,2.808738302781282e-20,3.7301573083691614e-20,0.7529811937098365
3.877903431774901,2,3.004442992859753e-172,1.1986914016056349e-171,0.2506435758891181
3.877903431774901,0,2.808738302781282e-20,,
3.884039354926444,1,2.6908441479162377e-20,3.566472052830923e-20,0.754483452570546
3.884039354926444,2,5.580894497600191e-172,2.242502456295238e-171,0.24886904725269274
3.884039354926444,0,2.6908441479162377e-20,,
3.890175278077986,1,2.5590055009528607e-20,3.385055964468536e-20,0.7559714013043304
3.890175278077986,2,1.0323800196377955e-171,4.177756488810348e-171,0.24711349797502788
3.890175278077986,0,2.5590055009528607e-20,,
3.896311201229529,1,2.4155855411616038e-20,3.1891227772799044e-20,0.7574451376945502
3.896311201229529,2,1.9023236328495418e-171,7.752636345831571e-171,0.24537764290625874
3.896311201229529,0,2.4155855411616038e-20,,
3.902447124381071,1,2.2631126971416443e-20,2.9820772470811684e-20,0.7589047867075742
3.902447124381071,2,3.4926153938881894e-171,1.4333842997091752e-170,0.24366217730979886
3.902447124381071,0,2.2631126971416443e-20,,
3.908583047532614,1,2.104201911525739e-20,2.7674104403960987e-20,0.7603504998068031
3.908583047532614,2,6.39073106250824e-171,2.641149638978321e-170,0.2419677767663469
3.908583047532614,0,2.104201911525739e-20,,
3.9147189706841563,1,1.9414753022310277e-20,2.5485954571575882e-20,0.7617824542449461
3.9147189706841563,2,1.1657217748547294e-170,4.8512091534413365e-170,0.24029509715692077
3.9147189706841563,0,1.9414753022310277e-20,,
3.920854893835699,1,1.777485772795497e-20,2.328988191438825e-20,0.7632008523398243
3.920854893835699,2,2.1202852476356538e-170,8.884691693321859e-170,0.2386447747229493
3.920854893835699,0,1.777485772795497e-20,,
3.9269908169872414,1,1.6146468560123346e-20,2.1117373175087095e-20,0.7646059207388494
3.9269908169872414,2,3.8464343828252814e-170,1.6228487687483439e-169,0.2370174262012057
3.9269908169872414,0,1.6146468560123346e-20,,
3.933126740138784,1,1.4551716162039843e-20,1.8997070329046627e-20,0.7659979096771667
3.933126740138784,2,6.961387820638398e-170,2.9570875984837324e-169,0.23541364903115816
3.933126740138784,0,1.4551716162039843e-20,,
3.9392626632903265,1,1.3010228239098102e-20,1.6954152490033e-20,0.7673770922342801
3.9392626632903265,2,1.2572300257600024e-169,5.376591554063301e-169,0.23383402163213687
3.9392626632903265,0,1.3010228239098102e-20,,
3.9453985864418692,1,1.1538759007815332e-20,1.5009889581247677e-20,0.768743763593775
3.9453985864418692,2,2.2663247103078048e-169,9.756903112432645e-169,0.23227910374757757
3.9453985864418692,0,1.1538759007815332e-20,,
3.951534509593412,1,1.0150953664535335e-20,1.318137496385109e-20,0.7700982403105554
3.951534509593412,2,4.0787223477847466e-169,1.7675979640090637e-168,0.23074943685349436
3.951534509593412,0,1.0150953664535335e-20,,
3.9576704327449543,1,8.857247585281318e-21,1.148143435128806e-20,0.7714408595897825
3.9576704327449543,2,7.330371402075758e-169,3.197606921418027e-168,0.229245544628262
3.9576704327449543,0,8.857247585281318e-21,,
3.963806355896497,1,7.664892933807656e-21,9.918699365726866e-21,0.7727719785814835
3.963806355896497,2,1.3159273178417163e-168,5.777491579836263e-168,0.22776793348074606
3.963806355896497,0,7.664892933807656e-21,,
3.9699422790480394,1,6.578099332006473e-21,8.497826557496408e-21,0.7740919736945635
3.9699422790480394,2,2.3601804470371633e-168,1.042864422813051e-167,0.22631709313380816
3.9699422790480394,0,6.578099332006473e-21,,
3.976078202199582,1,5.598270564277372e-21,7.219837003041032e-21,0.7754012399337205
3.976078202199582,2,4.2302712936790405e-168,1.8810109430527695e-167,0.2248934972602318
3.976078202199582,0,5.598270564277372e-21,,
3.9822141253511245,1,4.724316144428203e-21,6.082547942767095e-21,0.7767001902625364
3.9822141253511245,2,7.578832163652828e-168,3.3910127098948854e-167,0.22349760416815884
3.9822141253511245,0,4.724316144428203e-21,,
3.9883500485026673,1,3.95301503337786e-21,5.0810663617703435e-21,0.7779892549957863
3.9883500485026673,2,1.3575248636850168e-167,6.111402036451299e-167,0.22212985753319694
3.9883500485026673,0,3.95301503337786e-21,,
3.9944859716542096,1,3.2794087933716947e-21,4.2083148350818415e-21,0.7792688812237876
3.9944859716542096,2,2.4316671965101872e-167,1.1013450012902298e-166,0.22079068717445308
3.9944859716542096,0,3.2794087933716947e-21,,
4.000621894805752,1,2.6972028243408695e-21,3.455562098811186e-21,0.7805395322714027
4.000621894805752,2,4.3568214724201954e-167,1.985060757770149e-166,0.21948050987186327
4.000621894805752,0,2.6972028243408695e-21,,
4.006757817957295,1,2.199156792153508e-21,2.812934313363171e-21,0.7818016871941013
4.006757817957295,2,7.809840612201323e-167,3.579216438188925e-166,0.21819973022232445
4.006757817957295,0,2.199156792153508e-21,,
4.0128937411088375,1,1.7774486165325008e-21,2.2698874397275923e-21,0.7830558403133027
4.0128937411088375,2,1.400934760869084e-166,6.45744589700964e-166,0.21694874153228894
4.0128937411088375,0,1.7774486165325008e-21,,
4.01902966426038,1,1.4240001088374946e-21,1.8156261230808596e-21,0.7843025007930425
4.01902966426038,2,2.5153164117259118e-166,1.1659669889208106e-165,0.21572792674465208
4.01902966426038,0,1.4240001088374946e-21,,
4.025165587411923,1,1.1307562179200373e-21,1.439459559348534e-21,0.7855421922598446
4.025165587411923,2,4.521276316477224e-166,2.1074511249750548e-165,0.21453765939794883
4.025165587411923,0,1.1307562179200373e-21,,
4.031301510563465,1,8.899135729222361e-22,1.1310896522396987e-21,0.7867754524675353
4.031301510563465,2,8.137988141025093e-166,3.8138779646166674e-165,0.21337830461607446
4.031301510563465,0,8.899135729222361e-22,,
4.037437433715008,1,6.940973763242886e-22,8.808310671602673e-22,0.7880028330086108
4.037437433715008,2,1.4670795118424564e-165,6.912028222938656e-165,0.21225022012695516
4.037437433715008,0,6.940973763242886e-22,,
4.04357335686655,1,5.364885344970395e-22,6.797663570000616e-22,0.7892248990736547
4.04357335686655,2,2.649494662219252e-165,1.2547703133429554e-164,0.21115375730881586
4.04357335686655,0,5.364885344970395e-22,,
4.049709280018093,1,4.109051198487106e-22,5.198420638954009e-22,0.7904422292602127
4.049709280018093,2,4.794426428059859e-165,2.2820901822481845e-164,0.21008926226292535
4.049709280018093,0,4.109051198487106e-22,,
4.0558452031696355,1,3.1184380575597194e-22,3.939135634986087e-22,0.7916554154324604
4.0558452031696355,2,8.694911107106206e-165,4.159108715926807e-164,0.20905707691193762
4.0558452031696355,0,3.1184380575597194e-22,,
4.061981126321178,1,2.344878254403973e-22,2.9574745627170313e-22,0.7928650626329423
4.061981126321178,2,1.580660002201719e-164,7.597225273670678e-164,0.20805754012319905
4.061981126321178,0,2.344878254403973e-22,,
4.06811704947272,1,1.7468834446299243e-22,2.199906190755175e-22,0.7940717890476326
4.06811704947272,2,2.8810174548757973e-164,1.3911843633477043e-163,0.2070909888566461
4.06811704947272,0,1.7468834446299243e-22,,
4.074252972624263,1,1.2892599853132382e-22,1.6211473990067666e-22,0.7952762260255503
4.074252972624263,2,5.265941985827203e-164,2.5543263580074396e-163,0.2061577593371828
4.074252972624263,0,1.2892599853132382e-22,,
4.080388895775806,1,9.425884444277143e-23,1.1834441622983962e-22,0.7964790181541729
4.080388895775806,2,9.654217209926625e-164,4.703450465073819e-163,0.20525818825169884
4.080388895775806,0,9.425884444277143e-23,,
4.086524818927348,1,6.826221614058569e-23,8.557585206864977e-23,0.79768082339192
4.086524818927348,2,1.7756460317430866e-163,8.687427579910401e-163,0.2043926139711659
4.086524818927348,0,6.826221614058569e-23,,
4.092660742078891,1,4.896507727581973e-23,6.129197813388475e-23,0.7988823132590299
4.092660742078891,2,3.2770350402495114e-163,1.609851080637086e-162,0.2035613777985384
4.092660742078891,0,4.896507727581973e-23,,
4.0987966652304335,1,3.478650968018801e-23,4.347856244414456e-23,0.8000841730882217
4.0987966652304335,2,6.069846681249332e-163,2.9935402622031607e-162,0.20276482524347603
4.0987966652304335,0,3.478650968018801e-23,,
4.104932588381976,1,2.4475048825700257e-23,3.054466838955533e-23,0.8012871023366368
4.104932588381976,2,1.1285803912419183e-162,5.586940165415138e-162,0.20200330732521085
4.104932588381976,0,2.4475048825700257e-23,,
4.111068511533518,1,1.7052727743434992e-23,2.12497217112063e-23,0.8024918149606649
4.111068511533518,2,2.1068386872191636e-162,1.046734988674251e-161,0.20127718190519203
4.111068511533518,0,1.7052727743434992e-23,,
4.117204434685061,1,1.1764955517257991e-23,1.463850886194247e-23,0.8036990398554044
4.117204434685061,2,3.949659526140356e-162,1.969052415098652e-161,0.20058681505146594
4.117204434685061,0,1.1764955517257991e-23,,
4.123340357836604,1,8.036753402549173e-24,9.984666834308636e-24,0.8049095213606753
4.123340357836604,2,7.437089228953087e-162,3.719798513228039e-161,0.19993258243708437
4.123340357836604,0,8.036753402549173e-24,,
4.129476280988146,1,5.435404487441219e-24,6.742640528871837e-24,0.8061240198356916
4.129476280988146,2,1.4068457761808253e-161,7.0584084905921465e-161,0.1993148707751826
4.129476280988146,0,5.435404487441219e-24,,
4.135612204139688,1,3.6392343968202794e-24,4.507666492500409e-24,0.80734331230472
4.135612204139688,2,2.6740853835533803e-161,1.345559550257611e-160,0.19873407929373466
4.135612204139688,0,3.6392343968202794e-24,,
4.1417481272912315,1,2.4120163010014877e-24,2.9830709658839744e-24,0.8085681931763008
4.1417481272912315,2,5.108276693693737e-161,2.5774563202781832e-160,0.19819062125337605
4.1417481272912315,0,2.4120163010014877e-24,,
4.147884050442774,1,1.5823647852737307e-24,1.9540205125444874e-24,0.8097994750388808
4.147884050442774,2,9.809097244531433e-161,4.961985451911272e-160,0.19768492551208786
4.147884050442774,0,1.5823647852737307e-24,,
4.154019973594316,1,1.0274298706456102e-24,1.2668085637189276e-24,0.8110379895360185
4.154019973594316,2,1.893757547331795e-160,9.602383872252795e-160,0.19721743814096285
4.154019973594316,0,1.0274298706456102e-24,,
4.160155896745859,1,6.602051316379782e-25,8.12775646771349e-25,0.8122845883246645
4.160155896745859,2,3.676595283491494e-160,1.8682966560622925e-159,0.1967886240957287
4.160155896745859,0,6.602051316379782e-25,,
4.166291819897402,1,4.1980486435149e-25,5.1602230988291745e-25,0.8135401441203993
4.166291819897402,2,7.179249394594723e-160,3.655441488825834e-159,0.19639896894918632
4.166291819897402,0,4.1980486435149e-25,,
4.172427743048944,1,2.641297876730502e-25,3.24162970022183e-25,0.814805551833929
4.172427743048944,2,1.410295108183422e-159,7.193585517344286e-159,0.19604898069024024
4.172427743048944,0,2.641297876730502e-25,,
4.178563666200486,1,1.6441703301475753e-25,2.0147128285095412e-25,0.8160817298036026
4.178563666200486,2,2.7875655426881196e-159,1.4241223333777032e-158,0.195739191595755
4.178563666200486,0,1.6441703301475753e-25,,
4.18469958935203,1,1.0124941408704725e-25,1.238722500441941e-25,0.8173696211292225
4.18469958935203,2,5.545122872910336e-159,2.8368129783826195e-158,0.19547016018207278
4.18469958935203,0,1.0124941408704725e-25,,
4.190835512503572,1,6.167509685171248e-26,7.533570566008081e-26,0.8186701951129812
4.190835512503572,2,1.1103392648408715e-158,5.686976027265748e-158,0.19524247324367808
4.190835512503572,0,6.167509685171248e-26,,
4.196971435655114,1,3.715802010868734e-26,4.53155180716326e-26,0.819984448813974
4.196971435655114,2,2.238446684079278e-158,1.1475874109344455e-157,0.19505674798720377
4.196971435655114,0,3.715802010868734e-26,,
4.2031073588066565,1,2.2139758809491648e-26,2.6956529108545646e-26,0.8213134087234174
4.2031073588066565,2,4.544364777811942e-158,2.331476089313975e-157,0.19491363426974273
4.2031073588066565,0,2.2139758809491648e-26,,
4.2092432819582,1,1.304431595841468e-26,1.5856302201363464e-26,0.8226581325684507
4.2092432819582,2,9.292330950292022e-158,4.769852105826897e-157,0.19481381695127237
4.2092432819582,0,1.304431595841468e-26,,
4.215379205109742,1,7.598827505309628e-27,9.221657445248241e-27,0.8240197112532271
4.215379205109742,2,1.9142198773275593e-157,9.828708945230849e-157,0.19475801837192358
4.215379205109742,0,7.598827505309628e-27,,
4.221515128261284,1,4.3761844201615795e-27,5.301900030928263e-27,0.8253992709469085
4.221515128261284,2,3.973436655905059e-157,2.0403069809542444e-156,0.1947470009658398
4.221515128261284,0,4.3761844201615795e-27,,
4.227651051412828,1,2.491227362674246e-27,3.01310288245732e-27,0.8267979753291859
4.227651051412828,2,8.312676442695826e-157,4.267691466728928e-156,0.19478157002449079
4.227651051412828,0,2.491227362674246e-27,,
4.23378697456437,1,1.4016603102377947e-27,1.692382869275208e-27,0.8282170280050635
4.23378697456437,2,1.753111784101608e-156,8.996657103064444e-156,0.19486257662353973
4.23378697456437,0,1.4016603102377947e-27,,
4.239922897715912,1,7.793358698336125e-28,9.393463029651555e-28,0.829657675101875
4.239922897715912,2,3.7279312278232554e-156,1.9118486203824564e-155,0.19499092072872903
4.239922897715912,0,7.793358698336125e-28,,
4.246058820867455,1,4.2815165732295395e-28,5.151494790042316e-28,0.8311212080628679
4.246058820867455,2,7.994892089268234e-156,4.096424792451791e-155,0.19516755449776324
4.246058820867455,0,4.2815165732295395e-28,,
4.252194744018998,1,2.3237956445794256e-28,2.790980805695916e-28,0.8326089666532119
4.252194744018998,2,1.7295862969453575e-155,8.851811460815995e-155,0.1953934857968515
4.252194744018998,0,2.3237956445794256e-28,,
4.25833066717054,1,1.2458317730236444e-28,1.493583986425501e-28,0.8341223421959777
4.25833066717054,2,3.7753480648474676e-155,1.9294487003440537e-154,0.19566978195244364
4.25833066717054,0,1.2458317730236444e-28,,
4.264466590322082,1,6.596496020374033e-29,7.893729587940191e-29,0.8356627810575076
4.264466590322082,2,8.316852032631151e-155,4.243344380773813e-154,0.195997573760782
4.264466590322082,0,6.596496020374033e-29,,
4.270602513473625,1,3.448960537237733e-29,4.119481110259367e-29,0.8372317884037058
4.270602513473625,2,1.849491176019848e-154,9.418013285647606e-154,0.19637805978022388
4.270602513473625,0,3.448960537237733e-29,,
4.276738436625168,1,1.7803686449976067e-29,2.122440382854919e-29,0.8388309322511157
4.276738436625168,2,4.152820098673502e-154,2.110038675370719e-153,0.19681251093389937
4.276738436625168,0,1.7803686449976067e-29,,
4.28287435977671,1,9.07196283321297e-30,1.0794020997545417e-29,0.8404618478392764
4.28287435977671,2,9.417597144612894e-154,4.7731822266018236e-153,0.19730227545319537
4.28287435977671,0,9.07196283321297e-30,,
4.289010282928253,1,4.562279888322801e-30,5.417572400511994e-30,0.8421262423537962
4.289010282928253,2,2.1575173208296338e-153,1.0904880359001863e-152,0.19784878419584181
4.289010282928253,0,4.562279888322801e-30,,
4.295146206079796,1,2.2639581570733455e-30,2.6829683196321953e-30,0.8438259000328817
4.295146206079796,2,4.994584637390627e-153,2.5167523971834547e-152,0.19845355637607262
4.295146206079796,0,2.2639581570733455e-30,,
4.301282129231338,1,1.108341835907919e-30,1.310774295080183e-30,0.8455626876937797
4.301282129231338,2,1.1686700728632053e-152,5.869227620197243e-152,0.1991182057484986
4.301282129231338,0,1.108341835907919e-30,,
4.3074180523828804,1,5.351892405906333e-31,6.316120443474356e-31,0.847338560719779
4.3074180523828804,2,2.7647223545218804e-152,1.3834371642469524e-151,0.19984444729203182
4.3074180523828804,0,5.351892405906333e-31,,
4.313553975534423,1,2.548443511492052e-31,3.001150322588259e-31,0.8491555695531496
4.313553975534423,2,6.614560974364764e-152,3.296827821294434e-151,0.2006341044455178
4.313553975534423,0,2.548443511492052e-31,,
4.319689898685966,1,1.1964053067591304e-31,1.4058554646408004e-31,0.8510158667447474
4.319689898685966,2,1.6009093300206506e-151,7.945388585905662e-151,0.20148911695275754
4.319689898685966,0,1.1964053067591304e-31,,
4.325825821837508,1,5.536238939222021e-32,6.490910999619165e-32,0.8529217146170766
4.325825821837508,2,3.920835982510265e-151,1.9370613952080052e-150,0.20241154938144013
4.325825821837508,0,5.536238939222021e-32,,
4.331961744989051,1,2.52451272793175e-32,2.953076496891276e-32,0.8548754936044908
4.331961744989051,2,9.720101824608663e-151,4.7787265348565935e-150,0.20340360038828537
4.331961744989051,0,2.52451272793175e-32,,
4.338097668140594,1,1.134109386948625e-32,1.3235339475740159e-32,0.8568797113420488
4.338097668140594,2,2.4399523681565376e-150,1.1933197314751464e-149,0.20446761281155898
4.338097668140594,0,1.134109386948625e-32,,
4.344233591292136,1,5.0179973778842535e-33,5.8421016958989013e-33,0.8589370125834747
4.344233591292136,2,6.203731316923068e-150,3.017289749236076e-149,0.20560608468224642
4.344233591292136,0,5.0179973778842535e-33,,
4.3503695144436785,1,2.1861616197694674e-33,2.538947955717592e-33,0.8610501900388835
4.3503695144436785,2,1.5982077408247433e-149,7.72746711618068e-149,0.2068216812567507
4.3503695144436785,0,2.1861616197694674e-33,,
4.356505437595221,1,9.375256886376086e-34,1.0860769020156106e-33,0.8632221962346209
4.356505437595221,2,4.173253445336492e-149,2.005241507701182e-148,0.2081172481872634
4.356505437595221,0,9.375256886376086e-34,,
4.362641360746764,1,3.956398589189768e-34,4.571460448256184e-34,0.865456156510982
4.362641360746764,2,1.1049324647986162e-148,5.274245726514651e-148,0.20949582596121896
4.362641360746764,0,3.956398589189768e-34,,
4.368777283898306,1,1.642455168218382e-34,1.8927628682556576e-34,0.8677553832890036
4.368777283898306,2,2.9674279952544677e-148,1.406626199524268e-147,0.21096066575882597
4.368777283898306,0,1.642455168218382e-34,,
4.374913207049849,1,6.705292404876987e-35,7.706139690544641e-35,0.870123391755319
4.374913207049849,2,8.086832619791503e-148,3.805295261320302e-147,0.21251524689796764
4.374913207049849,0,6.705292404876987e-35,,
4.381049130201391,1,2.691037308964718e-35,3.0840575184471417e-35,0.8725639171346214
4.381049130201391,2,2.2372142943056895e-147,1.0446301189194644e-146,0.21416329605925974
4.381049130201391,0,2.691037308964718e-35,,
4.387185053352934,1,1.0613024289770192e-35,1.2128048824436787e-35,0.8750809337431118
4.387185053352934,2,6.285673958024414e-147,2.9112633251806225e-146,0.21590880851131647
4.387185053352934,0,1.0613024289770192e-35,,
4.3933209765044765,1,4.1115705445052745e-36,4.68459660320975e-36,0.8776786760439832
4.3933209765044765,2,1.7943338199065848e-146,8.240109250783956e-146,0.21775607158799182
4.3933209765044765,0,4.1115705445052745e-36,,
4.399456899656019,1,1.5640431323659875e-36,1.7765915986016583e-36,0.8803616619582316
4.399456899656019,2,5.206693943013954e-146,2.3698062321577826e-145,0.21970969070636193
4.399456899656019,0,1.5640431323659875e-36,,
4.405592822807562,1,5.839508553839338e-37,6.612251143621098e-37,0.8831347187217424
4.405592822807562,2,1.5365173264670406e-145,6.928283040411059e-145,0.22177461825749517
4.405592822807562,0,5.839508553839338e-37,,
4.411728745959104,1,2.1389222472944377e-37,2.4141252560469215e-37,0.8860030116237121
4.411728745959104,2,4.613688203379293e-145,2.060085184908061e-144,0.22395618575283313
4.411728745959104,0,2.1389222472944377e-37,,
4.417864669110647,1,7.682436775201903e-38,8.641932612388376e-38,0.8889720760132962
4.417864669110647,2,1.4103387920736412e-144,6.233262271199646e-144,0.22626013966875952
4.417864669110647,0,7.682436775201903e-38,,
4.424000592262189,1,2.704402637004054e-38,3.0316788811731786e-38,0.8920478530224555
4.424000592262189,2,4.391402609878953e-144,1.9202200004951003e-143,0.2286926815024682
4.424000592262189,0,2.704402637004054e-38,,
4.430136515413732,1,9.325737485001332e-39,1.0417063082239003e-38,0.8952367295251988
4.430136515413732,2,1.3936053019600085e-143,6.026127357742463e-143,0.23126051263577804
4.430136515413732,0,9.325737485001332e-39,,
4.4362724385652745,1,3.1484207938571113e-39,3.5039077077857025e-39,0.8985455829391005
4.4362724385652745,2,4.510224146211118e-143,1.927686067409622e-142,0.233970884702811
4.4362724385652745,0,3.1484207938571113e-39,,
4.442408361716817,1,1.0400267932767729e-39,1.153046277504785e-39,0.9019818315769697
4.442408361716817,2,1.4895576882206129e-142,6.289521053240307e-142,0.23683165627583133
4.442408361716817,0,1.0400267932767729e-39,,
4.448544284868359,1,3.3594479267616663e-40,3.709828252826862e-40,0.9055534913784193
4.448544284868359,2,5.023560314041638e-142,2.0944473195963068e-141,0.2398513568252412
4.448544284868359,0,3.3594479267616663e-40,,
4.454680208019902,1,1.0604158389663553e-40,1.1662286507894857e-40,0.909269239997234
4.454680208019902,2,1.7312974345717056e-141,7.123529923212772e-141,0.24303925907998095
4.454680208019902,0,1.0604158389663553e-40,,
4.460816131171445,1,3.268625295616413e-41,3.5795504554593767e-41,0.9131384893964117
4.460816131171445,2,6.101914074158474e-141,2.476371281068113e-140,0.2464054611199733
4.460816131171445,0,3.268625295616413e-41,,
4.466952054322987,1,9.831309875770649e-42,1.0719162354479864e-41,0.9171714683155111
4.466952054322987,2,2.2011157160059735e-140,8.8058372868193e-140,0.24996097978106338
4.466952054322987,0,9.831309875770649e-42,,
4.47308797747453,1,2.88317420874055e-42,3.1291935448773173e-42,0.9213793162332462
4.47308797747453,2,8.133385389824513e-140,3.2056810970262825e-139,0.25371785725565044
4.47308797747453,0,2.88317420874055e-42,,
4.479223900626073,1,8.237149421414006e-43,8.897579456845854e-43,0.9257741907633419
4.479223900626073,2,3.0813715382312014e-139,1.1957701541395202e-138,0.25768928314225786
4.479223900626073,0,8.237149421414006e-43,,
4.485359823777615,1,2.2905413258677966e-43,2.461969781571574e-43,0.9303693908077345
4.485359823777615,2,1.1980613087399864e-138,4.5746783864321356e-138,0.26188973465178905
4.485359823777615,0,2.2905413258677966e-43,,
4.491495746929157,1,6.193496483782196e-44,6.622788988917976e-44,0.9351794982666484
4.491495746929157,2,4.785444452112068e-138,1.7967754775988809e-137,0.26633513823925803
4.491495746929157,0,6.193496483782196e-44,,
4.4976316700807,1,1.6267539916218132e-44,1.7301834191918138e-44,0.9402205416936006
4.4976316700807,2,1.9658509300908966e-137,7.252910126391495e-137,0.27104305662601075
4.4976316700807,0,1.6267539916218132e-44,,
4.503767593232243,1,4.145862502971641e-45,4.384788830717106e-45,0.9455101860158702
4.503767593232243,2,8.315239553903372e-137,3.0124088004601632e-136,0.27603290604625674
4.503767593232243,0,4.145862502971641e-45,,
4.509903516383785,1,1.0239940920933066e-45,1.0766781579360289e-45,0.9510679533578386
4.509903516383785,2,3.6261293222170686e-136,1.2889411643615387e-135,0.2813262096422553
4.509903516383785,0,1.0239940920933066e-45,,
4.516039439535327,1,2.448002393342161e-46,2.5582221643823627e-46,0.9569154811592321
4.516039439535327,2,1.6324745120051407e-135,5.689117200350985e-135,0.2869468943097932
4.516039439535327,0,2.448002393342161e-46,,
4.522175362686871,1,5.656601853924588e-47,5.873468975326982e-47,0.9630768252435827
4.522175362686871,2,7.598378679921199e-135,2.5939970425935743e-134,0.29292164004643806
4.522175362686871,0,5.656601853924588e-47,,
4.528311285838413,1,1.2614685121184205e-47,1.3010479287844425e-47,0.9695788173591724
4.528311285838413,2,3.662314902621253e-134,1.2237073362678267e-133,0.2992802930961346
4.528311285838413,0,1.2614685121184205e-47,,
4.534447208989955,1,2.710603502828222e-48,2.775973546098709e-48,0.9764514891136636
4.534447208989955,2,1.8310399264157777e-133,5.982688756820396e-133,0.30605635707328954
4.534447208989955,0,2.710603502828222e-48,,
4.5405831321414984,1,5.60213108228989e-49,5.694793473925932e-49,0.9837285773293967
4.5405831321414984,2,9.513934101461978e-133,3.0368053854342857e-132,0.31328758000412377
4.5405831321414984,0,5.60213108228989e-49,,
4.546719055293041,1,1.1114660727391424e-49,1.1210531738578195e-49,0.991448129899418
4.546719055293041,2,5.14789508203191e-132,1.6036224038202319e-131,0.3210166601419592
4.546719055293041,0,1.1114660727391424e-49,,
4.552854978444583,1,2.1123816568058242e-50,2.1131144076296876e-50,0.9996532365586938
4.552854978444583,2,2.9072189125342723e-131,8.828693167236787e-131,0.32929209991382863
4.552854978444583,0,2.1123816568058242e-50,,
4.558990901596125,1,3.836787466736333e-51,3.804853649400738e-51,1.0083929160693539
4.558990901596125,2,1.717796233472021e-130,5.0796938327516405e-130,0.33816924602747184
4.558990901596125,0,3.836787466736333e-51,,
4.565126824747669,1,6.642985765370791e-52,6.527301097222645e-52,1.0177232008183856
4.565126824747669,2,1.0648512036285382e-129,3.062455521854504e-129,0.34771156545114673
4.565126824747669,0,6.642985765370791e-52,,
4.571262747899211,1,1.0932497854676742e-52,1.06377422636176e-52,1.0277084726960573
4.571262747899211,2,6.945988003751861e-129,1.9402622626014035e-128,0.3579922228884171
4.571262747899211,0,1.0932497854676742e-52,,
4.577398671050753,1,1.704733072456215e-53,1.6416555417017294e-53,1.0384231217525084
4.577398671050753,2,4.783641116549552e-128,1.2960423585530636e-127,0.3690960472842984
4.577398671050753,0,1.704733072456215e-53,,
4.583534594202296,1,2.5097568718912083e-54,2.390350216962936e-54,1.049953623565665
4.583534594202296,2,3.4912904819292346e-127,9.160558645086454e-127,0.3811220054578107
4.583534594202296,0,2.5097568718912083e-54,,
4.589670517353839,1,3.474651044534335e-55,3.270564036618431e-55,1.0624011655576444
4.589670517353839,2,2.7116984076216757e-126,6.8792297042868e-126,0.39418634413848364
4.589670517353839,0,3.474651044534335e-55,,
4.595806440505381,1,4.50333908637347e-56,4.185706725952393e-56,1.0758850013192944
4.595806440505381,2,2.2521064232031464e-125,5.514102884427108e-125,0.4084266235879512
4.595806440505381,0,4.50333908637347e-56,,
4.601942363656923,1,5.435902129840063e-57,4.984565739813757e-57,1.090546782525366
4.601942363656923,2,2.010842090836184e-124,4.742474296249577e-124,0.42400695612127814
4.601942363656923,0,5.435902129840063e-57,,
4.608078286808467,1,6.075285194485938e-58,5.490263464460472e-58,1.1065562215388065
4.608078286808467,2,1.942235063476857e-123,4.402914185238744e-123,0.4411248963217168
4.608078286808467,0,6.075285194485938e-58,,
4.614214209960009,1,6.244086363122486e-59,5.554650910723572e-59,1.1241185924155774
4.614214209960009,2,2.0439591271927802e-122,4.4431901288945615e-122,0.46002063110031816
4.614214209960009,0,6.244086363122486e-59,,
4.620350133111551,1,5.855189928530187e-60,5.12047896053507e-60,1.143484813365651
4.620350133111551,2,2.3632873486210643e-121,4.9133873063208974e-121,0.4809894277173671
4.620350133111551,0,5.855189928530187e-60,,
4.626486056263094,1,4.9629443997572514e-61,4.260165296832067e-61,1.1649652194124447
4.626486056263094,2,3.03183109566057e-120,6.010781907550272e-120,0.5043987857639989
4.626486056263094,0,4.9629443997572514e-61,,
4.632621979414637,1,3.7605758304894823e-62,3.1629420030642662e-62,1.188948715103289
4.632621979414637,2,4.3663780720728046e-119,8.227388383728207e-119,0.5307125260682295
4.632621979414637,0,3.7605758304894823e-62,,
4.638757902566179,1,2.5135721639355906e-63,2.0672014680110334e-63,1.2159299433712354
4.638757902566179,2,7.159708437052109e-118,1.277321068421609e-117,0.5605253537311015
4.638757902566179,0,2.5135721639355906e-63,,
4.6448938257177215,1,1.4580319420078928e-64,1.169655028498507e-64,1.2465486887014685
4.6448938257177215,2,1.3599633427065203e-116,2.2871377409706727e-116,0.5946136598355222
4.6448938257177215,0,1.4580319420078928e-64,,
4.651029748869264,1,7.19240489747369e-66,5.611839094362898e-66,1.281648453659064
4.651029748869264,2,3.057391310310657e-115,4.822290528934801e-115,0.6340122586902714
4.651029748869264,0,7.19240489747369e-66,,
4.657165672020807,1,2.9406387407404553e-67,2.223770736014911e-67,1.3223659674603874
4.657165672020807,2,8.360195226888541e-114,1.229198323126343e-113,0.6801339596384431
4.657165672020807,0,2.9406387407404553e-67,,
4.663301595172349,1,9.637440259727096e-69,7.033230659395676e-69,1.370272173123238
4.663301595172349,2,2.880875808163684e-112,3.9197583546363775e-112,0.7349626042013839
4.663301595172349,0,9.637440259727096e-69,,
4.669437518323892,1,2.4213043449570455e-70,1.6960644102006117e-70,1.4276016467267607
4.669437518323892,2,1.3117900772050853e-110,1.6369189782786205e-110,0.8013775236356293
4.669437518323892,0,2.4213043449570455e-70,,
4.675573441475435,1,4.3842246636199114e-72,2.92742580060107e-72,1.4976381853025025
4.675573441475435,2,8.4278028425828745e-109,9.536690308597606e-109,0.8837240772078929
4.675573441475435,0,4.3842246636199114e-72,,
4.681709364626977,1,5.2335688203470885e-74,3.3011475208246514e-74,1.585378656158845
4.681709364626977,2,8.397244320436545e-107,8.491789704194523e-107,0.9888662594045072
4.681709364626977,0,5.2335688203470885e-74,,
4.6878452877785195,1,3.5968993949402767e-76,2.1174909204256188e-76,1.6986610711026306
4.6878452877785195,2,1.4975916004097726e-104,1.3274030763452816e-104,1.1282116390245744
4.6878452877785195,0,3.5968993949402767e-76,,
4.693981210930062,1,1.1431479086669138e-78,6.180043491723388e-79,1.8497408799758002
4.693981210930062,2,6.018609494022268e-102,4.554057179452501e-102,1.3215928691404437
4.693981210930062,0,1.1431479086669138e-78,,
4.700117134081605,1,1.1534532076033237e-81,5.614878834216496e-82,2.054279783517853
4.700117134081605,2,8.034505517949296e-99,5.0128133826766734e-99,1.6027936618815721
4.700117134081605,0,1.1534532076033237e-81,,
4.706253057233147,1,1.9832021061848285e-85,8.627292055898977e-86,2.298753877039318
4.706253057233147,2,6.532289763978482e-95,3.259986589078111e-95,2.003778109352819
4.706253057233147,0,1.9832021068380575e-85,,
4.71238898038469,1,3.96132976531361e-90,1.676569949682061e-90,2.3627584199900658
4.71238898038469,2,3.96132976531361e-90,1.676569949682061e-90,2.3627584199900658
4.71238898038469,0,7.92265953062722e-90,,
4.718524903536232,1,6.532289763978482e-95,3.259986589078111e-95,2.003778109352819
4.718524903536232,2,1.9832021061848285e-85,8.627292055898977e-86,2.298753877039318
4.718524903536232,0,1.9832021068380575e-85,,
4.724660826687775,1,8.034505517949296e-99,5.0128133826766734e-99,1.6027936618815721
4.724660826687775,2,1.1534532076033237e-81,5.614878834216496e-82,2.054279783517853
4.724660826687775,0,1.1534532076033237e-81,,
4.7307967498393175,1,6.018609494022268e-102,4.554057179452501e-102,1.3215928691404437
4.7307967498393175,2,1.1431479086669138e-78,6.180043491723388e-79,1.8497408799758002
4.7307967498393175,0,1.1431479086669138e-78,,
4.73693267299086,1,1.4975916004097726e-104,1.3274030763452816e-104,1.1282116390245744
4.73693267299086,2,3.5968993949402767e-76,2.1174909204256188e-76,1.6986610711026306
4.73693267299086,0,3.5968993949402767e-76,,
4.743068596142403,1,8.397244320436545e-107,8.491789704194523e-107,0.9888662594045072
4.743068596142403,2,5.2335688203470885e-74,3.3011475208246514e-74,1.585378656158845
4.743068596142403,0,5.2335688203470885e-74,,
4.749204519293945,1,8.4278028425828745e-109,9.536690308597606e-109,0.8837240772078929
4.749204519293945,2,4.3842246636199114e-72,2.92742580060107e-72,1.4976381853025025
4.749204519293945,0,4.3842246636199114e-72,,
4.755340442445488,1,1.3117900772050853e-110,1.6369189782786205e-110,0.8013775236356293
4.755340442445488,2,2.4213043449570455e-70,1.6960644102006117e-70,1.4276016467267607
4.755340442445488,0,2.4213043449570455e-70,,
4.76147636559703,1,2.880875808163684e-112,3.9197583546363775e-112,0.7349626042013839
4.76147636559703,2,9.637440259727096e-69,7.033230659395676e-69,1.370272173123238
4.76147636559703,0,9.637440259727096e-69,,
4.767612288748573,1,8.360195226888541e-114,1.229198323126343e-113,0.6801339596384431
4.767612288748573,2,2.9406387407404553e-67,2.223770736014911e-67,1.3223659674603874
4.767612288748573,0,2.9406387407404553e-67,,
4.773748211900116,1,3.057391310310657e-115,4.822290528934801e-115,0.6340122586902714
4.773748211900116,2,7.19240489747369e-66,5.611839094362898e-66,1.281648453659064
4.773748211900116,0,7.19240489747369e-66,,
4.779884135051658,1,1.3599633427065203e-116,2.2871377409706727e-116,0.5946136598355222
4.779884135051658,2,1.4580319420078928e-64,1.169655028498507e-64,1.2465486887014685
4.779884135051658,0,1.4580319420078928e-64,,
4.7860200582032,1,7.159708437052109e-118,1.277321068421609e-117,0.5605253537311015
4.7860200582032,2,2.5135721639355906e-63,2.0672014680110334e-63,1.2159299433712354
4.7860200582032,0,2.5135721639355906e-63,,
4.792155981354743,1,4.3663780720728046e-119,8.227388383728207e-119,0.5307125260682295
4.792155981354743,2,3.7605758304894823e-62,3.1629420030642662e-62,1.188948715103289
4.792155981354743,0,3.7605758304894823e-62,,
4.798291904506286,1,3.03183109566057e-120,6.010781907550272e-120,0.5043987857639989
4.798291904506286,2,4.9629443997572514e-61,4.260165296832067e-61,1.1649652194124447
4.798291904506286,0,4.9629443997572514e-61,,
4.804427827657828,1,2.3632873486210643e-121,4.9133873063208974e-121,0.4809894277173671
4.804427827657828,2,5.855189928530187e-60,5.12047896053507e-60,1.143484813365651
4.804427827657828,0,5.855189928530187e-60,,
4.810563750809371,1,2.0439591271927802e-122,4.4431901288945615e-122,0.46002063110031816
4.810563750809371,2,6.244086363122486e-59,5.554650910723572e-59,1.1241185924155774
4.810563750809371,0,6.244086363122486e-59,,
4.816699673960914,1,1.942235063476857e-123,4.402914185238744e-123,0.4411248963217168
4.816699673960914,2,6.075285194485938e-58,5.490263464460472e-58,1.1065562215388065
4.816699673960914,0,6.075285194485938e-58,,
4.822835597112456,1,2.010842090836184e-124,4.742474296249577e-124,0.42400695612127814
4.822835597112456,2,5.435902129840063e-57,4.984565739813757e-57,1.090546782525366
4.822835597112456,0,5.435902129840063e-57,,
4.828971520263998,1,2.2521064232031464e-125,5.514102884427108e-125,0.4084266235879512
4.828971520263998,2,4.50333908637347e-56,4.185706725952393e-56,1.0758850013192944
4.828971520263998,0,4.50333908637347e-56,,
4.835107443415541,1,2.7116984076216757e-126,6.8792297042868e-126,0.39418634413848364
4.835107443415541,2,3.474651044534335e-55,3.270564036618431e-55,1.0624011655576444
4.835107443415541,0,3.474651044534335e-55,,
4.841243366567084,1,3.4912904819292346e-127,9.160558645086454e-127,0.3811220054578107
4.841243366567084,2,2.5097568718912083e-54,2.390350216962936e-54,1.049953623565665
4.841243366567084,0,2.5097568718912083e-54,,
4.847379289718626,1,4.783641116549552e-128,1.2960423585530636e-127,0.3690960472842984
4.847379289718626,2,1.704733072456215e-53,1.6416555417017294e-53,1.0384231217525084
4.847379289718626,0,1.704733072456215e-53,,
4.853515212870169,1,6.945988003751861e-129,1.9402622626014035e-128,0.3579922228884171
4.853515212870169,2,1.0932497854676742e-52,1.06377422636176e-52,1.0277084726960573
4.853515212870169,0,1.0932497854676742e-52,,
4.859651136021712,1,1.0648512036285382e-129,3.062455521854504e-129,0.34771156545114673
4.859651136021712,2,6.642985765370791e-52,6.527301097222645e-52,1.0177232008183856
4.859651136021712,0,6.642985765370791e-52,,
4.865787059173254,1,1.717796233472021e-130,5.0796938327516405e-130,0.33816924602747184
4.865787059173254,2,3.836787466736333e-51,3.804853649400738e-51,1.0083929160693539
4.865787059173254,0,3.836787466736333e-51,,
4.871922982324796,1,2.9072189125342723e-131,8.828693167236787e-131,0.32929209991382863
4.871922982324796,2,2.1123816568058242e-50,2.1131144076296876e-50,0.9996532365586938
4.871922982324796,0,2.1123816568058242e-50,,
4.8780589054763395,1,5.14789508203191e-132,1.6036224038202319e-131,0.3210166601419592
4.8780589054763395,2,1.1114660727391424e-49,1.1210531738578195e-49,0.991448129899418
4.8780589054763395,0,1.1114660727391424e-49,,
4.884194828627882,1,9.513934101461978e-133,3.0368053854342857e-132,0.31328758000412377
4.884194828627882,2,5.60213108228989e-49,5.694793473925932e-49,0.9837285773293967
4.884194828627882,0,5.60213108228989e-49,,
4.890330751779424,1,1.8310399264157777e-133,5.982688756820396e-133,0.30605635707328954
4.890330751779424,2,2.710603502828222e-48,2.775973546098709e-48,0.9764514891136636
4.890330751779424,0,2.710603502828222e-48,,
4.896466674930966,1,3.662314902621253e-134,1.2237073362678267e-133,0.2992802930961346
4.896466674930966,2,1.2614685121184205e-47,1.3010479287844425e-47,0.9695788173591724
4.896466674930966,0,1.2614685121184205e-47,,
4.90260259808251,1,7.598378679921199e-135,2.5939970425935743e-134,0.29292164004643806
4.90260259808251,2,5.656601853924588e-47,5.873468975326982e-47,0.9630768252435827
4.90260259808251,0,5.656601853924588e-47,,
4.908738521234052,1,1.6324745120051407e-135,5.689117200350985e-135,0.2869468943097932
4.908738521234052,2,2.448002393342161e-46,2.5582221643823627e-46,0.9569154811592321
4.908738521234052,0,2.448002393342161e-46,,
4.914874444385594,1,3.6261293222170686e-136,1.2889411643615387e-135,0.2813262096422553
4.914874444385594,2,1.0239940920933066e-45,1.0766781579360289e-45,0.9510679533578386
4.914874444385594,0,1.0239940920933066e-45,,
4.9210103675371375,1,8.315239553903372e-137,3.0124088004601632e-136,0.27603290604625674
4.9210103675371375,2,4.145862502971641e-45,4.384788830717106e-45,0.9455101860158702
4.9210103675371375,0,4.145862502971641e-45,,
4.92714629068868,1,1.9658509300908966e-137,7.252910126391495e-137,0.27104305662601075
4.92714629068868,2,1.6267539916218132e-44,1.7301834191918138e-44,0.9402205416936006
4.92714629068868,0,1.6267539916218132e-44,,
4.933282213840222,1,4.785444452112068e-138,1.7967754775988809e-137,0.26633513823925803
4.933282213840222,2,6.193496483782196e-44,6.622788988917976e-44,0.9351794982666484
4.933282213840222,0,6.193496483782196e-44,,
4.9394181369917645,1,1.1980613087399864e-138,4.5746783864321356e-138,0.26188973465178905
4.9394181369917645,2,2.2905413258677966e-43,2.461969781571574e-43,0.9303693908077345
4.9394181369917645,0,2.2905413258677966e-43,,
4.945554060143308,1,3.0813715382312014e-139,1.1957701541395202e-138,0.25768928314225786
4.945554060143308,2,8.237149421414006e-43,8.897579456845854e-43,0.9257741907633419
4.945554060143308,0,8.237149421414006e-43,,
4.95168998329485,1,8.133385389824513e-140,3.2056810970262825e-139,0.25371785725565044
4.95168998329485,2,2.88317420874055e-42,3.1291935448773173e-42,0.9213793162332462
4.95168998329485,0,2.88317420874055e-42,,
4.957825906446392,1,2.2011157160059735e-140,8.8058372868193e-140,0.24996097978106338
4.957825906446392,2,9.831309875770649e-42,1.0719162354479864e-41,0.9171714683155111
4.957825906446392,0,9.831309875770649e-42,,
4.963961829597935,1,6.101914074158474e-141,2.476371281068113e-140,0.2464054611199733
4.963961829597935,2,3.268625295616413e-41,3.5795504554593767e-41,0.9131384893964117
4.963961829597935,0,3.268625295616413e-41,,
4.970097752749478,1,1.7312974345717056e-141,7.123529923212772e-141,0.24303925907998095
4.970097752749478,2,1.0604158389663553e-40,1.1662286507894857e-40,0.909269239997234
4.970097752749478,0,1.0604158389663553e-40,,
4.97623367590102,1,5.023560314041638e-142,2.0944473195963068e-141,0.2398513568252412
4.97623367590102,2,3.3594479267616663e-40,3.709828252826862e-40,0.9055534913784193
4.97623367590102,0,3.3594479267616663e-40,,
4.9823695990525625,1,1.4895576882206129e-142,6.289521053240307e-142,0.23683165627583133
4.9823695990525625,2,1.0400267932767729e-39,1.153046277504785e-39,0.9019818315769697
4.9823695990525625,0,1.0400267932767729e-39,,
4.988505522204106,1,4.510224146211118e-143,1.927686067409622e-142,0.233970884702811
4.988505522204106,2,3.1484207938571113e-39,3.5039077077857025e-39,0.8985455829391005
4.988505522204106,0,3.1484207938571113e-39,,
4.994641445355648,1,1.3936053019600085e-143,6.026127357742463e-143,0.23126051263577804
4.994641445355648,2,9.325737485001332e-39,1.0417063082239003e-38,0.8952367295251988
4.994641445355648,0,9.325737485001332e-39,,
5.00077736850719,1,4.391402609878953e-144,1.9202200004951003e-143,0.2286926815024682
5.00077736850719,2,2.704402637004054e-38,3.0316788811731786e-38,0.8920478530224555
5.00077736850719,0,2.704402637004054e-38,,
5.006913291658733,1,1.4103387920736412e-144,6.233262271199646e-144,0.22626013966875952
5.006913291658733,2,7.682436775201903e-38,8.641932612388376e-38,0.8889720760132962
5.006913291658733,0,7.682436775201903e-38,,
5.013049214810276,1,4.613688203379293e-145,2.060085184908061e-144,0.22395618575283313
5.013049214810276,2,2.1389222472944377e-37,2.4141252560469215e-37,0.8860030116237121
5.013049214810276,0,2.1389222472944377e-37,,
5.019185137961818,1,1.5365173264670406e-145,6.928283040411059e-145,0.22177461825749517
5.019185137961818,2,5.839508553839338e-37,6.612251143621098e-37,0.8831347187217424
5.019185137961818,0,5.839508553839338e-37,,
5.0253210611133605,1,5.206693943013954e-146,2.3698062321577826e-145,0.21970969070636193
5.0253210611133605,2,1.5640431323659875e-36,1.7765915986016583e-36,0.8803616619582316
5.0253210611133605,0,1.5640431323659875e-36,,
5.031456984264903,1,1.7943338199065848e-146,8.240109250783956e-146,0.21775607158799182
5.031456984264903,2,4.1115705445052745e-36,4.68459660320975e-36,0.8776786760439832
5.031456984264903,0,4.1115705445052745e-36,,
5.037592907416446,1,6.285673958024414e-147,2.9112633251806225e-146,0.21590880851131647
5.037592907416446,2,1.0613024289770192e-35,1.2128048824436787e-35,0.8750809337431118
5.037592907416446,0,1.0613024289770192e-35,,
5.043728830567988,1,2.2372142943056895e-147,1.0446301189194644e-146,0.21416329605925974
5.043728830567988,2,2.691037308964718e-35,3.0840575184471417e-35,0.8725639171346214
5.043728830567988,0,2.691037308964718e-35,,
5.049864753719531,1,8.086832619791503e-148,3.805295261320302e-147,0.21251524689796764
5.049864753719531,2,6.705292404876987e-35,7.706139690544641e-35,0.870123391755319
5.049864753719531,0,6.705292404876987e-35,,
5.056000676871074,1,2.9674279952544677e-148,1.406626199524268e-147,0.21096066575882597
5.056000676871074,2,1.642455168218382e-34,1.8927628682556576e-34,0.8677553832890036
5.056000676871074,0,1.642455168218382e-34,,
5.062136600022616,1,1.1049324647986162e-148,5.274245726514651e-148,0.20949582596121896
5.062136600022616,2,3.956398589189768e-34,4.571460448256184e-34,0.865456156510982
5.062136600022616,0,3.956398589189768e-34,,
5.0682725231741586,1,4.173253445336492e-149,2.005241507701182e-148,0.2081172481872634
5.0682725231741586,2,9.375256886376086e-34,1.0860769020156106e-33,0.8632221962346209
5.0682725231741586,0,9.375256886376086e-34,,
5.074408446325701,1,1.5982077408247433e-149,7.72746711618068e-149,0.2068216812567507
5.074408446325701,2,2.1861616197694674e-33,2.538947955717592e-33,0.8610501900388835
5.074408446325701,0,2.1861616197694674e-33,,
5.080544369477244,1,6.203731316923068e-150,3.017289749236076e-149,0.20560608468224642
5.080544369477244,2,5.0179973778842535e-33,5.8421016958989013e-33,0.8589370125834747
5.080544369477244,0,5.0179973778842535e-33,,
5.086680292628786,1,2.4399523681565376e-150,1.1933197314751464e-149,0.20446761281155898
5.086680292628786,2,1.134109386948625e-32,1.3235339475740159e-32,0.8568797113420488
5.086680292628786,0,1.134109386948625e-32,,
5.092816215780329,1,9.720101824608663e-151,4.7787265348565935e-150,0.20340360038828537
5.092816215780329,2,2.52451272793175e-32,2.953076496891276e-32,0.8548754936044908
5.092816215780329,0,2.52451272793175e-32,,
5.098952138931871,1,3.920835982510265e-151,1.9370613952080052e-150,0.20241154938144013
5.098952138931871,2,5.536238939222021e-32,6.490910999619165e-32,0.8529217146170766
5.098952138931871,0,5.536238939222021e-32,,
5.105088062083414,1,1.6009093300206506e-151,7.945388585905662e-151,0.20148911695275754
5.105088062083414,2,1.1964053067591304e-31,1.4058554646408004e-31,0.8510158667447474
5.105088062083414,0,1.1964053067591304e-31,,
5.111223985234957,1,6.614560974364764e-152,3.296827821294434e-151,0.2006341044455178
5.111223985234957,2,2.548443511492052e-31,3.001150322588259e-31,0.8491555695531496
5.111223985234957,0,2.548443511492052e-31,,
5.117359908386499,1,2.7647223545218804e-152,1.3834371642469524e-151,0.19984444729203182
5.117359908386499,2,5.351892405906333e-31,6.316120443474356e-31,0.847338560719779
5.117359908386499,0,5.351892405906333e-31,,
5.123495831538042,1,1.1686700728632053e-152,5.869227620197243e-152,0.1991182057484986
5.123495831538042,2,1.108341835907919e-30,1.310774295080183e-30,0.8455626876937797
5.123495831538042,0,1.108341835907919e-30,,
5.129631754689584,1,4.994584637390627e-153,2.5167523971834547e-152,0.19845355637607262
5.129631754689584,2,2.2639581570733455e-30,2.6829683196321953e-30,0.8438259000328817
5.129631754689584,0,2.2639581570733455e-30,,
5.135767677841127,1,2.1575173208296338e-153,1.0904880359001863e-152,0.19784878419584181
5.135767677841127,2,4.562279888322801e-30,5.417572400511994e-30,0.8421262423537962
5.135767677841127,0,4.562279888322801e-30,,
5.141903600992669,1,9.417597144612894e-154,4.7731822266018236e-153,0.19730227545319537
5.141903600992669,2,9.07196283321297e-30,1.0794020997545417e-29,0.8404618478392764
5.141903600992669,0,9.07196283321297e-30,,
5.148039524144212,1,4.152820098673502e-154,2.110038675370719e-153,0.19681251093389937
5.148039524144212,2,1.7803686449976067e-29,2.122440382854919e-29,0.8388309322511157
5.148039524144212,0,1.7803686449976067e-29,,
5.154175447295755,1,1.849491176019848e-154,9.418013285647606e-154,0.19637805978022388
5.154175447295755,2,3.448960537237733e-29,4.119481110259367e-29,0.8372317884037058
5.154175447295755,0,3.448960537237733e-29,,
5.160311370447297,1,8.316852032631151e-155,4.243344380773813e-154,0.195997573760782
5.160311370447297,2,6.596496020374033e-29,7.893729587940191e-29,0.8356627810575076
5.160311370447297,0,6.596496020374033e-29,,
5.166447293598839,1,3.7753480648474676e-155,1.9294487003440537e-154,0.19566978195244364
5.166447293598839,2,1.2458317730236444e-28,1.493583986425501e-28,0.8341223421959777
5.166447293598839,0,1.2458317730236444e-28,,
5.1725832167503825,1,1.7295862969453575e-155,8.851811460815995e-155,0.1953934857968515
5.1725832167503825,2,2.3237956445794256e-28,2.790980805695916e-28,0.8326089666532119
5.1725832167503825,0,2.3237956445794256e-28,,
5.178719139901925,1,7.994892089268234e-156,4.096424792451791e-155,0.19516755449776324
5.178719139901925,2,4.2815165732295395e-28,5.151494790042316e-28,0.8311212080628679
5.178719139901925,0,4.2815165732295395e-28,,
5.184855063053467,1,3.7279312278232554e-156,1.9118486203824564e-155,0.19499092072872903
5.184855063053467,2,7.793358698336125e-28,9.393463029651555e-28,0.829657675101875
5.184855063053467,0,7.793358698336125e-28,,
5.19099098620501,1,1.753111784101608e-156,8.996657103064444e-156,0.19486257662353973
5.19099098620501,2,1.4016603102377947e-27,1.692382869275208e-27,0.8282170280050635
5.19099098620501,0,1.4016603102377947e-27,,
5.197126909356553,1,8.312676442695826e-157,4.267691466728928e-156,0.19478157002449079
5.197126909356553,2,2.491227362674246e-27,3.01310288245732e-27,0.8267979753291859
5.197126909356553,0,2.491227362674246e-27,,
5.203262832508095,1,3.973436655905059e-157,2.0403069809542444e-156,0.1947470009658398
5.203262832508095,2,4.3761844201615795e-27,5.301900030928263e-27,0.8253992709469085
5.203262832508095,0,4.3761844201615795e-27,,
5.209398755659637,1,1.9142198773275593e-157,9.828708945230849e-157,0.19475801837192358
5.209398755659637,2,7.598827505309628e-27,9.221657445248241e-27,0.8240197112532271
5.209398755659637,0,7.598827505309628e-27,,
5.2155346788111805,1,9.292330950292022e-158,4.769852105826897e-157,0.19481381695127237
5.2155346788111805,2,1.304431595841468e-26,1.5856302201363464e-26,0.8226581325684507
5.2155346788111805,0,1.304431595841468e-26,,
5.221670601962723,1,4.544364777811942e-158,2.331476089313975e-157,0.19491363426974273
5.221670601962723,2,2.2139758809491648e-26,2.6956529108545646e-26,0.8213134087234174
5.221670601962723,0,2.2139758809491648e-26,,
5.227806525114265,1,2.238446684079278e-158,1.1475874109344455e-157,0.19505674798720377
5.227806525114265,2,3.715802010868734e-26,4.53155180716326e-26,0.819984448813974
5.227806525114265,0,3.715802010868734e-26,,
5.2339424482658075,1,1.1103392648408715e-158,5.686976027265748e-158,0.19524247324367808
5.2339424482658075,2,6.167509685171248e-26,7.533570566008081e-26,0.8186701951129812
5.2339424482658075,0,6.167509685171248e-26,,
5.240078371417351,1,5.545122872910336e-159,2.8368129783826195e-158,0.19547016018207278
5.240078371417351,2,1.0124941408704725e-25,1.238722500441941e-25,0.8173696211292225
5.240078371417351,0,1.0124941408704725e-25,,
5.246214294568893,1,2.7875655426881196e-159,1.4241223333777032e-158,0.195739191595755
5.246214294568893,2,1.6441703301475753e-25,2.0147128285095412e-25,0.8160817298036026
5.246214294568893,0,1.6441703301475753e-25,,
5.252350217720435,1,1.410295108183422e-159,7.193585517344286e-159,0.19604898069024024
5.252350217720435,2,2.641297876730502e-25,3.24162970022183e-25,0.814805551833929
5.252350217720435,0,2.641297876730502e-25,,
5.2584861408719785,1,7.179249394594723e-160,3.655441488825834e-159,0.19639896894918632
5.2584861408719785,2,4.1980486435149e-25,5.1602230988291745e-25,0.8135401441203993
5.2584861408719785,0,4.1980486435149e-25,,
5.264622064023521,1,3.676595283491494e-160,1.8682966560622925e-159,0.1967886240957287
5.264622064023521,2,6.602051316379782e-25,8.12775646771349e-25,0.8122845883246645
5.264622064023521,0,6.602051316379782e-25,,
5.270757987175063,1,1.893757547331795e-160,9.602383872252795e-160,0.19721743814096285
5.270757987175063,2,1.0274298706456102e-24,1.2668085637189276e-24,0.8110379895360185
5.270757987175063,0,1.0274298706456102e-24,,
5.2768939103266055,1,9.809097244531433e-161,4.961985451911272e-160,0.19768492551208786
5.2768939103266055,2,1.5823647852737307e-24,1.9540205125444874e-24,0.8097994750388808
5.2768939103266055,0,1.5823647852737307e-24,,
5.283029833478149,1,5.108276693693737e-161,2.5774563202781832e-160,0.19819062125337605
5.283029833478149,2,2.4120163010014877e-24,2.9830709658839744e-24,0.8085681931763008
5.283029833478149,0,2.4120163010014877e-24,,
5.289165756629691,1,2.6740853835533803e-161,1.345559550257611e-160,0.19873407929373466
5.289165756629691,2,3.6392343968202794e-24,4.507666492500409e-24,0.80734331230472
5.289165756629691,0,3.6392343968202794e-24,,
5.295301679781233,1,1.4068457761808253e-161,7.0584084905921465e-161,0.1993148707751826
5.295301679781233,2,5.435404487441219e-24,6.742640528871837e-24,0.8061240198356916
5.295301679781233,0,5.435404487441219e-24,,
5.301437602932776,1,7.437089228953087e-162,3.719798513228039e-161,0.19993258243708437
5.301437602932776,2,8.036753402549173e-24,9.984666834308636e-24,0.8049095213606753
5.301437602932776,0,8.036753402549173e-24,,
5.307573526084319,1,3.949659526140356e-162,1.969052415098652e-161,0.20058681505146594
5.307573526084319,2,1.1764955517257991e-23,1.463850886194247e-23,0.8036990398554044
5.307573526084319,0,1.1764955517257991e-23,,
5.313709449235861,1,2.1068386872191636e-162,1.046734988674251e-161,0.20127718190519203
5.313709449235861,2,1.7052727743434992e-23,2.12497217112063e-23,0.8024918149606649
5.313709449235861,0,1.7052727743434992e-23,,
5.3198453723874035,1,1.1285803912419183e-162,5.586940165415138e-162,0.20200330732521085
5.3198453723874035,2,2.4475048825700257e-23,3.054466838955533e-23,0.8012871023366368
5.3198453723874035,0,2.4475048825700257e-23,,
5.325981295538947,1,6.069846681249332e-163,2.9935402622031607e-162,0.20276482524347603
5.325981295538947,2,3.478650968018801e-23,4.347856244414456e-23,0.8000841730882217
5.325981295538947,0,3.478650968018801e-23,,
5.332117218690489,1,3.2770350402495114e-163,1.609851080637086e-162,0.2035613777985384
5.332117218690489,2,4.896507727581973e-23,6.129197813388475e-23,0.7988823132590299
5.332117218690489,0,4.896507727581973e-23,,
5.338253141842031,1,1.7756460317430866e-163,8.687427579910401e-163,0.2043926139711659
5.338253141842031,2,6.826221614058569e-23,8.557585206864977e-23,0.79768082339192
5.338253141842031,0,6.826221614058569e-23,,
5.344389064993574,1,9.654217209926625e-164,4.703450465073819e-163,0.20525818825169884
5.344389064993574,2,9.425884444277143e-23,1.1834441622983962e-22,0.7964790181541729
5.344389064993574,0,9.425884444277143e-23,,
5.350524988145117,1,5.265941985827203e-164,2.5543263580074396e-163,0.2061577593371828
5.350524988145117,2,1.2892599853132382e-22,1.6211473990067666e-22,0.7952762260255503
5.350524988145117,0,1.2892599853132382e-22,,
5.356660911296659,1,2.8810174548757973e-164,1.3911843633477043e-163,0.2070909888566461
5.356660911296659,2,1.7468834446299243e-22,2.199906190755175e-22,0.7940717890476326
5.356660911296659,0,1.7468834446299243e-22,,
5.3627968344482015,1,1.580660002201719e-164,7.597225273670678e-164,0.20805754012319905
5.3627968344482015,2,2.344878254403973e-22,2.9574745627170313e-22,0.7928650626329423
5.3627968344482015,0,2.344878254403973e-22,,
5.368932757599744,1,8.694911107106206e-165,4.159108715926807e-164,0.20905707691193762
5.368932757599744,2,3.1184380575597194e-22,3.939135634986087e-22,0.7916554154324604
5.368932757599744,0,3.1184380575597194e-22,,
5.375068680751287,1,4.794426428059859e-165,2.2820901822481845e-164,0.21008926226292535
5.375068680751287,2,4.109051198487106e-22,5.198420638954009e-22,0.7904422292602127
5.375068680751287,0,4.109051198487106e-22,,
5.381204603902829,1,2.649494662219252e-165,1.2547703133429554e-164,0.21115375730881586
5.381204603902829,2,5.364885344970395e-22,6.797663570000616e-22,0.7892248990736547
5.381204603902829,0,5.364885344970395e-22,,
5.387340527054372,1,1.4670795118424564e-165,6.912028222938656e-165,0.21225022012695516
5.387340527054372,2,6.940973763242886e-22,8.808310671602673e-22,0.7880028330086108
5.387340527054372,0,6.940973763242886e-22,,
5.393476450205915,1,8.137988141025093e-166,3.8138779646166674e-165,0.21337830461607446
5.393476450205915,2,8.899135729222361e-22,1.1310896522396987e-21,0.7867754524675353
5.393476450205915,0,8.899135729222361e-22,,
5.399612373357457,1,4.521276316477224e-166,2.1074511249750548e-165,0.21453765939794883
5.399612373357457,2,1.1307562179200373e-21,1.439459559348534e-21,0.7855421922598446
5.399612373357457,0,1.1307562179200373e-21,,
5.405748296509,1,2.5153164117259118e-166,1.1659669889208106e-165,0.21572792674465208
5.405748296509,2,1.4240001088374946e-21,1.8156261230808596e-21,0.7843025007930425
5.405748296509,0,1.4240001088374946e-21,,
5.411884219660542,1,1.400934760869084e-166,6.45744589700964e-166,0.21694874153228894
5.411884219660542,2,1.7774486165325008e-21,2.2698874397275923e-21,0.7830558403133027
5.411884219660542,0,1.7774486165325008e-21,,
5.418020142812085,1,7.809840612201323e-167,3.579216438188925e-166,0.21819973022232445
5.418020142812085,2,2.199156792153508e-21,2.812934313363171e-21,0.7818016871941013
5.418020142812085,0,2.199156792153508e-21,,
5.424156065963627,1,4.3568214724201954e-167,1.985060757770149e-166,0.21948050987186327
5.424156065963627,2,2.6972028243408695e-21,3.455562098811186e-21,0.7805395322714027
5.424156065963627,0,2.6972028243408695e-21,,
5.43029198911517,1,2.4316671965101872e-167,1.1013450012902298e-166,0.22079068717445308
5.43029198911517,2,3.2794087933716947e-21,4.2083148350818415e-21,0.7792688812237876
5.43029198911517,0,3.2794087933716947e-21,,
5.436427912266713,1,1.3575248636850168e-167,6.111402036451299e-167,0.22212985753319694
5.436427912266713,2,3.95301503337786e-21,5.0810663617703435e-21,0.7779892549957863
5.436427912266713,0,3.95301503337786e-21,,
5.442563835418255,1,7.578832163652828e-168,3.3910127098948854e-167,0.22349760416815884
5.442563835418255,2,4.724316144428203e-21,6.082547942767095e-21,0.7767001902625364
5.442563835418255,0,4.724316144428203e-21,,
5.448699758569798,1,4.2302712936790405e-168,1.8810109430527695e-167,0.2248934972602318
5.448699758569798,2,5.598270564277372e-21,7.219837003041032e-21,0.7754012399337205
5.448699758569798,0,5.598270564277372e-21,,
5.45483568172134,1,2.3601804470371633e-168,1.042864422813051e-167,0.22631709313380816
5.45483568172134,2,6.578099332006473e-21,8.497826557496408e-21,0.7740919736945635
5.45483568172134,0,6.578099332006473e-21,,
5.460971604872883,1,1.3159273178417163e-168,5.777491579836263e-168,0.22776793348074606
5.460971604872883,2,7.664892933807656e-21,9.918699365726866e-21,0.7727719785814835
5.460971604872883,0,7.664892933807656e-21,,
5.4671075280244255,1,7.330371402075758e-169,3.197606921418027e-168,0.229245544628262
5.4671075280244255,2,8.857247585281318e-21,1.148143435128806e-20,0.7714408595897825
5.4671075280244255,0,8.857247585281318e-21,,
5.473243451175968,1,4.0787223477847466e-169,1.7675979640090637e-168,0.23074943685349436
5.473243451175968,2,1.0150953664535335e-20,1.318137496385109e-20,0.7700982403105554
5.473243451175968,0,1.0150953664535335e-20,,
5.47937937432751,1,2.2663247103078048e-169,9.756903112432645e-169,0.23227910374757757
5.47937937432751,2,1.1538759007815332e-20,1.5009889581247677e-20,0.768743763593775
5.47937937432751,0,1.1538759007815332e-20,,
5.485515297479053,1,1.2572300257600024e-169,5.376591554063301e-169,0.23383402163213687
5.485515297479053,2,1.3010228239098102e-20,1.6954152490033e-20,0.7673770922342801
5.485515297479053,0,1.3010228239098102e-20,,
5.491651220630596,1,6.961387820638398e-170,2.9570875984837324e-169,0.23541364903115816
5.491651220630596,2,1.4551716162039843e-20,1.8997070329046627e-20,0.7659979096771667
5.491651220630596,0,1.4551716162039843e-20,,
5.497787143782138,1,3.8464343828252814e-170,1.6228487687483439e-169,0.2370174262012057
5.497787143782138,2,1.6146468560123346e-20,2.1117373175087095e-20,0.7646059207388494
5.497787143782138,0,1.6146468560123346e-20,,
5.503923066933681,1,2.1202852476356538e-170,8.884691693321859e-170,0.2386447747229493
5.503923066933681,2,1.777485772795497e-20,2.328988191438825e-20,0.7632008523398243
5.503923066933681,0,1.777485772795497e-20,,
5.5100589900852235,1,1.1657217748547294e-170,4.8512091534413365e-170,0.24029509715692077
5.5100589900852235,2,1.9414753022310277e-20,2.5485954571575882e-20,0.7617824542449461
5.5100589900852235,0,1.9414753022310277e-20,,
5.516194913236766,1,6.39073106250824e-171,2.641149638978321e-170,0.2419677767663469
5.516194913236766,2,2.104201911525739e-20,2.7674104403960987e-20,0.7603504998068031
5.516194913236766,0,2.104201911525739e-20,,
5.522330836388308,1,3.4926153938881894e-171,1.4333842997091752e-170,0.24366217730979886
5.522330836388308,2,2.2631126971416443e-20,2.9820772470811684e-20,0.7589047867075742
5.522330836388308,0,2.2631126971416443e-20,,
5.528466759539851,1,1.9023236328495418e-171,7.752636345831571e-171,0.24537764290625874
5.528466759539851,2,2.4155855411616038e-20,3.1891227772799044e-20,0.7574451376945502
5.528466759539851,0,2.4155855411616038e-20,,
5.534602682691394,1,1.0323800196377955e-171,4.177756488810348e-171,0.24711349797502788
5.534602682691394,2,2.5590055009528607e-20,3.385055964468536e-20,0.7559714013043304
5.534602682691394,0,2.5590055009528607e-20,,
5.540738605842936,1,5.580894497600191e-172,2.242502456295238e-171,0.24886904725269274
5.540738605842936,2,2.6908441479162377e-20,3.566472052830923e-20,0.754483452570546
5.540738605842936,0,2.6908441479162377e-20,,
5.546874528994478,1,3.004442992859753e-172,1.1986914016056349e-171,0.2506435758891181
5.546874528994478,2,2.808738302781282e-20,3.7301573083691614e-20,0.7529811937098365
5.546874528994478,0,2.808738302781282e-20,,
5.5530104521460215,1,1.610298659815313e-172,6.37902846484992e-172,0.2524363496241584
5.5530104521460215,2,2.910564560786901e-20,3.873189416946358e-20,0.7514645547806966
5.5530104521460215,0,2.910564560786901e-20,,
5.559146375297564,1,8.590473846109514e-173,3.378795758810624e-172,0.2542466150464644
5.559146375297564,2,2.9945061674385326e-20,3.993028968781725e-20,0.749933494309749
5.559146375297564,0,2.9945061674385326e-20,,
5.565282298449106,1,4.5601755783895854e-173,1.7808066038590883e-172,0.25607359993541573
5.565282298449106,2,3.0591091844200834e-20,4.087597856874736e-20,0.7483879998799573
5.565282298449106,0,3.0591091844200834e-20,,
5.571418221600649,1,2.4081580484375533e-173,9.336967276789285e-173,0.25791651368683494
5.571418221600649,2,3.103325449304816e-20,4.15534109705138e-20,0.7468280886753024
5.571418221600649,0,3.103325449304816e-20,,
5.577554144752192,1,1.2647723974478498e-173,4.868731013289755e-173,0.25977454782273035
5.577554144752192,2,3.126540541699861e-20,4.195269461539614e-20,0.7452538079764864
5.577554144752192,0,3.126540541699861e-20,,
5.583690067903734,1,6.604631499052245e-174,2.524253904827145e-173,0.26164687658488595
5.583690067903734,2,3.1285857717151906e-20,4.206981343132492e-20,0.7436652356023202
5.583690067903734,0,3.1285857717151906e-20,,
5.589825991055276,1,3.428296851835482e-174,1.3009001931318033e-173,0.2635326576116618
5.589825991055276,2,3.109734047705404e-20,4.190663360965883e-20,0.7420624802915828
5.589825991055276,0,3.109734047705404e-20,,
5.5959619142068195,1,1.7684252203372188e-174,6.662465961004085e-174,0.26543103269689405
5.5959619142068195,2,3.070680301746605e-20,4.147070306856514e-20,0.7404456820203239
5.5959619142068195,0,3.070680301746605e-20,,
5.602097837358362,1,9.062716715689817e-175,3.3899448102713965e-174,0.26734112862929654
5.602097837358362,2,3.0125078997020693e-20,4.077486041503822e-20,0.7388150122498084
5.602097837358362,0,3.0125078997020693e-20,,
5.608233760509904,1,4.6129499958954113e-175,1.713182328126735e-174,0.26926205811026566
5.608233760509904,2,2.936643092554081e-20,3.983667820395948e-20,0.737170674100583
5.608233760509904,0,2.936643092554081e-20,,
5.6143696836614465,1,2.3314885209782694e-175,8.597158489801348e-175,0.2711929207474855
5.6143696836614465,2,2.8448000427359986e-20,3.867777211339002e-20,0.73551290244847
5.6143696836614465,0,2.8448000427359986e-20,,
5.62050560681299,1,1.1697903010736647e-175,4.2828627078952873e-175,0.2731328041212254
5.62050560681299,2,2.738919262576967e-20,3.732301227197036e-20,0.7338419639386662
5.62050560681299,0,2.738919262576967e-20,,
5.626641529964532,1,5.824914042786845e-176,2.117528508756732e-175,0.27508078491971927
5.626641529964532,2,2.621102424800207e-20,3.5799675248391905e-20,0.7321581569145506
5.626641529964532,0,2.621102424800207e-20,,
5.632777453116074,1,2.8778293800073764e-176,1.0387928304310542e-175,0.27703593013952565
5.632777453116074,2,2.4935464538068064e-20,3.4136575182644133e-20,0.7304618112582618
5.632777453116074,0,2.4935464538068064e-20,,
5.638913376267618,1,1.4103360859900554e-176,5.055016999625325e-176,0.2789972983462941
5.638913376267618,2,2.35847959947422e-20,3.236321040131125e-20,0.7287532881406172
5.638913376267618,0,2.35847959947422e-20,,
5.64504929941916,1,6.854112033821911e-177,2.4394988231047585e-176,0.28096394099090644
5.64504929941916,2,2.2181018598260277e-20,3.050895794035283e-20,0.7270329796784845
5.64504929941916,0,2.2181018598260277e-20,,
5.651185222570702,1,3.302484314699713e-177,1.1672240754430531e-176,0.28293490377553776
5.651185222570702,2,2.0745316887315594e-20,2.860234311484693e-20,0.7253013084982921
5.651185222570702,0,2.0745316887315594e-20,,
5.6573211457222445,1,1.5771842932968803e-177,5.535743099706754e-177,0.2849092280637858
5.6573211457222445,2,1.92976043618104e-20,2.667040509117344e-20,0.7235587272049697
5.6573211457222445,0,1.92976043618104e-20,,
5.663457068873788,1,7.463948654133173e-178,2.6017128386901078e-177,0.28688595232866165
5.663457068873788,2,1.785615457840322e-20,2.473817280626419e-20,0.7218057177562318
5.663457068873788,0,1.785615457840322e-20,,
5.66959299202533,1,3.4993965879514925e-178,1.2114334812840541e-177,0.2888641136319198
5.66959299202533,2,1.6437323308191393e-20,2.2828258986157484e-20,0.720042790742763
5.66959299202533,0,1.6437323308191393e-20,,
5.675728915176872,1,1.6249923721288143e-178,5.587185436120341e-178,0.29084274912793745
5.675728915176872,2,1.5055361521031464e-20,2.096057382885361e-20,0.7182704845755115
5.675728915176872,0,1.5055361521031464e-20,,
5.681864838328415,1,7.472055587771206e-179,2.5517494309294456e-178,0.29282089758513613
5.681864838328415,2,1.372231496777294e-20,1.915215444374306e-20,0.7164893645819554
5.681864838328415,0,1.372231496777294e-20,,
5.688000761479958,1,3.401403810785201e-179,1.1538098682607393e-178,0.2947976009177751
5.688000761479958,2,1.2448002897146375e-20,1.7417101600292188e-20,0.714700022013855
5.688000761479958,0,1.2448002897146375e-20,,
5.6941366846315,1,1.5325203133777482e-179,5.163966951842582e-179,0.29677190572083767
5.6941366846315,2,1.1240066044781837e-20,1.5766611859254042e-20,0.712903072969644
5.6941366846315,0,1.1240066044781837e-20,,
5.700272607783043,1,6.832613446669903e-180,2.287121886987498e-179,0.2987428648006835
5.700272607783043,2,1.0104072478573483e-20,1.420909077977008e-20,0.7110991572352371
5.700272607783043,0,1.0104072478573483e-20,,
5.706408530934586,1,3.013732995208674e-180,1.0022073155031948e-179,0.30070953869414924
5.706408530934586,2,9.043669132721327e-21,1.27503315790672e-20,0.709288937047624
5.706408530934586,0,9.043669132721327e-21,,
5.712544454086128,1,1.3148220830732127e-180,4.344063671022046e-180,0.3026709971688488
5.712544454086128,2,8.060766824417471e-21,1.1393743270844573e-20,0.7074730957861891
5.712544454086128,0,8.060766824417471e-21,,
5.71868037723767,1,5.672608892628706e-181,1.8621532373299711e-180,0.30462632069755535
5.71868037723767,2,7.155747104780148e-21,1.0140612782898774e-20,0.705652336597219
5.71868037723767,0,7.155747104780148e-21,,
5.724816300389213,1,2.419714539776623e-181,7.892742989088262e-181,0.3065746018997305
5.724816300389213,2,6.327680315903843e-21,8.990386687279984e-21,0.7038273809575443
5.724816300389213,0,6.327680315903843e-21,,
5.730952223540756,1,1.0202937997153457e-181,3.307113025879293e-181,0.30851494694351145
5.730952223540756,2,5.574545571117759e-21,7.940959790128923e-21,0.7019989671836955
5.730952223540756,0,5.574545571117759e-21,,
5.737088146692298,1,4.2519019394137336e-182,1.369608694499448e-181,0.3104464769017606
5.737088146692298,2,4.893444914225557e-21,6.988959750094268e-21,0.7001678488933284
5.737088146692298,0,4.893444914225557e-21,,
5.743224069843841,1,1.7508863199126725e-182,5.605197957178501e-182,0.3123683290561284
5.743224069843841,2,4.2808055278130106e-21,6.1300189652753535e-21,0.6983347934259975
5.743224069843841,0,4.2808055278130106e-21,,
5.749359992995383,1,7.1231500116718896e-183,2.266500496325514e-182,0.3142796581434706
5.749359992995383,2,3.732565451483919e-21,5.3590270524226505e-21,0.6965005802306113
5.749359992995383,0,3.732565451483919e-21,,
5.755495916146926,1,2.862538568039002e-183,9.053519671020421e-183,0.3161796375393931
5.755495916146926,2,3.2443397603968642e-21,4.670359228761137e-21,0.6946659992271002
5.755495916146926,0,3.2443397603968642e-21,,
5.7616318392984684,1,1.136120664618577e-183,3.57194874094343e-183,0.3180674603741661
5.7616318392984684,2,2.8115654868484903e-21,4.058077714380554e-21,0.6928318491499521
5.7616318392984684,0,2.8115654868484903e-21,,
5.767767762450011,1,4.452698709211276e-184,1.391719114508123e-183,0.3199423405767477
5.767767762450011,2,2.4296247078637495e-21,3.516104847201924e-21,0.6909989358813396
5.767767762450011,0,2.4296247078637495e-21,,
5.773903685601554,1,1.7229909641805666e-184,5.354170759677317e-184,0.32180351384317957
5.773903685601554,2,2.093946153159254e-21,3.0383679133373258e-21,0.6891680707815517
5.773903685601554,0,2.093946153159254e-21,,
5.780039608753096,1,6.581758222956145e-185,2.033602154266336e-184,0.32365023852616104
5.780039608753096,2,1.8000864092017413e-21,2.618916734705736e-21,0.6873400690243788
5.780039608753096,0,1.8000864092017413e-21,,
5.786175531904639,1,2.4816574865430596e-185,7.624566146747389e-185,0.3254817964431623
5.786175531904639,2,1.5437923170093537e-21,2.252015831346427e-21,0.6855157479449675
5.786175531904639,0,1.5437923170093537e-21,,
5.792311455056181,1,9.234809269797225e-186,2.821533757620279e-185,0.3272974936009978
5.792311455056181,2,1.3210465030050248e-21,1.9322135088310023e-21,0.6836959254074689
5.792311455056181,0,1.3210465030050248e-21,,
5.798447378207724,1,3.391164505187072e-186,1.0304463425971161e-185,0.3290966608353473
5.798447378207724,2,1.1280981680713233e-21,1.6543905405868962e-21,0.6818814181995563
5.798447378207724,0,1.1280981680713233e-21,,
5.8045833013592665,1,1.228731026486162e-186,3.713539723035296e-186,0.33087865436426445
5.8045833013592665,2,9.614813170178567e-22,1.413791254490376e-21,0.6800730404605864
5.8045833013592665,0,9.614813170178567e-22,,
5.810719224510809,1,4.392457970091358e-187,1.3204726593378703e-186,0.33264285625526585
5.810719224510809,2,8.180225663192223e-22,1.2060398278896588e-21,0.6782716021498285
5.810719224510809,0,8.180225663192223e-22,,
5.816855147662351,1,1.5490328801412903e-187,4.632432246814054e-187,0.3343886748061204
5.816855147662351,2,6.948405482569063e-22,1.0271444795031393e-21,0.6764779075607956
5.816855147662351,0,6.948405482569063e-22,,
5.822991070813894,1,5.388637389217514e-188,1.603209810418938e-187,0.33611554483997313
5.822991070813894,2,5.893387580012753e-22,8.734920519092127e-22,0.6746927538872773
5.822991070813894,0,5.893387580012753e-22,,
5.829126993965437,1,1.8489678048985415e-188,5.4731862526474315e-188,0.3378229279159244
5.829126993965437,2,4.991934870039199e-22,7.418352323488142e-22,0.672916929846218
5.829126993965437,0,4.991934870039199e-22,,
5.835262917116979,1,6.257232390078895e-189,1.8430168865277098e-188,0.33951031245664154
5.835262917116979,2,4.223382681019357e-22,6.292743856589099e-22,0.6711512143620902
5.835262917116979,0,4.223382681019357e-22,,
5.841398840268522,1,2.0883918429750736e-189,6.121135171207066e-189,0.34117721379501087
5.841398840268522,2,3.5694603817792505e-22,5.332356901528435e-22,0.6693963753169112
5.841398840268522,0,3.5694603817792505e-22,,
5.8475347634200645,1,6.873792788239128e-190,2.0050548815545958e-189,0.3428231741422266
5.8475347634200645,2,3.0141001296231647e-22,4.514469896074785e-22,0.6676531683695237
5.8475347634200645,0,3.0141001296231647e-22,,
5.853670686571607,1,2.2310914459848065e-190,6.477299866663757e-190,0.344447762480073
5.853670686571607,2,2.543240725070432e-22,3.819125126407921e-22,0.6659223358472357
5.853670686571607,0,2.543240725070432e-22,,
5.859806609723149,1,7.141020970935019e-191,2.0635772628667e-190,0.3460505743804711
5.859806609723149,2,2.144632793629514e-22,3.2288737162991074e-22,0.6642046057123794
5.859806609723149,0,2.144632793629514e-22,,
5.865942532874692,1,2.253795654899862e-191,6.48329450584031e-191,0.3476312317556433
5.865942532874692,2,1.8076499682398403e-22,2.728525409666887e-22,0.66250069060582
5.865942532874692,0,1.8076499682398403e-22,,
5.872078456026235,1,7.014118806358643e-192,2.0086861620155965e-191,0.34918938254248705
5.872078456026235,2,1.523109424134916e-22,2.30490830615389e-22,0.6608112869689245
5.872078456026235,0,1.523109424134916e-22,,
5.878214379177777,1,2.152449019304711e-192,6.137146934078057e-192,0.3507247003249498
5.878214379177777,2,1.283104015088542e-22,1.946642155667359e-22,0.6591370742449894
5.878214379177777,0,1.283104015088542e-22,,
5.884350302329319,1,6.513199526901019e-193,1.8490963963843368e-192,0.35223688389835806
5.884350302329319,2,1.0808473623265274e-22,1.6439275356714582e-22,0.6574787141606323
5.884350302329319,0,1.0808473623265274e-22,,
5.8904862254808625,1,1.9433989237853135e-193,5.49408527918923e-193,0.35372565677977674
5.8904862254808625,2,9.105325353828671e-23,1.388352202627565e-22,0.6558368500871847
5.8904862254808625,0,9.105325353828671e-23,,
5.896622148632405,1,5.717993171957637e-194,1.6098372222871637e-193,0.35519076666856064
5.896622148632405,2,7.672044156622165e-23,1.1727150996764896e-22,0.6542121064816688
5.896622148632405,0,7.672044156622165e-23,,
5.902758071783947,1,1.6590181418279246e-194,4.6519050793301403e-194,0.3566319848613115
5.902758071783947,2,6.466454252376502e-23,9.90867887372096e-23,0.6526050884065219
5.902758071783947,0,6.466454252376502e-23,,
5.90889399493549,1,4.7467883266387164e-195,1.325736680265302e-194,0.35804910562547043
5.90889399493549,2,5.452740127876071e-23,8.375734138114879e-23,0.6510163811268388
5.90889399493549,0,5.452740127876071e-23,,
5.915029918087033,1,1.3393955914040953e-195,3.7263196686955174e-195,0.35944194553576264
5.915029918087033,2,4.600550942201213e-23,7.083802267845717e-23,0.6494465497835394
5.915029918087033,0,4.600550942201213e-23,,
5.921165841238575,1,3.727355233014748e-196,1.0330511049988248e-195,0.3608103427776681
5.921165841238575,2,3.884215281778373e-23,5.995120277967652e-23,0.6478961391405351
5.921165841238575,0,3.884215281778373e-23,,
5.927301764390117,1,1.0230617597845407e-196,2.824934469597393e-196,0.36215415642202364
5.927301764390117,2,3.2820564926028037e-23,5.0777085288578807e-23,0.6463656734036741
5.927301764390117,0,3.2820564926028037e-23,,
5.933437687541661,1,2.7697580397501717e-197,7.620252440322595e-197,0.36347326567476773
5.933437687541661,2,2.7757986988273404e-23,4.3045271798907004e-23,0.6448556561089765
5.933437687541661,0,2.7757986988273404e-23,,
5.939573610693203,1,7.3969722510867e-198,2.0278590745392522e-197,0.3647675691057259
5.939573610693203,2,2.3500538300034173e-23,3.6527447015478983e-23,0.643366570077441
5.939573610693203,0,2.3500538300034173e-23,,
5.945709533844745,1,1.9488348998796337e-198,5.3241475200875834e-198,0.36603698386020206
5.945709533844745,2,1.9918804245672707e-23,3.103106259558172e-23,0.6418988774335042
5.945709533844745,0,1.9918804245672707e-23,,
5.9518454569962875,1,5.065766247600797e-199,1.3792600520762099e-198,0.3672814448569915
5.9518454569962875,2,1.6904055745389703e-23,2.6393904354964836e-23,0.6404530196840681
5.9518454569962875,0,1.6904055745389703e-23,,
5.957981380147831,1,1.2992950663880234e-199,3.525893837350517e-199,0.36850090397626956
5.957981380147831,2,1.4365020630369242e-23,2.2479435576832207e-23,0.6390294178548745
5.957981380147831,0,1.4365020630369242e-23,,
5.964117303299373,1,3.288590575362999e-200,8.895407421342979e-200,0.369695329240637
5.964117303299373,2,1.222513474268755e-23,1.917281813230063e-23,0.6376284726809017
5.964117303299373,0,1.222513474268755e-23,,
5.970253226450915,1,8.214881532359426e-201,2.2150615693337332e-200,0.37086470399242105
5.970253226450915,2,1.0420207896447719e-23,1.637752242930784e-23,0.6362505648473782
5.970253226450915,0,1.0420207896447719e-23,,
5.976389149602459,1,2.025515672686903e-201,5.4448024933271156e-201,0.37200902607014236
5.976389149602459,2,8.896446982625493e-24,1.4012446460595114e-23,0.6348960552779631
5.976389149602459,0,8.896446982625493e-24,,
5.982525072754001,1,4.930253136397992e-202,1.321329163206992e-201,0.37312830698686744
5.982525072754001,2,7.608785280429323e-24,1.2009473143443377e-23,0.6335652854666128
5.982525072754001,0,7.608785280429323e-24,,
5.988660995905543,1,1.1848455915211946e-202,3.1661521323990757e-202,0.37422257111296997
5.988660995905543,2,6.519473343980651e-24,1.0311403549721238e-23,0.6322585778496567
5.988660995905543,0,6.519473343980651e-24,,
5.994796919057086,1,2.811744890392503e-203,7.492155382373613e-203,0.37529185486562955
5.994796919057086,2,5.5968926050836574e-24,8.870211402351345e-24,0.63097623621462
5.994796919057086,0,5.5968926050836574e-24,,
6.000932842208629,1,6.589878304427466e-204,1.7510614713622297e-203,0.37633620590720335
6.000932842208629,2,4.814558047003442e-24,7.645571305620858e-24,0.629718546142377
6.000932842208629,0,4.814558047003442e-24,,
6.007068765360171,1,1.5255795537423276e-204,4.042815903086092e-204,0.37735568235441375
6.007068765360171,2,4.150280962918255e-24,6.603619564425868e-24,0.6284857754792676
6.007068765360171,0,4.150280962918255e-24,,
6.013204688511713,1,3.4891518920402523e-205,9.22201307226286e-205,0.3783503520001082
6.013204688511713,2,3.585466936440835e-24,5.715912142772821e-24,0.6272781748358897
6.013204688511713,0,3.585466936440835e-24,,
6.019340611663257,1,7.885093673501135e-206,2.0787429117746327e-205,0.37932029154916486
6.019340611663257,2,3.1045278025643884e-24,4.958549345643823e-24,0.6260959781093584
6.019340611663257,0,3.1045278025643884e-24,,
6.025476534814799,1,1.761055354709315e-206,4.631119460049252e-206,0.3802655858699413
6.025476534814799,2,2.6943895046780545e-24,4.31144122395218e-24,0.6249394030259287
6.025476534814799,0,2.6943895046780545e-24,,
6.031612457966341,1,3.8877494076245545e-207,1.0199078848248827e-206,0.3811863272624937
6.031612457966341,2,2.3440804995835627e-24,3.757691550432671e-24,0.6238086517009782
6.031612457966341,0,2.3440804995835627e-24,,
6.037748381117884,1,8.485261676065461e-208,2.220792401595306e-207,0.3820826147446323
6.037748381117884,2,2.0443877211405618e-24,3.2830815485912934e-24,0.6227039112134661
6.037748381117884,0,2.0443877211405618e-24,,
6.043884304269427,1,1.8312986119485245e-208,4.78202595032905e-208,0.38295455335672385
6.043884304269427,2,1.7875691367584578e-24,2.8756374312976154e-24,0.621625354192106
6.043884304269427,0,1.7875691367584578e-24,,
6.050020227420969,1,3.909019456329423e-209,1.0184983076114049e-208,0.3838022534860077
6.050020227420969,2,1.5671136597794584e-24,2.5252682725968624e-24,0.6205731394106161
6.050020227420969,0,1.5671136597794584e-24,,
6.056156150572511,1,8.254324291825558e-210,2.146066031835726e-209,0.3846258302110528
6.056156150572511,2,1.377540652301154e-24,2.223462845221312e-24,0.6195474123895427
6.056156150572511,0,1.377540652301154e-24,,
6.062292073724054,1,1.7246182700376528e-210,4.474583818566637e-210,0.38542540266685793
6.062292073724054,2,1.2142325013456085e-24,1.963035852758646e-24,0.6185483060022835
6.062292073724054,0,1.2142325013456085e-24,,
6.068427996875597,1,3.5661311460567767e-211,9.233871179326797e-211,0.3862010934309751
6.068427996875597,2,1.0732948072031154e-24,1.7379155109585847e-24,0.6175759410830718
6.068427996875597,0,1.0732948072031154e-24,,
6.074563920027139,1,7.299480377775594e-212,1.8863996017311333e-211,0.3869530279309284
6.074563920027139,2,9.514396136376179e-25,1.5429657245634e-24,0.6166304270348187
6.074563920027139,0,9.514396136376179e-25,,
6.080699843178682,1,1.479369238136245e-212,3.8159413644106277e-212,0.38768133387309883
6.080699843178682,2,8.458878594794122e-25,1.373837197377261e-24,0.6157118624348384
6.080699843178682,0,8.458878594794122e-25,,
6.086835766330225,1,2.9692934732536488e-213,7.645209656437168e-213,0.3883861406931518
6.086835766330225,2,7.542878610172907e-25,1.2268427332291501e-24,0.6148203356366171
6.086835766330225,0,7.542878610172907e-25,,
6.092971689481767,1,5.903718000377236e-214,1.5174016851073384e-213,0.38906757902800254
6.092971689481767,2,6.746471627518504e-25,1.0988527594220495e-24,0.6139559253659121
6.092971689481767,0,6.746471627518504e-25,,
6.0991076126333095,1,1.1630547161502751e-214,2.9842899166841133e-214,0.38972578020923704
6.0991076126333095,2,6.052755362585592e-25,9.872077543316158e-25,0.6131187013095922
6.0991076126333095,0,6.052755362585592e-25,,
6.105243535784852,1,2.2708313937834865e-215,5.817261756211059e-215,0.3903608757778403
6.105243535784852,2,5.447372765900054e-25,8.896448059933774e-25,0.6123087246957529
6.105243535784852,0,5.447372765900054e-25,,
6.111379458936395,1,4.395314254878964e-216,1.1241989314811616e-215,0.39097299702002225
6.111379458936395,2,4.918112543800204e-25,8.042359851944647e-25,0.611526048863755
6.111379458936395,0,4.918112543800204e-25,,
6.117515382087937,1,8.435819285479128e-217,2.154400419636091e-216,0.3915622745238816
6.117515382087937,2,4.454574393704275e-25,7.293365986823292e-25,0.610770719822949
6.117515382087937,0,4.454574393704275e-25,,
6.12365130523948,1,1.6058712680702617e-217,4.095264396410062e-217,0.3921288377566
6.12365130523948,2,4.047888257846921e-25,6.635417075319212e-25,0.6100427767989532
6.12365130523948,0,4.047888257846921e-25,,
6.129787228391022,1,3.0328848082727347e-218,7.723694371062361e-218,0.3926728146618228
6.129787228391022,2,3.690478688217131e-25,6.0564956253437235e-25,0.6093422527664561
6.129787228391022,0,3.690478688217131e-25,,
6.135923151542565,1,5.684341290477184e-219,1.4456824115490218e-218,0.39319433127684783
6.135923151542565,2,3.375866904528929e-25,5.546308312242997e-25,0.6086691749676075
6.135923151542565,0,3.375866904528929e-25,,
6.1420590746941075,1,1.0575535776985919e-219,2.6862357320051918e-219,0.3936935113692204
6.1420590746941075,2,3.098504366353473e-25,5.096026770340412e-25,0.6080235654151587
6.1420590746941075,0,3.098504366353473e-25,,
6.14819499784565,1,1.953633815076269e-220,4.956316958195428e-220,0.3941704760923075
6.14819499784565,2,2.8536327116703804e-25,4.698069061068932e-25,0.6074054413795921
6.14819499784565,0,2.8536327116703804e-25,,
6.154330920997193,1,3.5844668621268225e-221,9.083215053771212e-221,0.3946253436594135
6.154330920997193,2,2.637165771922233e-25,4.345915266071166e-25,0.6068148158595618
6.154330920997193,0,2.637165771922233e-25,,
6.160466844148735,1,6.533864512988417e-222,1.6538991046793978e-221,0.3950582290359836
6.160466844148735,2,2.4455900872113817e-25,4.0339517318267675e-25,0.6062516980350434
6.160466844148735,0,2.4455900872113817e-25,,
6.166602767300278,1,1.1835994400039839e-222,2.992898838558422e-222,0.39546924364943914
6.166602767300278,2,2.275880938953254e-25,3.757339391530976e-25,0.6057160937026551
6.166602767300278,0,2.275880938953254e-25,,
6.17273869045182,1,2.1313496487617735e-223,5.3841200203022684e-223,0.39585849511618393
6.17273869045182,2,2.125431411251312e-25,3.511902339789251e-25,0.6052080056926807
6.17273869045182,0,2.125431411251312e-25,,
6.178874613603363,1,3.816343833852962e-224,9.631732889900152e-224,0.39622608698532175
6.178874613603363,2,1.9919924034018135e-25,3.2940334612321535e-25,0.6047274342673788
6.178874613603363,0,1.9919924034018135e-25,,
6.1850105367549055,1,6.796915211423126e-225,1.7139165600333446e-224,0.3965721184986328
6.1850105367549055,2,1.8736218582596925e-25,3.1006144361284226e-25,0.6042743775002182
6.1850105367549055,0,1.8736218582596925e-25,,
6.191146459906448,1,1.2044190817406132e-225,3.034590938101303e-225,0.3968966843663614
6.191146459906448,2,1.7686417563878004e-25,2.9289478818677857e-25,0.6038488316357272
6.191146459906448,0,1.7686417563878004e-25,,
6.19728238305799,1,2.124103853880404e-226,5.347695178005916e-226,0.3971998745583801
6.19728238305799,2,1.6756016636371456e-25,2.7766997532099197e-25,0.603450791429688
6.19728238305799,0,1.6756016636371456e-25,,
6.203418306209533,1,3.729392910993516e-227,9.382550732901137e-227,0.39748177411030816
6.203418306209533,2,1.5932478181394296e-25,2.6418504285279197e-25,0.6030802504694455
6.203418306209533,0,1.5932478181394296e-25,,
6.209554229361076,1,6.520751926028704e-228,1.6394407269871672e-227,0.3977424629441785
6.209554229361076,2,1.5204969083053972e-25,2.522653163910675e-25,0.6027372014741368
6.209554229361076,0,1.5204969083053972e-25,,
6.215690152512618,1,1.1357640019027728e-228,2.85380735080653e-228,0.39798201570326336
6.215690152512618,2,1.4564138318809407e-25,2.417598810298373e-25,0.6024216365746781
6.215690152512618,0,1.4564138318809407e-25,,
6.221826075664161,1,1.9712601862070278e-229,4.950421152868786e-229,0.3982005016006922
6.221826075664161,2,1.4001928420336444e-25,2.3253858677638757e-25,0.6021335475733711
6.221826075664161,0,1.4001928420336444e-25,,
6.227961998815704,1,3.4103622707927445e-230,8.560189572603228e-230,0.3983979842815121
6.227961998815704,2,1.35114158366293e-25,2.2448951014155974e-25,0.6018729261830187
6.227961998815704,0,1.35114158366293e-25,,
6.234097921967246,1,5.882930909947174e-231,1.4759927164653603e-230,0.39857452169786767
6.234097921967246,2,1.3086676048440925e-25,2.1751680700250122e-25,0.6016397642454563
6.234097921967246,0,1.3086676048440925e-25,,
6.240233845118788,1,1.0121857240275716e-231,2.5385230673396953e-231,0.3987301659970005
6.240233845118788,2,1.2722669972042387e-25,2.1153890254334185e-25,0.6014340539294261
6.240233845118788,0,1.2722669972042387e-25,,
6.246369768270331,1,1.7375487082205763e-232,4.356232979990151e-232,0.3988649634217922
6.246369768270331,2,1.2415148772914765e-25,2.0648697314195196e-25,0.601255787907735
6.246369768270331,0,1.2415148772914765e-25,,
6.252505691421874,1,2.9768821742156574e-233,7.4612511329289195e-233,0.3989789542236035
6.252505691421874,2,1.2160574705227339e-25,2.0230368278888203e-25,0.6011049595136508
6.252505691421874,0,1.2160574705227339e-25,,
6.258641614573416,1,5.091807280516164e-234,1.2759113840250814e-233,0.39907217258718897
6.258641614573416,2,1.1956056016334822e-25,1.989421432349626e-25,0.6009815628764994
6.258641614573416,0,1.1956056016334822e-25,,
6.264777537724958,1,8.697601563385928e-235,2.1790600570951742e-234,0.39914464656749227
6.264777537724958,2,1.1799294320282293e-25,1.9636507276963116e-25,0.6008855930364371
6.264777537724958,0,1.1799294320282293e-25,,
6.270913460876502,1,1.4833566655914956e-235,3.71585683859226e-235,0.3991963980381602
6.270913460876502,2,1.1688543161764515e-25,1.945441335067894e-25,0.6008170460383785
6.270913460876502,0,1.1688543161764515e-25,,
6.277049384028044,1,2.4790669570003283e-236,6.209660689993039e-236,0.39922744265163823
6.277049384028044,2,1.1622576771783312e-25,1.934594314471074e-25,0.6007759190050639
6.277049384028044,0,1.1622576771783312e-25,,
