z_re,z_im,s_min,log10_s_min
-0.05270342291412242,-0.15356250000000163,4.1606631057233796e-11,-10.380837448169723
-0.032773162590461154,-0.15356250000000163,3.915242379271199e-11,-10.40724134708709
-0.012842902266799884,-0.15356250000000163,3.735256629189117e-11,-10.427679554809227
0.007087358056861386,-0.15356250000000163,3.618800131803812e-11,-10.441435402537481
0.027017618380522655,-0.15356250000000163,3.5606944140100305e-11,-10.448465296756506
0.046947878704183925,-0.15356250000000163,3.552806399686369e-11,-10.449428457537046
0.0668781390278452,-0.15356250000000163,3.584898666130771e-11,-10.445523115968907
0.08680839935150647,-0.15356250000000163,3.645803876843378e-11,-10.438206697583297
0.10673865967516774,-0.15356250000000163,3.7242617725035895e-11,-10.428959800741632
0.126668919998829,-0.15356250000000163,3.8091622532572205e-11,-10.419170527944594
0.14659918032249028,-0.15356250000000163,3.889413274681763e-11,-10.410115907873918
0.16652944064615155,-0.15356250000000163,3.9540571217260015e-11,-10.402957061003326
0.18645970096981282,-0.15356250000000163,3.993403605140998e-11,-10.3986567943317
0.20638996129347412,-0.15356250000000163,4.001205005750205e-11,-10.397809196537727
0.22632022161713536,-0.15356250000000163,3.977354052034997e-11,-10.400405747711241
0.2462504819407966,-0.15356250000000163,3.928787059712499e-11,-10.405741509314426
0.26618074226445787,-0.15356250000000163,3.8676710230141095e-11,-10.4125504733082
0.28611100258811917,-0.15356250000000163,3.80713378514208e-11,-10.419401861528664
0.3060412629117804,-0.15356250000000163,3.757295032233837e-11,-10.4251247017052
0.32597152323544165,-0.15356250000000163,3.7238165206025054e-11,-10.429011725664093
0.34590178355910295,-0.15356250000000163,3.7090737260477104e-11,-10.430734534021763
0.36583204388276425,-0.15356250000000163,3.714355323750476e-11,-10.43011655300259
0.3857623042064255,-0.15356250000000163,3.7410336797366306e-11,-10.427008381922636
0.40569256453008673,-0.15356250000000163,3.789989987006877e-11,-10.42136193741805
0.425622824853748,-0.15356250000000163,3.8599353727698084e-11,-10.413419966697266
0.4455530851774093,-0.15356250000000163,3.945580558165934e-11,-10.403889085063593
0.4654833455010706,-0.15356250000000163,4.037367145620838e-11,-10.393901755403396
0.4854136058247318,-0.15356250000000163,4.123402221663793e-11,-10.38474429941426
0.5053438661483931,-0.15356250000000163,4.192803284319855e-11,-10.377495513112411
0.5252741264720544,-0.15356250000000163,4.2391964170217315e-11,-10.372716460560238
0.5452043867957156,-0.15356250000000163,4.262878385813745e-11,-10.370297057013529
0.5651346471193769,-0.15356250000000163,4.2706752717240883e-11,-10.369503449659538
0.5850649074430382,-0.15356250000000163,4.274788274534499e-11,-10.369085390521406
0.6049951677666995,-0.15356250000000163,4.290310791500944e-11,-10.367511246243026
0.6249254280903608,-0.15356250000000163,4.332806048146113e-11,-10.363230751100668
0.644855688414022,-0.15356250000000163,4.415519781831449e-11,-10.355018165224793
0.6647859487376833,-0.15356250000000163,4.547038998306031e-11,-10.342271320992499
0.6847162090613446,-0.15356250000000163,4.72954707134038e-11,-10.325180447811034
0.7046464693850057,-0.15356250000000163,4.9581109446615136e-11,-10.304683759513496
0.724576729708667,-0.15356250000000163,5.221403216451954e-11,-10.28221276763617
0.7445069900323283,-0.15356250000000163,5.5030434540350696e-11,-10.259397057827924
0.7644372503559896,-0.15356250000000163,5.783704006770166e-11,-10.237793941079312
0.7843675106796509,-0.15356250000000163,6.043333676595007e-11,-10.218723425956203
0.8042977710033121,-0.15356250000000163,6.263793426606412e-11,-10.203162573294343
0.8242280313269734,-0.15356250000000163,6.43143417519871e-11,-10.191692170944654
-0.05270342291412242,-0.1465823863636379,3.983935152698965e-11,-10.39968773928805
-0.032773162590461154,-0.1465823863636379,3.73727532221714e-11,-10.427444906829198
-0.012842902266799884,-0.1465823863636379,3.5586200958632085e-11,-10.44871837307421
0.007087358056861386,-0.1465823863636379,3.4462746516981484e-11,-10.46265011430418
0.027017618380522655,-0.1465823863636379,3.394792160146206e-11,-10.469186809443768
0.046947878704183925,-0.1465823863636379,3.395322359585739e-11,-10.469118986525407
0.0668781390278452,-0.1465823863636379,3.436651949650026e-11,-10.463864449242005
0.08680839935150647,-0.1465823863636379,3.506671489840888e-11,-10.455104917560732
0.10673865967516774,-0.1465823863636379,3.5934192998063553e-11,-10.444492103984452
0.126668919998829,-0.1465823863636379,3.685318422150497e-11,-10.43352498188677
0.14659918032249028,-0.1465823863636379,3.770858498923178e-11,-10.423559764144326
0.16652944064615155,-0.1465823863636379,3.838477372470689e-11,-10.415841015182204
0.18645970096981282,-0.1465823863636379,3.877665808959557e-11,-10.411429622688672
0.20638996129347412,-0.1465823863636379,3.881610316902358e-11,-10.410988066504007
0.22632022161713536,-0.1465823863636379,3.85041812388489e-11,-10.414492107105508
0.2462504819407966,-0.1465823863636379,3.7923656702637663e-11,-10.421089793453929
0.26618074226445787,-0.1465823863636379,3.721746134398645e-11,-10.42925325403974
0.28611100258811917,-0.1465823863636379,3.653580599587251e-11,-10.437281307486717
0.3060412629117804,-0.1465823863636379,3.598765826094237e-11,-10.443846412236741
0.32597152323544165,-0.1465823863636379,3.5625880477819443e-11,-10.448234393455486
0.34590178355910295,-0.1465823863636379,3.546591286531666e-11,-10.450188857265683
0.36583204388276425,-0.1465823863636379,3.5514996651454076e-11,-10.449588221939557
0.3857623042064255,-0.1465823863636379,3.578885439661383e-11,-10.446252203180041
0.40569256453008673,-0.1465823863636379,3.630291887907262e-11,-10.44005845479553
0.425622824853748,-0.1465823863636379,3.705057066482447e-11,-10.43120509848963
0.4455530851774093,-0.1465823863636379,3.797817477486148e-11,-10.420465911222323
0.4654833455010706,-0.1465823863636379,3.8978649008265395e-11,-10.409173217512478
0.4854136058247318,-0.1465823863636379,3.991348855021356e-11,-10.39888031200812
0.5053438661483931,-0.1465823863636379,4.065341884503327e-11,-10.390902925516471
0.5252741264720544,-0.1465823863636379,4.112123572750602e-11,-10.385933842904482
0.5452043867957156,-0.1465823863636379,4.1316411904905826e-11,-10.383877401517429
0.5651346471193769,-0.1465823863636379,4.131425589364787e-11,-10.383900064865491
0.5850649074430382,-0.1465823863636379,4.125101874301835e-11,-10.384565321562345
0.6049951677666995,-0.1465823863636379,4.129608899500324e-11,-10.384091076874277
0.6249254280903608,-0.1465823863636379,4.1624187830767075e-11,-10.380654227336851
0.644855688414022,-0.1465823863636379,4.238469220727008e-11,-10.372790966291491
0.6647859487376833,-0.1465823863636379,4.367488018708432e-11,-10.35976827773964
0.6847162090613446,-0.1465823863636379,4.551949882408104e-11,-10.341802528228413
0.7046464693850057,-0.1465823863636379,4.786417230030687e-11,-10.31998944680027
0.724576729708667,-0.1465823863636379,5.058412344756382e-11,-10.295985771323528
0.7445069900323283,-0.1465823863636379,5.349997218389212e-11,-10.271646443780366
0.7644372503559896,-0.1465823863636379,5.640093087489544e-11,-10.248713728100093
0.7843675106796509,-0.1465823863636379,5.90696180280099e-11,-10.228635837485946
0.8042977710033121,-0.1465823863636379,6.131008389199376e-11,-10.21246808961726
0.8242280313269734,-0.1465823863636379,6.297436938778763e-11,-10.200836172742518
-0.05270342291412242,-0.1396022727272742,3.809133755784138e-11,-10.419173777042632
-0.032773162590461154,-0.1396022727272742,3.5607472462000976e-11,-10.44845885291277
-0.012842902266799884,-0.1396022727272742,3.3831537109974506e-11,-10.470678269926628
0.007087358056861386,-0.1396022727272742,3.27490264997474e-11,-10.484801605353775
0.027017618380522655,-0.1396022727272742,3.2302604103799695e-11,-10.490762465213074
0.046947878704183925,-0.1396022727272742,3.2395077505123955e-11,-10.48952097666919
0.0668781390278452,-0.1396022727272742,3.29025805885236e-11,-10.482770038481503
0.08680839935150647,-0.1396022727272742,3.369272632074518e-11,-10.472463845707802
0.10673865967516774,-0.1396022727272742,3.463826663353054e-11,-10.460443849054462
0.126668919998829,-0.1396022727272742,3.5619897906580136e-11,-10.448307329641793
0.14659918032249028,-0.1396022727272742,3.651957129317365e-11,-10.437474329333298
0.16652944064615155,-0.1396022727272742,3.7216726317713106e-11,-10.429261831223547
0.18645970096981282,-0.1396022727272742,3.7598664558678415e-11,-10.424827580207888
0.20638996129347412,-0.1396022727272742,3.759041480415165e-11,-10.424922881890334
0.22632022161713536,-0.1396022727272742,3.719501037493312e-11,-10.429515315816317
0.2462504819407966,-0.1396022727272742,3.6510518116021574e-11,-10.437582003989945
0.26618074226445787,-0.1396022727272742,3.570409093275742e-11,-10.44728202008573
0.28611100258811917,-0.1396022727272742,3.4946730075937305e-11,-10.456593454436572
0.3060412629117804,-0.1396022727272742,3.43550094738011e-11,-10.464009927361205
0.32597152323544165,-0.1396022727272742,3.3974393146268315e-11,-10.468848291934123
0.34590178355910295,-0.1396022727272742,3.380869278014103e-11,-10.47097162099249
0.36583204388276425,-0.1396022727272742,3.3857770170961455e-11,-10.470341647359252
0.3857623042064255,-0.1396022727272742,3.4139685204791085e-11,-10.466740487745376
0.40569256453008673,-0.1396022727272742,3.4679324208542554e-11,-10.459929374153166
0.425622824853748,-0.1396022727272742,3.547924317664642e-11,-10.450025652868266
0.4455530851774093,-0.1396022727272742,3.648652912949284e-11,-10.437867447997451
0.4654833455010706,-0.1396022727272742,3.758218819933873e-11,-10.425017936975472
0.4854136058247318,-0.1396022727272742,3.8604974676546515e-11,-10.41335672809076
0.5053438661483931,-0.1396022727272742,3.940170170300597e-11,-10.40448502121336
0.5252741264720544,-0.1396022727272742,3.987892515001566e-11,-10.399256555669004
0.5452043867957156,-0.1396022727272742,4.003189018760584e-11,-10.397593903308174
0.5651346471193769,-0.1396022727272742,3.9944008608611965e-11,-10.398548353355103
0.5850649074430382,-0.1396022727272742,3.976732044610077e-11,-10.400473671138172
0.6049951677666995,-0.1396022727272742,3.96920003776204e-11,-10.40129701318479
0.6249254280903608,-0.1396022727272742,3.9914081361644473e-11,-10.39887386173703
0.644855688414022,-0.1396022727272742,4.0602282441473304e-11,-10.391449552041644
0.6647859487376833,-0.1396022727272742,4.1866257927756564e-11,-10.378135855300645
0.6847162090613446,-0.1396022727272742,4.3734319908142795e-11,-10.359177622595501
0.7046464693850057,-0.1396022727272742,4.614573740824069e-11,-10.335868409601837
0.724576729708667,-0.1396022727272742,4.8962279552451586e-11,-10.310138370805209
0.7445069900323283,-0.1396022727272742,5.1987201496117495e-11,-10.284103560283393
0.7644372503559896,-0.1396022727272742,5.4991946952063644e-11,-10.259700904148461
0.7843675106796509,-0.1396022727272742,5.774058986584079e-11,-10.238518783770656
0.8042977710033121,-0.1396022727272742,6.002262371759319e-11,-10.22168502455315
0.8242280313269734,-0.1396022727272742,6.16767699155243e-11,-10.209878378870792
-0.05270342291412242,-0.1326221590909105,3.636343137107318e-11,-10.439335142083486
-0.032773162590461154,-0.1326221590909105,3.385672624317798e-11,-10.470355038054004
-0.012842902266799884,-0.1326221590909105,3.208797908274136e-11,-10.493657634130777
0.007087358056861386,-0.1326221590909105,3.104622659801158e-11,-10.507991177041237
0.027017618380522655,-0.1326221590909105,3.067068674217252e-11,-10.51327649969417
0.046947878704183925,-0.1326221590909105,3.085362854547502e-11,-10.510693753361403
0.0668781390278452,-0.1326221590909105,3.1456394164792795e-11,-10.502291061880705
0.08680839935150647,-0.1326221590909105,3.233303452003491e-11,-10.49035353406887
0.10673865967516774,-0.1326221590909105,3.334824466326803e-11,-10.476927020911436
0.126668919998829,-0.1326221590909105,3.4380626283755974e-11,-10.463686216389455
0.14659918032249028,-0.1326221590909105,3.531203026415823e-11,-10.452077311970388
0.16652944064615155,-0.1326221590909105,3.6018824864122966e-11,-10.443470460404662
0.18645970096981282,-0.1326221590909105,3.63809193419925e-11,-10.439126330558143
0.20638996129347412,-0.1326221590909105,3.631628573866092e-11,-10.439898575505865
0.22632022161713536,-0.1326221590909105,3.5828867618035335e-11,-10.445766917622617
0.2462504819407966,-0.1326221590909105,3.5033353468651484e-11,-10.455518289081857
0.26618074226445787,-0.1326221590909105,3.412372350334373e-11,-10.466943585689586
0.28611100258811917,-0.1326221590909105,3.329442865744701e-11,-10.477628433333294
0.3060412629117804,-0.1326221590909105,3.266844749775525e-11,-10.4858715040057
0.32597152323544165,-0.1326221590909105,3.2280431981196363e-11,-10.491060662122377
0.34590178355910295,-0.1326221590909105,3.211781063272664e-11,-10.493254066834591
0.36583204388276425,-0.1326221590909105,3.217111594149143e-11,-10.49253387416716
0.3857623042064255,-0.1326221590909105,3.2461514451708985e-11,-10.488631222566546
0.40569256453008673,-0.1326221590909105,3.3026399732215364e-11,-10.481138766958095
0.425622824853748,-0.1326221590909105,3.3881582069932924e-11,-10.470036318878515
0.4455530851774093,-0.1326221590909105,3.49774123420566e-11,-10.456212323134498
0.4654833455010706,-0.1326221590909105,3.618174880102963e-11,-10.441510445870838
0.4854136058247318,-0.1326221590909105,3.7307769624699145e-11,-10.428200713667273
0.5053438661483931,-0.1326221590909105,3.817352890560544e-11,-10.418237690368153
0.5252741264720544,-0.1326221590909105,3.8666292823913384e-11,-10.412667464422823
0.5452043867957156,-0.1326221590909105,3.8776743697710356e-11,-10.411428663887872
0.5651346471193769,-0.1326221590909105,3.8597049155572476e-11,-10.413445896997647
0.5850649074430382,-0.1326221590909105,3.8297119791781105e-11,-10.416833886751263
0.6049951677666995,-0.1326221590909105,3.8090110633521327e-11,-10.419187765919835
0.6249254280903608,-0.1326221590909105,3.819607632909572e-11,-10.417981247458506
0.644855688414022,-0.1326221590909105,3.880553529565478e-11,-10.411106321392944
0.6647859487376833,-0.1326221590909105,4.004244356519786e-11,-10.397479427833563
0.6847162090613446,-0.1326221590909105,4.1938359993923935e-11,-10.377388556691733
0.7046464693850057,-0.1326221590909105,4.442493633433817e-11,-10.352373185912429
0.724576729708667,-0.1326221590909105,4.73485599597516e-11,-10.32469322491929
0.7445069900323283,-0.1326221590909105,5.049349955275657e-11,-10.296764528615617
0.7644372503559896,-0.1326221590909105,5.3611236194325437e-11,-10.270744178482877
0.7843675106796509,-0.1326221590909105,5.6447955723874024e-11,-10.248351781532053
0.8042977710033121,-0.1326221590909105,5.877603687631932e-11,-10.230799700685509
0.8242280313269734,-0.1326221590909105,6.042238356254913e-11,-10.218802146529733
-0.05270342291412242,-0.1256420454545468,3.465656657906516e-11,-10.460214464981188
-0.032773162590461154,-0.1256420454545468,3.2120739488852576e-11,-10.493214464880554
-0.012842902266799884,-0.1256420454545468,3.0355378024333624e-11,-10.517764354362113
0.007087358056861386,-0.1256420454545468,2.93540561253983e-11,-10.532331879725817
0.027017618380522655,-0.1256420454545468,2.905217161974959e-11,-10.536821398997422
0.046947878704183925,-0.1256420454545468,2.9328730091875985e-11,-10.532706741180057
0.0668781390278452,-0.1256420454545468,3.0026612308286105e-11,-10.5224936634324
0.08680839935150647,-0.1256420454545468,3.0982961965607914e-11,-10.508877066117517
0.10673865967516774,-0.1256420454545468,3.205403752526358e-11,-10.49411725898435
0.126668919998829,-0.1256420454545468,3.311952271760509e-11,-10.479915930419885
0.14659918032249028,-0.1256420454545468,3.406501409311831e-11,-10.46769142705154
0.16652944064615155,-0.1256420454545468,3.476698725708195e-11,-10.458832941594961
0.18645970096981282,-0.1256420454545468,3.509906304439682e-11,-10.454704476698831
0.20638996129347412,-0.1256420454545468,3.497091172092935e-11,-10.456293045122635
0.22632022161713536,-0.1256420454545468,3.438632194544031e-11,-10.463614275013267
0.2462504819407966,-0.1256420454545468,3.3475816927794654e-11,-10.47526881587221
0.26618074226445787,-0.1256420454545468,3.246361319203474e-11,-10.488603144952354
0.28611100258811917,-0.1256420454545468,3.156974142838494e-11,-10.500728975177326
0.3060412629117804,-0.1256420454545468,3.092278626674496e-11,-10.509721381320492
0.32597152323544165,-0.1256420454545468,3.0542316105203394e-11,-10.515098032323166
0.34590178355910295,-0.1256420454545468,3.039376671928028e-11,-10.517215474187013
0.36583204388276425,-0.1256420454545468,3.045610504081942e-11,-10.516325638342048
0.3857623042064255,-0.1256420454545468,3.0754516527065476e-11,-10.51209109586436
0.40569256453008673,-0.1256420454545468,3.1342725400793785e-11,-10.503863242230441
0.425622824853748,-0.1256420454545468,3.225462670898307e-11,-10.491407979941592
0.4455530851774093,-0.1256420454545468,3.344729172969777e-11,-10.475639041856253
0.4654833455010706,-0.1256420454545468,3.477498345639504e-11,-10.458733067944056
0.4854136058247318,-0.1256420454545468,3.602095525976847e-11,-10.443444774066592
0.5053438661483931,-0.1256420454545468,3.6969663960246846e-11,-10.432154496975548
0.5252741264720544,-0.1256420454545468,3.7485119538921214e-11,-10.426141099863592
0.5452043867957156,-0.1256420454545468,3.75527265641218e-11,-10.425358525004317
0.5651346471193769,-0.1256420454545468,3.727474738066628e-11,-10.428585291176226
0.5850649074430382,-0.1256420454545468,3.6840893275955424e-11,-10.43366984807033
0.6049951677666995,-0.1256420454545468,3.6489865824171764e-11,-10.43782773356407
0.6249254280903608,-0.1256420454545468,3.6468702242560186e-11,-10.438079691002725
0.644855688414022,-0.1256420454545468,3.6992485067378746e-11,-10.431886492831723
0.6647859487376833,-0.1256420454545468,3.8201487717540226e-11,-10.41791972360826
0.6847162090613446,-0.1256420454545468,4.013066149902406e-11,-10.396523681457086
0.7046464693850057,-0.1256420454545468,4.2701925477408614e-11,-10.369552541711272
0.724576729708667,-0.1256420454545468,4.5743880031791814e-11,-10.339667000968229
0.7445069900323283,-0.1256420454545468,4.901992002333736e-11,-10.309627401640686
0.7644372503559896,-0.1256420454545468,5.226106535033084e-11,-10.281821741354692
0.7843675106796509,-0.1256420454545468,5.5193139963124064e-11,-10.258114898019036
0.8042977710033121,-0.1256420454545468,5.757226079268426e-11,-10.239786715993723
0.8242280313269734,-0.1256420454545468,5.921366122531903e-11,-10.22757808533254
-0.05270342291412242,-0.11866193181818308,3.297207375400228e-11,-10.481853737370116
-0.032773162590461154,-0.11866193181818308,3.0399769957445005e-11,-10.517129702792241
-0.012842902266799884,-0.11866193181818308,2.863321249842141e-11,-10.543129923649056
0.007087358056861386,-0.11866193181818308,2.7672007476200003e-11,-10.557959333659495
0.027017618380522655,-0.11866193181818308,2.7446841858820098e-11,-10.561507619964097
0.046947878704183925,-0.11866193181818308,2.7820274748999298e-11,-10.555638585293465
0.0668781390278452,-0.11866193181818308,2.8611051639006805e-11,-10.543466178803483
0.08680839935150647,-0.11866193181818308,2.963488902875193e-11,-10.528196694687521
0.10673865967516774,-0.11866193181818308,3.074044830663472e-11,-10.512289803209795
0.126668919998829,-0.11866193181818308,3.181359235301281e-11,-10.497387288107266
0.14659918032249028,-0.11866193181818308,3.274992680595368e-11,-10.484789666292228
0.16652944064615155,-0.11866193181818308,3.342993565955311e-11,-10.475864459265281
0.18645970096981282,-0.11866193181818308,3.372258964284044e-11,-10.472079082196418
0.20638996129347412,-0.11866193181818308,3.3528257217286564e-11,-10.474589020403164
0.22632022161713536,-0.11866193181818308,3.284631876955085e-11,-10.483513296656898
0.2462504819407966,-0.11866193181818308,3.182238947299985e-11,-10.497267213250817
0.26618074226445787,-0.11866193181818308,3.0712367189072995e-11,-10.512686708547758
0.28611100258811917,-0.11866193181818308,2.9765301113412084e-11,-10.526289719655757
0.3060412629117804,-0.11866193181818308,2.9114652289460644e-11,-10.535888392218167
0.32597152323544165,-0.11866193181818308,2.8759920295189588e-11,-10.54121232188468
0.34590178355910295,-0.11866193181818308,2.863913625929872e-11,-10.543040084250949
0.36583204388276425,-0.11866193181818308,2.8715468085093682e-11,-10.541884099977752
0.3857623042064255,-0.11866193181818308,2.9019989062610206e-11,-10.537302755580189
0.40569256453008673,-0.11866193181818308,2.9627784656940676e-11,-10.52830082058323
0.425622824853748,-0.11866193181818308,3.059618474003674e-11,-10.514332725467868
0.4455530851774093,-0.11866193181818308,3.1893193486200796e-11,-10.496301992390894
0.4654833455010706,-0.11866193181818308,3.335982034258035e-11,-10.476776296896292
0.4854136058247318,-0.11866193181818308,3.474402547858291e-11,-10.459119865167704
0.5053438661483931,-0.11866193181818308,3.579078552818506e-11,-10.446228769706885
0.5252741264720544,-0.11866193181818308,3.633710160982255e-11,-10.439649716682931
0.5452043867957156,-0.11866193181818308,3.636185209991954e-11,-10.43935400398996
0.5651346471193769,-0.11866193181818308,3.597853769120817e-11,-10.443956492061753
0.5850649074430382,-0.11866193181818308,3.5399559716067644e-11,-10.451002139501654
0.6049951677666995,-0.11866193181818308,3.4890934442671e-11,-10.457287399200176
0.6249254280903608,-0.11866193181818308,3.473018051630239e-11,-10.459292959360408
0.644855688414022,-0.11866193181818308,3.51607388541653e-11,-10.45394200740613
0.6647859487376833,-0.11866193181818308,3.6341331351352416e-11,-10.4395991665174
0.6847162090613446,-0.11866193181818308,3.8309977601965234e-11,-10.416688101928322
0.7046464693850057,-0.11866193181818308,4.0976882005239957e-11,-10.387461090821024
0.724576729708667,-0.11866193181818308,4.414966029053277e-11,-10.355072633751524
0.7445069900323283,-0.11866193181818308,4.756867867724348e-11,-10.322678911879484
0.7644372503559896,-0.11866193181818308,5.0942745133480994e-11,-10.292917656070468
0.7843675106796509,-0.11866193181818308,5.397845147079031e-11,-10.267779578603832
0.8042977710033121,-0.11866193181818308,5.641424160382182e-11,-10.248611245853732
0.8242280313269734,-0.11866193181818308,5.805181735935156e-11,-10.236184179770651
-0.05270342291412242,-0.11168181818181937,3.1311557229604206e-11,-10.504295332913054
-0.032773162590461154,-0.11168181818181937,2.8694414781051398e-11,-10.542202628207555
-0.012842902266799884,-0.11168181818181937,2.692126022961869e-11,-10.569904613914671
0.007087358056861386,-0.11168181818181937,2.5999666831486173e-11,-10.585032217189728
0.027017618380522655,-0.11168181818181937,2.5854715638325053e-11,-10.587460234429734
0.046947878704183925,-0.11168181818181937,2.632772398610696e-11,-10.579586683734764
0.0668781390278452,-0.11168181818181937,2.7205467367557065e-11,-10.565343808871932
0.08680839935150647,-0.11168181818181937,2.8276623440710066e-11,-10.548572451615515
0.10673865967516774,-0.11168181818181937,2.93843984713679e-11,-10.531883195309955
0.126668919998829,-0.11168181818181937,3.0430495466412167e-11,-10.516690976443114
0.14659918032249028,-0.11168181818181937,3.1328901157050937e-11,-10.504054837477002
0.16652944064615155,-0.11168181818181937,3.196880931356238e-11,-10.49527353883558
0.18645970096981282,-0.11168181818181937,3.2216543236486136e-11,-10.491921060250041
0.20638996129347412,-0.11168181818181937,3.196007384814225e-11,-10.49539222585981
0.22632022161713536,-0.11168181818181937,3.118937775235822e-11,-10.505993289603643
0.2462504819407966,-0.11168181818181937,3.006011358580025e-11,-10.522009382711417
0.26618074226445787,-0.11168181818181937,2.886174289422252e-11,-10.539677446406477
0.28611100258811917,-0.11168181818181937,2.787663276630529e-11,-10.554759686073655
0.3060412629117804,-0.11168181818181937,2.724361794787687e-11,-10.564735218695269
0.32597152323544165,-0.11168181818181937,2.6936357529279745e-11,-10.569661132142583
0.34590178355910295,-0.11168181818181937,2.6858523049638157e-11,-10.570917872867156
0.36583204388276425,-0.11168181818181937,2.6954677834268087e-11,-10.569365854547115
0.3857623042064255,-0.11168181818181937,2.726216565823658e-11,-10.56443964754523
0.40569256453008673,-0.11168181818181937,2.788237917478315e-11,-10.55467017109071
0.425622824853748,-0.11168181818181937,2.8904601647644923e-11,-10.539033011530927
0.4455530851774093,-0.11168181818181937,3.0312722201249674e-11,-10.518375060534554
0.4654833455010706,-0.11168181818181937,3.193397095637037e-11,-10.495747074031454
0.4854136058247318,-0.11168181818181937,3.347635093347415e-11,-10.475261888069054
0.5053438661483931,-0.11168181818181937,3.4638172844371656e-11,-10.460445024984244
0.5252741264720544,-0.11168181818181937,3.522436945946046e-11,-10.453156772320177
0.5452043867957156,-0.11168181818181937,3.5206487049294047e-11,-10.453377307256433
0.5651346471193769,-0.11168181818181937,3.47106774076237e-11,-10.459536910629302
0.5850649074430382,-0.11168181818181937,3.3973994616527436e-11,-10.468853386367503
0.6049951677666995,-0.11168181818181937,3.329314473766823e-11,-10.477645181181181
0.6249254280903608,-0.11168181818181937,3.2979343510151184e-11,-10.481757993711405
0.644855688414022,-0.11168181818181937,3.3308323983231234e-11,-10.477447219699904
0.6647859487376833,-0.11168181818181937,3.446008660291985e-11,-10.462683635445073
0.6847162090613446,-0.11168181818181937,3.647582331045495e-11,-10.437994896688735
0.7046464693850057,-0.11168181818181937,3.925053053486083e-11,-10.40615446868165
0.724576729708667,-0.11168181818181937,4.256765786606941e-11,-10.370920244674277
0.7445069900323283,-0.11168181818181937,4.614181707982645e-11,-10.335905306819624
0.7644372503559896,-0.11168181818181937,4.965915460117018e-11,-10.304000678159868
0.7843675106796509,-0.11168181818181937,5.280525351160105e-11,-10.27732286804194
0.8042977710033121,-0.11168181818181937,5.53027538340675e-11,-10.25725324220051
0.8242280313269734,-0.11168181818181937,5.693970272404884e-11,-10.244584804587065
-0.05270342291412242,-0.10470170454545566,2.9677070431186076e-11,-10.527578972610176
-0.032773162590461154,-0.10470170454545566,2.7005490238930674e-11,-10.56854793443056
-0.012842902266799884,-0.10470170454545566,2.5219307720478244e-11,-10.598266839146866
0.007087358056861386,-0.10470170454545566,2.4336510552866226e-11,-10.613741692181335
0.027017618380522655,-0.10470170454545566,2.427571443204232e-11,-10.614827979985233
0.046947878704183925,-0.10470170454545566,2.4849831923376124e-11,-10.604676544355081
0.0668781390278452,-0.10470170454545566,2.580256860702396e-11,-10.5883370585201
0.08680839935150647,-0.10470170454545566,2.6887906804180794e-11,-10.570443005838348
0.10673865967516774,-0.10470170454545566,2.7951123500859715e-11,-10.553600730875324
0.126668919998829,-0.10470170454545566,2.8925845689985857e-11,-10.53871393494751
0.14659918032249028,-0.10470170454545566,2.975495493318322e-11,-10.526440703180556
0.16652944064615155,-0.10470170454545566,3.033934488489972e-11,-10.51799380113481
0.18645970096981282,-0.10470170454545566,3.054369210871784e-11,-10.515078466771218
0.20638996129347412,-0.10470170454545566,3.024049922079135e-11,-10.51941104362568
0.22632022161713536,-0.10470170454545566,2.940046126476528e-11,-10.531645855874551
0.2462504819407966,-0.10470170454545566,2.818192549411744e-11,-10.550029337596348
0.26618074226445787,-0.10470170454545566,2.690905916989525e-11,-10.570101486348687
0.28611100258811917,-0.10470170454545566,2.5903978452183214e-11,-10.58663352985158
0.3060412629117804,-0.10470170454545566,2.531263498378222e-11,-10.596662643488449
0.32597152323544165,-0.10470170454545566,2.507761452696455e-11,-10.600713777532246
0.34590178355910295,-0.10470170454545566,2.5060092551743618e-11,-10.601017329405822
0.36583204388276425,-0.10470170454545566,2.518142923348796e-11,-10.59891962408511
0.3857623042064255,-0.10470170454545566,2.548641321945643e-11,-10.593691279815314
0.40569256453008673,-0.10470170454545566,2.610923844342904e-11,-10.583205795532088
0.425622824853748,-0.10470170454545566,2.7179419569942943e-11,-10.565759822079702
0.4455530851774093,-0.10470170454545566,2.8703600541485395e-11,-10.542063622526602
0.4654833455010706,-0.10470170454545566,3.049606854728417e-11,-10.515756144858864
0.4854136058247318,-0.10470170454545566,3.221825867390343e-11,-10.491897935945087
0.5053438661483931,-0.10470170454545566,3.3513351367541883e-11,-10.474782140124946
0.5252741264720544,-0.10470170454545566,3.4149314269551244e-11,-10.466618012683474
0.5452043867957156,-0.10470170454545566,3.4089058435225526e-11,-10.46738499413729
0.5651346471193769,-0.10470170454545566,3.347332659043157e-11,-10.475301125166059
0.5850649074430382,-0.10470170454545566,3.2565976460981824e-11,-10.487235895372336
0.6049951677666995,-0.10470170454545566,3.169690359314837e-11,-10.498983161065855
0.6249254280903608,-0.10470170454545566,3.121499411662312e-11,-10.505636742588157
0.644855688414022,-0.10470170454545566,3.1432963072754276e-11,-10.502614677668657
0.6647859487376833,-0.10470170454545566,3.2556181085875966e-11,-10.487366544526141
0.6847162090613446,-0.10470170454545566,3.462812832662281e-11,-10.460570981721894
0.7046464693850057,-0.10470170454545566,3.7524758540950055e-11,-10.425682093612883
0.724576729708667,-0.10470170454545566,4.1000746272787834e-11,-10.387208238421627
0.7445069900323283,-0.10470170454545566,4.4742461596034985e-11,-10.34928012600233
0.7644372503559896,-0.10470170454545566,4.841227569063844e-11,-10.315044502224682
0.7843675106796509,-0.10470170454545566,5.1676700988559205e-11,-10.286705219242776
0.8042977710033121,-0.10470170454545566,5.4240160410789156e-11,-10.265679034749077
0.8242280313269734,-0.10470170454545566,5.587911786094966e-11,-10.252750458519664
-0.05270342291412242,-0.09772159090909194,2.8071158569993244e-11,-10.551739662528673
-0.032773162590461154,-0.09772159090909194,2.5333939789810958e-11,-10.596297265956665
-0.012842902266799884,-0.09772159090909194,2.352703843698273e-11,-10.628432737992915
0.007087358056861386,-0.09772159090909194,2.2682104727204047e-11,-10.644316648676844
0.027017618380522655,-0.09772159090909194,2.270953331847121e-11,-10.643791790452006
0.046947878704183925,-0.09772159090909194,2.33838708066112e-11,-10.631083597074621
0.0668781390278452,-0.09772159090909194,2.4388503448578025e-11,-10.612814848475335
0.08680839935150647,-0.09772159090909194,2.543523913253408e-11,-10.594564174940361
0.10673865967516774,-0.09772159090909194,2.6389339242629637e-11,-10.578571483856207
0.126668919998829,-0.09772159090909194,2.7242617146783978e-11,-10.564751172904305
0.14659918032249028,-0.09772159090909194,2.7975161636798052e-11,-10.553227395496068
0.16652944064615155,-0.09772159090909194,2.8497562545239594e-11,-10.545192284497524
0.18645970096981282,-0.09772159090909194,2.867206892887045e-11,-10.54254096795435
0.20638996129347412,-0.09772159090909194,2.8351376393532893e-11,-10.547425852269978
0.22632022161713536,-0.09772159090909194,2.7474258862638093e-11,-10.561074014144069
0.2462504819407966,-0.09772159090909194,2.619002299486072e-11,-10.581864120263704
0.26618074226445787,-0.09772159090909194,2.4859414239910792e-11,-10.60450910881471
0.28611100258811917,-0.09772159090909194,2.385312791822758e-11,-10.622454662806065
0.3060412629117804,-0.09772159090909194,2.3328931440110122e-11,-10.632105153203321
0.32597152323544165,-0.09772159090909194,2.3192969916442245e-11,-10.634643635331962
0.34590178355910295,-0.09772159090909194,2.3254787418856763e-11,-10.633487626190712
0.36583204388276425,-0.09772159090909194,2.3406510613541662e-11,-10.63066332505759
0.3857623042064255,-0.09772159090909194,2.3701329382449917e-11,-10.625227294189443
0.40569256453008673,-0.09772159090909194,2.431298039405483e-11,-10.614161800130177
0.425622824853748,-0.09772159090909194,2.5421399193400706e-11,-10.594800549562896
0.4455530851774093,-0.09772159090909194,2.7065048955474776e-11,-10.567591183016914
0.4654833455010706,-0.09772159090909194,2.9045116741608798e-11,-10.536926873615894
0.4854136058247318,-0.09772159090909194,3.09698563914876e-11,-10.509060808480124
0.5053438661483931,-0.09772159090909194,3.2418100783916596e-11,-10.489212431906552
0.5252741264720544,-0.09772159090909194,3.3114547293676353e-11,-10.479981177781585
0.5452043867957156,-0.09772159090909194,3.301250037428183e-11,-10.481321580861172
0.5651346471193769,-0.09772159090909194,3.226936349459688e-11,-10.491209600865401
0.5850649074430382,-0.09772159090909194,3.117774654230645e-11,-10.506155277845332
0.6049951677666995,-0.09772159090909194,3.010321745104605e-11,-10.52138708425469
0.6249254280903608,-0.09772159090909194,2.943631266147941e-11,-10.531116592808292
0.644855688414022,-0.09772159090909194,2.9532918123712956e-11,-10.529693638628816
0.6647859487376833,-0.09772159090909194,3.06282786042083e-11,-10.513877411084433
0.6847162090613446,-0.09772159090909194,3.27675027526645e-11,-10.48455665541542
0.7046464693850057,-0.09772159090909194,3.5802081523892696e-11,-10.446091722851627
0.724576729708667,-0.09772159090909194,3.945230050721903e-11,-10.403927667525258
0.7445069900323283,-0.09772159090909194,4.337452228388362e-11,-10.362765295385294
0.7644372503559896,-0.09772159090909194,4.7206451754212094e-11,-10.325998641836872
0.7843675106796509,-0.09772159090909194,5.059538992940101e-11,-10.29588905271421
0.8042977710033121,-0.09772159090909194,5.322891482952342e-11,-10.273852387638138
0.8242280313269734,-0.09772159090909194,5.4872125839562575e-11,-10.260648214170473
-0.05270342291412242,-0.09074147727272823,2.6497089916592218e-11,-10.57680182049959
-0.032773162590461154,-0.09074147727272823,2.3681371018627156e-11,-10.625593158005362
-0.012842902266799884,-0.09074147727272823,2.1844293553851948e-11,-10.660661995844542
0.007087358056861386,-0.09074147727272823,2.103588201200112e-11,-10.677039273762771
0.027017618380522655,-0.09074147727272823,2.115567942732422e-11,-10.674573022481137
0.046947878704183925,-0.09074147727272823,2.192370713993594e-11,-10.659086007929854
0.0668781390278452,-0.09074147727272823,2.2937680332452863e-11,-10.639450504035167
0.08680839935150647,-0.09074147727272823,2.3863497725285394e-11,-10.622265900503878
0.10673865967516774,-0.09074147727272823,2.4627273091617225e-11,-10.608583673699952
0.126668919998829,-0.09074147727272823,2.531537424945183e-11,-10.596615647843786
0.14659918032249028,-0.09074147727272823,2.594104813213214e-11,-10.586012480495379
0.16652944064615155,-0.09074147727272823,2.6411036673483682e-11,-10.578214551737512
0.18645970096981282,-0.09074147727272823,2.65839714214285e-11,-10.575380138608768
0.20638996129347412,-0.09074147727272823,2.629005315661742e-11,-10.5802085357802
0.22632022161713536,-0.09074147727272823,2.5419923619116938e-11,-10.594825758732675
0.2462504819407966,-0.09074147727272823,2.4099293947934078e-11,-10.61799568103542
0.26618074226445787,-0.09074147727272823,2.2727232103437162e-11,-10.643453452766016
0.28611100258811917,-0.09074147727272823,2.1736791600498438e-11,-10.662804558365087
0.3060412629117804,-0.09074147727272823,2.1304491677776496e-11,-10.671528823546154
0.32597152323544165,-0.09074147727272823,2.1295410363915484e-11,-10.67171398662724
0.34590178355910295,-0.09074147727272823,2.1456481715425152e-11,-10.668441489119502
0.36583204388276425,-0.09074147727272823,2.1643395204655554e-11,-10.664674610340573
0.3857623042064255,-0.09074147727272823,2.19178068153037e-11,-10.659202905281862
0.40569256453008673,-0.09074147727272823,2.2499984239419755e-11,-10.6478177860991
0.425622824853748,-0.09074147727272823,2.363297193078737e-11,-10.626481660848228
0.4455530851774093,-0.09074147727272823,2.5396985052514452e-11,-10.595217836638838
0.4654833455010706,-0.09074147727272823,2.7581506107963947e-11,-10.559382022550347
0.4854136058247318,-0.09074147727272823,2.973260867906916e-11,-10.526766985002173
0.5053438661483931,-0.09074147727272823,3.13546048038578e-11,-10.503698668739228
0.5252741264720544,-0.09074147727272823,3.2122973874631517e-11,-10.493184255499314
0.5452043867957156,-0.09074147727272823,3.198030298780248e-11,-10.495117425977297
0.5651346471193769,-0.09074147727272823,3.11020259239986e-11,-10.507211320974546
0.5850649074430382,-0.09074147727272823,2.9812120246665524e-11,-10.525607135719058
0.6049951677666995,-0.09074147727272823,2.8513746298005003e-11,-10.54494571886506
0.6249254280903608,-0.09074147727272823,2.764298137472884e-11,-10.558415118867773
0.644855688414022,-0.09074147727272823,2.7606323774078033e-11,-10.55899142280411
0.6647859487376833,-0.09074147727272823,2.867540496816872e-11,-10.542490440063169
0.6847162090613446,-0.09074147727272823,3.089546389710675e-11,-10.510105279444675
0.7046464693850057,-0.09074147727272823,3.4086074853620146e-11,-10.467423006619727
0.724576729708667,-0.09074147727272823,3.792717703379944e-11,-10.421049481164035
0.7445069900323283,-0.09074147727272823,4.2042183942115676e-11,-10.376314732002161
0.7644372503559896,-0.09074147727272823,4.604483572029177e-11,-10.336819072176148
0.7843675106796509,-0.09074147727272823,4.9564645844843285e-11,-10.304827992646754
0.8042977710033121,-0.09074147727272823,5.2272152124801456e-11,-10.281729618963187
0.8242280313269734,-0.09074147727272823,5.39206156879633e-11,-10.268245157489828
-0.05270342291412242,-0.08376136363636452,2.4958934524586608e-11,-10.602773958251204
-0.032773162590461154,-0.08376136363636452,2.2049800555227443e-11,-10.656595334457181
-0.012842902266799884,-0.08376136363636452,2.017100915765638e-11,-10.695272373446235
0.007087358056861386,-0.08376136363636452,1.9397154069063246e-11,-10.712261984645421
0.027017618380522655,-0.08376136363636452,1.9612681267275708e-11,-10.70746302948461
0.046947878704183925,-0.08376136363636452,2.0456256349854185e-11,-10.689173842537963
0.0668781390278452,-0.08376136363636452,2.1402170851102622e-11,-10.66954217334057
0.08680839935150647,-0.08376136363636452,2.2086278379630275e-11,-10.655877458205396
0.10673865967516774,-0.08376136363636452,2.257628465233944e-11,-10.646347527767574
0.126668919998829,-0.08376136363636452,2.3086067652355152e-11,-10.636650036001098
0.14659918032249028,-0.08376136363636452,2.3627294912129278e-11,-10.62658599787607
0.16652944064615155,-0.08376136363636452,2.4075363853613577e-11,-10.618427140613708
0.18645970096981282,-0.08376136363636452,2.4288373808197265e-11,-10.614601561760072
0.20638996129347412,-0.08376136363636452,2.407677057710979e-11,-10.618401765528704
0.22632022161713536,-0.08376136363636452,2.326554375905365e-11,-10.633286792741854
0.2462504819407966,-0.08376136363636452,2.193847486297086e-11,-10.658793567354678
0.26618074226445787,-0.08376136363636452,2.0537092521428155e-11,-10.687461040353027
0.28611100258811917,-0.08376136363636452,1.957440587845009e-11,-10.70831141075796
0.3060412629117804,-0.08376136363636452,1.9255851844885304e-11,-10.715437264195236
0.32597152323544165,-0.08376136363636452,1.940119942517163e-11,-10.712171420191865
0.34590178355910295,-0.08376136363636452,1.9681822879346375e-11,-10.705934680814275
0.36583204388276425,-0.08376136363636452,1.9908089509584598e-11,-10.700970415274243
0.3857623042064255,-0.08376136363636452,2.014890150977724e-11,-10.69574862601153
0.40569256453008673,-0.08376136363636452,2.0678816273650587e-11,-10.684474325371875
0.425622824853748,-0.08376136363636452,2.181798223778963e-11,-10.661185416145178
0.4455530851774093,-0.08376136363636452,2.3701257242708135e-11,-10.62522861605367
0.4654833455010706,-0.08376136363636452,2.6106646528868685e-11,-10.583248910924757
0.4854136058247318,-0.08376136363636452,2.8508798723678955e-11,-10.545021082187871
0.5053438661483931,-0.08376136363636452,3.032617497864846e-11,-10.51818236352461
0.5252741264720544,-0.08376136363636452,3.117803369550725e-11,-10.506151277925836
0.5452043867957156,-0.08376136363636452,3.099576174620116e-11,-10.508697686039085
0.5651346471193769,-0.08376136363636452,2.997538585139375e-11,-10.523235217835365
0.5850649074430382,-0.08376136363636452,2.8473319788474414e-11,-10.545561894224228
0.6049951677666995,-0.08376136363636452,2.69313530658123e-11,-10.569741826527068
0.6249254280903608,-0.08376136363636452,2.5835320269830265e-11,-10.587786150315035
0.644855688414022,-0.08376136363636452,2.5651896680323473e-11,-10.590880517985102
0.6647859487376833,-0.08376136363636452,2.6697093541231317e-11,-10.573536016826901
0.6847162090613446,-0.08376136363636452,2.9014470732989492e-11,-10.537385347203141
0.7046464693850057,-0.08376136363636452,3.23821335977868e-11,-10.489694539794552
0.724576729708667,-0.08376136363636452,3.6431684429928345e-11,-10.438520748557389
0.7445069900323283,-0.08376136363636452,4.075140509547896e-11,-10.389857412330317
0.7644372503559896,-0.08376136363636452,4.493208696373773e-11,-10.34744340923279
0.7843675106796509,-0.08376136363636452,4.8586689721871976e-11,-10.31348268901062
0.8042977710033121,-0.08376136363636452,5.1371096311617353e-11,-10.28928116588934
0.8242280313269734,-0.08376136363636452,5.3027600672121756e-11,-10.275498022861285
-0.05270342291412242,-0.07678125000000081,2.3461899588745387e-11,-10.629636828217425
-0.032773162590461154,-0.07678125000000081,2.0442030348917922e-11,-10.689475971279974
-0.012842902266799884,-0.07678125000000081,1.8507356650774823e-11,-10.73265560577224
0.007087358056861386,-0.07678125000000081,1.7765315533551e-11,-10.750427074509407
0.027017618380522655,-0.07678125000000081,1.8077077042222032e-11,-10.742871791065165
0.046947878704183925,-0.07678125000000081,1.8953377734007587e-11,-10.72231338197453
0.0668781390278452,-0.07678125000000081,1.9695029553738804e-11,-10.705643363165779
0.08680839935150647,-0.07678125000000081,1.9981866941305077e-11,-10.69936393730982
0.10673865967516774,-0.07678125000000081,2.0153127258338152e-11,-10.69565755271598
0.126668919998829,-0.07678125000000081,2.053460770038892e-11,-10.687513589629601
0.14659918032249028,-0.07678125000000081,2.1056075084633746e-11,-10.676622579396687
0.16652944064615155,-0.07678125000000081,2.1528796443571424e-11,-10.666980248510274
0.18645970096981282,-0.07678125000000081,2.18277932665928e-11,-10.66099016811975
0.20638996129347412,-0.07678125000000081,2.175712832799304e-11,-10.662398426694773
0.22632022161713536,-0.07678125000000081,2.1057509744479666e-11,-10.676592989664194
0.2462504819407966,-0.07678125000000081,1.9749375005092965e-11,-10.704446643639253
0.26618074226445787,-0.07678125000000081,1.8322137778040624e-11,-10.737023855392984
0.28611100258811917,-0.07678125000000081,1.7390967129922564e-11,-10.759676265754068
0.3060412629117804,-0.07678125000000081,1.7202944209368576e-11,-10.76439721911233
0.32597152323544165,-0.07678125000000081,1.752884082986244e-11,-10.75624680255078
0.34590178355910295,-0.07678125000000081,1.7949852526589422e-11,-10.7459391151721
0.36583204388276425,-0.07678125000000081,1.821886325473309e-11,-10.739478723828322
0.3857623042064255,-0.07678125000000081,1.841027325122583e-11,-10.734939765509083
0.40569256453008673,-0.07678125000000081,1.8859682381823066e-11,-10.724465625542653
0.425622824853748,-0.07678125000000081,1.9981826861106817e-11,-10.699364808430946
0.4455530851774093,-0.07678125000000081,2.198119964352544e-11,-10.65794860925802
0.4654833455010706,-0.07678125000000081,2.462408041973898e-11,-10.60863997914873
0.4854136058247318,-0.07678125000000081,2.730226925506333e-11,-10.563801254644428
0.5053438661483931,-0.07678125000000081,2.9336306258113315e-11,-10.532594569180723
0.5252741264720544,-0.07678125000000081,3.0283209077678847e-11,-10.518798105034524
0.5452043867957156,-0.07678125000000081,3.0063013370834534e-11,-10.521967489992132
0.5651346471193769,-0.07678125000000081,2.8894046538234262e-11,-10.539191632051226
0.5850649074430382,-0.07678125000000081,2.7166414567460062e-11,-10.565967676131919
0.6049951677666995,-0.07678125000000081,2.5360221806933756e-11,-10.595846952323976
0.6249254280903608,-0.07678125000000081,2.4015056564494805e-11,-10.619516386096889
0.644855688414022,-0.07678125000000081,2.3668563626398786e-11,-10.625828097290906
0.6647859487376833,-0.07678125000000081,2.469355436921244e-11,-10.607416393590347
0.6847162090613446,-0.07678125000000081,2.7128896306456798e-11,-10.566567874419963
0.7046464693850057,-0.07678125000000081,3.069713990353461e-11,-10.512902086476432
0.724576729708667,-0.07678125000000081,3.4973101267099873e-11,-10.456265854580389
0.7445069900323283,-0.07678125000000081,3.950840800032841e-11,-10.40331046995415
0.7644372503559896,-0.07678125000000081,4.387362340985546e-11,-10.35779649684823
0.7843675106796509,-0.07678125000000081,4.7665603356689725e-11,-10.321794905257528
0.8042977710033121,-0.07678125000000081,5.052876389331384e-11,-10.296461325962822
0.8242280313269734,-0.07678125000000081,5.219476033439442e-11,-10.282373092248191
-0.05270342291412242,-0.0698011363636371,2.2012517932643988e-11,-10.657330277223638
-0.032773162590461154,-0.0698011363636371,1.8861978398932493e-11,-10.724412756843789
-0.012842902266799884,-0.0698011363636371,1.685364481179739e-11,-10.773306163013679
0.007087358056861386,-0.0698011363636371,1.6139439471835025e-11,-10.792111552545562
0.027017618380522655,-0.0698011363636371,1.6540779405181633e-11,-10.781444030249341
0.046947878704183925,-0.0698011363636371,1.7354940566465984e-11,-10.760576869270015
0.0668781390278452,-0.0698011363636371,1.7671065534594658e-11,-10.75273726249987
0.08680839935150647,-0.0698011363636371,1.7422685961229446e-11,-10.758884891336416
0.10673865967516774,-0.0698011363636371,1.7335378219444298e-11,-10.761066678563354
0.126668919998829,-0.0698011363636371,1.771740105259463e-11,-10.751599983989454
0.14659918032249028,-0.0698011363636371,1.8313448045534285e-11,-10.737229879282744
0.16652944064615155,-0.0698011363636371,1.8856141266148162e-11,-10.724547176830846
0.18645970096981282,-0.0698011363636371,1.9276871186256727e-11,-10.714963454707704
0.20638996129347412,-0.0698011363636371,1.9398506505848464e-11,-10.712231705185065
0.22632022161713536,-0.0698011363636371,1.8856270966885798e-11,-10.724544189574857
0.2462504819407966,-0.0698011363636371,1.758229780898069e-11,-10.754924368138862
0.26618074226445787,-0.0698011363636371,1.612086982287645e-11,-10.79261152896492
0.28611100258811917,-0.0698011363636371,1.5215332718363077e-11,-10.817718546350887
0.3060412629117804,-0.0698011363636371,1.5168359438340788e-11,-10.819061388587336
0.32597152323544165,-0.0698011363636371,1.5698593026879926e-11,-10.804139269122194
0.34590178355910295,-0.0698011363636371,1.6280542930758786e-11,-10.78833111616052
0.36583204388276425,-0.0698011363636371,1.659517614152757e-11,-10.780018133620699
0.3857623042064255,-0.0698011363636371,1.671849305902547e-11,-10.776802870775231
0.40569256453008673,-0.0698011363636371,1.70541716084832e-11,-10.768169371220061
0.425622824853748,-0.0698011363636371,1.813092294516551e-11,-10.74158008780795
0.4455530851774093,-0.0698011363636371,2.024207107135984e-11,-10.693745054636207
0.4654833455010706,-0.0698011363636371,2.313980259480838e-11,-10.635640350325977
0.4854136058247318,-0.0698011363636371,2.6118426378999114e-11,-10.583052992615363
0.5053438661483931,-0.0698011363636371,2.8389641846742786e-11,-10.546840086338687
0.5252741264720544,-0.0698011363636371,2.94426269099984e-11,-10.531023444279475
0.5452043867957156,-0.0698011363636371,2.918637174999281e-11,-10.53481989017454
0.5651346471193769,-0.0698011363636371,2.7863780026804858e-11,-10.554959967114344
0.5850649074430382,-0.0698011363636371,2.5898107672706806e-11,-10.586731967861812
0.6049951677666995,-0.0698011363636371,2.3806580802163753e-11,-10.623302975253843
0.6249254280903608,-0.0698011363636371,2.2184680903012574e-11,-10.653946813648236
0.644855688414022,-0.0698011363636371,2.1655865427175184e-11,-10.664424456000795
0.6647859487376833,-0.0698011363636371,2.2666046548839845e-11,-10.644624223664941
0.6847162090613446,-0.0698011363636371,2.5244743376522546e-11,-10.59782903973287
0.7046464693850057,-0.0698011363636371,2.9040661379151987e-11,-10.536993497130162
0.724576729708667,-0.0698011363636371,3.3560861164993236e-11,-10.47416690379071
0.7445069900323283,-0.0698011363636371,3.832108050784467e-11,-10.416562253978178
0.7644372503559896,-0.0698011363636371,4.287411780663155e-11,-10.367804803057712
0.7843675106796509,-0.0698011363636371,4.6805177611407066e-11,-10.32970610240263
0.8042977710033121,-0.0698011363636371,4.9747818170194553e-11,-10.303225961700639
0.8242280313269734,-0.0698011363636371,5.1424914553506416e-11,-10.288826421246686
-0.05270342291412242,-0.0628210227272734,2.0618998545779496e-11,-10.685732432001277
-0.032773162590461154,-0.0628210227272734,1.731505801865147e-11,-10.761576048894309
-0.012842902266799884,-0.0628210227272734,1.521064139458536e-11,-10.81785247245219
0.007087358056861386,-0.0628210227272734,1.451828175089812e-11,-10.838084779659336
0.027017618380522655,-0.0628210227272734,1.498398044978391e-11,-10.824372802274336
0.046947878704183925,-0.0628210227272734,1.5537044176374205e-11,-10.808631599434081
0.0668781390278452,-0.0628210227272734,1.5143524860427128e-11,-10.819773025149107
0.08680839935150647,-0.0628210227272734,1.43760473059648e-11,-10.842360506802972
0.10673865967516774,-0.0628210227272734,1.4232328513179206e-11,-10.846724040344707
0.126668919998829,-0.0628210227272734,1.478303929620167e-11,-10.830236268656115
0.14659918032249028,-0.0628210227272734,1.5540630056408154e-11,-10.808531377782566
0.16652944064615155,-0.0628210227272734,1.617392088068353e-11,-10.791184685694711
0.18645970096981282,-0.0628210227272734,1.6727845779052853e-11,-10.776559984112854
0.20638996129347412,-0.0628210227272734,1.707835057949264e-11,-10.767554075615118
0.22632022161713536,-0.0628210227272734,1.672800419270099e-11,-10.776555871338957
0.2462504819407966,-0.0628210227272734,1.54898668567469e-11,-10.809952315205845
0.26618074226445787,-0.0628210227272734,1.3972607233460917e-11,-10.854722548684922
0.28611100258811917,-0.0628210227272734,1.3077616396176831e-11,-10.883471405883409
0.3060412629117804,-0.0628210227272734,1.317528092872221e-11,-10.880240115812333
0.32597152323544165,-0.0628210227272734,1.393109883724263e-11,-10.856014626567436
0.34590178355910295,-0.0628210227272734,1.469440908167633e-11,-10.832847873880395
0.36583204388276425,-0.0628210227272734,1.505707512254117e-11,-10.822259382817135
0.3857623042064255,-0.0628210227272734,1.5091497169997957e-11,-10.821267673384453
0.40569256453008673,-0.0628210227272734,1.5274530591153446e-11,-10.816032127390107
0.425622824853748,-0.0628210227272734,1.6272590335879394e-11,-10.788543308831091
0.4455530851774093,-0.0628210227272734,1.8491680137493518e-11,-10.733023627440476
0.4654833455010706,-0.0628210227272734,2.166292167644668e-11,-10.664282970499766
0.4854136058247318,-0.0628210227272734,2.496531896587082e-11,-10.602662880871332
0.5053438661483931,-0.0628210227272734,2.749178244140812e-11,-10.560797101576226
0.5252741264720544,-0.0628210227272734,2.8660670384567004e-11,-10.542713655497879
0.5452043867957156,-0.0628210227272734,2.8370790709723068e-11,-10.547128560006612
0.5651346471193769,-0.0628210227272734,2.6890953246803544e-11,-10.570393802369896
0.5850649074430382,-0.0628210227272734,2.4677040837126726e-11,-10.607706920212479
0.6049951677666995,-0.0628210227272734,2.227919610050589e-11,-10.652100483848983
0.6249254280903608,-0.0628210227272734,2.0349073820589748e-11,-10.69145535271693
0.644855688414022,-0.0628210227272734,1.96137620074674e-11,-10.707439098714314
0.6647859487376833,-0.0628210227272734,2.0616782989276046e-11,-10.685779100400852
0.6847162090613446,-0.0628210227272734,2.3370915037365442e-11,-10.63132428341869
0.7046464693850057,-0.0628210227272734,2.7424543332762843e-11,-10.561860595465646
0.724576729708667,-0.0628210227272734,3.2206374860798213e-11,-10.49205815647661
0.7445069900323283,-0.0628210227272734,3.7198230254731967e-11,-10.429477721647329
0.7644372503559896,-0.0628210227272734,4.1939684394895034e-11,-10.377374842017343
0.7843675106796509,-0.0628210227272734,4.600891624194406e-11,-10.33715799659147
0.8042977710033121,-0.0628210227272734,4.90309511250658e-11,-10.309529682026895
0.8242280313269734,-0.0628210227272734,5.0720186302618254e-11,-10.294819159896623
-0.05270342291412242,-0.05584090909090968,1.9291668418235677e-11,-10.714630211262289
-0.032773162590461154,-0.05584090909090968,1.580887231065331e-11,-10.801099108355439
-0.012842902266799884,-0.05584090909090968,1.3579762309691723e-11,-10.867107831564551
0.007087358056861386,-0.05584090909090968,1.2899967195277887e-11,-10.889411394113766
0.027017618380522655,-0.05584090909090968,1.3356795954132614e-11,-10.87429770850149
0.046947878704183925,-0.05584090909090968,1.3278967254861361e-11,-10.876835700039964
0.0668781390278452,-0.05584090909090968,1.2032823182195458e-11,-10.919632465045638
0.08680839935150647,-0.05584090909090968,1.1045340395840115e-11,-10.956820895477739
0.10673865967516774,-0.05584090909090968,1.1097603221522765e-11,-10.954770806804577
0.126668919998829,-0.05584090909090968,1.1937235067288559e-11,-10.923096253949888
0.14659918032249028,-0.05584090909090968,1.289736512598521e-11,-10.889499005059356
0.16652944064615155,-0.05584090909090968,1.360133959469062e-11,-10.866418315899523
0.18645970096981282,-0.05584090909090968,1.4269811193483706e-11,-10.84558177307811
0.20638996129347412,-0.05584090909090968,1.4870540917254136e-11,-10.827673233690149
0.22632022161713536,-0.05584090909090968,1.4734391794873282e-11,-10.831667786219343
0.2462504819407966,-0.05584090909090968,1.3519928484534094e-11,-10.869025605646923
0.26618074226445787,-0.05584090909090968,1.1912838735014279e-11,-10.923984737253429
0.28611100258811917,-0.05584090909090968,1.1006663942395445e-11,-10.958344293285569
0.3060412629117804,-0.05584090909090968,1.1246263924016168e-11,-10.948991728811775
0.32597152323544165,-0.05584090909090968,1.2246274838702107e-11,-10.911995998077458
0.34590178355910295,-0.05584090909090968,1.3211342783830748e-11,-10.879053039011431
0.36583204388276425,-0.05584090909090968,1.3624283188785251e-11,-10.865686337883933
0.3857623042064255,-0.05584090909090968,1.3547387945500375e-11,-10.868144432480333
0.40569256453008673,-0.05584090909090968,1.353323088801439e-11,-10.868598508699495
0.425622824853748,-0.05584090909090968,1.4414509601108844e-11,-10.841200128243182
0.4455530851774093,-0.05584090909090968,1.6740023391260306e-11,-10.776243939491613
0.4654833455010706,-0.05584090909090968,2.0206028051476802e-11,-10.69451904842721
0.4854136058247318,-0.05584090909090968,2.3853411389189524e-11,-10.622449501674012
0.5053438661483931,-0.05584090909090968,2.6649623191456002e-11,-10.574308927238846
0.5252741264720544,-0.05584090909090968,2.794194108970964e-11,-10.553743427310316
0.5452043867957156,-0.05584090909090968,2.7620843879790637e-11,-10.558763056867532
0.5651346471193769,-0.05584090909090968,2.59830045022705e-11,-10.585310631426479
0.5850649074430382,-0.05584090909090968,2.351382681767725e-11,-10.628676684760526
0.6049951677666995,-0.05584090909090968,2.07899384384384e-11,-10.682146796665938
0.6249254280903608,-0.05584090909090968,1.851569601392713e-11,-10.732459957969036
0.644855688414022,-0.05584090909090968,1.7543120648021043e-11,-10.755893149871532
0.6647859487376833,-0.05584090909090968,1.8549925024627653e-11,-10.731657841383507
0.6847162090613446,-0.05584090909090968,2.1519813008496278e-11,-10.667161506692036
0.7046464693850057,-0.05584090909090968,2.5863952407303797e-11,-10.587305107548385
0.724576729708667,-0.05584090909090968,3.092247145948737e-11,-10.509725802647523
0.7445069900323283,-0.05584090909090968,3.614906521161611e-11,-10.441902928761868
0.7644372503559896,-0.05584090909090968,4.1077384856187185e-11,-10.386397213046507
0.7843675106796509,-0.05584090909090968,4.5281756829651004e-11,-10.34407673185022
0.8042977710033121,-0.05584090909090968,4.8380928977445465e-11,-10.315325796869034
0.8242280313269734,-0.05584090909090968,5.0082520872810426e-11,-10.300313819302467
-0.05270342291412242,-0.04886079545454597,1.8043507304922644e-11,-10.743679040235085
-0.032773162590461154,-0.04886079545454597,1.4354110964993465e-11,-10.843023700760936
-0.012842902266799884,-0.04886079545454597,1.1963416099573234e-11,-10.922144791806016
0.007087358056861386,-0.04886079545454597,1.1280616582764925e-11,-10.947667161773412
0.027017618380522655,-0.04886079545454597,1.1529683109088234e-11,-10.938182629033628
0.046947878704183925,-0.04886079545454597,1.0356586168584408e-11,-10.984783377069013
0.0668781390278452,-0.04886079545454597,8.637791396540981e-12,-11.063597288413675
0.08680839935150647,-0.04886079545454597,7.855161655100796e-12,-11.104844872979726
0.10673865967516774,-0.04886079545454597,8.229779618787403e-12,-11.08461179438992
0.126668919998829,-0.04886079545454597,9.370023517636406e-12,-11.028259319083737
0.14659918032249028,-0.04886079545454597,1.051717533292809e-11,-10.978100885851886
0.16652944064615155,-0.04886079545454597,1.1232139711572989e-11,-10.949537503185438
0.18645970096981282,-0.04886079545454597,1.1970138334784532e-11,-10.921900830572167
0.20638996129347412,-0.04886079545454597,1.2833425078486732e-11,-10.891657420462737
0.22632022161713536,-0.04886079545454597,1.2925481077802616e-11,-10.888553283781649
0.2462504819407966,-0.04886079545454597,1.1710642532997493e-11,-10.9314192756467
0.26618074226445787,-0.04886079545454597,9.969847358292387e-12,-11.001311490831654
0.28611100258811917,-0.04886079545454597,9.028924345272124e-12,-11.044363985980901
0.3060412629117804,-0.04886079545454597,9.402480622812877e-12,-11.026757552924346
0.32597152323544165,-0.04886079545454597,1.0663108956579824e-11,-10.972116153111124
0.34590178355910295,-0.04886079545454597,1.1850109135600978e-11,-10.926277649926364
0.36583204388276425,-0.04886079545454597,1.2315331255711364e-11,-10.90955390208775
0.3857623042064255,-0.04886079545454597,1.2104359891823488e-11,-10.917058172170146
0.40569256453008673,-0.04886079545454597,1.1842930959951484e-11,-10.926540802494166
0.425622824853748,-0.04886079545454597,1.2563808679369543e-11,-10.900878685623319
0.4455530851774093,-0.04886079545454597,1.500093351130337e-11,-10.82388171386479
0.4654833455010706,-0.04886079545454597,1.8786820613331525e-11,-10.7261467114864
0.4854136058247318,-0.04886079545454597,2.2796274469370655e-11,-10.642136122718757
0.5053438661483931,-0.04886079545454597,2.5871177043820418e-11,-10.587183812025339
0.5252741264720544,-0.04886079545454597,2.7291377207677455e-11,-10.563974547928375
0.5452043867957156,-0.04886079545454597,2.6942050801874088e-11,-10.569569349294593
0.5651346471193769,-0.04886079545454597,2.51482189524344e-11,-10.599492767129703
0.5850649074430382,-0.04886079545454597,2.2421780838262246e-11,-10.649329896758179
0.6049951677666995,-0.04886079545454597,1.9354955846319133e-11,-10.713207815082399
0.6249254280903608,-0.04886079545454597,1.6696062629524632e-11,-10.777385934833479
0.644855688414022,-0.04886079545454597,1.5445622196512935e-11,-10.811194592311084
0.6647859487376833,-0.04886079545454597,1.647178010315576e-11,-10.783259464145216
0.6847162090613446,-0.04886079545454597,1.9709212395494463e-11,-10.705330730318476
0.7046464693850057,-0.04886079545454597,2.437840319622536e-11,-10.612994744401778
0.724576729708667,-0.04886079545454597,2.972514253972854e-11,-10.526876054150174
0.7445069900323283,-0.04886079545454597,3.5184816073312374e-11,-10.453644714881131
0.7644372503559896,-0.04886079545454597,4.0293945218508043e-11,-10.394760208343925
0.7843675106796509,-0.04886079545454597,4.462774974877164e-11,-10.350395010903798
0.8042977710033121,-0.04886079545454597,4.779963938514721e-11,-10.320575379823685
0.8242280313269734,-0.04886079545454597,4.9514095949099937e-11,-10.305271146087936
-0.05270342291412242,-0.04188068181818226,1.6890480119896794e-11,-10.7723580052272
-0.032773162590461154,-0.04188068181818226,1.2966061455319528e-11,-10.887191924300067
-0.012842902266799884,-0.04188068181818226,1.0365933784272934e-11,-10.984391569682936
0.007087358056861386,-0.04188068181818226,9.650290782479791e-12,-11.015459600301412
0.027017618380522655,-0.04188068181818226,9.199679564199772e-12,-11.036227299385253
0.046947878704183925,-0.04188068181818226,6.986275790643644e-12,-11.15575427412486
0.0668781390278452,-0.04188068181818226,5.5852798576763194e-12,-11.252955061116051
0.08680839935150647,-0.04188068181818226,5.196971283496532e-12,-11.28424968291804
0.10673865967516774,-0.04188068181818226,5.836393657027627e-12,-11.233855423202659
0.126668919998829,-0.04188068181818226,7.196923226790757e-12,-11.142853130126037
0.14659918032249028,-0.04188068181818226,8.480732858403088e-12,-11.071566616775334
0.16652944064615155,-0.04188068181818226,9.119580302538583e-12,-11.040025148128352
0.18645970096981282,-0.04188068181818226,9.865428050237525e-12,-11.005884066435806
0.20638996129347412,-0.04188068181818226,1.1005212488005009e-11,-10.95840156769699
0.22632022161713536,-0.04188068181818226,1.1335965427485551e-11,-10.945541487273223
0.2462504819407966,-0.04188068181818226,1.0088009350124766e-11,-10.996194523906652
0.26618074226445787,-0.04188068181818226,8.163472997853176e-12,-11.088125039417967
0.28611100258811917,-0.04188068181818226,7.169755401841352e-12,-11.144495660154035
0.3060412629117804,-0.04188068181818226,7.663682974453615e-12,-11.115562469129557
0.32597152323544165,-0.04188068181818226,9.199301034333511e-12,-11.036245169226605
0.34590178355910295,-0.04188068181818226,1.0627693574288636e-11,-10.973560975988713
0.36583204388276425,-0.04188068181818226,1.1147063706167166e-11,-10.952839516844437
0.3857623042064255,-0.04188068181818226,1.0780743733374636e-11,-10.96735127735346
0.40569256453008673,-0.04188068181818226,1.0216175843799952e-11,-10.990711640476947
0.425622824853748,-0.04188068181818226,1.0726708797590888e-11,-10.969533509189842
0.4455530851774093,-0.04188068181818226,1.3292509293145908e-11,-10.876393027386882
0.4654833455010706,-0.04188068181818226,1.742886834391549e-11,-10.758730810706886
0.4854136058247318,-0.04188068181818226,2.1811069185809746e-11,-10.661323044640648
0.5053438661483931,-0.04188068181818226,2.5165484971619213e-11,-10.599194695766798
0.5252741264720544,-0.04188068181818226,2.6713856087182578e-11,-10.57326341798719
0.5452043867957156,-0.04188068181818226,2.633955868526909e-11,-10.57939150584189
0.5651346471193769,-0.04188068181818226,2.4395976001616548e-11,-10.612681802530709
0.5850649074430382,-0.04188068181818226,2.1416172043312947e-11,-10.66925815297347
0.6049951677666995,-0.04188068181818226,1.799561043567733e-11,-10.744833416899386
0.6249254280903608,-0.04188068181818226,1.490758542157899e-11,-10.826592693435243
0.644855688414022,-0.04188068181818226,1.332396557191619e-11,-10.875366498162348
0.6647859487376833,-0.04188068181818226,1.4392564885551593e-11,-10.841861803952142
0.6847162090613446,-0.04188068181818226,1.7962861136491246e-11,-10.745624487444566
0.7046464693850057,-0.04188068181818226,2.2991045806514916e-11,-10.638441273286247
0.724576729708667,-0.04188068181818226,2.8630779626292088e-11,-10.543166825824485
0.7445069900323283,-0.04188068181818226,3.431651310070383e-11,-10.464496847223586
0.7644372503559896,-0.04188068181818226,3.959655184952168e-11,-10.402342631698904
0.7843675106796509,-0.04188068181818226,4.405027187650712e-11,-10.35605140679558
0.8042977710033121,-0.04188068181818226,4.729066187320429e-11,-10.325224607619829
0.8242280313269734,-0.04188068181818226,4.901691802988014e-11,-10.309653998769264
-0.05270342291412242,-0.03490056818181855,1.5851896498117135e-11,-10.799918771970155
-0.032773162590461154,-0.03490056818181855,1.1666551735549882e-11,-10.933057488729016
-0.012842902266799884,-0.03490056818181855,8.794904047933008e-12,-11.055768894316872
0.007087358056861386,-0.03490056818181855,7.977107847638153e-12,-11.098154536403387
0.027017618380522655,-0.03490056818181855,6.044659195965478e-12,-11.218628180077648
0.046947878704183925,-0.03490056818181855,4.016519120671619e-12,-11.396150161233278
0.0668781390278452,-0.03490056818181855,3.316476719710471e-12,-11.479323046921843
0.08680839935150647,-0.03490056818181855,3.2235681644119617e-12,-11.491663141921006
0.10673865967516774,-0.03490056818181855,3.9811040266529706e-12,-11.399996474108669
0.126668919998829,-0.03490056818181855,5.4468010443281505e-12,-11.263858487941201
0.14659918032249028,-0.03490056818181855,6.815059444174539e-12,-11.166530351690731
0.16652944064615155,-0.03490056818181855,7.277710418877067e-12,-11.138005229044616
0.18645970096981282,-0.03490056818181855,7.962754286986261e-12,-11.098936685435673
0.20638996129347412,-0.03490056818181855,9.406076711088191e-12,-11.026591483694718
0.22632022161713536,-0.03490056818181855,9.985684663902083e-12,-11.000622152569873
0.2462504819407966,-0.03490056818181855,8.667436204326592e-12,-11.062109346234692
0.26618074226445787,-0.03490056818181855,6.506268319941864e-12,-11.18666803028453
0.28611100258811917,-0.03490056818181855,5.4564535112304375e-12,-11.263089540617045
0.3060412629117804,-0.03490056818181855,6.0490299109811135e-12,-11.218314268006795
0.32597152323544165,-0.03490056818181855,7.872705266744033e-12,-11.103876007090012
0.34590178355910295,-0.03490056818181855,9.55960503602731e-12,-11.019560050633661
0.36583204388276425,-0.03490056818181855,1.013423788981822e-11,-10.994208905351964
0.3857623042064255,-0.03490056818181855,9.595432126428851e-12,-11.017935462210673
0.40569256453008673,-0.03490056818181855,8.667152723883848e-12,-11.062123550666367
0.425622824853748,-0.03490056818181855,8.908038252220178e-12,-11.05021792671967
0.4455530851774093,-0.03490056818181855,1.1640095221959971e-11,-10.934043466919583
0.4654833455010706,-0.03490056818181855,1.61622536020053e-11,-10.791498082999725
0.4854136058247318,-0.03490056818181855,2.091804315957408e-11,-10.679478945270745
0.5053438661483931,-0.03490056818181855,2.4542617528583545e-11,-10.610079120598508
0.5252741264720544,-0.03490056818181855,2.621449488754946e-11,-10.58145850604728
0.5452043867957156,-0.03490056818181855,2.5818724713237783e-11,-10.588065213025518
0.5651346471193769,-0.03490056818181855,2.3735978919288394e-11,-10.624592852402404
0.5850649074430382,-0.03490056818181855,2.0515085999038882e-11,-10.687926658135053
0.6049951677666995,-0.03490056818181855,1.673974472684545e-11,-10.776251169076792
0.6249254280903608,-0.03490056818181855,1.3177012448241126e-11,-10.880183043787314
0.644855688414022,-0.03490056818181855,1.1182650877681663e-11,-10.951455233561964
0.6647859487376833,-0.03490056818181855,1.232881346041699e-11,-10.909078718407478
0.6847162090613446,-0.03490056818181855,1.6314491671652968e-11,-10.787426453450447
0.7046464693850057,-0.03490056818181855,2.173021209293142e-11,-10.662936034823504
0.724576729708667,-0.03490056818181855,2.765835892015144e-11,-10.558173591871906
0.7445069900323283,-0.03490056818181855,3.355620394205607e-11,-10.474227174788037
0.7644372503559896,-0.03490056818181855,3.8991674924089167e-11,-10.40902810888316
0.7843675106796509,-0.03490056818181855,4.3553794771097024e-11,-10.360973999637958
0.8042977710033121,-0.03490056818181855,4.685576747247599e-11,-10.329236944214669
0.8242280313269734,-0.03490056818181855,4.8593031078942255e-11,-10.31342601018165
-0.05270342291412242,-0.02792045454545483,1.495036825181483e-11,-10.825348109830424
-0.032773162590461154,-0.02792045454545483,1.048667489137102e-11,-10.979362195814883
-0.012842902266799884,-0.02792045454545483,7.264762281108566e-12,-11.138778592197603
0.007087358056861386,-0.02792045454545483,6.137006056769724e-12,-11.21204344809942
0.027017618380522655,-0.02792045454545483,2.8430058721085373e-12,-11.546222243291725
0.046947878704183925,-0.02792045454545483,2.0394588051443594e-12,-11.690485062535743
0.0668781390278452,-0.02792045454545483,1.8535615831707145e-12,-11.731992980291595
0.08680839935150647,-0.02792045454545483,1.877134825321917e-12,-11.726504533031045
0.10673865967516774,-0.02792045454545483,2.619723512754835e-12,-11.581744541970775
0.126668919998829,-0.02792045454545483,4.0832996136812575e-12,-11.38898875238302
0.14659918032249028,-0.02792045454545483,5.509577137590762e-12,-11.25888173215697
0.16652944064615155,-0.02792045454545483,5.692843157691563e-12,-11.244670781178334
0.18645970096981282,-0.02792045454545483,6.248028168373987e-12,-11.20425702116952
0.20638996129347412,-0.02792045454545483,8.04561863865583e-12,-11.094440556782478
0.22632022161713536,-0.02792045454545483,8.882975708383265e-12,-11.051441525522415
0.2462504819407966,-0.02792045454545483,7.45779130261669e-12,-11.127389774017098
0.26618074226445787,-0.02792045454545483,5.007126322696942e-12,-11.300411451828936
0.28611100258811917,-0.02792045454545483,3.92460015534888e-12,-11.406204583293555
0.3060412629117804,-0.02792045454545483,4.578532599427437e-12,-11.339273689263363
0.32597152323544165,-0.02792045454545483,6.703463776220571e-12,-11.173700733092348
0.34590178355910295,-0.02792045454545483,8.659821749483204e-12,-11.062491047245073
0.36583204388276425,-0.02792045454545483,9.289086760841404e-12,-11.032026980755854
0.3857623042064255,-0.02792045454545483,8.569063896164433e-12,-11.067066618792717
0.40569256453008673,-0.02792045454545483,7.215028155568659e-12,-11.141761969797896
0.425622824853748,-0.02792045454545483,7.111167114430104e-12,-11.14805911519716
0.4455530851774093,-0.02792045454545483,1.0081061708417805e-11,-10.996493726836343
0.4654833455010706,-0.02792045454545483,1.50249327345802e-11,-10.823187463622464
0.4854136058247318,-0.02792045454545483,2.013983992690242e-11,-10.695943985576802
0.5053438661483931,-0.02792045454545483,2.401350248547482e-11,-10.619544491372434
0.5252741264720544,-0.02792045454545483,2.5798034760363128e-11,-10.588413376410324
0.5452043867957156,-0.02792045454545483,2.5384550012929657e-11,-10.595430530846484
0.5651346471193769,-0.02792045454545483,2.3178319383567886e-11,-10.63491805710854
0.5850649074430382,-0.02792045454545483,1.9738138043469778e-11,-10.704693818008124
0.6049951677666995,-0.02792045454545483,1.5621594249910204e-11,-10.80627464660419
0.6249254280903608,-0.02792045454545483,1.1545645742021938e-11,-10.93758177220075
0.644855688414022,-0.02792045454545483,9.028747333921981e-12,-11.04437250037345
0.6647859487376833,-0.02792045454545483,1.0308789984262993e-11,-10.986792307946105
0.6847162090613446,-0.02792045454545483,1.4810114935390147e-11,-10.8294415710796
0.7046464693850057,-0.02792045454545483,2.0627420249568605e-11,-10.68555508329361
0.724576729708667,-0.02792045454545483,2.6827244900013718e-11,-10.571423926141303
0.7445069900323283,-0.02792045454545483,3.291459289008501e-11,-10.482611512186152
0.7644372503559896,-0.02792045454545483,3.84861035192434e-11,-10.414696056319075
0.7843675106796509,-0.02792045454545483,4.3141726966264816e-11,-10.365102474047857
0.8042977710033121,-0.02792045454545483,4.649611035398475e-11,-10.332583376625239
0.8242280313269734,-0.02792045454545483,4.824411569482129e-11,-10.316555649721439
-0.05270342291412242,-0.020940340909091137,1.4210845507286979e-11,-10.847380081944083
-0.032773162590461154,-0.020940340909091137,9.469621756934928e-12,-11.023667367581375
-0.012842902266799884,-0.020940340909091137,5.80501283795499e-12,-11.236196815469448
0.007087358056861386,-0.020940340909091137,3.6783945640702245e-12,-11.434341687874506
0.027017618380522655,-0.020940340909091137,9.446800469861077e-13,-12.024715257476803
0.046947878704183925,-0.020940340909091137,9.601207370868354e-13,-12.017674150133864
0.0668781390278452,-0.020940340909091137,9.966775208821204e-13,-12.001445336729471
0.08680839935150647,-0.020940340909091137,1.0128466882821877e-12,-11.99445628758345
0.10673865967516774,-0.020940340909091137,1.6606987929392349e-12,-11.779709129996927
0.126668919998829,-0.020940340909091137,3.0344671495759876e-12,-11.517917559717459
0.14659918032249028,-0.020940340909091137,4.5354116360788755e-12,-11.34338329004497
0.16652944064615155,-0.020940340909091137,4.341593668135233e-12,-11.36235082481165
0.18645970096981282,-0.020940340909091137,4.6998538508714705e-12,-11.327915646904053
0.20638996129347412,-0.020940340909091137,6.933926982348744e-12,-11.1590207359894
0.22632022161713536,-0.020940340909091137,8.028960970180105e-12,-11.09534065324111
0.2462504819407966,-0.020940340909091137,6.468958547748886e-12,-11.18916563175356
0.26618074226445787,-0.020940340909091137,3.676591016173733e-12,-11.434554678343744
0.28611100258811917,-0.020940340909091137,2.6234440731808145e-12,-11.581128189696194
0.3060412629117804,-0.020940340909091137,3.2724907178220125e-12,-11.485121576619651
0.32597152323544165,-0.020940340909091137,5.718036043753942e-12,-11.242753111385497
0.34590178355910295,-0.020940340909091137,7.941578461392186e-12,-11.100093168990837
0.36583204388276425,-0.020940340909091137,8.621575121613025e-12,-11.064413383347773
0.3857623042064255,-0.020940340909091137,7.725304158091863e-12,-11.112084412669406
0.40569256453008673,-0.020940340909091137,5.89223441633532e-12,-11.229719983537526
0.425622824853748,-0.020940340909091137,5.338729276383904e-12,-11.272562101384755
0.4455530851774093,-0.020940340909091137,8.672842587946696e-12,-11.061838535981007
0.4654833455010706,-0.020940340909091137,1.4061757493458303e-11,-10.851960396100639
0.4854136058247318,-0.020940340909091137,1.9500540552889068e-11,-10.709953349874246
0.5053438661483931,-0.020940340909091137,2.3588413229057163e-11,-10.627301272723663
0.5252741264720544,-0.020940340909091137,2.5469202738140056e-11,-10.593984649533661
0.5452043867957156,-0.020940340909091137,2.504137016199943e-11,-10.601341911982539
0.5651346471193769,-0.020940340909091137,2.273248254992816e-11,-10.643353133616806
0.5850649074430382,-0.020940340909091137,1.9105773832677734e-11,-10.718835367582697
0.6049951677666995,-0.020940340909091137,1.4682246999809548e-11,-10.833207474056149
0.6249254280903608,-0.020940340909091137,1.0078127888892957e-11,-10.996620134858192
0.644855688414022,-0.020940340909091137,6.875209538257595e-12,-11.16271406114537
0.6647859487376833,-0.020940340909091137,8.385088403508341e-12,-11.07649235429183
0.6847162090613446,-0.020940340909091137,1.3510436521279892e-11,-10.869330618726273
0.7046464693850057,-0.020940340909091137,1.9718016580980946e-11,-10.70513677252143
0.724576729708667,-0.020940340909091137,2.615625968551976e-11,-10.582424359509748
0.7445069900323283,-0.020940340909091137,3.240312830918145e-11,-10.48941305948997
0.7644372503559896,-0.020940340909091137,3.808614422369916e-11,-10.419232992346457
0.7843675106796509,-0.020940340909091137,4.2816911531563394e-11,-10.368384662430975
0.8042977710033121,-0.020940340909091137,4.621463564753532e-11,-10.335220466556592
0.8242280313269734,-0.020940340909091137,4.797104418104674e-11,-10.319020828185526
-0.05270342291412242,-0.013960227272727416,1.365876456729472e-11,-10.864588580732889
-0.032773162590461154,-0.013960227272727416,8.671426532131736e-12,-11.061909451073896
-0.012842902266799884,-0.013960227272727416,4.481905561238281e-12,-11.348537298774897
0.007087358056861386,-0.013960227272727416,8.989484191070774e-13,-12.046265226998516
0.027017618380522655,-0.013960227272727416,2.2777964030231344e-13,-12.642485097199478
0.046947878704183925,-0.013960227272727416,4.381903615516684e-13,-12.3583371794247
0.0668781390278452,-0.013960227272727416,5.275612293595231e-13,-12.277727128390863
0.08680839935150647,-0.013960227272727416,4.860884952811038e-13,-12.313284657664523
0.10673865967516774,-0.013960227272727416,1.0104891024223996e-12,-11.995468365754158
0.126668919998829,-0.013960227272727416,2.22182297097095e-12,-11.653290547462333
0.14659918032249028,-0.013960227272727416,3.86169195170402e-12,-11.413222372972715
0.16652944064615155,-0.013960227272727416,3.2179083072059587e-12,-11.492426335079074
0.18645970096981282,-0.013960227272727416,3.3123957424030172e-12,-11.479857782251099
0.20638996129347412,-0.013960227272727416,6.092286937990082e-12,-11.215219650206139
0.22632022161713536,-0.013960227272727416,7.42163498594648e-12,-11.129500409120553
0.2462504819407966,-0.013960227272727416,5.7203528552747094e-12,-11.242577181281751
0.26618074226445787,-0.013960227272727416,2.535032922051956e-12,-11.596016396183641
0.28611100258811917,-0.013960227272727416,1.6165205328800082e-12,-11.791418774652888
0.3060412629117804,-0.013960227272727416,2.1504345311735494e-12,-11.667473774771302
0.32597152323544165,-0.013960227272727416,4.953869422520744e-12,-11.305055445030376
0.34590178355910295,-0.013960227272727416,7.417151281647533e-12,-11.129762862943887
0.36583204388276425,-0.013960227272727416,8.139296854268362e-12,-11.089413111757144
0.3857623042064255,-0.013960227272727416,7.091377998253786e-12,-11.149269364409632
0.40569256453008673,-0.013960227272727416,4.762503976765619e-12,-11.322164648673459
0.425622824853748,-0.013960227272727416,3.5967869719897657e-12,-11.444085283512889
0.4455530851774093,-0.013960227272727416,7.505418515949742e-12,-11.124625085685887
0.4654833455010706,-0.013960227272727416,1.3322803908451424e-11,-10.875404364218364
0.4854136058247318,-0.013960227272727416,1.902356543420131e-11,-10.720708083440481
0.5053438661483931,-0.013960227272727416,2.32767781569777e-11,-10.6330771325049
0.5252741264720544,-0.013960227272727416,2.5231320917393042e-11,-10.598060012577225
0.5452043867957156,-0.013960227272727416,2.4793292135081754e-11,-10.605665802349902
0.5651346471193769,-0.013960227272727416,2.2407138623547e-11,-10.649613599035911
0.5850649074430382,-0.013960227272727416,1.8637217479176593e-11,-10.729618926941477
0.6049951677666995,-0.013960227272727416,1.3966014034902334e-11,-10.854927525858114
0.6249254280903608,-0.013960227272727416,8.870858201820436e-12,-11.052034362774185
0.644855688414022,-0.013960227272727416,4.7526599202028836e-12,-11.32306326082903
0.6647859487376833,-0.013960227272727416,6.663671724217153e-12,-11.176286405939907
0.6847162090613446,-0.013960227272727416,1.2491071423452541e-11,-10.90340030835633
0.7046464693850057,-0.013960227272727416,1.9036397902057057e-11,-10.720415226080588
0.724576729708667,-0.013960227272727416,2.5662706400436626e-11,-10.59069754465651
0.7445069900323283,-0.013960227272727416,3.203031650502617e-11,-10.494438769868578
0.7644372503559896,-0.013960227272727416,3.77964024096048e-11,-10.422549535824476
0.7843675106796509,-0.013960227272727416,4.258310234571647e-11,-10.370762701691843
0.8042977710033121,-0.013960227272727416,4.6012675141850784e-11,-10.337122516451126
0.8242280313269734,-0.013960227272727416,4.777539933542199e-11,-10.320795674164202
-0.05270342291412242,-0.006980113636363722,1.3316791653128754e-11,-10.875600394923765
-0.032773162590461154,-0.006980113636363722,8.155508900352055e-12,-11.088548933983724
-0.012842902266799884,-0.006980113636363722,3.453384281206357e-12,-11.46175509210478
0.007087358056861386,-0.006980113636363722,4.0051870034126345e-14,-13.397377201763462
0.027017618380522655,-0.006980113636363722,3.679732834435291e-14,-13.434183711963033
0.046947878704183925,-0.006980113636363722,1.9080290670452572e-13,-12.719415013509698
0.0668781390278452,-0.006980113636363722,2.881638996659165e-13,-12.540360427262156
0.08680839935150647,-0.006980113636363722,1.8818324465759648e-13,-12.725419047628689
0.10673865967516774,-0.006980113636363722,6.066237396959441e-13,-12.21708059795346
0.126668919998829,-0.006980113636363722,1.6175511109060556e-12,-11.791141987732665
0.14659918032249028,-0.006980113636363722,3.465416778770261e-12,-11.460244526179123
0.16652944064615155,-0.006980113636363722,2.3854831425604966e-12,-11.622423648113156
0.18645970096981282,-0.006980113636363722,2.1596030835344485e-12,-11.665626061104
0.20638996129347412,-0.006980113636363722,5.558104641773312e-12,-11.255073281071255
0.22632022161713536,-0.006980113636363722,7.058376218828791e-12,-11.151295197009368
0.2462504819407966,-0.006980113636363722,5.245224017653871e-12,-11.280235958842525
0.26618074226445787,-0.006980113636363722,1.6460102065475076e-12,-11.783567476150774
0.28611100258811917,-0.006980113636363722,9.723583490327988e-13,-12.01217365243322
0.3060412629117804,-0.006980113636363722,1.2484363884032308e-12,-11.903633581361706
0.32597152323544165,-0.006980113636363722,4.460615356942391e-12,-11.350605224765463
0.34590178355910295,-0.006980113636363722,7.0973363861951315e-12,-11.148904610410648
0.36583204388276425,-0.006980113636363722,7.847779091877781e-12,-11.105253230466127
0.3857623042064255,-0.006980113636363722,6.69552629217827e-12,-11.174215280219467
0.40569256453008673,-0.006980113636363722,3.950427007069108e-12,-11.40335595835053
0.425622824853748,-0.006980113636363722,1.9191291949700614e-12,-11.716895787758567
0.4455530851774093,-0.006980113636363722,6.707692064128948e-12,-11.173426883143959
0.4654833455010706,-0.006980113636363722,1.2855333492341736e-11,-10.890916652431846
0.4854136058247318,-0.006980113636363722,1.872834569801297e-11,-10.727500582793182
0.5053438661483931,-0.006980113636363722,2.3086515527945844e-11,-10.636641610659295
0.5252741264720544,-0.006980113636363722,2.508726890430808e-11,-10.60054661506434
0.5452043867957156,-0.006980113636363722,2.4643283386411943e-11,-10.608301428747804
0.5651346471193769,-0.006980113636363722,2.220896128591894e-11,-10.65347175294827
0.5850649074430382,-0.006980113636363722,1.8348803750407702e-11,-10.736392244301905
0.6049951677666995,-0.006980113636363722,1.3515346703572324e-11,-10.869172809046496
0.6249254280903608,-0.006980113636363722,8.05497944023506e-12,-11.093935563749277
0.644855688414022,-0.006980113636363722,2.7729963020388624e-12,-11.557050709580157
0.6647859487376833,-0.006980113636363722,5.363956244057518e-12,-11.270514773520267
0.6847162090613446,-0.006980113636363722,1.1833579866995973e-11,-10.926883853741133
0.7046464693850057,-0.006980113636363722,1.8613413713878156e-11,-10.730173969634373
0.724576729708667,-0.006980113636363722,2.5360733456373884e-11,-10.595838190401912
0.7445069900323283,-0.006980113636363722,3.18034435229813e-11,-10.497525854164522
0.7644372503559896,-0.006980113636363722,3.762092844890046e-11,-10.424570490676693
0.7843675106796509,-0.006980113636363722,4.2442207415349725e-11,-10.37220203656676
0.8042977710033121,-0.006980113636363722,4.589125095289067e-11,-10.338270103679653
0.8242280313269734,-0.006980113636363722,4.7657623649638125e-11,-10.321867616659706
-0.05270342291412242,0.0,1.3200882177376073e-11,-10.879397045160466
-0.032773162590461154,0.0,7.976195135618973e-12,-11.098204229660558
-0.012842902266799884,0.0,3.0340979566267157e-12,-11.517970402014779
0.007087358056861386,0.0,1.3337398560991635e-16,-15.87492887062795
0.027017618380522655,0.0,4.274693918337402e-17,-16.36909497668693
0.046947878704183925,0.0,5.565860802116763e-14,-13.254467659235988
0.0668781390278452,0.0,2.0759369449774256e-13,-12.682785841991329
0.08680839935150647,0.0,6.639020291898801e-14,-13.177896003947415
0.10673865967516774,0.0,4.571954530763111e-13,-12.339898097423053
0.126668919998829,0.0,1.3601568116911063e-12,-11.866411019184012
0.14659918032249028,0.0,3.3344489077307944e-12,-11.476975932694446
0.16652944064615155,0.0,2.0499683556536525e-12,-11.688252842881354
0.18645970096981282,0.0,1.617818176662838e-12,-11.791070289466143
0.20638996129347412,0.0,5.373518260588598e-12,-11.269741270940814
0.22632022161713536,0.0,6.937487652471362e-12,-11.158797776837675
0.2462504819407966,0.0,5.081053277301271e-12,-11.294046251278123
0.26618074226445787,0.0,1.2530580406006552e-12,-11.902028812382701
0.28611100258811917,0.0,7.488351355470868e-13,-12.125613786577336
0.3060412629117804,0.0,8.035734349939559e-13,-12.09497442885041
0.32597152323544165,0.0,4.288668029875434e-12,-11.367677569609157
0.34590178355910295,0.0,6.989781678349372e-12,-11.155536388970898
0.36583204388276425,0.0,7.75022877223209e-12,-11.110685477745093
0.3857623042064255,0.0,6.560559565375405e-12,-11.183059117058669
0.40569256453008673,0.0,3.643175016124054e-12,-11.438519964988886
0.425622824853748,0.0,7.832189865597616e-13,-12.106116793040735
0.4455530851774093,0.0,6.4197780521301016e-12,-11.192479986323885
0.4654833455010706,0.0,1.269507335016283e-11,-10.896364785496921
0.4854136058247318,0.0,1.8628387369590567e-11,-10.729824739671749
0.5053438661483931,0.0,2.3022570279163933e-11,-10.637846192619996
0.5252741264720544,0.0,2.503909977044274e-11,-10.601381289349677
0.5452043867957156,0.0,2.4593037525350147e-11,-10.609187827543193
0.5651346471193769,0.0,2.214238010446091e-11,-10.654775698241538
0.5850649074430382,0.0,1.825136524174856e-11,-10.738704643822215
0.6049951677666995,0.0,1.3361331885276416e-11,-10.874150248327872
0.6249254280903608,0.0,7.76297182644481e-12,-11.109971989985207
0.644855688414022,0.0,1.6457448313176131e-12,-11.783637500193814
0.6647859487376833,0.0,4.852360575457203e-12,-11.314046934492819
0.6847162090613446,0.0,1.1605722968496455e-11,-10.935327800365426
0.7046464693850057,0.0,1.8469807648143056e-11,-10.733537627450124
0.724576729708667,0.0,2.5258843319011124e-11,-10.597586541020295
0.7445069900323283,0.0,3.1727349696324166e-11,-10.498566204619872
0.7644372503559896,0.0,3.7562334742259343e-11,-10.425247421353557
0.7843675106796509,0.0,4.239503194467535e-11,-10.37268503315791
0.8042977710033121,0.0,4.5850294024892815e-11,-10.33865787497806
0.8242280313269734,0.0,4.761809028214077e-11,-10.32222802591054
-0.05270342291412242,0.006980113636363722,1.3316791653128754e-11,-10.875600394923765
-0.032773162590461154,0.006980113636363722,8.155508900352055e-12,-11.088548933983724
-0.012842902266799884,0.006980113636363722,3.453384281206357e-12,-11.46175509210478
0.007087358056861386,0.006980113636363722,4.0051870034126345e-14,-13.397377201763462
0.027017618380522655,0.006980113636363722,3.679732834435291e-14,-13.434183711963033
0.046947878704183925,0.006980113636363722,1.9080290670452572e-13,-12.719415013509698
0.0668781390278452,0.006980113636363722,2.881638996659165e-13,-12.540360427262156
0.08680839935150647,0.006980113636363722,1.8818324465759648e-13,-12.725419047628689
0.10673865967516774,0.006980113636363722,6.066237396959441e-13,-12.21708059795346
0.126668919998829,0.006980113636363722,1.6175511109060556e-12,-11.791141987732665
0.14659918032249028,0.006980113636363722,3.465416778770261e-12,-11.460244526179123
0.16652944064615155,0.006980113636363722,2.3854831425604966e-12,-11.622423648113156
0.18645970096981282,0.006980113636363722,2.1596030835344485e-12,-11.665626061104
0.20638996129347412,0.006980113636363722,5.558104641773312e-12,-11.255073281071255
0.22632022161713536,0.006980113636363722,7.058376218828791e-12,-11.151295197009368
0.2462504819407966,0.006980113636363722,5.245224017653871e-12,-11.280235958842525
0.26618074226445787,0.006980113636363722,1.6460102065475076e-12,-11.783567476150774
0.28611100258811917,0.006980113636363722,9.723583490327988e-13,-12.01217365243322
0.3060412629117804,0.006980113636363722,1.2484363884032308e-12,-11.903633581361706
0.32597152323544165,0.006980113636363722,4.460615356942391e-12,-11.350605224765463
0.34590178355910295,0.006980113636363722,7.0973363861951315e-12,-11.148904610410648
0.36583204388276425,0.006980113636363722,7.847779091877781e-12,-11.105253230466127
0.3857623042064255,0.006980113636363722,6.69552629217827e-12,-11.174215280219467
0.40569256453008673,0.006980113636363722,3.950427007069108e-12,-11.40335595835053
0.425622824853748,0.006980113636363722,1.9191291949700614e-12,-11.716895787758567
0.4455530851774093,0.006980113636363722,6.707692064128948e-12,-11.173426883143959
0.4654833455010706,0.006980113636363722,1.2855333492341736e-11,-10.890916652431846
0.4854136058247318,0.006980113636363722,1.872834569801297e-11,-10.727500582793182
0.5053438661483931,0.006980113636363722,2.3086515527945844e-11,-10.636641610659295
0.5252741264720544,0.006980113636363722,2.508726890430808e-11,-10.60054661506434
0.5452043867957156,0.006980113636363722,2.4643283386411943e-11,-10.608301428747804
0.5651346471193769,0.006980113636363722,2.220896128591894e-11,-10.65347175294827
0.5850649074430382,0.006980113636363722,1.8348803750407702e-11,-10.736392244301905
0.6049951677666995,0.006980113636363722,1.3515346703572324e-11,-10.869172809046496
0.6249254280903608,0.006980113636363722,8.05497944023506e-12,-11.093935563749277
0.644855688414022,0.006980113636363722,2.7729963020388624e-12,-11.557050709580157
0.6647859487376833,0.006980113636363722,5.363956244057518e-12,-11.270514773520267
0.6847162090613446,0.006980113636363722,1.1833579866995973e-11,-10.926883853741133
0.7046464693850057,0.006980113636363722,1.8613413713878156e-11,-10.730173969634373
0.724576729708667,0.006980113636363722,2.5360733456373884e-11,-10.595838190401912
0.7445069900323283,0.006980113636363722,3.18034435229813e-11,-10.497525854164522
0.7644372503559896,0.006980113636363722,3.762092844890046e-11,-10.424570490676693
0.7843675106796509,0.006980113636363722,4.2442207415349725e-11,-10.37220203656676
0.8042977710033121,0.006980113636363722,4.589125095289067e-11,-10.338270103679653
0.8242280313269734,0.006980113636363722,4.7657623649638125e-11,-10.321867616659706
-0.05270342291412242,0.013960227272727416,1.365876456729472e-11,-10.864588580732889
-0.032773162590461154,0.013960227272727416,8.671426532131736e-12,-11.061909451073896
-0.012842902266799884,0.013960227272727416,4.481905561238281e-12,-11.348537298774897
0.007087358056861386,0.013960227272727416,8.989484191070774e-13,-12.046265226998516
0.027017618380522655,0.013960227272727416,2.2777964030231344e-13,-12.642485097199478
0.046947878704183925,0.013960227272727416,4.381903615516684e-13,-12.3583371794247
0.0668781390278452,0.013960227272727416,5.275612293595231e-13,-12.277727128390863
0.08680839935150647,0.013960227272727416,4.860884952811038e-13,-12.313284657664523
0.10673865967516774,0.013960227272727416,1.0104891024223996e-12,-11.995468365754158
0.126668919998829,0.013960227272727416,2.22182297097095e-12,-11.653290547462333
0.14659918032249028,0.013960227272727416,3.86169195170402e-12,-11.413222372972715
0.16652944064615155,0.013960227272727416,3.2179083072059587e-12,-11.492426335079074
0.18645970096981282,0.013960227272727416,3.3123957424030172e-12,-11.479857782251099
0.20638996129347412,0.013960227272727416,6.092286937990082e-12,-11.215219650206139
0.22632022161713536,0.013960227272727416,7.42163498594648e-12,-11.129500409120553
0.2462504819407966,0.013960227272727416,5.7203528552747094e-12,-11.242577181281751
0.26618074226445787,0.013960227272727416,2.535032922051956e-12,-11.596016396183641
0.28611100258811917,0.013960227272727416,1.6165205328800082e-12,-11.791418774652888
0.3060412629117804,0.013960227272727416,2.1504345311735494e-12,-11.667473774771302
0.32597152323544165,0.013960227272727416,4.953869422520744e-12,-11.305055445030376
0.34590178355910295,0.013960227272727416,7.417151281647533e-12,-11.129762862943887
0.36583204388276425,0.013960227272727416,8.139296854268362e-12,-11.089413111757144
0.3857623042064255,0.013960227272727416,7.091377998253786e-12,-11.149269364409632
0.40569256453008673,0.013960227272727416,4.762503976765619e-12,-11.322164648673459
0.425622824853748,0.013960227272727416,3.5967869719897657e-12,-11.444085283512889
0.4455530851774093,0.013960227272727416,7.505418515949742e-12,-11.124625085685887
0.4654833455010706,0.013960227272727416,1.3322803908451424e-11,-10.875404364218364
0.4854136058247318,0.013960227272727416,1.902356543420131e-11,-10.720708083440481
0.5053438661483931,0.013960227272727416,2.32767781569777e-11,-10.6330771325049
0.5252741264720544,0.013960227272727416,2.5231320917393042e-11,-10.598060012577225
0.5452043867957156,0.013960227272727416,2.4793292135081754e-11,-10.605665802349902
0.5651346471193769,0.013960227272727416,2.2407138623547e-11,-10.649613599035911
0.5850649074430382,0.013960227272727416,1.8637217479176593e-11,-10.729618926941477
0.6049951677666995,0.013960227272727416,1.3966014034902334e-11,-10.854927525858114
0.6249254280903608,0.013960227272727416,8.870858201820436e-12,-11.052034362774185
0.644855688414022,0.013960227272727416,4.7526599202028836e-12,-11.32306326082903
0.6647859487376833,0.013960227272727416,6.663671724217153e-12,-11.176286405939907
0.6847162090613446,0.013960227272727416,1.2491071423452541e-11,-10.90340030835633
0.7046464693850057,0.013960227272727416,1.9036397902057057e-11,-10.720415226080588
0.724576729708667,0.013960227272727416,2.5662706400436626e-11,-10.59069754465651
0.7445069900323283,0.013960227272727416,3.203031650502617e-11,-10.494438769868578
0.7644372503559896,0.013960227272727416,3.77964024096048e-11,-10.422549535824476
0.7843675106796509,0.013960227272727416,4.258310234571647e-11,-10.370762701691843
0.8042977710033121,0.013960227272727416,4.6012675141850784e-11,-10.337122516451126
0.8242280313269734,0.013960227272727416,4.777539933542199e-11,-10.320795674164202
-0.05270342291412242,0.020940340909091137,1.4210845507286979e-11,-10.847380081944083
-0.032773162590461154,0.020940340909091137,9.469621756934928e-12,-11.023667367581375
-0.012842902266799884,0.020940340909091137,5.80501283795499e-12,-11.236196815469448
0.007087358056861386,0.020940340909091137,3.6783945640702245e-12,-11.434341687874506
0.027017618380522655,0.020940340909091137,9.446800469861077e-13,-12.024715257476803
0.046947878704183925,0.020940340909091137,9.601207370868354e-13,-12.017674150133864
0.0668781390278452,0.020940340909091137,9.966775208821204e-13,-12.001445336729471
0.08680839935150647,0.020940340909091137,1.0128466882821877e-12,-11.99445628758345
0.10673865967516774,0.020940340909091137,1.6606987929392349e-12,-11.779709129996927
0.126668919998829,0.020940340909091137,3.0344671495759876e-12,-11.517917559717459
0.14659918032249028,0.020940340909091137,4.5354116360788755e-12,-11.34338329004497
0.16652944064615155,0.020940340909091137,4.341593668135233e-12,-11.36235082481165
0.18645970096981282,0.020940340909091137,4.6998538508714705e-12,-11.327915646904053
0.20638996129347412,0.020940340909091137,6.933926982348744e-12,-11.1590207359894
0.22632022161713536,0.020940340909091137,8.028960970180105e-12,-11.09534065324111
0.2462504819407966,0.020940340909091137,6.468958547748886e-12,-11.18916563175356
0.26618074226445787,0.020940340909091137,3.676591016173733e-12,-11.434554678343744
0.28611100258811917,0.020940340909091137,2.6234440731808145e-12,-11.581128189696194
0.3060412629117804,0.020940340909091137,3.2724907178220125e-12,-11.485121576619651
0.32597152323544165,0.020940340909091137,5.718036043753942e-12,-11.242753111385497
0.34590178355910295,0.020940340909091137,7.941578461392186e-12,-11.100093168990837
0.36583204388276425,0.020940340909091137,8.621575121613025e-12,-11.064413383347773
0.3857623042064255,0.020940340909091137,7.725304158091863e-12,-11.112084412669406
0.40569256453008673,0.020940340909091137,5.89223441633532e-12,-11.229719983537526
0.425622824853748,0.020940340909091137,5.338729276383904e-12,-11.272562101384755
0.4455530851774093,0.020940340909091137,8.672842587946696e-12,-11.061838535981007
0.4654833455010706,0.020940340909091137,1.4061757493458303e-11,-10.851960396100639
0.4854136058247318,0.020940340909091137,1.9500540552889068e-11,-10.709953349874246
0.5053438661483931,0.020940340909091137,2.3588413229057163e-11,-10.627301272723663
0.5252741264720544,0.020940340909091137,2.5469202738140056e-11,-10.593984649533661
0.5452043867957156,0.020940340909091137,2.504137016199943e-11,-10.601341911982539
0.5651346471193769,0.020940340909091137,2.273248254992816e-11,-10.643353133616806
0.5850649074430382,0.020940340909091137,1.9105773832677734e-11,-10.718835367582697
0.6049951677666995,0.020940340909091137,1.4682246999809548e-11,-10.833207474056149
0.6249254280903608,0.020940340909091137,1.0078127888892957e-11,-10.996620134858192
0.644855688414022,0.020940340909091137,6.875209538257595e-12,-11.16271406114537
0.6647859487376833,0.020940340909091137,8.385088403508341e-12,-11.07649235429183
0.6847162090613446,0.020940340909091137,1.3510436521279892e-11,-10.869330618726273
0.7046464693850057,0.020940340909091137,1.9718016580980946e-11,-10.70513677252143
0.724576729708667,0.020940340909091137,2.615625968551976e-11,-10.582424359509748
0.7445069900323283,0.020940340909091137,3.240312830918145e-11,-10.48941305948997
0.7644372503559896,0.020940340909091137,3.808614422369916e-11,-10.419232992346457
0.7843675106796509,0.020940340909091137,4.2816911531563394e-11,-10.368384662430975
0.8042977710033121,0.020940340909091137,4.621463564753532e-11,-10.335220466556592
0.8242280313269734,0.020940340909091137,4.797104418104674e-11,-10.319020828185526
-0.05270342291412242,0.02792045454545483,1.495036825181483e-11,-10.825348109830424
-0.032773162590461154,0.02792045454545483,1.048667489137102e-11,-10.979362195814883
-0.012842902266799884,0.02792045454545483,7.264762281108566e-12,-11.138778592197603
0.007087358056861386,0.02792045454545483,6.137006056769724e-12,-11.21204344809942
0.027017618380522655,0.02792045454545483,2.8430058721085373e-12,-11.546222243291725
0.046947878704183925,0.02792045454545483,2.0394588051443594e-12,-11.690485062535743
0.0668781390278452,0.02792045454545483,1.8535615831707145e-12,-11.731992980291595
0.08680839935150647,0.02792045454545483,1.877134825321917e-12,-11.726504533031045
0.10673865967516774,0.02792045454545483,2.619723512754835e-12,-11.581744541970775
0.126668919998829,0.02792045454545483,4.0832996136812575e-12,-11.38898875238302
0.14659918032249028,0.02792045454545483,5.509577137590762e-12,-11.25888173215697
0.16652944064615155,0.02792045454545483,5.692843157691563e-12,-11.244670781178334
0.18645970096981282,0.02792045454545483,6.248028168373987e-12,-11.20425702116952
0.20638996129347412,0.02792045454545483,8.04561863865583e-12,-11.094440556782478
0.22632022161713536,0.02792045454545483,8.882975708383265e-12,-11.051441525522415
0.2462504819407966,0.02792045454545483,7.45779130261669e-12,-11.127389774017098
0.26618074226445787,0.02792045454545483,5.007126322696942e-12,-11.300411451828936
0.28611100258811917,0.02792045454545483,3.92460015534888e-12,-11.406204583293555
0.3060412629117804,0.02792045454545483,4.578532599427437e-12,-11.339273689263363
0.32597152323544165,0.02792045454545483,6.703463776220571e-12,-11.173700733092348
0.34590178355910295,0.02792045454545483,8.659821749483204e-12,-11.062491047245073
0.36583204388276425,0.02792045454545483,9.289086760841404e-12,-11.032026980755854
0.3857623042064255,0.02792045454545483,8.569063896164433e-12,-11.067066618792717
0.40569256453008673,0.02792045454545483,7.215028155568659e-12,-11.141761969797896
0.425622824853748,0.02792045454545483,7.111167114430104e-12,-11.14805911519716
0.4455530851774093,0.02792045454545483,1.0081061708417805e-11,-10.996493726836343
0.4654833455010706,0.02792045454545483,1.50249327345802e-11,-10.823187463622464
0.4854136058247318,0.02792045454545483,2.013983992690242e-11,-10.695943985576802
0.5053438661483931,0.02792045454545483,2.401350248547482e-11,-10.619544491372434
0.5252741264720544,0.02792045454545483,2.5798034760363128e-11,-10.588413376410324
0.5452043867957156,0.02792045454545483,2.5384550012929657e-11,-10.595430530846484
0.5651346471193769,0.02792045454545483,2.3178319383567886e-11,-10.63491805710854
0.5850649074430382,0.02792045454545483,1.9738138043469778e-11,-10.704693818008124
0.6049951677666995,0.02792045454545483,1.5621594249910204e-11,-10.80627464660419
0.6249254280903608,0.02792045454545483,1.1545645742021938e-11,-10.93758177220075
0.644855688414022,0.02792045454545483,9.028747333921981e-12,-11.04437250037345
0.6647859487376833,0.02792045454545483,1.0308789984262993e-11,-10.986792307946105
0.6847162090613446,0.02792045454545483,1.4810114935390147e-11,-10.8294415710796
0.7046464693850057,0.02792045454545483,2.0627420249568605e-11,-10.68555508329361
0.724576729708667,0.02792045454545483,2.6827244900013718e-11,-10.571423926141303
0.7445069900323283,0.02792045454545483,3.291459289008501e-11,-10.482611512186152
0.7644372503559896,0.02792045454545483,3.84861035192434e-11,-10.414696056319075
0.7843675106796509,0.02792045454545483,4.3141726966264816e-11,-10.365102474047857
0.8042977710033121,0.02792045454545483,4.649611035398475e-11,-10.332583376625239
0.8242280313269734,0.02792045454545483,4.824411569482129e-11,-10.316555649721439
-0.05270342291412242,0.03490056818181855,1.5851896498117135e-11,-10.799918771970155
-0.032773162590461154,0.03490056818181855,1.1666551735549882e-11,-10.933057488729016
-0.012842902266799884,0.03490056818181855,8.794904047933008e-12,-11.055768894316872
0.007087358056861386,0.03490056818181855,7.977107847638153e-12,-11.098154536403387
0.027017618380522655,0.03490056818181855,6.044659195965478e-12,-11.218628180077648
0.046947878704183925,0.03490056818181855,4.016519120671619e-12,-11.396150161233278
0.0668781390278452,0.03490056818181855,3.316476719710471e-12,-11.479323046921843
0.08680839935150647,0.03490056818181855,3.2235681644119617e-12,-11.491663141921006
0.10673865967516774,0.03490056818181855,3.9811040266529706e-12,-11.399996474108669
0.126668919998829,0.03490056818181855,5.4468010443281505e-12,-11.263858487941201
0.14659918032249028,0.03490056818181855,6.815059444174539e-12,-11.166530351690731
0.16652944064615155,0.03490056818181855,7.277710418877067e-12,-11.138005229044616
0.18645970096981282,0.03490056818181855,7.962754286986261e-12,-11.098936685435673
0.20638996129347412,0.03490056818181855,9.406076711088191e-12,-11.026591483694718
0.22632022161713536,0.03490056818181855,9.985684663902083e-12,-11.000622152569873
0.2462504819407966,0.03490056818181855,8.667436204326592e-12,-11.062109346234692
0.26618074226445787,0.03490056818181855,6.506268319941864e-12,-11.18666803028453
0.28611100258811917,0.03490056818181855,5.4564535112304375e-12,-11.263089540617045
0.3060412629117804,0.03490056818181855,6.0490299109811135e-12,-11.218314268006795
0.32597152323544165,0.03490056818181855,7.872705266744033e-12,-11.103876007090012
0.34590178355910295,0.03490056818181855,9.55960503602731e-12,-11.019560050633661
0.36583204388276425,0.03490056818181855,1.013423788981822e-11,-10.994208905351964
0.3857623042064255,0.03490056818181855,9.595432126428851e-12,-11.017935462210673
0.40569256453008673,0.03490056818181855,8.667152723883848e-12,-11.062123550666367
0.425622824853748,0.03490056818181855,8.908038252220178e-12,-11.05021792671967
0.4455530851774093,0.03490056818181855,1.1640095221959971e-11,-10.934043466919583
0.4654833455010706,0.03490056818181855,1.61622536020053e-11,-10.791498082999725
0.4854136058247318,0.03490056818181855,2.091804315957408e-11,-10.679478945270745
0.5053438661483931,0.03490056818181855,2.4542617528583545e-11,-10.610079120598508
0.5252741264720544,0.03490056818181855,2.621449488754946e-11,-10.58145850604728
0.5452043867957156,0.03490056818181855,2.5818724713237783e-11,-10.588065213025518
0.5651346471193769,0.03490056818181855,2.3735978919288394e-11,-10.624592852402404
0.5850649074430382,0.03490056818181855,2.0515085999038882e-11,-10.687926658135053
0.6049951677666995,0.03490056818181855,1.673974472684545e-11,-10.776251169076792
0.6249254280903608,0.03490056818181855,1.3177012448241126e-11,-10.880183043787314
0.644855688414022,0.03490056818181855,1.1182650877681663e-11,-10.951455233561964
0.6647859487376833,0.03490056818181855,1.232881346041699e-11,-10.909078718407478
0.6847162090613446,0.03490056818181855,1.6314491671652968e-11,-10.787426453450447
0.7046464693850057,0.03490056818181855,2.173021209293142e-11,-10.662936034823504
0.724576729708667,0.03490056818181855,2.765835892015144e-11,-10.558173591871906
0.7445069900323283,0.03490056818181855,3.355620394205607e-11,-10.474227174788037
0.7644372503559896,0.03490056818181855,3.8991674924089167e-11,-10.40902810888316
0.7843675106796509,0.03490056818181855,4.3553794771097024e-11,-10.360973999637958
0.8042977710033121,0.03490056818181855,4.685576747247599e-11,-10.329236944214669
0.8242280313269734,0.03490056818181855,4.8593031078942255e-11,-10.31342601018165
-0.05270342291412242,0.041880681818182275,1.689048121025594e-11,-10.77235797719147
-0.032773162590461154,0.041880681818182275,1.296606042479509e-11,-10.887191958817187
-0.012842902266799884,0.041880681818182275,1.0365933843301524e-11,-10.984391567209856
0.007087358056861386,0.041880681818182275,9.650291758982938e-12,-11.015459556355596
0.027017618380522655,0.041880681818182275,9.199683170731703e-12,-11.03622712912969
0.046947878704183925,0.041880681818182275,6.986278018168055e-12,-11.155754135653172
0.0668781390278452,0.041880681818182275,5.58527990891651e-12,-11.252955057131768
0.08680839935150647,0.041880681818182275,5.196970845220765e-12,-11.284249719543363
0.10673865967516774,0.041880681818182275,5.836393460408196e-12,-11.233855437833395
0.126668919998829,0.041880681818182275,7.196923346575477e-12,-11.14285312289769
0.14659918032249028,0.041880681818182275,8.480731486358242e-12,-11.071566687037134
0.16652944064615155,0.041880681818182275,9.119579860119706e-12,-11.040025169197314
0.18645970096981282,0.041880681818182275,9.865435610800727e-12,-11.005883733605888
0.20638996129347412,0.041880681818182275,1.1005209329582754e-11,-10.958401692336615
0.22632022161713536,0.041880681818182275,1.1335973910103037e-11,-10.945541162294058
0.2462504819407966,0.041880681818182275,1.0088003553903278e-11,-10.996194773437322
0.26618074226445787,0.041880681818182275,8.163480085894753e-12,-11.0881246623363
0.28611100258811917,0.041880681818182275,7.169753325813973e-12,-11.144495785905516
0.3060412629117804,0.041880681818182275,7.663678387708589e-12,-11.115562729056627
0.32597152323544165,0.041880681818182275,9.199286852411088e-12,-11.03624583874871
0.34590178355910295,0.041880681818182275,1.0627696094871202e-11,-10.973560872986592
0.36583204388276425,0.041880681818182275,1.1147070044354701e-11,-10.952839269905946
0.3857623042064255,0.041880681818182275,1.078074679239052e-11,-10.967351154123229
0.40569256453008673,0.041880681818182275,1.0216185081125867e-11,-10.990711247794017
0.425622824853748,0.041880681818182275,1.0726713598520202e-11,-10.969533314813665
0.4455530851774093,0.041880681818182275,1.3292507469139741e-11,-10.87639308698104
0.4654833455010706,0.041880681818182275,1.742887362419295e-11,-10.758730679132364
0.4854136058247318,0.041880681818182275,2.1811064522593628e-11,-10.661323137493007
0.5053438661483931,0.041880681818182275,2.5165490310792687e-11,-10.599194603625781
0.5252741264720544,0.041880681818182275,2.6713852136653664e-11,-10.573263482212026
0.5452043867957156,0.041880681818182275,2.6339558714840166e-11,-10.579391505354312
0.5651346471193769,0.041880681818182275,2.4395987849868178e-11,-10.612681591609489
0.5850649074430382,0.041880681818182275,2.1416161009703322e-11,-10.669258376722
0.6049951677666995,0.041880681818182275,1.7995614544897387e-11,-10.744833317730125
0.6249254280903608,0.041880681818182275,1.4907565649702582e-11,-10.826593269438819
0.644855688414022,0.041880681818182275,1.3324013707394254e-11,-10.87536492918991
0.6647859487376833,0.041880681818182275,1.4392562286018149e-11,-10.841861882392859
0.6847162090613446,0.041880681818182275,1.7962874058559134e-11,-10.745624175023247
0.7046464693850057,0.041880681818182275,2.299105804483498e-11,-10.638441042107836
0.724576729708667,0.041880681818182275,2.863080257501883e-11,-10.54316647772005
0.7445069900323283,0.041880681818182275,3.431651075216017e-11,-10.46449687694571
0.7644372503559896,0.041880681818182275,3.959654384239268e-11,-10.402342719521004
0.7843675106796509,0.041880681818182275,4.405024519802851e-11,-10.356051669820506
0.8042977710033121,0.041880681818182275,4.729065392734475e-11,-10.325224680590752
0.8242280313269734,0.041880681818182275,4.901690730667755e-11,-10.309654093777853
-0.05270342291412242,0.04886079545454597,1.8043507304922644e-11,-10.743679040235085
-0.032773162590461154,0.04886079545454597,1.4354110964993465e-11,-10.843023700760936
-0.012842902266799884,0.04886079545454597,1.1963416099573234e-11,-10.922144791806016
0.007087358056861386,0.04886079545454597,1.1280616582764925e-11,-10.947667161773412
0.027017618380522655,0.04886079545454597,1.1529683109088234e-11,-10.938182629033628
0.046947878704183925,0.04886079545454597,1.0356586168584408e-11,-10.984783377069013
0.0668781390278452,0.04886079545454597,8.637791396540981e-12,-11.063597288413675
0.08680839935150647,0.04886079545454597,7.855161655100796e-12,-11.104844872979726
0.10673865967516774,0.04886079545454597,8.229779618787403e-12,-11.08461179438992
0.126668919998829,0.04886079545454597,9.370023517636406e-12,-11.028259319083737
0.14659918032249028,0.04886079545454597,1.051717533292809e-11,-10.978100885851886
0.16652944064615155,0.04886079545454597,1.1232139711572989e-11,-10.949537503185438
0.18645970096981282,0.04886079545454597,1.1970138334784532e-11,-10.921900830572167
0.20638996129347412,0.04886079545454597,1.2833425078486732e-11,-10.891657420462737
0.22632022161713536,0.04886079545454597,1.2925481077802616e-11,-10.888553283781649
0.2462504819407966,0.04886079545454597,1.1710642532997493e-11,-10.9314192756467
0.26618074226445787,0.04886079545454597,9.969847358292387e-12,-11.001311490831654
0.28611100258811917,0.04886079545454597,9.028924345272124e-12,-11.044363985980901
0.3060412629117804,0.04886079545454597,9.402480622812877e-12,-11.026757552924346
0.32597152323544165,0.04886079545454597,1.0663108956579824e-11,-10.972116153111124
0.34590178355910295,0.04886079545454597,1.1850109135600978e-11,-10.926277649926364
0.36583204388276425,0.04886079545454597,1.2315331255711364e-11,-10.90955390208775
0.3857623042064255,0.04886079545454597,1.2104359891823488e-11,-10.917058172170146
0.40569256453008673,0.04886079545454597,1.1842930959951484e-11,-10.926540802494166
0.425622824853748,0.04886079545454597,1.2563808679369543e-11,-10.900878685623319
0.4455530851774093,0.04886079545454597,1.500093351130337e-11,-10.82388171386479
0.4654833455010706,0.04886079545454597,1.8786820613331525e-11,-10.7261467114864
0.4854136058247318,0.04886079545454597,2.2796274469370655e-11,-10.642136122718757
0.5053438661483931,0.04886079545454597,2.5871177043820418e-11,-10.587183812025339
0.5252741264720544,0.04886079545454597,2.7291377207677455e-11,-10.563974547928375
0.5452043867957156,0.04886079545454597,2.6942050801874088e-11,-10.569569349294593
0.5651346471193769,0.04886079545454597,2.51482189524344e-11,-10.599492767129703
0.5850649074430382,0.04886079545454597,2.2421780838262246e-11,-10.649329896758179
0.6049951677666995,0.04886079545454597,1.9354955846319133e-11,-10.713207815082399
0.6249254280903608,0.04886079545454597,1.6696062629524632e-11,-10.777385934833479
0.644855688414022,0.04886079545454597,1.5445622196512935e-11,-10.811194592311084
0.6647859487376833,0.04886079545454597,1.647178010315576e-11,-10.783259464145216
0.6847162090613446,0.04886079545454597,1.9709212395494463e-11,-10.705330730318476
0.7046464693850057,0.04886079545454597,2.437840319622536e-11,-10.612994744401778
0.724576729708667,0.04886079545454597,2.972514253972854e-11,-10.526876054150174
0.7445069900323283,0.04886079545454597,3.5184816073312374e-11,-10.453644714881131
0.7644372503559896,0.04886079545454597,4.0293945218508043e-11,-10.394760208343925
0.7843675106796509,0.04886079545454597,4.462774974877164e-11,-10.350395010903798
0.8042977710033121,0.04886079545454597,4.779963938514721e-11,-10.320575379823685
0.8242280313269734,0.04886079545454597,4.9514095949099937e-11,-10.305271146087936
-0.05270342291412242,0.05584090909090969,1.9291661563394403e-11,-10.71463036557866
-0.032773162590461154,0.05584090909090969,1.58088686278019e-11,-10.801099209529147
-0.012842902266799884,0.05584090909090969,1.3579761254944284e-11,-10.86710786529644
0.007087358056861386,0.05584090909090969,1.289996224762076e-11,-10.88941156068323
0.027017618380522655,0.05584090909090969,1.3356800806478913e-11,-10.87429755072811
0.046947878704183925,0.05584090909090969,1.3278960690563568e-11,-10.876835914728273
0.0668781390278452,0.05584090909090969,1.2032820740240822e-11,-10.919632553181856
0.08680839935150647,0.05584090909090969,1.1045340578414237e-11,-10.956820888299061
0.10673865967516774,0.05584090909090969,1.1097606106034047e-11,-10.9547706939219
0.126668919998829,0.05584090909090969,1.1937241932034308e-11,-10.923096004200234
0.14659918032249028,0.05584090909090969,1.2897363863151109e-11,-10.889499047582918
0.16652944064615155,0.05584090909090969,1.3601344619336141e-11,-10.866418155461252
0.18645970096981282,0.05584090909090969,1.4269811976206396e-11,-10.845581749256342
0.20638996129347412,0.05584090909090969,1.487054277060111e-11,-10.827673179563114
0.22632022161713536,0.05584090909090969,1.4734398630191326e-11,-10.831667584749187
0.2462504819407966,0.05584090909090969,1.351994105345961e-11,-10.869025201901264
0.26618074226445787,0.05584090909090969,1.1912844286698225e-11,-10.92398453486127
0.28611100258811917,0.05584090909090969,1.1006658517268907e-11,-10.958344507347078
0.3060412629117804,0.05584090909090969,1.1246264244212179e-11,-10.948991716446836
0.32597152323544165,0.05584090909090969,1.2246274186926988e-11,-10.911996021191618
0.34590178355910295,0.05584090909090969,1.3211346990446338e-11,-10.879052900728013
0.36583204388276425,0.05584090909090969,1.3624285564596981e-11,-10.865686262151375
0.3857623042064255,0.05584090909090969,1.3547388305629894e-11,-10.868144420935506
0.40569256453008673,0.05584090909090969,1.3533227517732291e-11,-10.868598616855126
0.425622824853748,0.05584090909090969,1.4414524504487147e-11,-10.841199679219816
0.4455530851774093,0.05584090909090969,1.6740035806611157e-11,-10.77624361739431
0.4654833455010706,0.05584090909090969,2.0206020303055312e-11,-10.694519214966489
0.4854136058247318,0.05584090909090969,2.38534163464722e-11,-10.622449411417728
0.5053438661483931,0.05584090909090969,2.6649608609781634e-11,-10.574309164868565
0.5252741264720544,0.05584090909090969,2.7941932669896516e-11,-10.553743558177349
0.5452043867957156,0.05584090909090969,2.7620836470334258e-11,-10.558763173369636
0.5651346471193769,0.05584090909090969,2.5983016659432827e-11,-10.58531042822491
0.5850649074430382,0.05584090909090969,2.351383316597178e-11,-10.628676567509135
0.6049951677666995,0.05584090909090969,2.078993904069327e-11,-10.682146784085045
0.6249254280903608,0.05584090909090969,1.851571203371061e-11,-10.732459582217535
0.644855688414022,0.05584090909090969,1.7543125914905116e-11,-10.755893019485475
0.6647859487376833,0.05584090909090969,1.854992709185721e-11,-10.731657792985125
0.6847162090613446,0.05584090909090969,2.1519818753407646e-11,-10.667161390753158
0.7046464693850057,0.05584090909090969,2.5863944201240813e-11,-10.58730524534049
0.724576729708667,0.05584090909090969,3.092245993314896e-11,-10.50972596453064
0.7445069900323283,0.05584090909090969,3.6149084160577426e-11,-10.44190270110931
0.7644372503559896,0.05584090909090969,4.107738262936781e-11,-10.386397236589763
0.7843675106796509,0.05584090909090969,4.5281760804257925e-11,-10.344076693730017
0.8042977710033121,0.05584090909090969,4.838092835516337e-11,-10.31532580245499
0.8242280313269734,0.05584090909090969,5.008252094402818e-11,-10.300313818684897
-0.05270342291412242,0.06282102272727338,2.061899446199726e-11,-10.6857325180173
-0.032773162590461154,0.06282102272727338,1.7315054373287724e-11,-10.761576140326952
-0.012842902266799884,0.06282102272727338,1.521063919416842e-11,-10.817852535278535
0.007087358056861386,0.06282102272727338,1.4518278067118419e-11,-10.838084889854567
0.027017618380522655,0.06282102272727338,1.4983979961980155e-11,-10.824372816412803
0.046947878704183925,0.06282102272727338,1.5537048656628188e-11,-10.808631474201167
0.0668781390278452,0.06282102272727338,1.5143526482551674e-11,-10.819772978628913
0.08680839935150647,0.06282102272727338,1.437604420458833e-11,-10.842360600494292
0.10673865967516774,0.06282102272727338,1.4232325779857815e-11,-10.846724123751052
0.126668919998829,0.06282102272727338,1.4783038060294512e-11,-10.830236304964458
0.14659918032249028,0.06282102272727338,1.5540634084209855e-11,-10.808531265222662
0.16652944064615155,0.06282102272727338,1.61739223395888e-11,-10.791184646520879
0.18645970096981282,0.06282102272727338,1.6727838269521845e-11,-10.776560179078103
0.20638996129347412,0.06282102272727338,1.707835546805593e-11,-10.767553951301252
0.22632022161713536,0.06282102272727338,1.6728001761789768e-11,-10.776555934450576
0.2462504819407966,0.06282102272727338,1.548987195881329e-11,-10.809952172157558
0.26618074226445787,0.06282102272727338,1.3972598948512987e-11,-10.854722806196508
0.28611100258811917,0.06282102272727338,1.3077607465399719e-11,-10.883471702465632
0.3060412629117804,0.06282102272727338,1.3175295618490195e-11,-10.880239631596348
0.32597152323544165,0.06282102272727338,1.3931110046415571e-11,-10.856014277127665
0.34590178355910295,0.06282102272727338,1.4694415182013865e-11,-10.83284769358445
0.36583204388276425,0.06282102272727338,1.5057073064234957e-11,-10.822259442185311
0.3857623042064255,0.06282102272727338,1.5091489064887136e-11,-10.821267906628764
0.40569256453008673,0.06282102272727338,1.5274538188332532e-11,-10.816031911382675
0.425622824853748,0.06282102272727338,1.6272572958680142e-11,-10.78854377260641
0.4455530851774093,0.06282102272727338,1.8491651923899684e-11,-10.73302429006374
0.4654833455010706,0.06282102272727338,2.1662951114389792e-11,-10.66428238033341
0.4854136058247318,0.06282102272727338,2.4965318283214037e-11,-10.60266289274677
0.5053438661483931,0.06282102272727338,2.749177349578178e-11,-10.560797242892518
0.5252741264720544,0.06282102272727338,2.866066976256658e-11,-10.542713664923038
0.5452043867957156,0.06282102272727338,2.8370768315900708e-11,-10.547128902806973
0.5651346471193769,0.06282102272727338,2.689097483759562e-11,-10.570393453674258
0.5850649074430382,0.06282102272727338,2.467703687540127e-11,-10.607706989935412
0.6049951677666995,0.06282102272727338,2.2279217958560213e-11,-10.652100057764143
0.6249254280903608,0.06282102272727338,2.0349066377273546e-11,-10.691455511573878
0.644855688414022,0.06282102272727338,1.9613763045756072e-11,-10.70743907572418
0.6647859487376833,0.06282102272727338,2.0616794396913195e-11,-10.685778860097964
0.6847162090613446,0.06282102272727338,2.3370916478834314e-11,-10.631324256632322
0.7046464693850057,0.06282102272727338,2.7424538234864416e-11,-10.561860676195863
0.724576729708667,0.06282102272727338,3.2206373375903684e-11,-10.492058176500022
0.7445069900323283,0.06282102272727338,3.71982368381233e-11,-10.429477644785333
0.7644372503559896,0.06282102272727338,4.19396951399742e-11,-10.377374730749745
0.7843675106796509,0.06282102272727338,4.600890155650601e-11,-10.337158135212551
0.8042977710033121,0.06282102272727338,4.903092394602262e-11,-10.309529922766908
0.8242280313269734,0.06282102272727338,5.072017963256024e-11,-10.294819217009376
-0.05270342291412242,0.0698011363636371,2.2012517932643988e-11,-10.657330277223638
-0.032773162590461154,0.0698011363636371,1.8861978398932493e-11,-10.724412756843789
-0.012842902266799884,0.0698011363636371,1.685364481179739e-11,-10.773306163013679
0.007087358056861386,0.0698011363636371,1.6139439471835025e-11,-10.792111552545562
0.027017618380522655,0.0698011363636371,1.6540779405181633e-11,-10.781444030249341
0.046947878704183925,0.0698011363636371,1.7354940566465984e-11,-10.760576869270015
0.0668781390278452,0.0698011363636371,1.7671065534594658e-11,-10.75273726249987
0.08680839935150647,0.0698011363636371,1.7422685961229446e-11,-10.758884891336416
0.10673865967516774,0.0698011363636371,1.7335378219444298e-11,-10.761066678563354
0.126668919998829,0.0698011363636371,1.771740105259463e-11,-10.751599983989454
0.14659918032249028,0.0698011363636371,1.8313448045534285e-11,-10.737229879282744
0.16652944064615155,0.0698011363636371,1.8856141266148162e-11,-10.724547176830846
0.18645970096981282,0.0698011363636371,1.9276871186256727e-11,-10.714963454707704
0.20638996129347412,0.0698011363636371,1.9398506505848464e-11,-10.712231705185065
0.22632022161713536,0.0698011363636371,1.8856270966885798e-11,-10.724544189574857
0.2462504819407966,0.0698011363636371,1.758229780898069e-11,-10.754924368138862
0.26618074226445787,0.0698011363636371,1.612086982287645e-11,-10.79261152896492
0.28611100258811917,0.0698011363636371,1.5215332718363077e-11,-10.817718546350887
0.3060412629117804,0.0698011363636371,1.5168359438340788e-11,-10.819061388587336
0.32597152323544165,0.0698011363636371,1.5698593026879926e-11,-10.804139269122194
0.34590178355910295,0.0698011363636371,1.6280542930758786e-11,-10.78833111616052
0.36583204388276425,0.0698011363636371,1.659517614152757e-11,-10.780018133620699
0.3857623042064255,0.0698011363636371,1.671849305902547e-11,-10.776802870775231
0.40569256453008673,0.0698011363636371,1.70541716084832e-11,-10.768169371220061
0.425622824853748,0.0698011363636371,1.813092294516551e-11,-10.74158008780795
0.4455530851774093,0.0698011363636371,2.024207107135984e-11,-10.693745054636207
0.4654833455010706,0.0698011363636371,2.313980259480838e-11,-10.635640350325977
0.4854136058247318,0.0698011363636371,2.6118426378999114e-11,-10.583052992615363
0.5053438661483931,0.0698011363636371,2.8389641846742786e-11,-10.546840086338687
0.5252741264720544,0.0698011363636371,2.94426269099984e-11,-10.531023444279475
0.5452043867957156,0.0698011363636371,2.918637174999281e-11,-10.53481989017454
0.5651346471193769,0.0698011363636371,2.7863780026804858e-11,-10.554959967114344
0.5850649074430382,0.0698011363636371,2.5898107672706806e-11,-10.586731967861812
0.6049951677666995,0.0698011363636371,2.3806580802163753e-11,-10.623302975253843
0.6249254280903608,0.0698011363636371,2.2184680903012574e-11,-10.653946813648236
0.644855688414022,0.0698011363636371,2.1655865427175184e-11,-10.664424456000795
0.6647859487376833,0.0698011363636371,2.2666046548839845e-11,-10.644624223664941
0.6847162090613446,0.0698011363636371,2.5244743376522546e-11,-10.59782903973287
0.7046464693850057,0.0698011363636371,2.9040661379151987e-11,-10.536993497130162
0.724576729708667,0.0698011363636371,3.3560861164993236e-11,-10.47416690379071
0.7445069900323283,0.0698011363636371,3.832108050784467e-11,-10.416562253978178
0.7644372503559896,0.0698011363636371,4.287411780663155e-11,-10.367804803057712
0.7843675106796509,0.0698011363636371,4.6805177611407066e-11,-10.32970610240263
0.8042977710033121,0.0698011363636371,4.9747818170194553e-11,-10.303225961700639
0.8242280313269734,0.0698011363636371,5.1424914553506416e-11,-10.288826421246686
-0.05270342291412242,0.07678125000000083,2.346190425261013e-11,-10.62963674188637
-0.032773162590461154,0.07678125000000083,2.0442034074308462e-11,-10.689475892133412
-0.012842902266799884,0.07678125000000083,1.8507357024429576e-11,-10.73265559700404
0.007087358056861386,0.07678125000000083,1.776532249997941e-11,-10.750426904206728
0.027017618380522655,0.07678125000000083,1.8077067650378108e-11,-10.742872016700485
0.046947878704183925,0.07678125000000083,1.8953384720496084e-11,-10.722313221887347
0.0668781390278452,0.07678125000000083,1.969502585712547e-11,-10.70564344467969
0.08680839935150647,0.07678125000000083,1.998187499998809e-11,-10.699363762158978
0.10673865967516774,0.07678125000000083,2.0153133610651458e-11,-10.695657415825355
0.126668919998829,0.07678125000000083,2.053459870509799e-11,-10.687513779874584
0.14659918032249028,0.07678125000000083,2.1056072087046775e-11,-10.676622641223764
0.16652944064615155,0.07678125000000083,2.1528812832392734e-11,-10.666979917903221
0.18645970096981282,0.07678125000000083,2.1827798606092324e-11,-10.660990061882949
0.20638996129347412,0.07678125000000083,2.175713176076635e-11,-10.662398358173121
0.22632022161713536,0.07678125000000083,2.105752757833328e-11,-10.676592621855225
0.2462504819407966,0.07678125000000083,1.9749380937828983e-11,-10.704446513176688
0.26618074226445787,0.07678125000000083,1.8322133547570406e-11,-10.73702395566895
0.28611100258811917,0.07678125000000083,1.7390969550294463e-11,-10.759676205311536
0.3060412629117804,0.07678125000000083,1.7202954946478525e-11,-10.764396948050234
0.32597152323544165,0.07678125000000083,1.7528859436432314e-11,-10.756246341554734
0.34590178355910295,0.07678125000000083,1.794986553233201e-11,-10.745938800499864
0.36583204388276425,0.07678125000000083,1.82188611665529e-11,-10.739478773605587
0.3857623042064255,0.07678125000000083,1.8410273475542716e-11,-10.734939760217495
0.40569256453008673,0.07678125000000083,1.885968910398156e-11,-10.724465470747054
0.425622824853748,0.07678125000000083,1.9981831297174437e-11,-10.699364712015363
0.4455530851774093,0.07678125000000083,2.1981226420944082e-11,-10.65794808020236
0.4654833455010706,0.07678125000000083,2.462409853702423e-11,-10.6086396596146
0.4854136058247318,0.07678125000000083,2.7302267586692854e-11,-10.563801281183032
0.5053438661483931,0.07678125000000083,2.933629103290854e-11,-10.532594794574612
0.5252741264720544,0.07678125000000083,3.0283194174969166e-11,-10.518798318755803
0.5452043867957156,0.07678125000000083,3.0063009273155436e-11,-10.52196754918778
0.5651346471193769,0.07678125000000083,2.889405308010396e-11,-10.539191533723095
0.5850649074430382,0.07678125000000083,2.716641966018833e-11,-10.56596759471729
0.6049951677666995,0.07678125000000083,2.536023578512288e-11,-10.595846712947177
0.6249254280903608,0.07678125000000083,2.4015045641859208e-11,-10.619516583624696
0.644855688414022,0.07678125000000083,2.366854979750572e-11,-10.625828351037343
0.6647859487376833,0.07678125000000083,2.4693565698710462e-11,-10.607416194334407
0.6847162090613446,0.07678125000000083,2.7128878558474787e-11,-10.566568158539638
0.7046464693850057,0.07678125000000083,3.0697124922361315e-11,-10.5129022984259
0.724576729708667,0.07678125000000083,3.497310274347012e-11,-10.456265836246885
0.7445069900323283,0.07678125000000083,3.9508402700179963e-11,-10.403310528215808
0.7644372503559896,0.07678125000000083,4.3873603295318754e-11,-10.357796695957253
0.7843675106796509,0.07678125000000083,4.7665610942337706e-11,-10.3217948361426
0.8042977710033121,0.07678125000000083,5.052876530877184e-11,-10.296461313796968
0.8242280313269734,0.07678125000000083,5.2194766236803903e-11,-10.282373043136294
-0.05270342291412242,0.08376136363636452,2.4958934524586608e-11,-10.602773958251204
-0.032773162590461154,0.08376136363636452,2.2049800555227443e-11,-10.656595334457181
-0.012842902266799884,0.08376136363636452,2.017100915765638e-11,-10.695272373446235
0.007087358056861386,0.08376136363636452,1.9397154069063246e-11,-10.712261984645421
0.027017618380522655,0.08376136363636452,1.9612681267275708e-11,-10.70746302948461
0.046947878704183925,0.08376136363636452,2.0456256349854185e-11,-10.689173842537963
0.0668781390278452,0.08376136363636452,2.1402170851102622e-11,-10.66954217334057
0.08680839935150647,0.08376136363636452,2.2086278379630275e-11,-10.655877458205396
0.10673865967516774,0.08376136363636452,2.257628465233944e-11,-10.646347527767574
0.126668919998829,0.08376136363636452,2.3086067652355152e-11,-10.636650036001098
0.14659918032249028,0.08376136363636452,2.3627294912129278e-11,-10.62658599787607
0.16652944064615155,0.08376136363636452,2.4075363853613577e-11,-10.618427140613708
0.18645970096981282,0.08376136363636452,2.4288373808197265e-11,-10.614601561760072
0.20638996129347412,0.08376136363636452,2.407677057710979e-11,-10.618401765528704
0.22632022161713536,0.08376136363636452,2.326554375905365e-11,-10.633286792741854
0.2462504819407966,0.08376136363636452,2.193847486297086e-11,-10.658793567354678
0.26618074226445787,0.08376136363636452,2.0537092521428155e-11,-10.687461040353027
0.28611100258811917,0.08376136363636452,1.957440587845009e-11,-10.70831141075796
0.3060412629117804,0.08376136363636452,1.9255851844885304e-11,-10.715437264195236
0.32597152323544165,0.08376136363636452,1.940119942517163e-11,-10.712171420191865
0.34590178355910295,0.08376136363636452,1.9681822879346375e-11,-10.705934680814275
0.36583204388276425,0.08376136363636452,1.9908089509584598e-11,-10.700970415274243
0.3857623042064255,0.08376136363636452,2.014890150977724e-11,-10.69574862601153
0.40569256453008673,0.08376136363636452,2.0678816273650587e-11,-10.684474325371875
0.425622824853748,0.08376136363636452,2.181798223778963e-11,-10.661185416145178
0.4455530851774093,0.08376136363636452,2.3701257242708135e-11,-10.62522861605367
0.4654833455010706,0.08376136363636452,2.6106646528868685e-11,-10.583248910924757
0.4854136058247318,0.08376136363636452,2.8508798723678955e-11,-10.545021082187871
0.5053438661483931,0.08376136363636452,3.032617497864846e-11,-10.51818236352461
0.5252741264720544,0.08376136363636452,3.117803369550725e-11,-10.506151277925836
0.5452043867957156,0.08376136363636452,3.099576174620116e-11,-10.508697686039085
0.5651346471193769,0.08376136363636452,2.997538585139375e-11,-10.523235217835365
0.5850649074430382,0.08376136363636452,2.8473319788474414e-11,-10.545561894224228
0.6049951677666995,0.08376136363636452,2.69313530658123e-11,-10.569741826527068
0.6249254280903608,0.08376136363636452,2.5835320269830265e-11,-10.587786150315035
0.644855688414022,0.08376136363636452,2.5651896680323473e-11,-10.590880517985102
0.6647859487376833,0.08376136363636452,2.6697093541231317e-11,-10.573536016826901
0.6847162090613446,0.08376136363636452,2.9014470732989492e-11,-10.537385347203141
0.7046464693850057,0.08376136363636452,3.23821335977868e-11,-10.489694539794552
0.724576729708667,0.08376136363636452,3.6431684429928345e-11,-10.438520748557389
0.7445069900323283,0.08376136363636452,4.075140509547896e-11,-10.389857412330317
0.7644372503559896,0.08376136363636452,4.493208696373773e-11,-10.34744340923279
0.7843675106796509,0.08376136363636452,4.8586689721871976e-11,-10.31348268901062
0.8042977710033121,0.08376136363636452,5.1371096311617353e-11,-10.28928116588934
0.8242280313269734,0.08376136363636452,5.3027600672121756e-11,-10.275498022861285
-0.05270342291412242,0.09074147727272824,2.6497086775382133e-11,-10.576801871984877
-0.032773162590461154,0.09074147727272824,2.368135453437111e-11,-10.625593460311507
-0.012842902266799884,0.09074147727272824,2.184428860064226e-11,-10.660662094321147
0.007087358056861386,0.09074147727272824,2.103587899322262e-11,-10.677039336086706
0.027017618380522655,0.09074147727272824,2.1155680368797034e-11,-10.674573003154109
0.046947878704183925,0.09074147727272824,2.1923712014506154e-11,-10.659085911367777
0.0668781390278452,0.09074147727272824,2.293768736294095e-11,-10.639450370922242
0.08680839935150647,0.09074147727272824,2.386350132647784e-11,-10.622265834965377
0.10673865967516774,0.09074147727272824,2.4627267072181744e-11,-10.608583779850882
0.126668919998829,0.09074147727272824,2.5315365726777833e-11,-10.596615794053392
0.14659918032249028,0.09074147727272824,2.5941046170136085e-11,-10.58601251334232
0.16652944064615155,0.09074147727272824,2.641103252744792e-11,-10.57821461991358
0.18645970096981282,0.09074147727272824,2.6583979823627187e-11,-10.575380001344554
0.20638996129347412,0.09074147727272824,2.6290055547199404e-11,-10.58020849628935
0.22632022161713536,0.09074147727272824,2.5419923134529322e-11,-10.594825767011761
0.2462504819407966,0.09074147727272824,2.409928860177135e-11,-10.617995777378875
0.26618074226445787,0.09074147727272824,2.2727235175690925e-11,-10.64345339405835
0.28611100258811917,0.09074147727272824,2.173678831184068e-11,-10.662804624071473
0.3060412629117804,0.09074147727272824,2.1304525953463047e-11,-10.671528124832953
0.32597152323544165,0.09074147727272824,2.1295407774236447e-11,-10.671714039440657
0.34590178355910295,0.09074147727272824,2.1456471537258995e-11,-10.668441695132888
0.36583204388276425,0.09074147727272824,2.1643390523097618e-11,-10.664674704280316
0.3857623042064255,0.09074147727272824,2.1917805814279816e-11,-10.659202925116837
0.40569256453008673,0.09074147727272824,2.249998559152241e-11,-10.647817760000828
0.425622824853748,0.09074147727272824,2.3632986293673178e-11,-10.626481396906808
0.4455530851774093,0.09074147727272824,2.539696826528223e-11,-10.595218123704596
0.4654833455010706,0.09074147727272824,2.7581523951486885e-11,-10.559381741588856
0.4854136058247318,0.09074147727272824,2.973261805203728e-11,-10.526766848094317
0.5053438661483931,0.09074147727272824,3.135459809929916e-11,-10.503698761604475
0.5252741264720544,0.09074147727272824,3.212297442019414e-11,-10.493184248123445
0.5452043867957156,0.09074147727272824,3.1980307751442836e-11,-10.495117361286772
0.5651346471193769,0.09074147727272824,3.1102008137161115e-11,-10.50721156934189
0.5850649074430382,0.09074147727272824,2.9812109744481144e-11,-10.525607288711917
0.6049951677666995,0.09074147727272824,2.851376078208065e-11,-10.544945498257341
0.6249254280903608,0.09074147727272824,2.7642975267350493e-11,-10.558415214819831
0.644855688414022,0.09074147727272824,2.7606326940269732e-11,-10.558991372994527
0.6647859487376833,0.09074147727272824,2.8675408581384776e-11,-10.542490385340326
0.6847162090613446,0.09074147727272824,3.089547751546258e-11,-10.510105088012834
0.7046464693850057,0.09074147727272824,3.408606723518842e-11,-10.467423103687025
0.724576729708667,0.09074147727272824,3.792717030622142e-11,-10.42104955819983
0.7445069900323283,0.09074147727272824,4.20421955375539e-11,-10.376314612221654
0.7644372503559896,0.09074147727272824,4.604480159645292e-11,-10.336819394032013
0.7843675106796509,0.09074147727272824,4.956459144243824e-11,-10.304828469330827
0.8042977710033121,0.09074147727272824,5.227216360370519e-11,-10.281729523592636
0.8242280313269734,0.09074147727272824,5.392060098137892e-11,-10.268245275941542
-0.05270342291412242,0.09772159090909197,2.8071150179345944e-11,-10.551739792342067
-0.032773162590461154,0.09772159090909197,2.5333935437738957e-11,-10.59629734056334
-0.012842902266799884,0.09772159090909197,2.3527052898526455e-11,-10.628432471041904
0.007087358056861386,0.09772159090909197,2.268211275735341e-11,-10.644316494923522
0.027017618380522655,0.09772159090909197,2.2709552079863776e-11,-10.643791431661459
0.046947878704183925,0.09772159090909197,2.3383867240524755e-11,-10.631083663305391
0.0668781390278452,0.09772159090909197,2.438850372983492e-11,-10.612814843466897
0.08680839935150647,0.09772159090909197,2.5435232428138108e-11,-10.594564289414715
0.10673865967516774,0.09772159090909197,2.6389339613247558e-11,-10.578571477756876
0.126668919998829,0.09772159090909197,2.7242619321379876e-11,-10.564751138237483
0.14659918032249028,0.09772159090909197,2.797515801799596e-11,-10.553227451675399
0.16652944064615155,0.09772159090909197,2.8497547468477786e-11,-10.545192514263007
0.18645970096981282,0.09772159090909197,2.8672076244162907e-11,-10.542540857149971
0.20638996129347412,0.09772159090909197,2.835137350274123e-11,-10.547425896551953
0.22632022161713536,0.09772159090909197,2.747425560211559e-11,-10.561074065684204
0.2462504819407966,0.09772159090909197,2.6190025283687873e-11,-10.581864082309368
0.26618074226445787,0.09772159090909197,2.4859424525125717e-11,-10.604508929131828
0.28611100258811917,0.09772159090909197,2.385312502244873e-11,-10.622454715529583
0.3060412629117804,0.09772159090909197,2.332893943667702e-11,-10.632105004338197
0.32597152323544165,0.09772159090909197,2.3192964045014004e-11,-10.63464374527602
0.34590178355910295,0.09772159090909197,2.325479297670963e-11,-10.633487522395114
0.36583204388276425,0.09772159090909197,2.340650206445662e-11,-10.630663483681026
0.3857623042064255,0.09772159090909197,2.3701319848837673e-11,-10.625227468879897
0.40569256453008673,0.09772159090909197,2.4312979507463268e-11,-10.61416181596706
0.425622824853748,0.09772159090909197,2.542142163864845e-11,-10.594800166112604
0.4455530851774093,0.09772159090909197,2.7065043561051605e-11,-10.567591269577571
0.4654833455010706,0.09772159090909197,2.9045133905611992e-11,-10.536926616972764
0.4854136058247318,0.09772159090909197,3.096987322801126e-11,-10.50906057237934
0.5053438661483931,0.09772159090909197,3.241810227969678e-11,-10.489212411868085
0.5252741264720544,0.09772159090909197,3.31145428914412e-11,-10.479981235516531
0.5452043867957156,0.09772159090909197,3.3012507681539003e-11,-10.481321484730884
0.5651346471193769,0.09772159090909197,3.2269387082868515e-11,-10.491209283404771
0.5850649074430382,0.09772159090909197,3.117775278658211e-11,-10.50615519086489
0.6049951677666995,0.09772159090909197,3.0103192104335385e-11,-10.521387449927936
0.6249254280903608,0.09772159090909197,2.9436319425109816e-11,-10.53111649301974
0.644855688414022,0.09772159090909197,2.953291884469057e-11,-10.529693628026525
0.6647859487376833,0.09772159090909197,3.062830121543447e-11,-10.513877090468077
0.6847162090613446,0.09772159090909197,3.2767491683339526e-11,-10.48455680212625
0.7046464693850057,0.09772159090909197,3.5802082592744736e-11,-10.446091709885998
0.724576729708667,0.09772159090909197,3.945227434671141e-11,-10.403927955502581
0.7445069900323283,0.09772159090909197,4.3374496918066984e-11,-10.362765549364747
0.7644372503559896,0.09772159090909197,4.720643506414663e-11,-10.325998795383777
0.7843675106796509,0.09772159090909197,5.059540630797864e-11,-10.295888912125815
0.8042977710033121,0.09772159090909197,5.322893730840192e-11,-10.273852204233107
0.8242280313269734,0.09772159090909197,5.487211700884147e-11,-10.260648284062677
-0.05270342291412242,0.10470170454545566,2.9677070431186076e-11,-10.527578972610176
-0.032773162590461154,0.10470170454545566,2.7005490238930674e-11,-10.56854793443056
-0.012842902266799884,0.10470170454545566,2.5219307720478244e-11,-10.598266839146866
0.007087358056861386,0.10470170454545566,2.4336510552866226e-11,-10.613741692181335
0.027017618380522655,0.10470170454545566,2.427571443204232e-11,-10.614827979985233
0.046947878704183925,0.10470170454545566,2.4849831923376124e-11,-10.604676544355081
0.0668781390278452,0.10470170454545566,2.580256860702396e-11,-10.5883370585201
0.08680839935150647,0.10470170454545566,2.6887906804180794e-11,-10.570443005838348
0.10673865967516774,0.10470170454545566,2.7951123500859715e-11,-10.553600730875324
0.126668919998829,0.10470170454545566,2.8925845689985857e-11,-10.53871393494751
0.14659918032249028,0.10470170454545566,2.975495493318322e-11,-10.526440703180556
0.16652944064615155,0.10470170454545566,3.033934488489972e-11,-10.51799380113481
0.18645970096981282,0.10470170454545566,3.054369210871784e-11,-10.515078466771218
0.20638996129347412,0.10470170454545566,3.024049922079135e-11,-10.51941104362568
0.22632022161713536,0.10470170454545566,2.940046126476528e-11,-10.531645855874551
0.2462504819407966,0.10470170454545566,2.818192549411744e-11,-10.550029337596348
0.26618074226445787,0.10470170454545566,2.690905916989525e-11,-10.570101486348687
0.28611100258811917,0.10470170454545566,2.5903978452183214e-11,-10.58663352985158
0.3060412629117804,0.10470170454545566,2.531263498378222e-11,-10.596662643488449
0.32597152323544165,0.10470170454545566,2.507761452696455e-11,-10.600713777532246
0.34590178355910295,0.10470170454545566,2.5060092551743618e-11,-10.601017329405822
0.36583204388276425,0.10470170454545566,2.518142923348796e-11,-10.59891962408511
0.3857623042064255,0.10470170454545566,2.548641321945643e-11,-10.593691279815314
0.40569256453008673,0.10470170454545566,2.610923844342904e-11,-10.583205795532088
0.425622824853748,0.10470170454545566,2.7179419569942943e-11,-10.565759822079702
0.4455530851774093,0.10470170454545566,2.8703600541485395e-11,-10.542063622526602
0.4654833455010706,0.10470170454545566,3.049606854728417e-11,-10.515756144858864
0.4854136058247318,0.10470170454545566,3.221825867390343e-11,-10.491897935945087
0.5053438661483931,0.10470170454545566,3.3513351367541883e-11,-10.474782140124946
0.5252741264720544,0.10470170454545566,3.4149314269551244e-11,-10.466618012683474
0.5452043867957156,0.10470170454545566,3.4089058435225526e-11,-10.46738499413729
0.5651346471193769,0.10470170454545566,3.347332659043157e-11,-10.475301125166059
0.5850649074430382,0.10470170454545566,3.2565976460981824e-11,-10.487235895372336
0.6049951677666995,0.10470170454545566,3.169690359314837e-11,-10.498983161065855
0.6249254280903608,0.10470170454545566,3.121499411662312e-11,-10.505636742588157
0.644855688414022,0.10470170454545566,3.1432963072754276e-11,-10.502614677668657
0.6647859487376833,0.10470170454545566,3.2556181085875966e-11,-10.487366544526141
0.6847162090613446,0.10470170454545566,3.462812832662281e-11,-10.460570981721894
0.7046464693850057,0.10470170454545566,3.7524758540950055e-11,-10.425682093612883
0.724576729708667,0.10470170454545566,4.1000746272787834e-11,-10.387208238421627
0.7445069900323283,0.10470170454545566,4.4742461596034985e-11,-10.34928012600233
0.7644372503559896,0.10470170454545566,4.841227569063844e-11,-10.315044502224682
0.7843675106796509,0.10470170454545566,5.1676700988559205e-11,-10.286705219242776
0.8042977710033121,0.10470170454545566,5.4240160410789156e-11,-10.265679034749077
0.8242280313269734,0.10470170454545566,5.587911786094966e-11,-10.252750458519664
-0.05270342291412242,0.11168181818181935,3.131157041151646e-11,-10.50429515007863
-0.032773162590461154,0.11168181818181935,2.8694400551134732e-11,-10.542202843579636
-0.012842902266799884,0.11168181818181935,2.692127268226805e-11,-10.56990441302825
0.007087358056861386,0.11168181818181935,2.5999666149768138e-11,-10.585032228577042
0.027017618380522655,0.11168181818181935,2.5854712492414046e-11,-10.587460287273165
0.046947878704183925,0.11168181818181935,2.63277175413761e-11,-10.579586790045184
0.0668781390278452,0.11168181818181935,2.720547217163228e-11,-10.565343732182082
0.08680839935150647,0.11168181818181935,2.8276607173366905e-11,-10.548572701462156
0.10673865967516774,0.11168181818181935,2.9384402846135386e-11,-10.531883130651927
0.126668919998829,0.11168181818181935,3.043049817435728e-11,-10.516690937796174
0.14659918032249028,0.11168181818181935,3.132889099420563e-11,-10.504054978358687
0.16652944064615155,0.11168181818181935,3.196880651440323e-11,-10.495273576862001
0.18645970096981282,0.11168181818181935,3.221654330278471e-11,-10.491921059356304
0.20638996129347412,0.11168181818181935,3.19600744377043e-11,-10.495392217848455
0.22632022161713536,0.11168181818181935,3.118937455307847e-11,-10.505993334151809
0.2462504819407966,0.11168181818181935,3.006011700368894e-11,-10.52200933333136
0.26618074226445787,0.11168181818181935,2.886173463339411e-11,-10.539677570710568
0.28611100258811917,0.11168181818181935,2.7876635732895e-11,-10.554759639856687
0.3060412629117804,0.11168181818181935,2.7243626344055656e-11,-10.56473508485058
0.32597152323544165,0.11168181818181935,2.693633720885404e-11,-10.569661459768621
0.34590178355910295,0.11168181818181935,2.6858524292018304e-11,-10.570917852778232
0.36583204388276425,0.11168181818181935,2.6954675565014162e-11,-10.569365891109396
0.3857623042064255,0.11168181818181935,2.726217279998931e-11,-10.56443953377498
0.40569256453008673,0.11168181818181935,2.788237627944864e-11,-10.55467021618829
0.425622824853748,0.11168181818181935,2.890460784408415e-11,-10.539032918428829
0.4455530851774093,0.11168181818181935,3.031271338236533e-11,-10.518375186883926
0.4654833455010706,0.11168181818181935,3.193398900713938e-11,-10.495746828545318
0.4854136058247318,0.11168181818181935,3.347634056867175e-11,-10.475262022533448
0.5053438661483931,0.11168181818181935,3.463817980820708e-11,-10.460444937671468
0.5252741264720544,0.11168181818181935,3.522438488563757e-11,-10.453156582125088
0.5452043867957156,0.11168181818181935,3.520648459861942e-11,-10.45337733748707
0.5651346471193769,0.11168181818181935,3.4710678211841374e-11,-10.459536900567057
0.5850649074430382,0.11168181818181935,3.397395700023039e-11,-10.468853867222329
0.6049951677666995,0.11168181818181935,3.329309429535403e-11,-10.47764583917956
0.6249254280903608,0.11168181818181935,3.297935396985832e-11,-10.481757855970871
0.644855688414022,0.11168181818181935,3.3308333439781197e-11,-10.477447096399587
0.6647859487376833,0.11168181818181935,3.446006360038217e-11,-10.462683925342153
0.6847162090613446,0.11168181818181935,3.647576559564391e-11,-10.43799558386291
0.7046464693850057,0.11168181818181935,3.9250557012128515e-11,-10.406154175719307
0.724576729708667,0.11168181818181935,4.2567634238163915e-11,-10.370920485736914
0.7445069900323283,0.11168181818181935,4.614183810136392e-11,-10.335905108961452
0.7644372503559896,0.11168181818181935,4.965917121948622e-11,-10.304000532824293
0.7843675106796509,0.11168181818181935,5.2805307957401054e-11,-10.277322420255087
0.8042977710033121,0.11168181818181935,5.530272090035272e-11,-10.257253500830215
0.8242280313269734,0.11168181818181935,5.693969374421331e-11,-10.2445848730787
-0.05270342291412242,0.1186619318181831,3.297206760213626e-11,-10.481853818399951
-0.032773162590461154,0.1186619318181831,3.039976922317015e-11,-10.517129713282173
-0.012842902266799884,0.1186619318181831,2.86332279111395e-11,-10.543129689876592
0.007087358056861386,0.1186619318181831,2.767199637394635e-11,-10.55795950790231
0.027017618380522655,0.1186619318181831,2.7446836966017542e-11,-10.561507697383473
0.046947878704183925,0.1186619318181831,2.782026968572749e-11,-10.555638664334785
0.0668781390278452,0.1186619318181831,2.8611048770369867e-11,-10.54346622234726
0.08680839935150647,0.1186619318181831,2.963488639851447e-11,-10.528196733233226
0.10673865967516774,0.1186619318181831,3.074044445824117e-11,-10.512289857579079
0.126668919998829,0.1186619318181831,3.181359236330408e-11,-10.497387287966777
0.14659918032249028,0.1186619318181831,3.274993760800373e-11,-10.484789523047024
0.16652944064615155,0.1186619318181831,3.342993217725336e-11,-10.475864504504484
0.18645970096981282,0.1186619318181831,3.3722577650826206e-11,-10.47207923663493
0.20638996129347412,0.1186619318181831,3.352826097636659e-11,-10.474588971711471
0.22632022161713536,0.1186619318181831,3.2846317991805886e-11,-10.483513306940253
0.2462504819407966,0.1186619318181831,3.1822380211062317e-11,-10.497267339652668
0.26618074226445787,0.1186619318181831,3.0712353650314487e-11,-10.512686899995373
0.28611100258811917,0.1186619318181831,2.9765303802690445e-11,-10.526289680417495
0.3060412629117804,0.1186619318181831,2.91146668469154e-11,-10.535888175069061
0.32597152323544165,0.1186619318181831,2.8759941153748853e-11,-10.541212006906273
0.34590178355910295,0.1186619318181831,2.863914372682631e-11,-10.543039971010606
0.36583204388276425,0.1186619318181831,2.871546244310674e-11,-10.541884185307513
0.3857623042064255,0.1186619318181831,2.9019994337645232e-11,-10.537302676637417
0.40569256453008673,0.1186619318181831,2.962779118171461e-11,-10.528300724940811
0.425622824853748,0.1186619318181831,3.059619510384979e-11,-10.514332578359786
0.4455530851774093,0.1186619318181831,3.1893185777773046e-11,-10.496302097357743
0.4654833455010706,0.1186619318181831,3.3359815202675346e-11,-10.476776363810098
0.4854136058247318,0.1186619318181831,3.474400523768119e-11,-10.45912011817565
0.5053438661483931,0.1186619318181831,3.579078614760641e-11,-10.446228762190668
0.5252741264720544,0.1186619318181831,3.633711487053712e-11,-10.439649558193292
0.5452043867957156,0.1186619318181831,3.6361876158619264e-11,-10.439353716640541
0.5651346471193769,0.1186619318181831,3.5978546429912695e-11,-10.443956386577458
0.5850649074430382,0.1186619318181831,3.5399571998979667e-11,-10.451001988810514
0.6049951677666995,0.1186619318181831,3.489088938805358e-11,-10.457287960004427
0.6249254280903608,0.1186619318181831,3.473022200317188e-11,-10.459292440575089
0.644855688414022,0.1186619318181831,3.516071093116803e-11,-10.453942352302423
0.6647859487376833,0.1186619318181831,3.634132734193317e-11,-10.43959921443168
0.6847162090613446,0.1186619318181831,3.830994756650833e-11,-10.416688442420256
0.7046464693850057,0.1186619318181831,4.0976880169189596e-11,-10.387461110280448
0.724576729708667,0.1186619318181831,4.414962832150788e-11,-10.35507294822679
0.7445069900323283,0.1186619318181831,4.7568649335343685e-11,-10.322679179766451
0.7644372503559896,0.1186619318181831,5.094278425012845e-11,-10.292917322595358
0.7843675106796509,0.1186619318181831,5.397848306563656e-11,-10.26777932440122
0.8042977710033121,0.1186619318181831,5.64142719699653e-11,-10.248611012085721
0.8242280313269734,0.1186619318181831,5.8051816173734506e-11,-10.236184188640435
-0.05270342291412242,0.1256420454545468,3.465656657906516e-11,-10.460214464981188
-0.032773162590461154,0.1256420454545468,3.2120739488852576e-11,-10.493214464880554
-0.012842902266799884,0.1256420454545468,3.0355378024333624e-11,-10.517764354362113
0.007087358056861386,0.1256420454545468,2.93540561253983e-11,-10.532331879725817
0.027017618380522655,0.1256420454545468,2.905217161974959e-11,-10.536821398997422
0.046947878704183925,0.1256420454545468,2.9328730091875985e-11,-10.532706741180057
0.0668781390278452,0.1256420454545468,3.0026612308286105e-11,-10.5224936634324
0.08680839935150647,0.1256420454545468,3.0982961965607914e-11,-10.508877066117517
0.10673865967516774,0.1256420454545468,3.205403752526358e-11,-10.49411725898435
0.126668919998829,0.1256420454545468,3.311952271760509e-11,-10.479915930419885
0.14659918032249028,0.1256420454545468,3.406501409311831e-11,-10.46769142705154
0.16652944064615155,0.1256420454545468,3.476698725708195e-11,-10.458832941594961
0.18645970096981282,0.1256420454545468,3.509906304439682e-11,-10.454704476698831
0.20638996129347412,0.1256420454545468,3.497091172092935e-11,-10.456293045122635
0.22632022161713536,0.1256420454545468,3.438632194544031e-11,-10.463614275013267
0.2462504819407966,0.1256420454545468,3.3475816927794654e-11,-10.47526881587221
0.26618074226445787,0.1256420454545468,3.246361319203474e-11,-10.488603144952354
0.28611100258811917,0.1256420454545468,3.156974142838494e-11,-10.500728975177326
0.3060412629117804,0.1256420454545468,3.092278626674496e-11,-10.509721381320492
0.32597152323544165,0.1256420454545468,3.0542316105203394e-11,-10.515098032323166
0.34590178355910295,0.1256420454545468,3.039376671928028e-11,-10.517215474187013
0.36583204388276425,0.1256420454545468,3.045610504081942e-11,-10.516325638342048
0.3857623042064255,0.1256420454545468,3.0754516527065476e-11,-10.51209109586436
0.40569256453008673,0.1256420454545468,3.1342725400793785e-11,-10.503863242230441
0.425622824853748,0.1256420454545468,3.225462670898307e-11,-10.491407979941592
0.4455530851774093,0.1256420454545468,3.344729172969777e-11,-10.475639041856253
0.4654833455010706,0.1256420454545468,3.477498345639504e-11,-10.458733067944056
0.4854136058247318,0.1256420454545468,3.602095525976847e-11,-10.443444774066592
0.5053438661483931,0.1256420454545468,3.6969663960246846e-11,-10.432154496975548
0.5252741264720544,0.1256420454545468,3.7485119538921214e-11,-10.426141099863592
0.5452043867957156,0.1256420454545468,3.75527265641218e-11,-10.425358525004317
0.5651346471193769,0.1256420454545468,3.727474738066628e-11,-10.428585291176226
0.5850649074430382,0.1256420454545468,3.6840893275955424e-11,-10.43366984807033
0.6049951677666995,0.1256420454545468,3.6489865824171764e-11,-10.43782773356407
0.6249254280903608,0.1256420454545468,3.6468702242560186e-11,-10.438079691002725
0.644855688414022,0.1256420454545468,3.6992485067378746e-11,-10.431886492831723
0.6647859487376833,0.1256420454545468,3.8201487717540226e-11,-10.41791972360826
0.6847162090613446,0.1256420454545468,4.013066149902406e-11,-10.396523681457086
0.7046464693850057,0.1256420454545468,4.2701925477408614e-11,-10.369552541711272
0.724576729708667,0.1256420454545468,4.5743880031791814e-11,-10.339667000968229
0.7445069900323283,0.1256420454545468,4.901992002333736e-11,-10.309627401640686
0.7644372503559896,0.1256420454545468,5.226106535033084e-11,-10.281821741354692
0.7843675106796509,0.1256420454545468,5.5193139963124064e-11,-10.258114898019036
0.8042977710033121,0.1256420454545468,5.757226079268426e-11,-10.239786715993723
0.8242280313269734,0.1256420454545468,5.921366122531903e-11,-10.22757808533254
-0.05270342291412242,0.1326221590909105,3.636343137107318e-11,-10.439335142083486
-0.032773162590461154,0.1326221590909105,3.385672624317798e-11,-10.470355038054004
-0.012842902266799884,0.1326221590909105,3.208797908274136e-11,-10.493657634130777
0.007087358056861386,0.1326221590909105,3.104622659801158e-11,-10.507991177041237
0.027017618380522655,0.1326221590909105,3.067068674217252e-11,-10.51327649969417
0.046947878704183925,0.1326221590909105,3.085362854547502e-11,-10.510693753361403
0.0668781390278452,0.1326221590909105,3.1456394164792795e-11,-10.502291061880705
0.08680839935150647,0.1326221590909105,3.233303452003491e-11,-10.49035353406887
0.10673865967516774,0.1326221590909105,3.334824466326803e-11,-10.476927020911436
0.126668919998829,0.1326221590909105,3.4380626283755974e-11,-10.463686216389455
0.14659918032249028,0.1326221590909105,3.531203026415823e-11,-10.452077311970388
0.16652944064615155,0.1326221590909105,3.6018824864122966e-11,-10.443470460404662
0.18645970096981282,0.1326221590909105,3.63809193419925e-11,-10.439126330558143
0.20638996129347412,0.1326221590909105,3.631628573866092e-11,-10.439898575505865
0.22632022161713536,0.1326221590909105,3.5828867618035335e-11,-10.445766917622617
0.2462504819407966,0.1326221590909105,3.5033353468651484e-11,-10.455518289081857
0.26618074226445787,0.1326221590909105,3.412372350334373e-11,-10.466943585689586
0.28611100258811917,0.1326221590909105,3.329442865744701e-11,-10.477628433333294
0.3060412629117804,0.1326221590909105,3.266844749775525e-11,-10.4858715040057
0.32597152323544165,0.1326221590909105,3.2280431981196363e-11,-10.491060662122377
0.34590178355910295,0.1326221590909105,3.211781063272664e-11,-10.493254066834591
0.36583204388276425,0.1326221590909105,3.217111594149143e-11,-10.49253387416716
0.3857623042064255,0.1326221590909105,3.2461514451708985e-11,-10.488631222566546
0.40569256453008673,0.1326221590909105,3.3026399732215364e-11,-10.481138766958095
0.425622824853748,0.1326221590909105,3.3881582069932924e-11,-10.470036318878515
0.4455530851774093,0.1326221590909105,3.49774123420566e-11,-10.456212323134498
0.4654833455010706,0.1326221590909105,3.618174880102963e-11,-10.441510445870838
0.4854136058247318,0.1326221590909105,3.7307769624699145e-11,-10.428200713667273
0.5053438661483931,0.1326221590909105,3.817352890560544e-11,-10.418237690368153
0.5252741264720544,0.1326221590909105,3.8666292823913384e-11,-10.412667464422823
0.5452043867957156,0.1326221590909105,3.8776743697710356e-11,-10.411428663887872
0.5651346471193769,0.1326221590909105,3.8597049155572476e-11,-10.413445896997647
0.5850649074430382,0.1326221590909105,3.8297119791781105e-11,-10.416833886751263
0.6049951677666995,0.1326221590909105,3.8090110633521327e-11,-10.419187765919835
0.6249254280903608,0.1326221590909105,3.819607632909572e-11,-10.417981247458506
0.644855688414022,0.1326221590909105,3.880553529565478e-11,-10.411106321392944
0.6647859487376833,0.1326221590909105,4.004244356519786e-11,-10.397479427833563
0.6847162090613446,0.1326221590909105,4.1938359993923935e-11,-10.377388556691733
0.7046464693850057,0.1326221590909105,4.442493633433817e-11,-10.352373185912429
0.724576729708667,0.1326221590909105,4.73485599597516e-11,-10.32469322491929
0.7445069900323283,0.1326221590909105,5.049349955275657e-11,-10.296764528615617
0.7644372503559896,0.1326221590909105,5.3611236194325437e-11,-10.270744178482877
0.7843675106796509,0.1326221590909105,5.6447955723874024e-11,-10.248351781532053
0.8042977710033121,0.1326221590909105,5.877603687631932e-11,-10.230799700685509
0.8242280313269734,0.1326221590909105,6.042238356254913e-11,-10.218802146529733
-0.05270342291412242,0.13960227272727418,3.8091336242393326e-11,-10.419173792040578
-0.032773162590461154,0.13960227272727418,3.5607477998368016e-11,-10.44845878538724
-0.012842902266799884,0.13960227272727418,3.3831522417961213e-11,-10.470678458527628
0.007087358056861386,0.13960227272727418,3.274899935887761e-11,-10.48480196527699
0.027017618380522655,0.13960227272727418,3.230260433316561e-11,-10.490762462129348
0.046947878704183925,0.13960227272727418,3.239507840253449e-11,-10.489520964638336
0.0668781390278452,0.13960227272727418,3.290258567187546e-11,-10.482769971384288
0.08680839935150647,0.13960227272727418,3.3692737272569446e-11,-10.472463704540358
0.10673865967516774,0.13960227272727418,3.463825270237292e-11,-10.460444023723309
0.126668919998829,0.13960227272727418,3.561990651060809e-11,-10.448307224737466
0.14659918032249028,0.13960227272727418,3.6519565881533366e-11,-10.437474393689085
0.16652944064615155,0.13960227272727418,3.7216736450027093e-11,-10.429261712986188
0.18645970096981282,0.13960227272727418,3.7598655661685686e-11,-10.424827682975241
0.20638996129347412,0.13960227272727418,3.759041839459772e-11,-10.424922840408724
0.22632022161713536,0.13960227272727418,3.71950022092316e-11,-10.429515411160276
0.2462504819407966,0.13960227272727418,3.65105169885909e-11,-10.437582017400791
0.26618074226445787,0.13960227272727418,3.570409519341731e-11,-10.447281968260269
0.28611100258811917,0.13960227272727418,3.4946724681057776e-11,-10.456593521480515
0.3060412629117804,0.13960227272727418,3.4355015696710096e-11,-10.464009848695099
0.32597152323544165,0.13960227272727418,3.397439698501288e-11,-10.468848242863475
0.34590178355910295,0.13960227272727418,3.3808692047290095e-11,-10.470971630406433
0.36583204388276425,0.13960227272727418,3.385778092749369e-11,-10.47034150938496
0.3857623042064255,0.13960227272727418,3.4139698093343705e-11,-10.466740323788791
0.40569256453008673,0.13960227272727418,3.4679303744063936e-11,-10.459929630433038
0.425622824853748,0.13960227272727418,3.547924809404377e-11,-10.45002559267537
0.4455530851774093,0.13960227272727418,3.6486526558147595e-11,-10.437867478603845
0.4654833455010706,0.13960227272727418,3.7582197188785347e-11,-10.425017833094703
0.4854136058247318,0.13960227272727418,3.860498403969395e-11,-10.41335662275815
0.5053438661483931,0.13960227272727418,3.9401711838582186e-11,-10.404484909496755
0.5252741264720544,0.13960227272727418,3.9878928315384145e-11,-10.399256521197112
0.5452043867957156,0.13960227272727418,4.003188696369746e-11,-10.39759393828343
0.5651346471193769,0.13960227272727418,3.994403612337099e-11,-10.39854805419875
0.5850649074430382,0.13960227272727418,3.976734977023444e-11,-10.400473350892689
0.6049951677666995,0.13960227272727418,3.969200564312353e-11,-10.401296955571699
0.6249254280903608,0.13960227272727418,3.9914076127967e-11,-10.398873918683282
0.644855688414022,0.13960227272727418,4.060228494075015e-11,-10.391449525308612
0.6647859487376833,0.13960227272727418,4.186627535456826e-11,-10.378135674525792
0.6847162090613446,0.13960227272727418,4.373430585516474e-11,-10.359177762145672
0.7046464693850057,0.13960227272727418,4.614573788799535e-11,-10.33586840508669
0.724576729708667,0.13960227272727418,4.896227054104281e-11,-10.31013845073624
0.7445069900323283,0.13960227272727418,5.198721649560968e-11,-10.284103434979556
0.7644372503559896,0.13960227272727418,5.4991945860551476e-11,-10.259700912768592
0.7843675106796509,0.13960227272727418,5.774058508836603e-11,-10.238518819704321
0.8042977710033121,0.13960227272727418,6.002261744680609e-11,-10.221685069925513
0.8242280313269734,0.13960227272727418,6.16767656722905e-11,-10.209878408749352
-0.05270342291412242,0.14658238636363793,3.9839361306558e-11,-10.399687632679587
-0.032773162590461154,0.14658238636363793,3.7372726030670906e-11,-10.427445222811349
-0.012842902266799884,0.14658238636363793,3.558618677756863e-11,-10.448718546140135
0.007087358056861386,0.14658238636363793,3.446273541341026e-11,-10.46265025422978
0.027017618380522655,0.14658238636363793,3.394792555158728e-11,-10.469186758909968
0.046947878704183925,0.14658238636363793,3.395321632874084e-11,-10.469119079478848
0.0668781390278452,0.14658238636363793,3.436650321628591e-11,-10.463864654977385
0.08680839935150647,0.14658238636363793,3.506671371609103e-11,-10.455104932203511
0.10673865967516774,0.14658238636363793,3.5934182786530246e-11,-10.444492227399305
0.126668919998829,0.14658238636363793,3.685318375805728e-11,-10.433524987348246
0.14659918032249028,0.14658238636363793,3.770857804947036e-11,-10.423559844070432
0.16652944064615155,0.14658238636363793,3.838475201866607e-11,-10.415841260769595
0.18645970096981282,0.14658238636363793,3.877667171936619e-11,-10.411429470036706
0.20638996129347412,0.14658238636363793,3.8816095778554266e-11,-10.410988149192377
0.22632022161713536,0.14658238636363793,3.850418201123257e-11,-10.414492098393675
0.2462504819407966,0.14658238636363793,3.7923666623653895e-11,-10.421089679840357
0.26618074226445787,0.14658238636363793,3.7217456643134445e-11,-10.42925330889448
0.28611100258811917,0.14658238636363793,3.6535804650294984e-11,-10.437281323481352
0.3060412629117804,0.14658238636363793,3.598767411464925e-11,-10.443846220916265
0.32597152323544165,0.14658238636363793,3.56258892560935e-11,-10.448234286444643
0.34590178355910295,0.14658238636363793,3.546592392792695e-11,-10.450188721799556
0.36583204388276425,0.14658238636363793,3.5514998534884664e-11,-10.44958819890806
0.3857623042064255,0.14658238636363793,3.578885115122591e-11,-10.44625224256253
0.40569256453008673,0.14658238636363793,3.630291163969027e-11,-10.4400585414008
0.425622824853748,0.14658238636363793,3.705057300467726e-11,-10.431205071062653
0.4455530851774093,0.14658238636363793,3.797817952946392e-11,-10.420465856851688
0.4654833455010706,0.14658238636363793,3.897868083563915e-11,-10.409172862896618
0.4854136058247318,0.14658238636363793,3.9913491611452885e-11,-10.3988802786991
0.5053438661483931,0.14658238636363793,4.065342829933902e-11,-10.390902824517529
0.5252741264720544,0.14658238636363793,4.112125285604641e-11,-10.385933662004543
0.5452043867957156,0.14658238636363793,4.1316400803421725e-11,-10.383877518209893
0.5651346471193769,0.14658238636363793,4.131427591966134e-11,-10.383899854352562
0.5850649074430382,0.14658238636363793,4.125103939058938e-11,-10.384565104182892
0.6049951677666995,0.14658238636363793,4.129608239530627e-11,-10.38409114628066
0.6249254280903608,0.14658238636363793,4.1624173752470195e-11,-10.380654374225667
0.644855688414022,0.14658238636363793,4.238465890119524e-11,-10.37279130756211
0.6647859487376833,0.14658238636363793,4.367488237102246e-11,-10.359768256022985
0.6847162090613446,0.14658238636363793,4.551952531373141e-11,-10.341802275494839
0.7046464693850057,0.14658238636363793,4.786413480519556e-11,-10.319989787011444
0.724576729708667,0.14658238636363793,5.058410411129698e-11,-10.295985937336795
0.7445069900323283,0.14658238636363793,5.350000369479983e-11,-10.271646187985667
0.7644372503559896,0.14658238636363793,5.640095213907835e-11,-10.248713564363158
0.7843675106796509,0.14658238636363793,5.90695954318719e-11,-10.228636003618387
0.8042977710033121,0.14658238636363793,6.131003788769143e-11,-10.212468415492237
0.8242280313269734,0.14658238636363793,6.29743796501661e-11,-10.200836101969376
-0.05270342291412242,0.15356250000000163,4.1606631057233796e-11,-10.380837448169723
-0.032773162590461154,0.15356250000000163,3.915242379271199e-11,-10.40724134708709
-0.012842902266799884,0.15356250000000163,3.735256629189117e-11,-10.427679554809227
0.007087358056861386,0.15356250000000163,3.618800131803812e-11,-10.441435402537481
0.027017618380522655,0.15356250000000163,3.5606944140100305e-11,-10.448465296756506
0.046947878704183925,0.15356250000000163,3.552806399686369e-11,-10.449428457537046
0.0668781390278452,0.15356250000000163,3.584898666130771e-11,-10.445523115968907
0.08680839935150647,0.15356250000000163,3.645803876843378e-11,-10.438206697583297
0.10673865967516774,0.15356250000000163,3.7242617725035895e-11,-10.428959800741632
0.126668919998829,0.15356250000000163,3.8091622532572205e-11,-10.419170527944594
0.14659918032249028,0.15356250000000163,3.889413274681763e-11,-10.410115907873918
0.16652944064615155,0.15356250000000163,3.9540571217260015e-11,-10.402957061003326
0.18645970096981282,0.15356250000000163,3.993403605140998e-11,-10.3986567943317
0.20638996129347412,0.15356250000000163,4.001205005750205e-11,-10.397809196537727
0.22632022161713536,0.15356250000000163,3.977354052034997e-11,-10.400405747711241
0.2462504819407966,0.15356250000000163,3.928787059712499e-11,-10.405741509314426
0.26618074226445787,0.15356250000000163,3.8676710230141095e-11,-10.4125504733082
0.28611100258811917,0.15356250000000163,3.80713378514208e-11,-10.419401861528664
0.3060412629117804,0.15356250000000163,3.757295032233837e-11,-10.4251247017052
0.32597152323544165,0.15356250000000163,3.7238165206025054e-11,-10.429011725664093
0.34590178355910295,0.15356250000000163,3.7090737260477104e-11,-10.430734534021763
0.36583204388276425,0.15356250000000163,3.714355323750476e-11,-10.43011655300259
0.3857623042064255,0.15356250000000163,3.7410336797366306e-11,-10.427008381922636
0.40569256453008673,0.15356250000000163,3.789989987006877e-11,-10.42136193741805
0.425622824853748,0.15356250000000163,3.8599353727698084e-11,-10.413419966697266
0.4455530851774093,0.15356250000000163,3.945580558165934e-11,-10.403889085063593
0.4654833455010706,0.15356250000000163,4.037367145620838e-11,-10.393901755403396
0.4854136058247318,0.15356250000000163,4.123402221663793e-11,-10.38474429941426
0.5053438661483931,0.15356250000000163,4.192803284319855e-11,-10.377495513112411
0.5252741264720544,0.15356250000000163,4.2391964170217315e-11,-10.372716460560238
0.5452043867957156,0.15356250000000163,4.262878385813745e-11,-10.370297057013529
0.5651346471193769,0.15356250000000163,4.2706752717240883e-11,-10.369503449659538
0.5850649074430382,0.15356250000000163,4.274788274534499e-11,-10.369085390521406
0.6049951677666995,0.15356250000000163,4.290310791500944e-11,-10.367511246243026
0.6249254280903608,0.15356250000000163,4.332806048146113e-11,-10.363230751100668
0.644855688414022,0.15356250000000163,4.415519781831449e-11,-10.355018165224793
0.6647859487376833,0.15356250000000163,4.547038998306031e-11,-10.342271320992499
0.6847162090613446,0.15356250000000163,4.72954707134038e-11,-10.325180447811034
0.7046464693850057,0.15356250000000163,4.9581109446615136e-11,-10.304683759513496
0.724576729708667,0.15356250000000163,5.221403216451954e-11,-10.28221276763617
0.7445069900323283,0.15356250000000163,5.5030434540350696e-11,-10.259397057827924
0.7644372503559896,0.15356250000000163,5.783704006770166e-11,-10.237793941079312
0.7843675106796509,0.15356250000000163,6.043333676595007e-11,-10.218723425956203
0.8042977710033121,0.15356250000000163,6.263793426606412e-11,-10.203162573294343
0.8242280313269734,0.15356250000000163,6.43143417519871e-11,-10.191692170944654
