theta,branch,omega_re,omega_im,tau_re,tau_im,tau_radius,phi_abs,local_phi_sum
0.0,1,1.5459862385321101,0.0,0.20013769980450058,0.0,1.0,0.3992377898107434,1.0
0.0,2,1.5459862385321101,0.0,1.3458485387276096,0.0,2.2465750728073166,0.6007622101892566,1.0
0.006135923151542565,1,1.5459571357780673,0.007234292440132702,0.20012148771616137,0.002888148465367666,1.0029521229703482,0.39922744265163823,1.0000033616567021
0.006135923151542565,2,1.5459571357780673,0.007234292440132702,1.3458356480619058,0.004346143974765036,2.2465819976693338,0.6007759190050639,1.0000033616567021
0.01227184630308513,1,1.5458698286116408,0.014468312513243872,0.20007285555404358,0.005775861452847118,1.0059124247838416,0.3991963980381602,1.0000134440765387
0.01227184630308513,2,1.5458698286116408,0.014468312513243872,1.3457969730575972,0.008692451060396754,2.246602769935712,0.6008170460383785,1.0000134440765387
0.018407769454627694,1,1.5457243203198963,0.021701787862566442,0.19999181562829177,0.008662703573566565,1.0088803889174238,0.39914464656749227,1.0000302396039293
0.018407769454627694,2,1.5457243203198963,0.021701787862566442,1.3457325046916044,0.013039084288999876,2.246637382644069,0.6008855930364371,1.0000302396039293
0.02454369260617026,1,1.5455206163811386,0.028934446151841885,0.19987838846062483,0.011548239616969316,1.0118554930880084,0.39907217258718897,1.0000537354636883
0.02454369260617026,2,1.5455206163811386,0.028934446151841885,1.3456422279205138,0.017386206534872568,2.2466858241792194,0.6009815628764994,1.0000537354636883
0.030679615757712823,1,1.545258724464706,0.03616601507557353,0.19973260279152974,0.01443203464067674,1.014837209487934,0.3989789542236035,1.0000839137372544
0.030679615757712823,2,1.545258724464706,0.03616601507557353,1.3455261216731764,0.021733980434896785,2.246748078256371,0.6011049595136508,1.0000839137372544
0.03681553890925539,1,1.5449386544306811,0.04339622236927869,0.19955449559028712,0.01731365406119706,1.017825005027596,0.3988649634217922,1.0001207513295272
0.03681553890925539,2,1.5449386544306811,0.04339622236927869,1.345384158840394,0.026082568308081627,2.24682412389763,0.601255787907735,1.0001207513295272
0.04295146206079795,1,1.5445604183295198,0.05062479581973929,0.1993441120677827,0.020192663745760855,1.0208183415852163,0.3987301659970005,1.0001642199264265
0.04295146206079795,2,1.5445604183295198,0.05062479581973929,1.345216306261737,0.03043213207397843,2.246913935401848,0.6014340539294261,1.0001642199264265
0.04908738521234052,1,1.5441240304015973,0.05785146327525053,0.199101505692045,0.023068630105563193,1.023816676263719,0.39857452169786767,1.0002142859433238
0.04908738521234052,2,1.5441240304015973,0.05785146327525053,1.3450225247095524,0.03478283316968733,2.2470174823078493,0.6016397642454563,1.0002142859433238
0.05522330836388308,1,1.5436295070766728,0.06507595265586723,0.1988267382064371,0.02594112019069105,1.0268194616546564,0.3983979842815121,1.0002709104645309
0.05522330836388308,2,1.5436295070766728,0.06507595265586723,1.3448027688702358,0.039134832465176184,2.247134729351096,0.6018729261830187,1.0002709104645309
0.06135923151542565,1,1.5430768669732697,0.07229799196364751,0.1985198796504159,0.028809701787013243,1.0298261461091391,0.3982005016006922,1.0003340491740633
0.06135923151542565,2,1.5430768669732697,0.07229799196364751,1.3445569873228538,0.043488290176634276,2.247265636413843,0.6021335475733711,1.0003340491740633
0.06749515466696822,1,1.5424661308979757,0.07951730929289337,0.1981810083827591,0.031673943515308244,1.0328361740157082,0.39798201570326336,1.0004036522779414
0.06749515466696822,2,1.5424661308979757,0.07951730929289337,1.3442851225152166,0.04784336577758513,2.2474101584688633,0.6024216365746781,1.0004036522779414
0.07363107781851078,1,1.5417973218446586,0.08673363284038771,0.19781021110714586,0.034533414932903087,1.035848986085087,0.3977424629441785,1.0004796644183152
0.07363107781851078,2,1.5417973218446586,0.08673363284038771,1.3439871107375128,0.052200217907484615,2.2475682455168147,0.6027372014741368,1.0004796644183152
0.07976700097005335,1,1.5410704649936016,0.09394669091562764,0.1974075828999632,0.03738768663809415,1.0388640196417491,0.39748177411030816,1.0005620245797537
0.07976700097005335,2,1.5410704649936016,0.09394669091562764,1.3436628820936383,0.05655900427753349,2.2477398425173534,0.6030802504694455,1.0005620245797537
0.0859029241215959,1,1.540285587710554,0.1011562119510535,0.19697322724019592,0.04023633037761759,1.041880708922228,0.3971998745583801,1.000650665988068
0.0859029241215959,2,1.540285587710554,0.1011562119510535,1.343312360470358,0.06091988157343591,2.2479248893140857,0.603450791429688,1.000650665988068
0.09203884727313848,1,1.539442719545702,0.10836192451227311,0.19650725604124242,0.04307891915743391,1.044898485380096,0.3968966843663614,1.0007455160020886
0.09203884727313848,2,1.539442719545702,0.10836192451227311,1.3429354635044597,0.0652830053548392,2.248123320553488,0.6038488316357272,1.0007455160020886
0.09817477042468103,1,1.5385418922325558,0.11556355730828126,0.1960097896844853,0.04591502735708745,1.0479167779975402,0.3965721184986328,1.000846495998851
0.09817477042468103,2,1.5385418922325558,0.11556355730828126,1.3425321025480705,0.0696485299511938,2.24833506559791,0.6042743775002182,1.000846495998851
0.1043106935762236,1,1.5375831396867543,0.12276083920167352,0.1954809570544292,0.04874423084789691,1.0509350136034514,0.39622608698532175,1.0009535212527005
0.1043106935762236,2,1.5375831396867543,0.12276083920167352,1.3421021826323252,0.0740166083537766,2.2485600484328243,0.6047274342673788,1.0009535212527005
0.11044661672776616,1,1.5365664980047893,0.12995349921885455,0.19492089557520362,0.051566107115228695,1.0539526171979485,0.39585849511618393,1.0010665008088646
0.11044661672776616,2,1.5365664980047893,0.12995349921885455,1.3416456024295855,0.07838739210362586,2.2487981875684517,0.6052080056926807,1.0010665008088646
0.11658253987930874,1,1.535492005462645,0.13714126656024,0.19432975124821222,0.05438023538509861,1.0569690122832571,0.39546924364943914,1.0011853373520943
0.11658253987930874,2,1.535492005462645,0.13714126656024,1.3411622542144328,0.0827610311751414,2.249049395935965,0.6057160937026551,1.0011853373520943
0.1227184630308513,1,1.534359702514359,0.14432387061045204,0.19370767869069516,0.05718619675534206,1.0599836212008558,0.3950582290359836,1.001309927071027
0.1227184630308513,2,1.534359702514359,0.14432387061045204,1.3406520238236637,0.08713767385510997,2.2493135807784332,0.6062516980350434,1.001309927071027
0.12885438618239387,1,1.5331696317904966,0.15150104094850775,0.1930548411749534,0.059983574331585215,1.062995865474806,0.3946253436594135,1.0014401595189752
0.12885438618239387,2,1.5331696317904966,0.15150104094850775,1.3401147906155433,0.09151746661692253,2.2495906435367248,0.6068148158595618,1.0014401595189752
0.13499030933393644,1,1.5319218380965485,0.1586725073580005,0.19237141066796837,0.06277195336824253,1.0660051661611771,0.3941704760923075,1.0015759174718997
0.13499030933393644,2,1.5319218380965485,0.1586725073580005,1.33955042742858,0.09590055398975797,2.2498804797305865,0.6074054413795921,1.0015759174718997
0.14112623248547898,1,1.5306163684112417,0.16583799983727326,0.19165756787113386,0.06555092141475696,1.0690109442034776,0.3936935113692204,1.001717076784379
0.14112623248547898,2,1.5306163684112417,0.16583799983727326,1.3389588005401079,0.10028707842251632,2.250182978835136,0.6080235654151587,1.001717076784379
0.14726215563702155,1,1.529253271884772,0.17299724860958418,0.19091350225979847,0.0683200684672902,1.072012620794,0.39319433127684783,1.0018635062444554
0.14726215563702155,2,1.529253271884772,0.17299724860958418,1.3383397696249735,0.10467718014229399,2.250498024153026,0.6086691749676075,1.0018635062444554
0.15339807878856412,1,1.5278325998369535,0.1801499841332634,0.19013941212230234,0.07107898712605919,1.075009617740985,0.3926728146618228,1.0020150674282788
0.15339807878856412,2,1.5278325998369535,0.1801499841332634,1.3376931877146512,0.10907099700720423,2.250825492682561,0.6093422527664561,1.0020150674282788
0.1595340019401067,1,1.5263544057552854,0.18729593711186118,0.18933550459817208,0.0738272727585043,1.0780013578415062,0.3921288377566,1.0021716145555533
0.1595340019401067,2,1.5263544057552854,0.18729593711186118,1.3370189011571134,0.11346866435335688,2.251165254982056,0.6100427767989532,1.0021716145555533
0.16566992509164924,1,1.5248187452929398,0.19443483850428678,0.18850199571512205,0.07656452366846153,1.080987265259976,0.3915622745238816,1.0023329943468304
0.16566992509164924,2,1.5248187452929398,0.19443483850428678,1.3363167495778177,0.11787031483582525,2.2515171750307696,0.610770719822949,1.0023329943468304
0.1718058482431918,1,1.5232256762666647,0.20156641953493773,0.18763911042449236,0.07929034127149714,1.0839667659121588,0.39097299702002225,1.0024990458837773
0.1718058482431918,2,1.5232256762666647,0.20156641953493773,1.3355865658421724,0.12227607826344057,2.251881110086739,0.611526048863755,1.0024990458837773
0.17794177139473438,1,1.521575258654609,0.20869041170381897,0.186747082634736,0.08200433027654848,1.0869392878545896,0.3903608757778403,1.002669600473593
0.17794177139473438,2,1.521575258654609,0.20869041170381897,1.334828176019873,0.12668608142727047,2.2522569105418877,0.6123087246957529,1.002669600473593
0.18407769454627695,1,1.5198675545940628,0.21580654679665184,0.18582615524255097,0.08470609887399774,1.0899042616792654,0.38972578020923704,1.0028444815188293
0.18407769454627695,2,1.5198675545940628,0.21580654679665184,1.334041399351512,0.13110044792265413,2.2526444197748,0.6131187013095922,1.0028444815188293
0.19021361769781953,1,1.5181026283791186,0.22291455689497222,0.18487658016123537,0.08739525893028813,1.0928611209134935,0.38906757902800254,1.0030235043939146
0.19021361769781953,2,1.5181026283791186,0.22291455689497222,1.3332260482178833,0.1355192979646841,2.25304347400156,0.6139559253659121,1.0030235043939146
0.19634954084936207,1,1.5162805464582512,0.2300141743862173,0.1838986183458273,0.09007142618917194,1.0958093024247513,0.3883861406931518,1.003206476329769
0.19634954084936207,2,1.5162805464582512,0.2300141743862173,1.3323819281124238,0.13994274819704533,2.2534539021251097,0.6148203356366171,1.003206476329769
0.20248546400090464,1,1.5144013774318146,0.23710513197380126,0.18289253981457373,0.09273422047965987,1.0987482468304117,0.38768133387309883,1.0033931963079372
0.20248546400090464,2,1.5144013774318146,0.23710513197380126,1.3315088376172408,0.14437091149414139,2.2538755255835716,0.6157118624348384,1.0033931963079372
0.2086213871524472,1,1.512465192049461,0.24418716268717877,0.181858623666258,0.09538326593071778,1.1016773989121749,0.3869530279309284,1.0035834549657472
0.2086213871524472,2,1.512465192049461,0.24418716268717877,1.3306065683832031,0.148803896756461,2.254308158198047,0.6166304270348187,1.0035834549657472
0.21475731030398978,1,1.5104720632074755,0.2512599998918963,0.1807971580928979,0.09801819119273346,1.104596208035028,0.3862010934309751,1.0037770345140469
0.21475731030398978,2,1.5104720632074755,0.2512599998918963,1.3296749051145775,0.15324180869916282,2.254751606020385,0.6175759410830718,1.0037770345140469
0.22089323345553233,1,1.5084220659460326,0.25832337729963056,0.1797084403873141,0.10063862966575003,1.1075041285705443,0.38542540266685793,1.0039737086691414
0.22089323345553233,2,1.5084220659460326,0.25832337729963056,1.3287136255587184,0.15768474763388052,2.25520566718148,0.6185483060022835,1.0039737086691414
0.2270291566070749,1,1.5063152774463702,0.26537702897821447,0.17859277694505213,0.1032442197344349,1.11040062032431,0.3846258302110528,1.0041732426005956
0.2270291566070749,2,1.5063152774463702,0.26537702897821447,1.327722500501318,0.16213280924377957,2.2556701317406618,0.6195474123895427,1.0041732426005956
0.23316507975861747,1,1.504151777027885,0.27242068936164904,0.17745048326013038,0.10583460500972401,1.1132851489672506,0.3838022534860077,1.0043753928966237
0.23316507975861747,2,1.504151777027885,0.27242068936164904,1.3267012937677545,0.16658608435192504,2.256144781536781,0.6205731394106161,1.0043753928966237
0.23930100291016004,1,1.5019316461451446,0.27945409326010195,0.1762818839140732,0.10840943457705009,1.1161571864706026,0.38295455335672385,1.00457990754883
0.23930100291016004,2,1.5019316461451446,0.27945409326010195,1.3256497622310712,0.1710446586830519,2.2566293900416063,0.621625354192106,1.00457990754883
0.2454369260617026,1,1.499654968384822,0.28647697586989174,0.17508731255767876,0.11096836325103031,1.1190162115442583,0.3820826147446323,1.0047865259580984
0.2454369260617026,2,1.499654968384822,0.28647697586989174,1.3245676558271433,0.17550861261886144,2.257123722216195,0.6227039112134661,1.0047865259580984
0.2515728492132452,1,1.497321829462548,0.2934890727834575,0.17386711188496204,0.11351105183645481,1.121861710078176,0.3811863272624937,1.0049949789634718
0.2515728492132452,2,1.497321829462548,0.2934890727834575,1.3234547175775861,0.17997802094700266,2.2576275343709082,0.6238086517009782,1.0049949789634718
0.25770877236478773,1,1.4949323172196847,0.3004901199993136,0.1726216335987064,0.11603716739537996,1.1246931755865268,0.3802655858699413,1.0052049888958698
0.25770877236478773,2,1.4949323172196847,0.3004901199993136,1.3223106836209784,0.1844529526039336,2.258140574029777,0.6249394030259287,1.0052049888958698
0.2638446955163303,1,1.4924865216200172,0.3074798539319894,0.17135123836705157,0.11854638352009313,1.127510109654215,0.37932029154916486,1.0054162696585232
0.2638446955163303,2,1.4924865216200172,0.3074798539319894,1.3211352832529657,0.1889334704118963,2.258662579799947,0.6260959781093584,1.0054162696585232
0.2699806186678729,1,1.4899845347463676,0.314458011421953,0.1700562957705436,0.121038380611675,1.130312022385374,0.3783503520001082,1.005628526835998
0.2699806186678729,2,1.4899845347463676,0.314458011421953,1.319928238975824,0.19341963081027802,2.2591932812469495,0.6272781748358897,1.005628526835998
0.2761165418194154,1,1.4874264507971273,0.321424329745519,0.16873718423907053,0.12351284616384439,1.133098432853409,0.37735568235441375,1.0058414578336814
0.2761165418194154,2,1.4874264507971273,0.321424329745519,1.3186892665580567,0.1979114835816746,2.259732398776584,0.6284857754792676,1.0058414578336814
0.28225246497095796,1,1.4848123660827113,0.3283785466247398,0.16739429097811054,0.12596947505172731,1.1358688695521146,0.37633620590720335,1.0060547520495804
0.28225246497095796,2,1.4848123660827113,0.3283785466247398,1.3174180751046007,0.20240907157301247,2.2602796435241848,0.629718546142377,1.0060547520495804
0.28838838812250056,1,1.4821423790219317,0.3353204002372805,0.1660280118837233,0.12840796982514766,1.1386228708473616,0.37529185486562955,1.0062680910802495
0.28838838812250056,2,1.4821423790219317,0.3353204002372805,1.3161143671382085,0.20691243041213284,2.2608347172521097,0.63097623621462,1.0062680910802495
0.2945243112740431,1,1.479416590138292,0.3422496292262761,0.16463875144572318,0.1308280410059911,1.1413599854287997,0.37422257111296997,1.0064811489626266
0.2945243112740431,2,1.479416590138292,0.3422496292262761,1.314777838692569,0.211421588220285,2.2613973122562525,0.6322585778496567,1.0064811489626266
0.3006602344255857,1,1.4766351020562036,0.34916597271017163,0.16322692263848412,0.1332294073891474,1.1440797727609868,0.37312830698686744,1.0066935924534803
0.3006602344255857,2,1.4766351020562036,0.34916597271017163,1.3134081794177195,0.2159365653210242,2.2619671112824373,0.6335652854666128,1.0066935924534803
0.30679615757712825,1,1.47379801949712,0.35606917029254403,0.16179294679883993,0.13561179634648823,1.1467818035333068,0.37200902607014236,1.0069050813481055
0.30679615757712825,2,1.47379801949712,0.35606917029254403,1.3120050726982802,0.22045737394605577,2.2625437874535352,0.6348960552779631,1.0069050813481055
0.3129320807286708,1,1.4709054492755966,0.362958962071906,0.16033725349056263,0.13797494413328965,1.149465660107989,0.37086470399242105,1.0071152688397993
0.3129320807286708,2,1.4709054492755966,0.362958962071906,1.310568195785034,0.22498401793861633,2.2631270042081653,0.6362505648473782,1.0071152688397993
0.3190680038802134,1,1.467957500295267,0.36983508865149123,0.15886028035492256,0.14031859619645964,1.1521309369655068,0.369695329240637,1.0073238019215387
0.3190680038802134,2,1.467957500295267,0.36983508865149123,1.3090972199403443,0.22951649245503156,2.2637164152518334,0.6376284726809017,1.0073238019215387
0.32520392703175593,1,1.464954283544744,0.37669729114902034,0.15736247294686115,0.14264250748388257,1.1547772411465729,0.36850090397626956,1.007530321831144
0.32520392703175593,2,1.464954283544744,0.37669729114902034,1.307591810597883,0.23405478366513774,2.264311664521371,0.6390294178548745,1.007530321831144
0.3313398501832985,1,1.4618959120934414,0.38354531120644786,0.1558442845563365,0.14494644275414337,1.1574041926899101,0.3672814448569915,1.0077344645410595
0.3313398501832985,2,1.4618959120934414,0.38354531120644786,1.3060516275371048,0.2385988684523045,2.2649123861635228,0.6404530196840681,1.0077344645410595
0.3374757733348411,1,1.458782501087315,0.39037889099968914,0.15430617601443722,0.14723017688584675,1.1600114250649258,0.36603698386020206,1.0079358612937062
0.3374757733348411,2,1.458782501087315,0.39037889099968914,1.304476325072878,0.2431487141138424,2.265518204528524,0.6418988774335042,1.0079358612937062
0.3436116964863836,1,1.4556141677445302,0.39719777324832733,0.1527486154838993,0.14949349518569993,1.162598585598371,0.3647675691057259,1.0081341391831669
0.3436116964863836,2,1.4556141677445302,0.39719777324832733,1.302865552260631,0.2477042780626274,2.2661287341794942,0.643366570077441,1.0081341391831669
0.3497476196379262,1,1.4523910313510462,0.4040017012252998,0.151172078233704,0.15173619369448052,1.165165335894021,0.36347326567476773,1.0083289217837441
0.3497476196379262,2,1.4523910313510462,0.4040017012252998,1.3012189531173421,0.2522655075308193,2.2667435799184488,0.6448556561089765,1.0083289217837441
0.35588354278946877,1,1.4491132132561264,0.41079041876656386,0.14957704639748404,0.1539580794899687,1.1677113522443725,0.36215415642202364,1.0085198298256979
0.35588354278946877,2,1.4491132132561264,0.41079041876656386,1.2995361668586425,0.25683233927659516,2.267362336829703,0.6463656734036741,1.0085198298256979
0.3620194659410113,1,1.4457808368677698,0.417563670280741,0.14796400871551796,0.15615897098588025,1.1702363260333002,0.3608103427776681,1.0087064819182032
0.3620194659410113,2,1.4457808368677698,0.417563670280741,1.2978168281522517,0.26140469929486077,2.2679845903414155,0.6478961391405351,1.0087064819182032
0.3681553890925539,1,1.4423940276480636,0.42432120075874,0.14633346026015046,0.15833869822579805,1.172739964128591,0.35944194553576264,1.008888495319302
0.3681553890925539,2,1.4423940276480636,0.42432120075874,1.296060567387913,0.265982502532942,2.268609916305968,0.6494465497835394,1.008888495319302
0.37429131224409645,1,1.438952913108461,0.43106275578335784,0.1446859021445393,0.16049710317106394,1.1752219892632256,0.35804910562547043,1.0090654867523092
0.37429131224409645,2,1.438952913108461,0.43106275578335784,1.2942670109639216,0.27056565261229387,2.2692378810998446,0.6510163811268388,1.0090654867523092
0.38042723539563905,1,1.4354576228049793,0.437788081538858,0.1430218412146961,0.1626340399815608,1.17768214040425,0.3566319848613115,1.0092370732678333
0.38042723539563905,2,1.4354576228049793,0.437788081538858,1.2924357815902832,0.27515404155729717,2.2698680417436075,0.6526050884065219,1.0092370732678333
0.3865631585471816,1,1.431908288333323,0.44449692482052705,0.14134178972485942,0.1647493752882861,1.1801201731080515,0.35519076666856064,1.0094028731502294
0.3865631585471816,2,1.431908288333323,0.44449692482052705,1.2905664986084635,0.27974754953224096,2.2704999460425235,0.6542121064816688,1.0094028731502294
0.39269908169872414,1,1.4283050433239286,0.4511890330442073,0.13964626499631422,0.1668429884565958,1.1825358598608284,0.35372565677977674,1.0095625068669616
0.39269908169872414,2,1.4283050433239286,0.4511890330442073,1.2886587783276142,0.28434604458761154,2.271133132748305,0.6558368500871847,1.0095625068669616
0.39883500485026674,1,1.4246480234369343,0.45786415425580657,0.1379357890598512,0.16891477183897827,1.1849289904030273,0.35223688389835806,1.0097155980589905
0.39883500485026674,2,1.4246480234369343,0.45786415425580657,1.2867122343770832,0.28894938241682827,2.2717671317423878,0.6574787141606323,1.0097155980589905
0.4049709280018093,1,1.4209373663570721,0.4645220371407839,0.13621088828214145,0.17096463101620668,1.1872993720365081,0.3507247003249498,1.0098617745699392
0.4049709280018093,2,1.4209373663570721,0.4645220371407839,1.2847264780749306,0.2935574061245772,2.272401464241053,0.6591370742449894,1.0098617745699392
0.4111068511533518,1,1.4171732117884834,0.47116243103361183,0.134472092976388,0.17299248502571085,1.1896468299131957,0.34918938254248705,1.0100006695114117
0.4111068511533518,2,1.4171732117884834,0.47116243103361183,1.2827011188120956,0.298169946007901,2.2730356430226504,0.6608112869689245,1.0100006695114117
0.4172427743048944,1,1.4133557014494607,0.4777850859272134,0.13271993699770504,0.1749982665760108,1.1919712073039765,0.3476312317556433,1.0101319223614633
0.4172427743048944,2,1.4133557014494607,0.4777850859272134,1.2806357644517556,0.3027868193512026,2.273669172677051,0.66250069060582,1.0101319223614633
0.42337869745643697,1,1.40948497906711,0.48438975248237504,0.13095495732376414,0.17698192224606157,1.1942723658466103,0.3460505743804711,1.0102551800928505
0.42337869745643697,2,1.40948497906711,0.48438975248237504,1.278530021743346,0.30740783023631346,2.274301549877395,0.6642046057123794,1.0102551800928505
0.42951462060797957,1,1.4055611903719418,0.49097618203713395,0.12917769362134096,0.17894341266837316,1.1965501857714473,0.344447762480073,1.0103700983273087
0.42951462060797957,2,1.4055611903719418,0.49097618203713395,1.2763834967506007,0.3120327693687608,2.2749322636740654,0.6659223358472357,1.0103700983273087
0.4356505437595221,1,1.4015844830923823,0.49754412661613995,0.12738868779948692,0.1808827126947931,1.1988045661037674,0.3428231741422266,1.0104763425117502
0.4356505437595221,2,1.4015844830923823,0.49754412661613995,1.2741957952928955,0.3166614139213469,2.2755607958107302,0.6676531683695237,1.0104763425117502
0.44178646691106466,1,1.3975550069492133,0.504093338939992,0.12558848355014457,0.18279981154386868,1.2010354248415938,0.34117721379501087,1.010573589111922
0.44178646691106466,2,1.3975550069492133,0.504093338939992,1.2719665233990687,0.3212935273961233,2.2761866210621737,0.6693963753169112,1.010573589111922
0.44792239006260726,1,1.3934729136499338,0.5106235724345476,0.12377762587711696,0.18469471292874556,1.2032426991078813,0.33951031245664154,1.0106615268187318
0.44792239006260726,2,1.3934729136499338,0.5106235724345476,1.269695287772817,0.3259288595058021,2.2768092075935216,0.6711512143620902,1.0106615268187318
0.4540583132141498,1,1.3893383568830495,0.5171345812402067,0.12195666061439318,0.18656743516460686,1.2054263452760368,0.3378229279159244,1.0107398577621425
0.4540583132141498,2,1.3893383568830495,0.5171345812402067,1.2673816962686564,0.33056714607559984,2.277428017340345,0.672916929846218,1.0107398577621425
0.46019423636569234,1,1.3851514923122858,0.5236261202211677,0.1201261339349202,0.1884180112547118,1.2075863390677868,0.33611554483997313,1.0108082987272504
0.46019423636569234,2,1.3851514923122858,0.5236261202211677,1.2650253583773656,0.335208108966456,2.278042506409009,0.6746927538872773,1.0108082987272504
0.46633015951723494,1,1.3809124775707273,0.5300979449746571,0.11828659185099792,0.19024648895415805,1.2097226756224935,0.3343886748061204,1.010866582366916
0.46633015951723494,2,1.3809124775707273,0.5300979449746571,1.2626258857197294,0.3398514560204991,2.278652125496502,0.6764779075607956,1.010866582366916
0.4724660826687775,1,1.376621472254883,0.5365498118401308,0.1164385797075557,0.19205293081056388,1.2118353695370925,0.33264285625526585,1.0109144584050944
0.4724660826687775,2,1.376621472254883,0.5365498118401308,1.2601828925473275,0.344496881029567,2.2792563203288685,0.6782716021498285,1.0109144584050944
0.4786020058203201,1,1.3722786379186782,0.5429814779084479,0.11458264166964621,0.19383741418094672,1.213924454875931,0.33087865436426445,1.0109516948248507
0.4786020058203201,2,1.3722786379186782,0.5429814779084479,1.257695996249032,0.3491440637275012,2.2798545321172323,0.6800730404605864,1.0109516948248507
0.48473792897186263,1,1.3678841380673707,0.5493927010310161,0.11271932020556417,0.19560003122416378,1.2159899851498772,0.3290966608353473,1.0109780790349037
0.48473792897186263,2,1.3678841380673707,0.5493927010310161,1.2551648178618064,0.3537926698068523,2.2804461980302917,0.6818814181995563,1.0109780790349037
0.4908738521234052,1,1.363438138151396,0.5557832398289084,0.11084915556706218,0.19734088886837492,1.2180320332641899,0.3272974936009978,1.0109934190084668
0.4908738521234052,2,1.363438138151396,0.5557832398289084,1.252588982584334,0.35844235096053356,2.2810307516820343,0.6836959254074689,1.0109934190084668
0.4970097752749478,1,1.3589408055601386,0.5621528537019512,0.10897268526819472,0.19906010875309182,1.2200506914347515,0.3254817964431623,1.0109975443881298
0.4970097752749478,2,1.3589408055601386,0.5621528537019512,1.2499681202919437,0.3630927449488594,2.2816076236333247,0.6855157479449675,1.0109975443881298
0.5031456984264904,1,1.354392309615628,0.5685013028377822,0.10709044356437043,0.2007578271454853,1.2220460710723988,0.32365023852616104,1.01099030755054
0.5031456984264904,2,1.354392309615628,0.5685013028377822,1.2473018660512576,0.36774347569229693,2.282176241905887,0.6873400690243788,1.01099030755054
0.5092816215780329,1,1.349792821566166,0.5748283482208796,0.10520296093323445,0.20243419483073763,1.2240183026352112,0.32180351384317957,1.0109715846247314
0.5092816215780329,2,1.349792821566166,0.5748283482208796,1.2445898606329318,0.372394153390142,2.2827360325071284,0.6891680707815517,1.0109715846247314
0.5154175447295755,1,1.3451425145798783,0.5811337516415608,0.10331076355903404,0.20408937697634605,1.225967535448761,0.3199423405767477,1.0109412764580874
0.5154175447295755,2,1.3451425145798783,0.5811337516415608,1.2418317510208443,0.3770443746652147,2.2832864199641305,0.6909989358813396,1.0109412764580874
0.521553467881118,1,1.3404415637381941,0.5874172757049507,0.10141437282214284,0.2057235529704058,1.2278939374944704,0.3180674603741661,1.010899309524118
0.521553467881118,2,1.3404415637381941,0.5874172757049507,1.2390271909160513,0.38169372273454494,2.2838268278650724,0.6928318491499521,1.010899309524118
0.5276893910326605,1,1.3356901460292558,0.59367868383992,0.09951430479542973,0.2073369162340279,1.2297976951663612,0.3161796375393931,1.0108456367664933
0.5276893910326605,2,1.3356901460292558,0.59367868383992,1.2361758412338262,0.3863417676058921,2.2843566794062564,0.6946659992271002,1.0108456367664933
0.5338253141842031,1,1.3308884403412546,0.5999177403079913,0.09761106974915955,0.20892967400817514,1.2316790129966415,0.3142796581434706,1.010780238374082
0.5338253141842031,2,1.3308884403412546,0.5999177403079913,1.2332773705920952,0.3909880662998161,2.2848753979428498,0.6965005802306113,1.010780238374082
0.5399612373357457,1,1.3260366274556958,0.6061342102122147,0.09570517166610135,0.21050204711532727,1.2335381133507102,0.3123683290561284,1.010703122482126
0.5399612373357457,2,1.3260366274556958,0.6061342102122147,1.2303314557895946,0.3956321630968875,2.285382407541408,0.6983347934259975,1.010703122482126
0.5460971604872883,1,1.3211348900405921,0.6123278595060122,0.09379710776849862,0.21205426969651628,1.2353752360923211,0.3104464769017606,1.010614325795089
0.5460971604872883,2,1.3211348900405921,0.6123278595060122,1.2273377822720937,0.40027358980949596,2.2858771335321864,0.7001678488933284,1.010614325795089
0.5522330836388308,1,1.3161834126435872,0.6184984550019884,0.09188736805852192,0.21358658892439975,1.2371906382197861,0.30851494694351145,1.010513914127207
0.5522330836388308,2,1.3161834126435872,0.6184984550019884,1.2242960445850652,0.40491186607758867,2.286359003059237,0.7019989671836955,1.010513914127207
0.5583690067903734,1,1.3111823816850057,0.6246457643807105,0.08997643487378025,0.21509926469316443,1.2389845934742465,0.3065746018997305,1.0104019828572748
0.5583690067903734,2,1.3111823816850057,0.6246457643807105,1.2212059468112255,0.4095464996875461,2.286827445626259,0.7038273809575443,1.0104019828572748
0.5645049299419159,1,1.3061319854508373,0.6307695561994549,0.08806478245941157,0.2165925692861742,1.2407573919211807,0.30462632069755535,1.0102786572947744
0.5645049299419159,2,1.3061319854508373,0.6307695561994549,1.2180672029914257,0.41417698691328064,2.287281893636181,0.705652336597219,1.0102786572947744
0.5706408530934586,1,1.3010324140856453,0.6368695999009207,0.08615287655820669,0.2180667870223928,1.2425093395064482,0.3026709971688488,1.010144092955038
0.5706408530934586,2,1.3010324140856453,0.6368695999009207,1.2148795375274386,0.41880281287852794,2.287721782922443,0.7074730957861891,1.010144092955038
0.5767767762450011,1,1.2958838595854096,0.6429456658219105,0.08424117402014414,0.21952221388272214,1.244240757588303,0.30070953869414924,1.0099984757417733
0.5767767762450011,2,1.2958838595854096,0.6429456658219105,1.2116426855652656,0.4234234519391883,2.288146553270008,0.709288937047624,1.0099984757417733
0.5829126993965437,1,1.290686515790297,0.6489975252019764,0.0823301224326275,0.22095915711750153,1.245951982446923,0.2987428648006835,1.0098420220359206
0.5829126993965437,2,1.290686515790297,0.6489975252019764,1.2083563933576695,0.4280383680844748,2.2885556489241323,0.7110991572352371,1.0098420220359206
0.5890486225480862,1,1.2854405783773637,0.6550249501920333,0.0804201597726213,0.22237793483650864,1.2476433647731155,0.29677190572083767,1.0096749786904817
0.5890486225480862,2,1.2854405783773637,0.6550249501920333,1.2050204186047424,0.43264701535552463,2.2889485190850123,0.712903072969644,1.0096749786904817
0.5951845456996288,1,1.2801462448531886,0.6610277138629371,0.0785117140817787,0.22377887558289133,1.2493152691379634,0.2947976009177751,1.0094976229316301
0.5951845456996288,2,1.2801462448531886,0.6610277138629371,1.20163453077141,0.4372488382800458,2.28932461838646,0.714700022013855,1.0094976229316301
0.6013204688511714,1,1.2748037145464364,0.6670055902140284,0.0766052031655432,0.22516231789253643,1.2509680734452542,0.29282089758513613,1.0093102621670915
0.6013204688511714,2,1.2748037145464364,0.6670055902140284,1.1981985113808933,0.44184327232149195,2.289683407356868,0.7164893645819554,1.0093102621670915
0.607456392002714,1,1.2694131886003535,0.6729583541816411,0.07470103431709005,0.2265286098404511,1.2526021683686277,0.29084274912793745,1.009113233703449
0.607456392002714,2,1.2694131886003535,0.6729583541816411,1.1947121542832635,0.44642974434119004,2.2900243528607933,0.7182704845755115,1.009113233703449
0.6135923151542565,1,1.263974869965195,0.6788857816475765,0.07279960406685114,0.22787810857578794,1.2542179567754272,0.2888641136319198,1.0089069043746828
0.6135923151542565,2,1.263974869965195,0.6788857816475765,1.1911752658983439,0.45100767307178863,2.2903469285195945,0.720042790742763,1.0089069043746828
0.619728238305799,1,1.2584889633905838,0.6847876494475408,0.07090129795824071,0.22921117984719327,1.2558158531393022,0.28688595232866165,1.0086916700848936
0.619728238305799,2,1.2584889633905838,0.6847876494475408,1.187587665432343,0.4555764696003475,2.2906506151096853,0.7218057177562318,1.0086916700848936
0.6258641614573416,1,1.2529556754178017,0.6906637353795467,0.06900649035007035,0.2305281975201908,1.2573962829436451,0.2849092280637858,1.0084679552687554
0.6258641614573416,2,1.2529556754178017,0.6906637353795467,1.1839491850677313,0.46013553785935596,2.290934900937054,0.7235587272049697,1.0084679552687554
0.6320000846088842,1,1.2473752143720136,0.6965138182122805,0.0671155442460108,0.2318295430883379,1.2589596820779665,0.28293490377553776,1.0082362122738298
0.6320000846088842,2,1.2473752143720136,0.6965138182122805,1.1802596701260026,0.4646842751239426,2.2911992821868674,0.7253013084982921,1.0082362122738298
0.6381360077604268,1,1.2417477903544236,0.7023376776934297,0.06522881115132668,0.23311560517990243,1.2605064962293304,0.28096394099090644,1.0079969206693908
0.6381360077604268,2,1.2417477903544236,0.7023376776934297,1.176518979203097,0.4692220725135273,2.2914432632470736,0.7270329796784845,1.0079969206693908
0.6442719309119693,1,1.2360736152343657,0.7081350945579766,0.06334663095697907,0.2343867790618082,1.2620371802709647,0.2789972983462941,1.0077505864869114
0.6442719309119693,2,1.2360736152343657,0.7081350945579766,1.1727269842773864,0.47374831549616847,2.2916663570050813,0.7287532881406172,1.0077505864869114
0.6504078540635119,1,1.2303529026413256,0.7139058505364531,0.06146933185106169,0.23564346614258622,1.2635521976501451,0.27703593013952565,1.0074977413977875
0.6504078540635119,2,1.2303529026413256,0.7139058505364531,1.1688835707902638,0.47826238439386687,2.291868085116732,0.7304618112582618,1.0074977413977875
0.6565437772150544,1,1.2245858679568995,0.719649728363158,0.059597230257409886,0.2368860734760461,1.265052019777428,0.27508078491971927,1.0072389418342698
0.6565437772150544,2,1.2245858679568995,0.719649728363158,1.1649886376994896,0.48276365488711187,2.2920479782469183,0.7321581569145506,1.0072389418342698
0.662679700366597,1,1.2187727283066834,0.7253665117843376,0.05773063080109896,0.2381150132673498,1.266537125419259,0.2731328041212254,1.0069747680598917
0.662679700366597,2,1.2187727283066834,0.7253665117843376,1.1610420975055844,0.4872514985169879,2.292205576281357,0.7338419639386662,1.0069747680598917
0.6688156235181396,1,1.2129137025520997,0.7310559855663276,0.05586982630043022,0.239330702383126,1.2680080000959364,0.2711929207474855,1.0067058231959554
0.6688156235181396,2,1.2129137025520997,0.7310559855663276,1.1570438762516695,0.4917252831832015,2.29234042850917,0.73551290244847,1.0067058231959554
0.6749515466696822,1,1.2070090112821565,0.7367179355036553,0.05401509778489108,0.24053356186721236,1.2694651354868425,0.26926205811026566,1.0064327322108486
0.6749515466696822,2,1.2070090112821565,0.7367179355036553,1.1529939134972655,0.49618437363644297,2.2924520937760677,0.737170674100583,1.0064327322108486
0.6810874698212247,1,1.201058876805143,0.7423521484271061,0.05216671453846976,0.24172401646355057,1.270909028844783,0.26734112862929654,1.0061561408791049
0.6810874698212247,2,1.201058876805143,0.7423521484271061,1.1488921622666732,0.5006281319635555,2.2925401406080743,0.7388150122498084,1.0061561408791049
0.6872233929727672,1,1.1950635231402589,0.7479584122117476,0.05032493416760639,0.24290249414769147,1.2723401824211886,0.26543103269689405,1.005876714717218
0.6872233929727672,2,1.1950635231402589,0.7479584122117476,1.1447385889726525,0.5050559180640561,2.292604147305873,0.7404456820203239,1.005876714717218
0.6933593161243098,1,1.1890231760091812,0.7535365157849172,0.048490002692971775,0.2440694256682912,1.2737591029038446,0.2635326576116618,1.0055951379032446
0.6933593161243098,2,1.1890231760091812,0.7535365157849172,1.1405331733162094,0.509467090116626,2.2926437020099786,0.7420624802915828,1.0055951379032446
0.6994952392758524,1,1.1829380628275652,0.7590862491341681,0.04666215466418252,0.24522524409989704,1.2751663008687135,0.26164687658488595,1.0053121121872062
0.6994952392758524,2,1.1829380628275652,0.7590862491341681,1.1362759081633826,0.5138610050342711,2.2926584027370747,0.7436652356023202,1.0053121121872062
0.705631162427395,1,1.1768084126964833,0.7646074033151764,0.04484161329648757,0.24637038440823555,1.276562290247312,0.25977454782273035,1.0050283557992168
0.705631162427395,2,1.1768084126964833,0.7646074033151764,1.1319667993999956,0.5182370189069408,2.2926478573879723,0.7452538079764864,1.0050283557992168
0.7117670855789375,1,1.170634456393798,0.7700997704596076,0.043028590628396465,0.24750528302912295,1.2779475878109927,0.25791651368683494,1.0047446023621374
0.7117670855789375,2,1.170634456393798,0.7700997704596076,1.1276058657654016,0.5225944874304848,2.2926116837277584,0.7468280886753024,1.0047446023621374
0.7179030087304801,1,1.1644164263654748,0.7755631437829433,0.04122328769916414,0.24863037746202452,1.2793227126733686,0.25607359993541573,1.004461599815373
0.7179030087304801,2,1.1644164263654748,0.7755631437829433,1.1231931386663105,0.5269327663209188,2.2925495093388015,0.7483879998799573,1.004461599815373
0.7240389318820226,1,1.1581545567168297,0.7809973175922655,0.0394258947450008,0.24974610587919174,1.2806881858120036,0.2542466150464644,1.0041801093562133
0.7240389318820226,2,1.1581545567168297,0.7809973175922655,1.1187286619718289,0.5312512117130739,2.292460971547394,0.749933494309749,1.0041801093562133
0.7301748550335653,1,1.1518490832037158,0.786402087294002,0.037636591412838406,0.2508529067512083,1.2820445296103684,0.2524363496241584,1.003900904404855
0.7301748550335653,2,1.1518490832037158,0.786402087294002,1.1142124917908776,0.5355491805427937,2.2923457173248627,0.7514645547806966,1.003900904404855
0.7363107781851078,1,1.1455002432236472,0.791777249401628,0.03585554699045752,0.2519512184896769,1.283392267420955,0.2506435758891181,1.0036247695989546
0.7363107781851078,2,1.1455002432236472,0.791777249401628,1.1096446962331896,0.5398260309119511,2.292203403164099,0.7529811937098365,1.0036247695989546
0.7424467013366504,1,1.1391082758068605,0.7971226015433284,0.03408292065175908,0.2530414791076805,1.2847319231503092,0.24886904725269274,1.0033524998232388
0.7424467013366504,2,1.1391082758068605,0.7971226015433284,1.1050253551551015,0.5440811224356479,2.2920336949324835,0.754483452570546,1.0033524998232388
0.7485826244881929,1,1.1326734216073162,0.8024379424696162,0.03231886171595568,0.25412412589855465,1.2860640208666394,0.24711349797502788,1.0030848992793582
0.7485826244881929,2,1.1326734216073162,0.8024379424696162,1.1003545598913604,0.5483138165710615,2.291836267702262,0.7559714013043304,1.0030848992793582
0.7547185476397354,1,1.126195922893638,0.8077230720609097,0.030563509919454557,0.2551995951334115,1.2873890844305378,0.24537764290625874,1.002822780600809
0.7547185476397354,2,1.126195922893638,0.8077230720609097,1.0956324129741835,0.5525234769274981,2.291610805559472,0.7574451376945502,1.002822780600809
0.7608544707912781,1,1.1196760235399914,0.8129777913350671,0.028816995699210715,0.25626832177776343,1.2887076371492403,0.24366217730979886,1.002566964017373
0.7608544707912781,2,1.1196760235399914,0.8129777913350671,1.0908590278407808,0.5567094695573037,2.2913570013925404,0.7589047867075742,1.002566964017373
0.7669903939428206,1,1.113113969016902,0.8182019024548777,0.02707944048634154,0.25733073922750543,1.2900202014547457,0.2419677767663469,1.00231827657315
0.7669903939428206,2,1.113113969016902,0.8182019024548777,1.0860345285305606,0.5608711632273722,2.2910745566617208,0.7603504998068031,1.00231827657315
0.7731263170943632,1,1.1065100063820137,0.8233952087355103,0.02535095700881471,0.25838727906442854,1.2913272986060145,0.24029509715692077,1.0020775514018667
0.7731263170943632,2,1.1065100063820137,0.8233952087355103,1.081159049373199,0.5650079296710818,2.290763181150539,0.7617824542449461,1.0020775514018667
0.7792622402459057,1,1.099864384270787,0.828557514651919,0.02363164960204751,0.25943837083135546,1.2926294484153649,0.2386447747229493,1.0018456270627736
0.7792622402459057,2,1.099864384270787,0.828557514651919,1.0762327346687395,0.5691191438205635,2.29042259270043,0.7632008523398243,1.0018456270627736
0.7853981633974483,1,1.0931773528871385,0.8336886258462035,0.021921614526288193,0.2604844418269126,1.2939271689991005,0.2370174262012057,1.001623346940055
0.7853981633974483,2,1.0931773528871385,0.8336886258462035,1.0712557383608503,0.573204184019291,2.290052516929749,0.7646059207388494,1.001623346940055
0.7915340865489908,1,1.08644916399402,0.8387883491349277,0.020220940289687305,0.261525916919881,1.2952209765523088,0.23541364903115816,1.0014115587083248
0.7915340865489908,2,1.08644916399402,0.8387883491349277,1.0662282237043328,0.5772624322150468,2.289652686938331,0.7659979096771667,1.0014115587083248
0.7976700097005335,1,1.0796800709039407,0.8438564925163922,0.018529707976009318,0.2625632183830013,1.2965113851476988,0.23383402163213687,1.0012111138664168
0.7976700097005335,2,1.0796800709039407,0.8438564925163922,1.0611503629279313,0.5812932741333909,2.289222842998756,0.7673770922342801,1.0012111138664168
0.803805932852076,1,1.0728703284694296,0.8488928651778629,0.016847991575980804,0.2635967657460476,1.2977989065582716,0.23227910374757757,1.0010228673413526
0.803805932852076,2,1.0728703284694296,0.8488928651778629,1.0560223368934487,0.5852960994318153,2.2887627322354547,0.768743763593775,1.0010228673413526
0.8099418560036186,1,1.0660201930734403,0.8538972775027559,0.015175858321321218,0.2646269756679295,1.2990840501035463,0.23074943685349436,1.0008476771640498
0.8099418560036186,2,1.0660201930734403,0.8538972775027559,1.050844334752119,0.5892703018348264,2.288272108292756,0.7700982403105554,1.0008476771640498
0.8160777791551611,1,1.0591299226196988,0.8588695410777756,0.013513369020554734,0.2656542618275297,1.3003673225190155,0.229245544628262,1.0006864042180446
0.8160777791551611,2,1.0591299226196988,0.8588695410777756,1.0456165535991442,0.5932152792502459,2.2877507309929497,0.7714408595897825,1.0006864042180446
0.8222137023067037,1,1.0521997765229933,0.8638094687000087,0.011860578395756391,0.2666790348329448,1.301649227848443,0.22776793348074606,1.0005399120622296
0.8222137023067037,2,1.0521997765229933,0.8638094687000087,1.040339198127237,0.597130433867064,2.287198365985392,0.7727719785814835,1.0005399120622296
0.8283496254582463,1,1.0452300156994077,0.8687168743839725,0.01021753541944251,0.2677017021487528,1.3029302673585745,0.22631709313380816,1.0004090668283716
0.8283496254582463,2,1.0452300156994077,0.8687168743839725,1.0350124802799652,0.6010151722352197,2.2866147843876337,0.7740919736945635,1.0004090668283716
0.8344855486097889,1,1.0382209025564972,0.8735915733686164,0.008584283650873183,0.2687226680409034,1.3042109394757986,0.2248934972602318,1.0002947371939523
0.8344855486097889,2,1.0382209025564972,0.8735915733686164,1.0296366189056239,0.604868905327713,2.285999762419512,0.7754012399337205,1.0002947371939523
0.8406214717613314,1,1.0311727009834102,0.8784333821242788,0.006960861571093447,0.26974233353879645,1.3054917397442565,0.22349760416815884,1.0001977944306952
0.8406214717613314,2,1.0311727009834102,0.8784333821242788,1.0242118394123167,0.6086910485854824,2.285353081031075,0.7767001902625364,1.0001977944306952
0.8467573949128739,1,1.0240856763409525,0.883242118359597,0.005347302916098963,0.2707610964140931,1.3067731608048785,0.22212985753319694,1.0001191125289832
0.8467573949128739,2,1.0240856763409525,0.883242118359597,1.0187383734248534,0.6124810219455038,2.2846745255251735,0.7779892549957863,1.0001191125289832
0.8528933180644165,1,1.016960095451596,0.8880176010283692,0.0037436370075711856,0.2717793511757879,1.3080556923948041,0.22079068717445308,1.0000595683982407
0.8528933180644165,2,1.016960095451596,0.8880176010283692,1.0132164584440249,0.6162382498525814,2.283963885175484,0.7792688812237876,1.0000595683982407
0.8590292412159591,1,1.009796226589434,0.8927596503363724,0.0021498890806859114,0.27279748908105766,1.309339821366635,0.21948050987186327,1.000020042143266
0.8590292412159591,2,1.009796226589434,0.8927596503363724,1.007646337508748,0.6199621612553148,2.283220952840659,0.7805395322714027,1.000020042143266
0.8651651643675017,1,1.00259433947008,0.8974680877481302,0.0005660806085573248,0.2738158981613977,1.3106260317269545,0.21819973022232445,1.0000014174164258
0.8651651643675017,2,1.00259433947008,0.8974680877481302,1.0020282588615228,0.6236521895867325,2.282445524575261,0.7818016871941013,1.0000014174164258
0.8713010875190442,1,0.9953547052405136,0.9021427359936354,-0.0010077703770630584,0.27483496326355,1.3119148046935558,0.21694874153228894,1.0000045818455916
0.8713010875190442,2,0.9953547052405136,0.9021427359936354,0.9963624756175766,0.6273077727300854,2.2816373992380496,0.7830558403133027,1.0000045818455916
0.8774370106705868,1,0.9880775964688716,0.9067834190750235,-0.0025716489691570044,0.27585506610473515,1.3132066187708191,0.21572792674465208,1.0000304275376946
0.8774370106705868,2,0.9880775964688716,0.9067834190750235,0.9906492454380287,0.6309283529702883,2.28079637809814,0.7843025007930425,1.0000304275376946
0.8835729338221293,1,0.9807632871341864,0.9113899622731993,-0.004125543073149424,0.2768765853417013,1.3145019498426875,0.21453765939794883,1.0000798516577933
0.8835729338221293,2,0.9807632871341864,0.9113899622731993,0.9848888302073358,0.6345133769314981,2.2799222644394836,0.7855421922598446,1.0000798516577933
0.8897088569736719,1,0.9734120526160701,0.9159621921544154,-0.0056694430991739535,0.2778998966531154,1.3158012712827085,0.21337830461607446,1.0001537570836099
0.8897088569736719,2,0.9734120526160701,0.9159621921544154,0.979081495715244,0.6380622955013001,2.279014863164056,0.7867754524675353,1.0001537570836099
0.8958447801252145,1,0.9660241696843476,0.9204999365768008,-0.007203341659059143,0.278925372834836,1.3171050540806215,0.21225022012695516,1.000253053135566
0.8958447801252145,2,0.9660241696843476,0.9204999365768008,0.9732275113434067,0.6415745637419649,2.2780739803940726,0.7880028330086108,1.000253053135566
0.9019807032767571,1,0.9585999164886355,0.9250030246968428,-0.00872723326815036,0.2799533839076214,1.3184137669850016,0.21115375730881586,1.0003786563824706
0.9019807032767571,2,0.9585999164886355,0.9250030246968428,0.9673271497567858,0.6450496407892213,2.2770994230734893,0.7892248990736547,1.0003786563824706
0.9081166264282996,1,0.9511395725478705,0.9294712869758187,-0.010241114052034508,0.28098429723684964,1.3197278766614828,0.21008926226292535,1.000531491523138
0.9081166264282996,2,0.9511395725478705,0.9294712869758187,0.9613806865999049,0.648486989738969,2.2760909985689777,0.7904422292602127,1.000531491523138
0.9142525495798421,1,0.9436434187397853,0.9339045551861793,-0.011744981458188558,0.2820184776638465,1.3210478478661327,0.20905707691193762,1.000712492344398
0.9142525495798421,2,0.9436434187397853,0.9339045551861793,0.9553884001979739,0.6518860775223327,2.275048514270506,0.7916554154324604,1.000712492344398
0.9203884727313847,1,0.9361117372903339,0.9383026624178821,-0.013238833972528629,0.28305628764844626,1.322374143633564,0.20805754012319905,1.0009226027561415
0.9203884727313847,2,0.9361117372903339,0.9383026624178821,0.9493505712628626,0.6552463747694358,2.27397177719159,0.7928650626329423,1.0009226027561415
0.9265243958829273,1,0.9285448117630661,0.9426654430846757,-0.014722670840793943,0.284098087422435,1.3237072254794195,0.2070909888566461,1.0011627779042787
0.9265243958829273,2,0.9285448117630661,0.9426654430846757,0.9432674826038601,0.6585673556622407,2.2728605935692183,0.7940717890476326,1.0011627779042787
0.9326603190344699,1,0.9209429270484512,0.9469927329303337,-0.01619649179465937,0.28514423515355797,1.3250475536169002,0.2061577593371828,1.0014339853627332
0.9326603190344699,2,0.9209429270484512,0.9469927329303337,0.9371394188431105,0.6618484977767758,2.2717147684633905,0.7952762260255503,1.0014339853627332
0.9387962421860124,1,0.9133063693531518,0.9512843690348395,-0.017660296782431407,0.2861950871198046,1.3263955871870479,0.20525818825169884,1.0017372064058716
0.9387962421860124,2,0.9133063693531518,0.9512843690348395,0.9309666661355832,0.6650892819150348,2.2705341053561554,0.7964790181541729,1.0017372064058716
0.944932165337555,1,0.9056354261892491,0.9555401898205191,-0.019114085704145217,0.2872509978937187,1.3277517845025415,0.2043926139711659,1.002073437363086
0.944932165337555,2,0.9056354261892491,0.9555401898205191,0.9247495118933944,0.6682891919268005,2.2693184057499667,0.79768082339192,1.002073437363086
0.9510680884890975,1,0.8979303863634176,0.9597600350581256,-0.02055785815084462,0.2883123205365171,1.3291166033048114,0.2035613777985384,1.0024436910575683
0.9510680884890975,2,0.8979303863634176,0.9597600350581256,0.9184882445142623,0.6714477145216085,2.2680674687651146,0.7988823132590299,1.0024436910575683
0.9572040116406402,1,0.8901915399660519,0.9639437458728707,-0.021991613147792726,0.2893794068018395,1.3304905010343286,0.20276482524347603,1.0028489983316977
0.9572040116406402,2,0.8901915399660519,0.9639437458728707,0.9121831531138446,0.6745643390710312,2.2667810907359454,0.8000841730882217,1.0028489983316977
0.9633399347921827,1,0.8824191783603447,0.9680911647504068,-0.023415348901327872,0.29045260734899014,1.3318739351139726,0.20200330732521085,1.0032904096618476
0.9633399347921827,2,0.8824191783603447,0.9680911647504068,0.9058345272616726,0.6776385574014167,2.2654590648054995,0.8012871023366368,1.0032904096618476
0.9694758579437253,1,0.8746135941713176,0.9722021355427575,-0.024829062549047612,0.29153227196557435,1.333267363245445,0.20127718190519203,1.003768996865857
0.9694758579437253,2,0.8746135941713176,0.9722021355427575,0.8994426567203652,0.6806698635771831,2.264101180518166,0.8024918149606649,1.003768996865857
0.9756117810952678,1,0.8667750812748035,0.9762765034741957,-0.026232749912972652,0.29261874979947533,1.334671243718745,0.20058681505146594,1.0042858549068703
0.9756117810952678,2,0.8667750812748035,0.9762765034741957,0.8930078311877762,0.6836577536747205,2.262707223409868,0.8036990398554044,1.0042858549068703
0.9817477042468103,1,0.8589039347863827,0.980314115147072,-0.02762640525531243,0.29371238960016194,1.3360860357347855,0.19993258243708437,1.0048421037977597
0.9817477042468103,2,0.8589039347863827,0.980314115147072,0.8865303400416952,0.68660172554691,2.2612769745952566,0.8049095213606753,1.0048421037977597
0.987883627398353,1,0.8510004510502717,0.9843148185475887,-0.029010021036424485,0.2948135399693645,1.3375121997412944,0.1993148707751826,1.0054388906108742
0.987883627398353,2,0.8510004510502717,0.9843148185475887,0.8800104720866962,0.6895012785782242,2.2598102103513087,0.8061240198356916,1.0054388906108742
0.9940195505498955,1,0.843064927628166,0.9882784630515241,-0.03038358767453048,0.29592254962120196,1.3389501977822036,0.19873407929373466,1.0060773915984547
0.9940195505498955,2,0.843064927628166,0.9882784630515241,0.8734485153026965,0.6923559134303221,2.2583067016966862,0.80734331230472,1.0060773915984547
1.000155473701438,1,0.8350976632880374,0.9922048994299029,-0.03174709330672281,0.2970397676518978,1.3404004938608005,0.19819062125337605,1.0067588144296769
1.000155473701438,2,0.8350976632880374,0.9922048994299029,0.8668447565947602,0.695165131778005,2.256766213966129,0.8085681931763008,1.0067588144296769
1.0062913968529807,1,0.827098957992885,0.9960939798546145,-0.03310052355076639,0.2981655438192688,1.3418635543169877,0.19768492551208786,1.0074844005509687
1.0062913968529807,2,0.827098957992885,0.9960939798546145,0.8601994815436514,0.6979284360353457,2.2551885063791133,0.8097994750388808,1.0074844005509687
1.0124273200045233,1,0.8190691128894425,0.9999455579039792,-0.03444386126717093,0.2993002288322294,1.3433398482190675,0.19721743814096285,1.0082554276769813
1.0124273200045233,2,0.8190691128894425,0.9999455579039792,0.8535129741566134,0.7006453290717499,2.253573331601921,0.8110379895360185,1.0082554276769813
1.0185632431560658,1,0.8110084302968393,1.0037594885682604,-0.03577708632097876,0.30044417465060863,1.3448298477705476,0.1967886240957287,1.0090732124203932
1.0185632431560658,2,0.8110084302968393,1.0037594885682604,0.8467855166178181,0.7033153139176518,2.2519204353022078,0.8122845883246645,1.0090732124203932
1.0246991663076084,1,0.8029172136952194,1.0075356282551242,-0.03710017534268244,0.3015977347956358,1.3463340287325467,0.19639896894918632,1.0099391130695856
1.0246991663076084,2,0.8029172136952194,1.0075356282551242,0.8400173890379018,0.7059378934594883,2.250229555695089,0.8135401441203993,1.0099391130695856
1.030835089459151,1,0.7947957677143145,1.0112738347950456,-0.03841310148765422,0.30276126467151276,1.3478528708624604,0.19604898069024024,1.0108545325241693
1.030835089459151,2,0.7947957677143145,1.0112738347950456,0.8332088692019687,0.7085125701235327,2.2485004230796752,0.814805551833929,1.0108545325241693
1.0369710126106935,1,0.7866443981219755,1.0149739674466611,-0.03971583419343599,0.30393512189855715,1.349386858369644,0.195739191595755,1.0118209213993576
1.0369710126106935,2,0.7866443981219755,1.0149739674466611,0.8263602323154114,0.711038845548104,2.246732759364925,0.8160817298036026,1.0118209213993576
1.043106935762236,1,0.7784634118126603,1.018635886902068,-0.04100833893420268,0.3051196666584671,1.35093648038896,0.19547016018207278,1.0128397813112953
1.043106935762236,2,0.7784634118126603,1.018635886902068,0.8194717507468631,0.7135162202436008,2.2449262775835854,0.8173696211292225,1.0128397813112953
1.0492428589137786,1,0.7702531167958798,1.0222594552920683,-0.04229057697167515,0.3063152620523319,1.3525022314731423,0.19524247324367808,1.0139126683566593
1.0492428589137786,2,0.7702531167958798,1.0222594552920683,0.812543693767555,0.7159441932397365,2.243080681392913,0.8186701951129812,1.0139126683566593
1.055378782065321,1,0.7620138221846008,1.0258445361913604,-0.04356250510171796,0.30752227447208885,1.3540846121050365,0.19505674798720377,1.0150411968011779
1.055378782065321,2,0.7620138221846008,1.0258445361913604,0.8055763272863187,0.7183222617192715,2.241195664560762,0.819984448813974,1.0150411968011779
1.0615147052168636,1,0.7537458381836084,1.0293909946236743,-0.044824075395814865,0.30874107398620937,1.3556841292308923,0.19491363426974273,1.0162270429931601
1.0615147052168636,2,0.7537458381836084,1.0293909946236743,0.7985699135794232,0.720649920637465,2.2392709104355295,0.8213134087234174,1.0162270429931601
1.0676506283684062,1,0.7454494760778273,1.032898697066855,-0.0460752349365686,0.3099720347404819,1.357301296816007,0.19481381695127237,1.017471949519723
1.0676506283684062,2,0.7454494760778273,1.032898697066855,0.7915247110143959,0.722926662326373,2.2373060913983442,0.8226581325684507,1.017471949519723
1.073786551519949,1,0.7371250482206015,1.0363675114578876,-0.04731592554632112,0.3112155353748553,1.3589366364241497,0.19475801837192358,1.0187777296251508
1.073786551519949,2,0.7371250482206015,1.0363675114578876,0.7844409737669227,0.7251519760830324,2.2353008682957385,0.8240197112532271,1.0187777296251508
1.0799224746714915,1,0.7287728680219351,1.0397973071978714,-0.04854608350793619,0.31247195945740314,1.360590677822347,0.1947470009658398,1.0201462719127483
1.0799224746714915,2,0.7287728680219351,1.0397973071978714,0.7773189515298713,0.7273253477404682,2.233254889850957,0.8253992709469085,1.0201462719127483
1.086058397823034,1,0.7203932499366917,1.0431879551569347,-0.049765639276726774,0.313741695936579,1.3622639596127555,0.19478157002449079,1.0215795453536767
1.086058397823034,2,0.7203932499366917,1.0431879551569347,0.7701588892134186,0.7294462592203558,2.231167792051868,0.8267979753291859,1.0215795453536767
1.0921943209745766,1,0.7119865094527562,1.0465393276790989,-0.05097451718244459,0.3150251396130479,1.3639570298935166,0.19486257662353973,1.0230796046286033
1.0921943209745766,2,0.7119865094527562,1.0465393276790989,0.7629610266352007,0.7315141880660508,2.229039197513325,0.8282170280050635,1.0230796046286033
1.0983302441261191,1,0.703552963079156,1.049851298587082,-0.052172635120178175,0.31632269163250376,1.3656704469506804,0.19499092072872903,1.0246485958306042
1.0983302441261191,2,0.703552963079156,1.049851298587082,0.7557255981993343,0.7335286069545783,2.2268687148116357,0.829657675101875,1.0246485958306042
1.1044661672776617,1,0.6950929283341458,1.053123743187052,-0.05335990422892743,0.31763476000102064,1.3674047799834645,0.19516755449776324,1.0262887625606312
1.1044661672776617,2,0.6950929283341458,1.053123743187052,0.7484528325630733,0.7354889831860313,2.224655937788625,0.8311212080628679,1.0262887625606312
1.1106020904292042,1,0.6866067237332519,1.0563565382733187,-0.05453622855653672,0.31896176012463223,1.369160609865347,0.1953934857968515,1.0280024524500635
1.1106020904292042,2,0.6866067237332519,1.0563565382733187,0.7411429522897887,0.7373947781486866,2.222400444822565,0.8326089666532119,1.0280024524500635
1.1167380135807468,1,0.6780946687772811,1.0595495621329747,-0.055701504709573774,0.32030411537499653,1.3709385299437158,0.19566978195244364,1.0297921241484214
1.1167380135807468,2,0.6780946687772811,1.0595495621329747,0.7337961734868549,0.7392454467579782,2.220101798063031,0.8341223421959777,1.0297921241484214
1.1228739367322893,1,0.6695570839402915,1.0627026945504763,-0.05685562148663685,0.3216622576831797,1.3727391468810628,0.195997573760782,1.0316603548182894
1.1228739367322893,2,0.6695570839402915,1.0627026945504763,0.7264127054269284,0.7410404368672965,2.21775954262649,0.8356627810575076,1.0316603548182894
1.1290098598838318,1,0.6609942906575267,1.0658158168121699,-0.057998459493457215,0.3230366281637856,1.3745630815409877,0.19637805978022388,1.0336098481839298
1.1290098598838318,2,0.6609942906575267,1.0658158168121699,0.718992750150984,0.7427791886483842,2.2153732057491657,0.8372317884037058,1.0336098481839298
1.1351457830353746,1,0.6524066113133141,1.068888811710762,-0.059129890738035755,0.32442767777187315,1.3764109699225942,0.19681251093389937,1.035643443185015
1.1351457830353746,2,0.6524066113133141,1.068888811710762,0.7115365020513499,0.7444611339388889,2.212942295893411,0.8388309322511157,1.035643443185015
1.1412817061869172,1,0.6437943692289274,1.0719215635497317,-0.06024977820391097,0.3258358679953353,1.3782834641472,0.19730227545319537,1.0377641232924717
1.1412817061869172,2,0.6437943692289274,1.0719215635497317,0.7040441474328384,0.7460856955543964,2.210466301803506,0.8404618478392764,1.0377641232924717
1.1474176293384597,1,0.6351578886504132,1.0749139581476863,-0.061357975399498166,0.3272616715856746,1.380181233501663,0.19784878419584181,1.0399750265496381
1.1474176293384597,2,0.6351578886504132,1.0749139581476863,0.6965158640499114,0.7476522865620117,2.207944691506407,0.8421262423537962,1.0399750265496381
1.1535535524900022,1,0.6264974947363839,1.0778658828426604,-0.06245432588126511,0.3287055733303955,1.3821049655430517,0.19845355637607262,1.0422794564089544
1.1535535524900022,2,0.6264974947363839,1.0778658828426604,0.6889518206176491,0.7491603095122649,2.2053769112525954,0.8438259000328817,1.0422794564089544
1.1596894756415448,1,0.6178135135457757,1.0807772264963578,-0.06353866274831503,0.3301680708705518,1.384055367269842,0.1991182057484986,1.0446808934422782
1.1596894756415448,2,0.6178135135457757,1.0807772264963578,0.6813521762940908,0.750609155625806,2.2027623843916806,0.8455626876937797,1.0446808934422782
1.1658253987930873,1,0.6091062720255722,1.0836478794983353,-0.06461080810573196,0.33164967556733826,1.386033166365355,0.19984444729203182,1.0471830080118107
1.1658253987930873,2,0.6091062720255722,1.0836478794983353,0.6737170801313042,0.751998203930997,2.2001005101769433,0.847338560719779,1.0471830080118107
1.1719613219446299,1,0.6003760979984951,1.08647773377013,-0.065670572493802,0.3331509134220102,1.3880391125197151,0.2006341044455178,1.0497896739986674
1.1719613219446299,2,0.6003760979984951,1.08647773377013,0.666046670492297,0.7533268203481197,2.197390662492413,0.8491555695531496,1.0497896739986674
1.1780972450961724,1,0.5916233201506623,1.0892666827693278,-0.06671775427995573,0.3346723260538491,1.3900739788372627,0.20148911695275754,1.052504983697505
1.1780972450961724,2,0.5916233201506623,1.0892666827693278,0.6583410744306181,0.7545943567154788,2.1946321884954507,0.8510158667447474,1.052504983697505
1.184233168247715,1,0.5828482680192126,1.0920146214935755,-0.06775213900997604,0.33621447174138275,1.3921385633370593,0.20241154938144013,1.0553332639985167
1.184233168247715,2,0.5828482680192126,1.0920146214935755,0.6506004070291888,0.7558001497521928,2.191824407167101,0.8529217146170766,1.0553332639985167
1.1903690913992575,1,0.5740512719798994,1.0947214464845332,-0.06877349871467965,0.3377779265326138,1.3942336905549517,0.20340360038828537,1.058279093992776
1.1903690913992575,2,0.5740512719798994,1.0947214464845332,0.642824770694579,0.7569435199519193,2.188966607761677,0.8548754936044908,1.058279093992776
1.1965050145508,1,0.5652326632346509,1.0973870558317698,-0.06978159116790396,0.3393632854306237,1.3963602132565394,0.20446761281155898,1.0613473241536078
1.1965050145508,2,0.5652326632346509,1.0973870558317698,0.6350142544025549,0.758023770401146,2.186058048146155,0.8568797113420488,1.0613473241536078
1.2026409377023428,1,0.5563927737991027,1.1000113491766,-0.07077615909120795,0.34097116366160846,1.3985190142714308,0.20560608468224642,1.064543097265721
1.2026409377023428,2,0.5563927737991027,1.1000113491766,0.6271689328903106,0.7590401855149914,2.1830979530189456,0.8589370125834747,1.064543097265721
1.2087768608538854,1,0.5475319364900952,1.1025942277158625,-0.07175692930022083,0.3426021980331768,1.4007110084603014,0.2068216812567507,1.067871871295634
1.2087768608538854,2,0.5475319364900952,1.1025942277158625,0.6192888657903162,0.7599920296826855,2.180085511996476,0.8610501900388835,1.067871871295634
1.214912784005428,1,0.5386504849131454,1.1051355942056402,-0.07272361178703744,0.34425704839161947,1.4029371448275691,0.2081172481872634,1.0713394444218844
1.214912784005428,2,0.5386504849131454,1.1051355942056402,0.6113740967001828,0.7608785458140208,2.17701987755474,0.8632221962346209,1.0713394444218844
1.2210487071569704,1,0.5297487534498849,1.1076353529649214,-0.07367589873245632,0.3459363991878438,1.405198408793964,0.20949582596121896,1.074951982472201
1.2210487071569704,2,0.5297487534498849,1.1076353529649214,0.6034246521823412,0.7616989537770776,2.173900162811515,0.865456156510982,1.074951982472201
1.227184630308513,1,0.5208270772454723,1.1100934098792015,-0.0746134634411756,0.3476409611627947,1.4074958246449265,0.21096066575882597,1.0787160490478296
1.227184630308513,2,0.5208270772454723,1.1100934098792015,0.5954405406866479,0.7624524487164067,2.170725439133308,0.8677553832890036,1.0787160490478296
1.2333205534600555,1,0.5118857921959741,1.1125096724040269,-0.07553595919229121,0.3493714731644525,1.409830458172657,0.21251524689796764,1.0826386386532867
1.2333205534600555,2,0.5118857921959741,1.1125096724040269,0.5874217513882652,0.7631381992395744,2.167494733549213,0.870123391755319,1.0826386386532867
1.239456476611598,1,0.5029252349357186,1.1148840495684793,-0.0764430179965686,0.3511287041099516,1.4122034195317805,0.21416329605925974,1.0867272131938812
1.239456476611598,2,0.5029252349357186,1.1148840495684793,0.5793682529322872,0.7637553454585277,2.164207025951744,0.8725639171346214,1.0867272131938812
1.2455923997631406,1,0.4939457428246224,1.1172164519786005,-0.07733424925096724,0.3529134551080174,1.4146158663310495,0.21590880851131647,1.0909897422544284
1.2455923997631406,2,0.4939457428246224,1.1172164519786005,0.5712799920755897,0.7643029968705831,2.1608612460622614,0.8750809337431118,1.0909897422544284
1.2517283229146832,1,0.48494765393548805,1.119506791820758,-0.07820923827976853,0.35472656175881284,1.4170690069863066,0.21775607158799182,1.095434747631975
1.2517283229146832,2,0.48494765393548805,1.119506791820758,0.5631568922152566,0.7647802300619452,2.1574562701358238,0.8776786760439832,1.095434747631975
1.2578642460662257,1,0.4759313070412766,1.1217549828649513,-0.07906754475037,0.3565688966504556,1.4195641043631473,0.21970969070636193,1.1000713526645935
1.2578642460662257,2,0.4759313070412766,1.1217549828649513,0.5549988517916465,0.7651860862144957,2.153990917377119,0.8803616619582316,1.1000713526645935
1.2640001692177685,1,0.46689704160235246,1.1239609404680582,-0.07990870095033815,0.3584413720739641,1.4221024797414294,0.22177461825749517,1.1049093369792375
1.2640001692177685,2,0.46689704160235246,1.1239609404680582,0.5468057425526907,0.7655195683940941,2.15046394603543,0.8831347187217424,1.1049093369792375
1.270136092369311,1,0.4578451977537033,1.1261245815770216,-0.08073220991062645,0.3603449429812654,1.4246855171380344,0.22395618575283313,1.1099591973765452
1.270136092369311,2,0.4578451977537033,1.1261245815770216,0.5385774076643297,0.7657796385957563,2.146874049142358,0.8860030116237121,1.1099591973765452
1.2762720155208536,1,0.4487761162921339,1.128245824731977,-0.08153754335793047,0.36228061021422575,1.4273146680292326,0.22626013966875952,1.1152322156820558
1.2762720155208536,2,0.4487761162921339,1.128245824731977,0.5303136596500643,0.7659652145177512,2.1432198498511355,0.8889720760132962,1.1152322156820558
1.282407938672396,1,0.4396901386634353,1.1303245900693182,-0.08232413947692534,0.36424942403651694,1.4299914565197223,0.2286926815024682,1.1207405345249237
1.282407938672396,2,0.4396901386634353,1.1303245900693182,0.5220142781403606,0.7660751660328013,2.1394998963306473,0.8920478530224555,1.1207405345249237
1.2885438618239387,1,0.4305876069495299,1.1323607993247056,-0.08309140046056118,0.3662524880046167,1.4327174850120723,0.23126051263577804,1.126497242160977
1.2885438618239387,2,0.4305876069495299,1.1323607993247056,0.5136790074100911,0.7661083113200888,2.1357126561606896,0.8952367295251988,1.126497242160977
1.2946797849754812,1,0.421468863855592,1.134354375836011,-0.08383868982361961,0.36829096321946686,1.4354944404380743,0.233970884702811,1.1325164676419115
1.2946797849754812,2,0.421468863855592,1.134354375836011,0.5053075536792117,0.7660634126165442,2.131856510167263,0.8985455829391005,1.1325164676419115
1.3008157081270237,1,0.4123342526971451,1.136305244546206,-0.08456532945128657,0.3703660730064322,1.4383241011226011,0.23683165627583133,1.138813487852801
1.3008157081270237,2,0.4123342526971451,1.136305244546206,0.49689958214843166,0.7659391715397739,2.1279297456276605,0.9019818315769697,1.138813487852801
1.3069516312785663,1,0.4031841173871364,1.1382133320061862,-0.08527059635048538,0.37247910807838397,1.4412083443612587,0.2398513568252412,1.1454048482036605
1.3069516312785663,2,0.4031841173871364,1.1382133320061862,0.4884547137376218,0.7657342239278023,2.123930548764509,0.9055534913784193,1.1454048482036605
1.3130875544301088,1,0.39401880242298865,1.1400785663775372,-0.08595371906703414,0.3746314322451944,1.444149154805713,0.24303925907998095,1.152308499077215
1.3130875544301088,2,0.39401880242298865,1.1400785663775372,0.4799725214900228,0.7654471341323429,2.1198569964354053,0.909269239997234,1.152308499077215
1.3192234775816514,1,0.38483865287363,1.141900877435239,-0.08661387372621446,0.37682448874293534,1.4471486337654773,0.2464054611199733,1.159543950516385
1.3192234775816514,2,0.38483865287363,1.141900877435239,0.47145252659984443,0.7650763886923037,2.1157070469100003,0.9131384893964117,1.159543950516385
1.325359400733194,1,0.37564401436650235,1.1436801965703105,-0.08725017964790927,0.37905980726795163,1.4502090095526403,0.24996097978106338,1.1671324480965746
1.325359400733194,2,0.37564401436650235,1.1436801965703105,0.4628941940144116,0.7646203893023588,2.111478529608819,0.9171714683155111,1.1671324480965746
1.3314953238847367,1,0.36643523307454867,1.1454164567923917,-0.08786169447989317,0.3813390118151371,1.453332649017128,0.25371785725565044,1.1750971734888966
1.3314953238847367,2,0.36643523307454867,1.1454164567923917,0.45429692755444184,0.7640774449772545,2.1071691336571496,0.9213793162332462,1.1750971734888966
1.3376312470362792,1,0.3572126557031797,1.1471095927322665,-0.08844740878390792,0.38366382943668464,1.456522070445357,0.25768928314225786,1.1834634739055996
1.3376312470362792,2,0.3572126557031797,1.1471095927322665,0.44566006448708767,0.7634457632955819,2.1027763950822815,0.9257741907633419,1.1834634739055996
1.3437671701878218,1,0.347976629477221,1.148759540644324,-0.0890062399985373,0.3860361000579489,1.4597799580255342,0.26188973465178905,1.1922591254595234
1.3437671701878218,2,0.347976629477221,1.148759540644324,0.4369828694757583,0.7627234405863751,2.098297682452206,0.9303693908077345,1.1922591254595234
1.3499030933393643,1,0.33872750212783964,1.1503662384089577,-0.08953702569025505,0.3884577875116583,1.46310917811959,0.26633513823925803,1.2015146365059064
1.3499030933393643,2,0.33872750212783964,1.1503662384089577,0.4282645278180947,0.7619084508972994,2.0937301807174804,0.9351794982666484,1.2015146365059064
1.3560390164909069,1,0.3294656218794527,1.1519296255349052,-0.09003851598891063,0.39093099198156295,1.466512797626318,0.27104305662601075,1.2112635983196114
1.3560390164909069,2,0.3294656218794527,1.1519296255349052,0.4195041378683634,0.7609986335533422,2.089070872973754,0.9402205416936006,1.2112635983196114
1.3621749396424494,1,0.32019133743661676,1.1534496431615242,-0.09050936508578787,0.39345796408301537,1.4699941047747291,0.27603290604625674,1.221543092062127
1.3621749396424494,2,0.32019133743661676,1.1534496431615242,0.41070070252240465,0.7599916790785088,2.08431651980851,0.9455101860158702,1.221543092062127
1.368310862793992,1,0.3109049979708992,1.1549262340610107,-0.09094812165052558,0.3960411208526321,1.4735566327533987,0.2813262096422553,1.2323941630000939
1.368310862793992,2,0.3109049979708992,1.1549262340610107,0.4018531196214248,0.7588851132083787,2.0794636358294163,0.9510679533578386,1.2323941630000939
1.3744467859455345,1,0.3016069531077322,1.1563593426405518,-0.0913532179967488,0.3986830639742517,1.477204186663997,0.2869468943097932,1.2438623754690252
1.3744467859455345,2,0.3016069531077322,1.1563593426405518,0.39296017110448106,0.7576762786663002,2.074508462890079,0.9569154811592321,1.2438623754690252
1.380582709097077,1,0.2922975529132497,1.1577489149444196,-0.09172295779411564,0.4013866006367301,1.4809408743895012,0.29292164004643806,1.2559984652900207
1.380582709097077,2,0.2922975529132497,1.1577489149444196,0.38402051070736537,0.7563623143076893,2.0694469394276847,0.9630768252435827,1.2559984652900207
1.3867186322486196,1,0.2829771478811072,1.1590948986560017,-0.09205550208522253,0.4041547675044251,1.4847711420953975,0.2992802930961346,1.2688591104553069
1.3867186322486196,2,0.2829771478811072,1.1590948986560017,0.3750326499663298,0.7549401311515767,2.0642746652005504,0.9695788173591724,1.2688591104553069
1.3928545554001623,1,0.2736460889192864,1.1603972430997727,-0.092348853317619,0.4069908583884589,1.4886998152429527,0.30605635707328954,1.2825078461869532
1.3928545554001623,2,0.2736460889192864,1.1603972430997727,0.3659949422369054,0.7534063847113137,2.0589868605545583,0.9764514891136636,1.2825078461869532
1.3989904785517049,1,0.26430472733688315,1.1616558992432,-0.09260083704173294,0.40989845634261823,1.4927321461973015,0.31328758000412377,1.2970161573335204
1.3989904785517049,2,0.26430472733688315,1.1616558992432,0.3569055643786161,0.7517574429005819,2.053578319146076,0.9837285773293967,1.2970161573335204
1.4051264017032474,1,0.25495341483088124,1.1628708196985915,-0.09280908085178516,0.41288147108094053,1.4968738697730675,0.3210166601419592,1.312464790041377
1.4051264017032474,2,0.25495341483088124,1.1628708196985915,0.34776249568266643,0.7499893486176511,2.0480433527920376,0.991448129899418,1.312464790041377
1.41126232485479,1,0.24559250347291126,1.1640419587248787,-0.09297099005485833,0.41594418283677087,1.5011312683948013,0.32929209991382863,1.3289453364725223
1.41126232485479,2,0.24559250347291126,1.1640419587248787,0.3385634935277696,0.7480977758881078,2.042375726787398,0.9996532365586938,1.3289453364725223
1.4173982480063325,1,0.23622234569599493,1.165169272229339,-0.09308371943806393,0.41909129407198625,1.505511248983787,0.33816924602747184,1.3465621620968258
1.4173982480063325,2,0.23622234569599493,1.165169272229339,0.32930606513405886,0.7460779781573527,2.0365685836014564,1.0083929160693539,1.3465621620968258
1.423534171157875,1,0.2268432942812766,1.166252717769256,-0.09314414035849775,0.42232799082333217,1.5100214342517213,0.34771156545114673,1.3654347662695323
1.423534171157875,2,0.2268432942812766,1.166252717769256,0.3199874346397743,0.7439247269459239,2.0306143523032265,1.0177232008183856,1.3654347662695323
1.4296700943094176,1,0.21745570234474088,1.167292254553518,-0.09314880219653829,0.4256600159729299,1.5146702718345872,0.3579922228884171,1.3857006955844744
1.4296700943094176,2,0.21745570234474088,1.167292254553518,0.3106045045412792,0.741632238580588,2.0245046403237947,1.0277084726960573,1.3857006955844744
1.4358060174609601,1,0.20805992332391837,1.1682878434441522,-0.09309388697831454,0.42909375739833316,1.5194671657068264,0.3690960472842984,1.4075191690368067
1.4358060174609601,2,0.20805992332391837,1.1682878434441522,0.30115381030223287,0.7391940860458189,2.018230103171704,1.0384231217525084,1.4075191690368067
1.4419419406125027,1,0.19865631096457864,1.1692394469577996,-0.09297515567236038,0.4326363548608994,1.524422635677911,0.3811220054578107,1.4310756290234758
1.4419419406125027,2,0.19865631096457864,1.1692394469577996,0.291631466636939,0.7366030920969002,2.011780286376597,1.049953623565665,1.4310756290234758
1.4480778637640452,1,0.18924521930741212,1.1701470292671259,-0.09278788427810282,0.43629583072758,1.5295485126389399,0.39418634413848364,1.456587509696128
1.4480778637640452,2,0.18924521930741212,1.1701470292671259,0.2820331035855149,0.7338511985395458,2.0051434321014443,1.0624011655576444,1.456587509696128
1.4542137869155878,1,0.17982700267470048,1.17101055620217,-0.09252678732298562,0.44008125133608467,1.5348581798167225,0.4084266235879512,1.4843116249072457
1.4542137869155878,2,0.17982700267470048,1.17101055620217,0.2723537899976861,0.7309293048660853,1.998306240318784,1.0758850013192944,1.4843116249072457
1.4603497100671305,1,0.17040201565697677,1.1718299952516311,-0.09218592573579966,0.44400292822685555,1.540366873941149,0.42400695612127814,1.5145537386466443
1.4603497100671305,2,0.17040201565697677,1.1718299952516311,0.26258794139277647,0.7278270670247755,1.9912535708651973,1.090546782525366,1.5145537386466443
1.466485633218673,1,0.1609706130996752,1.1726053155640919,-0.09175859522212414,0.4480726719164444,1.546092065453746,0.4411248963217168,1.5476811178605234
1.466485633218673,2,0.1609706130996752,1.1726053155640919,0.25272920832179935,0.7245326436476474,1.9839680675682618,1.1065562215388065,1.5476811178605234
1.4726215563702156,1,0.1515331500897714,1.1733364879491808,-0.0912371901811728,0.4523041159084511,1.5520539444917087,0.46002063110031816,1.5841392235158955
1.4726215563702156,2,0.1515331500897714,1.1733364879491808,0.24277034027094418,0.7210323720407297,1.9764296781924493,1.1241185924155774,1.5841392235158955
1.4787574795217582,1,0.14208998194241357,1.1740234848786708,-0.09061303681701936,0.4567131360856825,1.5582760506756543,0.4809894277173671,1.6244742410830182
1.4787574795217582,2,0.14208998194241357,1.1740234848786708,0.23270301875943294,0.7173103487929884,1.9686150329085197,1.143484813365651,1.6244742410830182
1.4848934026733007,1,0.13264146418754522,1.174666280487516,-0.089876187375008,0.4613184019077989,1.5647861018573228,0.5043987857639989,1.6693640051764436
1.4848934026733007,2,0.13264146418754522,1.174666280487516,0.2225176515625532,0.7133478785797173,1.9604966272736044,1.1649652194124447,1.6693640051764436
1.4910293258248433,1,0.12318795255651943,1.175264850574825,-0.0890151654170619,0.4661421133285859,1.5716171035755362,0.5307125260682295,1.7196612411715184
1.4910293258248433,2,0.12318795255651943,1.175264850574825,0.21220311797358135,0.7091227372462392,1.9520417298052009,1.188948715103289,1.7196612411715184
1.4971652489763858,1,0.11372980296870602,1.1758191726047722,-0.08801665000927396,0.4712110051766916,1.5788088633459574,0.5605253537311015,1.7764552971023368
1.4971652489763858,2,0.11372980296870602,1.1758191726047722,0.20174645297798,0.7046081674280806,1.9432108930449759,1.2159299433712354,1.7764552971023368
1.5033011721279284,1,0.10426737151809119,1.1763292257074465,-0.08686508553215486,0.47655774632768083,1.5864101034414442,0.5946136598355222,1.8411623485369908
1.5033011721279284,2,0.10426737151809119,1.1763292257074465,0.19113245705024604,0.6997714793797657,1.9339558796091718,1.2465486887014685,1.8411623485369908
1.509437095279471,1,0.09480101445987085,1.1767949906796369,-0.08554220610931461,0.4822229381244343,1.5944814837000716,0.6340122586902714,1.9156607123493354
1.509437095279471,2,0.09480101445987085,1.1767949906796369,0.18034322056918548,0.6945720525552026,1.9242167008203206,1.281648453659064,1.9156607123493354
1.5155730184310134,1,0.08533108819703786,1.1772164499855555,-0.08402647642692104,0.48825805185694415,1.6031000532457274,0.6801339596384431,2.002499927098831
1.5155730184310134,2,0.08533108819703786,1.1772164499855555,0.1693575646239589,0.6889583981286113,1.9139172659424444,1.3223659674603874,2.002499927098831
1.5217089415825562,1,0.07585794926696356,1.1775935877574975,-0.08229249335219958,0.49472989258528477,1.6123660301731542,0.7349626042013839,2.105234777324622
1.5217089415825562,2,0.07585794926696356,1.1775935877574975,0.15815044261916314,0.6828636951722127,1.9029587759115547,1.370272173123238,2.105234777324622
1.5278448647340988,1,0.06638195432797446,1.177926389796439,-0.08031052022206912,0.5017276502400282,1.6224135384463978,0.8013775236356293,2.22897917036239
1.5278448647340988,2,0.06638195432797446,1.177926389796439,0.14669247455004358,0.6761987395564107,1.8912093004807793,1.4276016467267607,2.22897917036239
1.5339807878856413,1,0.05690346014592413,1.1782148435725712,-0.07804670246873006,0.5093745519212176,1.6334284073415528,0.8837240772078929,2.3813622625103954
1.5339807878856413,2,0.05690346014592413,1.1782148435725712,0.1349501626146542,0.6688402916513536,1.8784865849688308,1.4976381853025025,2.3813622625103954
1.5401167110371838,1,0.04742282358076128,1.1784589382257729,-0.07546566911125697,0.5178481468619143,1.6456792849933837,0.9888662594045072,2.574244915563352
1.5401167110371838,2,0.04742282358076128,1.1784589382257729,0.12288849269201825,0.6606107913638585,1.8645282021262621,1.585378656158845,2.574244915563352
1.5462526341887264,1,0.0379404015730941,1.1786586645660178,-0.07254103187692132,0.5274176978970065,1.6595753230051355,1.1282116390245744,2.8268727101272053
1.5462526341887264,2,0.0379404015730941,1.1786586645660178,0.11048143345001542,0.6512409666690112,1.8489367791383622,1.6986610711026306,2.8268727101272053
1.552388557340269,1,0.028456551130751698,1.1788140150737225,-0.06929313243635588,0.5385166900486373,1.6757790927149918,1.3215928691404437,3.171333749116244
1.552388557340269,2,0.028456551130751698,1.1788140150737225,0.09774968356710757,0.6402973250250852,1.8310746438906842,1.8497408799758002,3.171333749116244
1.5585244804918115,1,0.018971629315342926,1.1789249839000282,-0.065929285213183,0.5518811144828836,1.6954263393035076,1.6027936618815721,3.657073445399425
1.5585244804918115,2,0.018971629315342926,1.1789249839000282,0.08490091452852593,0.6270438694171445,1.8098667198842056,2.054279783517853,3.657073445399425
1.564660403643354,1,0.009485993228813244,1.178991566867021,-0.06338405134052173,0.5686923502656174,1.720380513353729,2.003778109352819,4.302531986392137
1.564660403643354,2,0.009485993228813244,1.178991566867021,0.07287004456933498,0.6102992166014036,1.7836212059386434,2.298753877039318,4.302531986392137
1.5707963267948966,1,-2.0840857264695937e-181,1.17901376146789,-0.06470178862671432,0.589506880733945,1.7517165823508671,2.3627584199900658,4.7255168399801315
1.5707963267948966,2,-2.0840857264695937e-181,1.17901376146789,0.06470178862671432,0.589506880733945,1.7517165823508671,2.3627584199900658,4.7255168399801315
1.576932249946439,1,-0.009485993228813244,1.178991566867021,-0.07287004456933498,0.6102992166014036,1.7836212059386434,2.298753877039318,4.302531986392137
1.576932249946439,2,-0.009485993228813244,1.178991566867021,0.06338405134052173,0.5686923502656174,1.720380513353729,2.003778109352819,4.302531986392137
1.5830681730979816,1,-0.018971629315342926,1.1789249839000282,-0.08490091452852593,0.6270438694171445,1.8098667198842056,2.054279783517853,3.657073445399425
1.5830681730979816,2,-0.018971629315342926,1.1789249839000282,0.065929285213183,0.5518811144828836,1.6954263393035076,1.6027936618815721,3.657073445399425
1.5892040962495244,1,-0.028456551130751698,1.1788140150737225,-0.09774968356710757,0.6402973250250852,1.8310746438906842,1.8497408799758002,3.171333749116244
1.5892040962495244,2,-0.028456551130751698,1.1788140150737225,0.06929313243635588,0.5385166900486373,1.6757790927149918,1.3215928691404437,3.171333749116244
1.595340019401067,1,-0.0379404015730941,1.1786586645660178,-0.11048143345001542,0.6512409666690112,1.8489367791383622,1.6986610711026306,2.8268727101272053
1.595340019401067,2,-0.0379404015730941,1.1786586645660178,0.07254103187692132,0.5274176978970065,1.6595753230051355,1.1282116390245744,2.8268727101272053
1.6014759425526095,1,-0.04742282358076128,1.1784589382257729,-0.12288849269201825,0.6606107913638585,1.8645282021262621,1.585378656158845,2.574244915563352
1.6014759425526095,2,-0.04742282358076128,1.1784589382257729,0.07546566911125697,0.5178481468619143,1.6456792849933837,0.9888662594045072,2.574244915563352
1.607611865704152,1,-0.05690346014592413,1.1782148435725712,-0.1349501626146542,0.6688402916513536,1.8784865849688308,1.4976381853025025,2.3813622625103954
1.607611865704152,2,-0.05690346014592413,1.1782148435725712,0.07804670246873006,0.5093745519212176,1.6334284073415528,0.8837240772078929,2.3813622625103954
1.6137477888556946,1,-0.06638195432797446,1.177926389796439,-0.14669247455004358,0.6761987395564107,1.8912093004807793,1.4276016467267607,2.22897917036239
1.6137477888556946,2,-0.06638195432797446,1.177926389796439,0.08031052022206912,0.5017276502400282,1.6224135384463978,0.8013775236356293,2.22897917036239
1.6198837120072371,1,-0.07585794926696356,1.1775935877574975,-0.15815044261916314,0.6828636951722127,1.9029587759115547,1.370272173123238,2.105234777324622
1.6198837120072371,2,-0.07585794926696356,1.1775935877574975,0.08229249335219958,0.49472989258528477,1.6123660301731542,0.7349626042013839,2.105234777324622
1.6260196351587797,1,-0.08533108819703786,1.1772164499855555,-0.1693575646239589,0.6889583981286113,1.9139172659424444,1.3223659674603874,2.002499927098831
1.6260196351587797,2,-0.08533108819703786,1.1772164499855555,0.08402647642692104,0.48825805185694415,1.6031000532457274,0.6801339596384431,2.002499927098831
1.6321555583103222,1,-0.09480101445987085,1.1767949906796369,-0.18034322056918548,0.6945720525552026,1.9242167008203206,1.281648453659064,1.9156607123493354
1.6321555583103222,2,-0.09480101445987085,1.1767949906796369,0.08554220610931461,0.4822229381244343,1.5944814837000716,0.6340122586902714,1.9156607123493354
1.6382914814618648,1,-0.10426737151809119,1.1763292257074465,-0.19113245705024604,0.6997714793797657,1.9339558796091718,1.2465486887014685,1.8411623485369908
1.6382914814618648,2,-0.10426737151809119,1.1763292257074465,0.08686508553215486,0.47655774632768083,1.5864101034414442,0.5946136598355222,1.8411623485369908
1.6444274046134073,1,-0.11372980296870602,1.1758191726047722,-0.20174645297798,0.7046081674280806,1.9432108930449759,1.2159299433712354,1.7764552971023368
1.6444274046134073,2,-0.11372980296870602,1.1758191726047722,0.08801665000927396,0.4712110051766916,1.5788088633459574,0.5605253537311015,1.7764552971023368
1.65056332776495,1,-0.12318795255651943,1.175264850574825,-0.21220311797358135,0.7091227372462392,1.9520417298052009,1.188948715103289,1.7196612411715184
1.65056332776495,2,-0.12318795255651943,1.175264850574825,0.0890151654170619,0.4661421133285859,1.5716171035755362,0.5307125260682295,1.7196612411715184
1.6566992509164926,1,-0.13264146418754522,1.174666280487516,-0.2225176515625532,0.7133478785797173,1.9604966272736044,1.1649652194124447,1.6693640051764436
1.6566992509164926,2,-0.13264146418754522,1.174666280487516,0.089876187375008,0.4613184019077989,1.5647861018573228,0.5043987857639989,1.6693640051764436
1.6628351740680352,1,-0.14208998194241357,1.1740234848786708,-0.23270301875943294,0.7173103487929884,1.9686150329085197,1.143484813365651,1.6244742410830182
1.6628351740680352,2,-0.14208998194241357,1.1740234848786708,0.09061303681701936,0.4567131360856825,1.5582760506756543,0.4809894277173671,1.6244742410830182
1.6689710972195777,1,-0.1515331500897714,1.1733364879491808,-0.24277034027094418,0.7210323720407297,1.9764296781924493,1.1241185924155774,1.5841392235158955
1.6689710972195777,2,-0.1515331500897714,1.1733364879491808,0.0912371901811728,0.4523041159084511,1.5520539444917087,0.46002063110031816,1.5841392235158955
1.6751070203711202,1,-0.1609706130996752,1.1726053155640919,-0.25272920832179935,0.7245326436476474,1.9839680675682618,1.1065562215388065,1.5476811178605234
1.6751070203711202,2,-0.1609706130996752,1.1726053155640919,0.09175859522212414,0.4480726719164444,1.546092065453746,0.4411248963217168,1.5476811178605234
1.6812429435226628,1,-0.17040201565697677,1.1718299952516311,-0.26258794139277647,0.7278270670247755,1.9912535708651973,1.090546782525366,1.5145537386466443
1.6812429435226628,2,-0.17040201565697677,1.1718299952516311,0.09218592573579966,0.44400292822685555,1.540366873941149,0.42400695612127814,1.5145537386466443
1.6873788666742053,1,-0.17982700267470048,1.17101055620217,-0.2723537899976861,0.7309293048660853,1.998306240318784,1.0758850013192944,1.4843116249072457
1.6873788666742053,2,-0.17982700267470048,1.17101055620217,0.09252678732298562,0.44008125133608467,1.5348581798167225,0.4084266235879512,1.4843116249072457
1.6935147898257479,1,-0.18924521930741212,1.1701470292671259,-0.2820331035855149,0.7338511985395458,2.0051434321014443,1.0624011655576444,1.456587509696128
1.6935147898257479,2,-0.18924521930741212,1.1701470292671259,0.09278788427810282,0.43629583072758,1.5295485126389399,0.39418634413848364,1.456587509696128
1.6996507129772904,1,-0.19865631096457864,1.1692394469577996,-0.291631466636939,0.7366030920969002,2.011780286376597,1.049953623565665,1.4310756290234758
1.6996507129772904,2,-0.19865631096457864,1.1692394469577996,0.09297515567236038,0.4326363548608994,1.524422635677911,0.3811220054578107,1.4310756290234758
1.705786636128833,1,-0.20805992332391837,1.1682878434441522,-0.30115381030223287,0.7391940860458189,2.018230103171704,1.0384231217525084,1.4075191690368067
1.705786636128833,2,-0.20805992332391837,1.1682878434441522,0.09309388697831454,0.42909375739833316,1.5194671657068264,0.3690960472842984,1.4075191690368067
1.7119225592803755,1,-0.21745570234474088,1.167292254553518,-0.3106045045412792,0.741632238580588,2.0245046403237947,1.0277084726960573,1.3857006955844744
1.7119225592803755,2,-0.21745570234474088,1.167292254553518,0.09314880219653829,0.4256600159729299,1.5146702718345872,0.3579922228884171,1.3857006955844744
1.7180584824319183,1,-0.2268432942812766,1.166252717769256,-0.3199874346397743,0.7439247269459239,2.0306143523032265,1.0177232008183856,1.3654347662695323
1.7180584824319183,2,-0.2268432942812766,1.166252717769256,0.09314414035849775,0.42232799082333217,1.5100214342517213,0.34771156545114673,1.3654347662695323
1.7241944055834608,1,-0.23622234569599493,1.165169272229339,-0.32930606513405886,0.7460779781573527,2.0365685836014564,1.0083929160693539,1.3465621620968258
1.7241944055834608,2,-0.23622234569599493,1.165169272229339,0.09308371943806393,0.41909129407198625,1.505511248983787,0.33816924602747184,1.3465621620968258
1.7303303287350034,1,-0.24559250347291126,1.1640419587248787,-0.3385634935277696,0.7480977758881078,2.042375726787398,0.9996532365586938,1.3289453364725223
1.7303303287350034,2,-0.24559250347291126,1.1640419587248787,0.09297099005485833,0.41594418283677087,1.5011312683948013,0.32929209991382863,1.3289453364725223
1.736466251886546,1,-0.25495341483088124,1.1628708196985915,-0.34776249568266643,0.7499893486176511,2.0480433527920376,0.991448129899418,1.312464790041377
1.736466251886546,2,-0.25495341483088124,1.1628708196985915,0.09280908085178516,0.41288147108094053,1.4968738697730675,0.3210166601419592,1.312464790041377
1.7426021750380885,1,-0.26430472733688315,1.1616558992432,-0.3569055643786161,0.7517574429005819,2.053578319146076,0.9837285773293967,1.2970161573335204
1.7426021750380885,2,-0.26430472733688315,1.1616558992432,0.09260083704173294,0.40989845634261823,1.4927321461973015,0.31328758000412377,1.2970161573335204
1.748738098189631,1,-0.2736460889192864,1.1603972430997727,-0.3659949422369054,0.7534063847113137,2.0589868605545583,0.9764514891136636,1.2825078461869532
1.748738098189631,2,-0.2736460889192864,1.1603972430997727,0.092348853317619,0.4069908583884589,1.4886998152429527,0.30605635707328954,1.2825078461869532
1.7548740213411735,1,-0.2829771478811072,1.1590948986560017,-0.3750326499663298,0.7549401311515767,2.0642746652005504,0.9695788173591724,1.2688591104553069
1.7548740213411735,2,-0.2829771478811072,1.1590948986560017,0.09205550208522253,0.4041547675044251,1.4847711420953975,0.2992802930961346,1.2688591104553069
1.761009944492716,1,-0.2922975529132497,1.1577489149444196,-0.38402051070736537,0.7563623143076893,2.0694469394276847,0.9630768252435827,1.2559984652900207
1.761009944492716,2,-0.2922975529132497,1.1577489149444196,0.09172295779411564,0.4013866006367301,1.4809408743895012,0.29292164004643806,1.2559984652900207
1.7671458676442586,1,-0.3016069531077322,1.1563593426405518,-0.39296017110448106,0.7576762786663002,2.074508462890079,0.9569154811592321,1.2438623754690252
1.7671458676442586,2,-0.3016069531077322,1.1563593426405518,0.0913532179967488,0.3986830639742517,1.477204186663997,0.2869468943097932,1.2438623754690252
1.7732817907958012,1,-0.3109049979708992,1.1549262340610107,-0.4018531196214248,0.7588851132083787,2.0794636358294163,0.9510679533578386,1.2323941630000939
1.7732817907958012,2,-0.3109049979708992,1.1549262340610107,0.09094812165052558,0.3960411208526321,1.4735566327533987,0.2813262096422553,1.2323941630000939
1.7794177139473437,1,-0.32019133743661676,1.1534496431615242,-0.41070070252240465,0.7599916790785088,2.08431651980851,0.9455101860158702,1.221543092062127
1.7794177139473437,2,-0.32019133743661676,1.1534496431615242,0.09050936508578787,0.39345796408301537,1.4699941047747291,0.27603290604625674,1.221543092062127
1.7855536370988865,1,-0.3294656218794527,1.1519296255349052,-0.4195041378683634,0.7609986335533422,2.089070872973754,0.9402205416936006,1.2112635983196114
1.7855536370988865,2,-0.3294656218794527,1.1519296255349052,0.09003851598891063,0.39093099198156295,1.466512797626318,0.27104305662601075,1.2112635983196114
1.791689560250429,1,-0.33872750212783964,1.1503662384089577,-0.4282645278180947,0.7619084508972994,2.0937301807174804,0.9351794982666484,1.2015146365059064
1.791689560250429,2,-0.33872750212783964,1.1503662384089577,0.08953702569025505,0.3884577875116583,1.46310917811959,0.26633513823925803,1.2015146365059064
1.7978254834019716,1,-0.347976629477221,1.148759540644324,-0.4369828694757583,0.7627234405863751,2.098297682452206,0.9303693908077345,1.1922591254595234
1.7978254834019716,2,-0.347976629477221,1.148759540644324,0.0890062399985373,0.3860361000579489,1.4597799580255342,0.26188973465178905,1.1922591254595234
1.8039614065535141,1,-0.3572126557031797,1.1471095927322665,-0.44566006448708767,0.7634457632955819,2.1027763950822815,0.9257741907633419,1.1834634739055996
1.8039614065535141,2,-0.3572126557031797,1.1471095927322665,0.08844740878390792,0.38366382943668464,1.456522070445357,0.25768928314225786,1.1834634739055996
1.8100973297050567,1,-0.36643523307454867,1.1454164567923917,-0.45429692755444184,0.7640774449772545,2.1071691336571496,0.9213793162332462,1.1750971734888966
1.8100973297050567,2,-0.36643523307454867,1.1454164567923917,0.08786169447989317,0.3813390118151371,1.453332649017128,0.25371785725565044,1.1750971734888966
1.8162332528565992,1,-0.37564401436650235,1.1436801965703105,-0.4628941940144116,0.7646203893023588,2.111478529608819,0.9171714683155111,1.1671324480965746
1.8162332528565992,2,-0.37564401436650235,1.1436801965703105,0.08725017964790927,0.37905980726795163,1.4502090095526403,0.24996097978106338,1.1671324480965746
1.8223691760081417,1,-0.38483865287363,1.141900877435239,-0.47145252659984443,0.7650763886923037,2.1157070469100003,0.9131384893964117,1.159543950516385
1.8223691760081417,2,-0.38483865287363,1.141900877435239,0.08661387372621446,0.37682448874293534,1.4471486337654773,0.2464054611199733,1.159543950516385
1.8285050991596843,1,-0.39401880242298865,1.1400785663775372,-0.4799725214900228,0.7654471341323429,2.1198569964354053,0.909269239997234,1.152308499077215
1.8285050991596843,2,-0.39401880242298865,1.1400785663775372,0.08595371906703414,0.3746314322451944,1.444149154805713,0.24303925907998095,1.152308499077215
1.8346410223112268,1,-0.4031841173871364,1.1382133320061862,-0.4884547137376218,0.7657342239278023,2.123930548764509,0.9055534913784193,1.1454048482036605
1.8346410223112268,2,-0.4031841173871364,1.1382133320061862,0.08527059635048538,0.37247910807838397,1.4412083443612587,0.2398513568252412,1.1454048482036605
1.8407769454627694,1,-0.4123342526971451,1.136305244546206,-0.49689958214843166,0.7659391715397739,2.1279297456276605,0.9019818315769697,1.138813487852801
1.8407769454627694,2,-0.4123342526971451,1.136305244546206,0.08456532945128657,0.3703660730064322,1.4383241011226011,0.23683165627583133,1.138813487852801
1.8469128686143121,1,-0.421468863855592,1.134354375836011,-0.5053075536792117,0.7660634126165442,2.131856510167263,0.8985455829391005,1.1325164676419115
1.8469128686143121,2,-0.421468863855592,1.134354375836011,0.08383868982361961,0.36829096321946686,1.4354944404380743,0.233970884702811,1.1325164676419115
1.8530487917658547,1,-0.4305876069495299,1.1323607993247056,-0.5136790074100911,0.7661083113200888,2.1357126561606896,0.8952367295251988,1.126497242160977
1.8530487917658547,2,-0.4305876069495299,1.1323607993247056,0.08309140046056118,0.3662524880046167,1.4327174850120723,0.23126051263577804,1.126497242160977
1.8591847149173972,1,-0.4396901386634353,1.1303245900693182,-0.5220142781403606,0.7660751660328013,2.1394998963306473,0.8920478530224555,1.1207405345249237
1.8591847149173972,2,-0.4396901386634353,1.1303245900693182,0.08232413947692534,0.36424942403651694,1.4299914565197223,0.2286926815024682,1.1207405345249237
1.8653206380689398,1,-0.4487761162921339,1.128245824731977,-0.5303136596500643,0.7659652145177512,2.1432198498511355,0.8889720760132962,1.1152322156820558
1.8653206380689398,2,-0.4487761162921339,1.128245824731977,0.08153754335793047,0.36228061021422575,1.4273146680292326,0.22626013966875952,1.1152322156820558
1.8714565612204823,1,-0.4578451977537033,1.1261245815770216,-0.5385774076643297,0.7657796385957563,2.146874049142358,0.8860030116237121,1.1099591973765452
1.8714565612204823,2,-0.4578451977537033,1.1261245815770216,0.08073220991062645,0.3603449429812654,1.4246855171380344,0.22395618575283313,1.1099591973765452
1.8775924843720249,1,-0.46689704160235246,1.1239609404680582,-0.5468057425526907,0.7655195683940941,2.15046394603543,0.8831347187217424,1.1049093369792375
1.8775924843720249,2,-0.46689704160235246,1.1239609404680582,0.07990870095033815,0.3584413720739641,1.4221024797414294,0.22177461825749517,1.1049093369792375
1.8837284075235674,1,-0.4759313070412766,1.1217549828649513,-0.5549988517916465,0.7651860862144957,2.153990917377119,0.8803616619582316,1.1000713526645935
1.8837284075235674,2,-0.4759313070412766,1.1217549828649513,0.07906754475037,0.3565688966504556,1.4195641043631473,0.21970969070636193,1.1000713526645935
1.88986433067511,1,-0.48494765393548805,1.119506791820758,-0.5631568922152566,0.7647802300619452,2.1574562701358238,0.8776786760439832,1.095434747631975
1.88986433067511,2,-0.48494765393548805,1.119506791820758,0.07820923827976853,0.35472656175881284,1.4170690069863066,0.21775607158799182,1.095434747631975
1.8960002538266525,1,-0.4939457428246224,1.1172164519786005,-0.5712799920755897,0.7643029968705831,2.1608612460622614,0.8750809337431118,1.0909897422544284
1.8960002538266525,2,-0.4939457428246224,1.1172164519786005,0.07733424925096724,0.3529134551080174,1.4146158663310495,0.21590880851131647,1.0909897422544284
1.902136176978195,1,-0.5029252349357186,1.1148840495684793,-0.5793682529322872,0.7637553454585277,2.164207025951744,0.8725639171346214,1.0867272131938812
1.902136176978195,2,-0.5029252349357186,1.1148840495684793,0.0764430179965686,0.3511287041099516,1.4122034195317805,0.21416329605925974,1.0867272131938812
1.9082721001297376,1,-0.5118857921959741,1.1125096724040269,-0.5874217513882652,0.7631381992395744,2.167494733549213,0.870123391755319,1.0826386386532867
1.9082721001297376,2,-0.5118857921959741,1.1125096724040269,0.07553595919229121,0.3493714731644525,1.409830458172657,0.21251524689796764,1.0826386386532867
1.9144080232812803,1,-0.5208270772454723,1.1100934098792015,-0.5954405406866479,0.7624524487164067,2.170725439133308,0.8677553832890036,1.0787160490478296
1.9144080232812803,2,-0.5208270772454723,1.1100934098792015,0.0746134634411756,0.3476409611627947,1.4074958246449265,0.21096066575882597,1.0787160490478296
1.920543946432823,1,-0.5297487534498849,1.1076353529649214,-0.6034246521823412,0.7616989537770776,2.173900162811515,0.865456156510982,1.074951982472201
1.920543946432823,2,-0.5297487534498849,1.1076353529649214,0.07367589873245632,0.3459363991878438,1.405198408793964,0.20949582596121896,1.074951982472201
1.9266798695843654,1,-0.5386504849131454,1.1051355942056402,-0.6113740967001828,0.7608785458140208,2.17701987755474,0.8632221962346209,1.0713394444218844
1.9266798695843654,2,-0.5386504849131454,1.1051355942056402,0.07272361178703744,0.34425704839161947,1.4029371448275691,0.2081172481872634,1.0713394444218844
1.932815792735908,1,-0.5475319364900952,1.1025942277158625,-0.6192888657903162,0.7599920296826855,2.180085511996476,0.8610501900388835,1.067871871295634
1.932815792735908,2,-0.5475319364900952,1.1025942277158625,0.07175692930022083,0.3426021980331768,1.4007110084603014,0.2068216812567507,1.067871871295634
1.9389517158874505,1,-0.5563927737991027,1.1000113491766,-0.6271689328903106,0.7590401855149914,2.1830979530189456,0.8589370125834747,1.064543097265721
1.9389517158874505,2,-0.5563927737991027,1.1000113491766,0.07077615909120795,0.34097116366160846,1.3985190142714308,0.20560608468224642,1.064543097265721
1.945087639038993,1,-0.5652326632346509,1.0973870558317698,-0.6350142544025549,0.758023770401146,2.186058048146155,0.8568797113420488,1.0613473241536078
1.945087639038993,2,-0.5652326632346509,1.0973870558317698,0.06978159116790396,0.3393632854306237,1.3963602132565394,0.20446761281155898,1.0613473241536078
1.9512235621905356,1,-0.5740512719798994,1.0947214464845332,-0.642824770694579,0.7569435199519193,2.188966607761677,0.8548754936044908,1.058279093992776
1.9512235621905356,2,-0.5740512719798994,1.0947214464845332,0.06877349871467965,0.3377779265326138,1.3942336905549517,0.20340360038828537,1.058279093992776
1.9573594853420782,1,-0.5828482680192126,1.0920146214935755,-0.6506004070291888,0.7558001497521928,2.191824407167101,0.8529217146170766,1.0553332639985167
1.9573594853420782,2,-0.5828482680192126,1.0920146214935755,0.06775213900997604,0.33621447174138275,1.3921385633370593,0.20241154938144013,1.0553332639985167
1.9634954084936207,1,-0.5916233201506623,1.0892666827693278,-0.6583410744306181,0.7545943567154788,2.1946321884954507,0.8510158667447474,1.052504983697505
1.9634954084936207,2,-0.5916233201506623,1.0892666827693278,0.06671775427995573,0.3346723260538491,1.3900739788372627,0.20148911695275754,1.052504983697505
1.9696313316451632,1,-0.6003760979984951,1.08647773377013,-0.666046670492297,0.7533268203481197,2.197390662492413,0.8491555695531496,1.0497896739986674
1.9696313316451632,2,-0.6003760979984951,1.08647773377013,0.065670572493802,0.3331509134220102,1.3880391125197151,0.2006341044455178,1.0497896739986674
1.975767254796706,1,-0.6091062720255722,1.0836478794983353,-0.6737170801313042,0.751998203930997,2.2001005101769433,0.847338560719779,1.0471830080118107
1.975767254796706,2,-0.6091062720255722,1.0836478794983353,0.06461080810573196,0.33164967556733826,1.386033166365355,0.19984444729203182,1.0471830080118107
1.9819031779482486,1,-0.6178135135457757,1.0807772264963578,-0.6813521762940908,0.750609155625806,2.2027623843916806,0.8455626876937797,1.0446808934422782
1.9819031779482486,2,-0.6178135135457757,1.0807772264963578,0.06353866274831503,0.3301680708705518,1.384055367269842,0.1991182057484986,1.0446808934422782
1.988039101099791,1,-0.6264974947363839,1.0778658828426604,-0.6889518206176491,0.7491603095122649,2.2053769112525954,0.8438259000328817,1.0422794564089544
1.988039101099791,2,-0.6264974947363839,1.0778658828426604,0.06245432588126511,0.3287055733303955,1.3821049655430517,0.19845355637607262,1.0422794564089544
1.9941750242513336,1,-0.6351578886504132,1.0749139581476863,-0.6965158640499114,0.7476522865620117,2.207944691506407,0.8421262423537962,1.0399750265496381
1.9941750242513336,2,-0.6351578886504132,1.0749139581476863,0.061357975399498166,0.3272616715856746,1.380181233501663,0.19784878419584181,1.0399750265496381
2.000310947402876,1,-0.6437943692289274,1.0719215635497317,-0.7040441474328384,0.7460856955543964,2.210466301803506,0.8404618478392764,1.0377641232924717
2.000310947402876,2,-0.6437943692289274,1.0719215635497317,0.06024977820391097,0.3258358679953353,1.3782834641472,0.19730227545319537,1.0377641232924717
2.0064468705544187,1,-0.6524066113133141,1.068888811710762,-0.7115365020513499,0.7444611339388889,2.212942295893411,0.8388309322511157,1.035643443185015
2.0064468705544187,2,-0.6524066113133141,1.068888811710762,0.059129890738035755,0.32442767777187315,1.3764109699225942,0.19681251093389937,1.035643443185015
2.0125827937059615,1,-0.6609942906575267,1.0658158168121699,-0.718992750150984,0.7427791886483842,2.2153732057491657,0.8372317884037058,1.0336098481839298
2.0125827937059615,2,-0.6609942906575267,1.0658158168121699,0.057998459493457215,0.3230366281637856,1.3745630815409877,0.19637805978022388,1.0336098481839298
2.018718716857504,1,-0.6695570839402915,1.0627026945504763,-0.7264127054269284,0.7410404368672965,2.21775954262649,0.8356627810575076,1.0316603548182894
2.018718716857504,2,-0.6695570839402915,1.0627026945504763,0.05685562148663685,0.3216622576831797,1.3727391468810628,0.195997573760782,1.0316603548182894
2.0248546400090466,1,-0.6780946687772811,1.0595495621329747,-0.7337961734868549,0.7392454467579782,2.220101798063031,0.8341223421959777,1.0297921241484214
2.0248546400090466,2,-0.6780946687772811,1.0595495621329747,0.055701504709573774,0.32030411537499653,1.3709385299437158,0.19566978195244364,1.0297921241484214
2.030990563160589,1,-0.6866067237332519,1.0563565382733187,-0.7411429522897887,0.7373947781486866,2.222400444822565,0.8326089666532119,1.0280024524500635
2.030990563160589,2,-0.6866067237332519,1.0563565382733187,0.05453622855653672,0.31896176012463223,1.369160609865347,0.1953934857968515,1.0280024524500635
2.0371264863121317,1,-0.6950929283341458,1.053123743187052,-0.7484528325630733,0.7354889831860313,2.224655937788625,0.8311212080628679,1.0262887625606312
2.0371264863121317,2,-0.6950929283341458,1.053123743187052,0.05335990422892743,0.31763476000102064,1.3674047799834645,0.19516755449776324,1.0262887625606312
2.043262409463674,1,-0.703552963079156,1.049851298587082,-0.7557255981993343,0.7335286069545783,2.2268687148116357,0.829657675101875,1.0246485958306042
2.043262409463674,2,-0.703552963079156,1.049851298587082,0.052172635120178175,0.31632269163250376,1.3656704469506804,0.19499092072872903,1.0246485958306042
2.0493983326152168,1,-0.7119865094527562,1.0465393276790989,-0.7629610266352007,0.7315141880660508,2.229039197513325,0.8282170280050635,1.0230796046286033
2.0493983326152168,2,-0.7119865094527562,1.0465393276790989,0.05097451718244459,0.3150251396130479,1.3639570298935166,0.19486257662353973,1.0230796046286033
2.055534255766759,1,-0.7203932499366917,1.0431879551569347,-0.7701588892134186,0.7294462592203558,2.231167792051868,0.8267979753291859,1.0215795453536767
2.055534255766759,2,-0.7203932499366917,1.0431879551569347,0.049765639276726774,0.313741695936579,1.3622639596127555,0.19478157002449079,1.0215795453536767
2.061670178918302,1,-0.7287728680219351,1.0397973071978714,-0.7773189515298713,0.7273253477404682,2.233254889850957,0.8253992709469085,1.0201462719127483
2.061670178918302,2,-0.7287728680219351,1.0397973071978714,0.04854608350793619,0.31247195945740314,1.360590677822347,0.1947470009658398,1.0201462719127483
2.067806102069844,1,-0.7371250482206015,1.0363675114578876,-0.7844409737669227,0.7251519760830324,2.2353008682957385,0.8240197112532271,1.0187777296251508
2.067806102069844,2,-0.7371250482206015,1.0363675114578876,0.04731592554632112,0.3112155353748553,1.3589366364241497,0.19475801837192358,1.0187777296251508
2.073942025221387,1,-0.7454494760778273,1.032898697066855,-0.7915247110143959,0.722926662326373,2.2373060913983442,0.8226581325684507,1.017471949519723
2.073942025221387,2,-0.7454494760778273,1.032898697066855,0.0460752349365686,0.3099720347404819,1.357301296816007,0.19481381695127237,1.017471949519723
2.0800779483729297,1,-0.7537458381836084,1.0293909946236743,-0.7985699135794232,0.720649920637465,2.2392709104355295,0.8213134087234174,1.0162270429931601
2.0800779483729297,2,-0.7537458381836084,1.0293909946236743,0.044824075395814865,0.30874107398620937,1.3556841292308923,0.19491363426974273,1.0162270429931601
2.086213871524472,1,-0.7620138221846008,1.0258445361913604,-0.8055763272863187,0.7183222617192715,2.241195664560762,0.819984448813974,1.0150411968011779
2.086213871524472,2,-0.7620138221846008,1.0258445361913604,0.04356250510171796,0.30752227447208885,1.3540846121050365,0.19505674798720377,1.0150411968011779
2.092349794676015,1,-0.7702531167958798,1.0222594552920683,-0.812543693767555,0.7159441932397365,2.243080681392913,0.8186701951129812,1.0139126683566593
2.092349794676015,2,-0.7702531167958798,1.0222594552920683,0.04229057697167515,0.3063152620523319,1.3525022314731423,0.19524247324367808,1.0139126683566593
2.098485717827557,1,-0.7784634118126603,1.018635886902068,-0.8194717507468631,0.7135162202436008,2.2449262775835854,0.8173696211292225,1.0128397813112953
2.098485717827557,2,-0.7784634118126603,1.018635886902068,0.04100833893420268,0.3051196666584671,1.35093648038896,0.19547016018207278,1.0128397813112953
2.1046216409791,1,-0.7866443981219755,1.0149739674466611,-0.8263602323154114,0.711038845548104,2.246732759364925,0.8160817298036026,1.0118209213993576
2.1046216409791,2,-0.7866443981219755,1.0149739674466611,0.03971583419343599,0.30393512189855715,1.349386858369644,0.195739191595755,1.0118209213993576
2.110757564130642,1,-0.7947957677143145,1.0112738347950456,-0.8332088692019687,0.7085125701235327,2.2485004230796752,0.814805551833929,1.0108545325241693
2.110757564130642,2,-0.7947957677143145,1.0112738347950456,0.03841310148765422,0.30276126467151276,1.3478528708624604,0.19604898069024024,1.0108545325241693
2.116893487282185,1,-0.8029172136952194,1.0075356282551242,-0.8400173890379018,0.7059378934594883,2.250229555695089,0.8135401441203993,1.0099391130695856
2.116893487282185,2,-0.8029172136952194,1.0075356282551242,0.03710017534268244,0.3015977347956358,1.3463340287325467,0.19639896894918632,1.0099391130695856
2.1230294104337273,1,-0.8110084302968393,1.0037594885682604,-0.8467855166178181,0.7033153139176518,2.2519204353022078,0.8122845883246645,1.0090732124203932
2.1230294104337273,2,-0.8110084302968393,1.0037594885682604,0.03577708632097876,0.30044417465060863,1.3448298477705476,0.1967886240957287,1.0090732124203932
2.12916533358527,1,-0.8190691128894425,0.9999455579039792,-0.8535129741566134,0.7006453290717499,2.253573331601921,0.8110379895360185,1.0082554276769813
2.12916533358527,2,-0.8190691128894425,0.9999455579039792,0.03444386126717093,0.2993002288322294,1.3433398482190675,0.19721743814096285,1.0082554276769813
2.1353012567368124,1,-0.827098957992885,0.9960939798546145,-0.8601994815436514,0.6979284360353457,2.2551885063791133,0.8097994750388808,1.0074844005509687
2.1353012567368124,2,-0.827098957992885,0.9960939798546145,0.03310052355076639,0.2981655438192688,1.3418635543169877,0.19768492551208786,1.0074844005509687
2.141437179888355,1,-0.8350976632880374,0.9922048994299029,-0.8668447565947602,0.695165131778005,2.256766213966129,0.8085681931763008,1.0067588144296769
2.141437179888355,2,-0.8350976632880374,0.9922048994299029,0.03174709330672281,0.2970397676518978,1.3404004938608005,0.19819062125337605,1.0067588144296769
2.147573103039898,1,-0.843064927628166,0.9882784630515241,-0.8734485153026965,0.6923559134303221,2.2583067016966862,0.80734331230472,1.0060773915984547
2.147573103039898,2,-0.843064927628166,0.9882784630515241,0.03038358767453048,0.29592254962120196,1.3389501977822036,0.19873407929373466,1.0060773915984547
2.1537090261914402,1,-0.8510004510502717,0.9843148185475887,-0.8800104720866962,0.6895012785782242,2.2598102103513087,0.8061240198356916,1.0054388906108742
2.1537090261914402,2,-0.8510004510502717,0.9843148185475887,0.029010021036424485,0.2948135399693645,1.3375121997412944,0.1993148707751826,1.0054388906108742
2.159844949342983,1,-0.8589039347863827,0.980314115147072,-0.8865303400416952,0.68660172554691,2.2612769745952566,0.8049095213606753,1.0048421037977597
2.159844949342983,2,-0.8589039347863827,0.980314115147072,0.02762640525531243,0.29371238960016194,1.3360860357347855,0.19993258243708437,1.0048421037977597
2.1659808724945253,1,-0.8667750812748035,0.9762765034741957,-0.8930078311877762,0.6836577536747205,2.262707223409868,0.8036990398554044,1.0042858549068703
2.1659808724945253,2,-0.8667750812748035,0.9762765034741957,0.026232749912972652,0.29261874979947533,1.334671243718745,0.20058681505146594,1.0042858549068703
2.172116795646068,1,-0.8746135941713176,0.9722021355427575,-0.8994426567203652,0.6806698635771831,2.264101180518166,0.8024918149606649,1.003768996865857
2.172116795646068,2,-0.8746135941713176,0.9722021355427575,0.024829062549047612,0.29153227196557435,1.333267363245445,0.20127718190519203,1.003768996865857
2.1782527187976104,1,-0.8824191783603447,0.9680911647504068,-0.9058345272616726,0.6776385574014167,2.2654590648054995,0.8012871023366368,1.0032904096618476
2.1782527187976104,2,-0.8824191783603447,0.9680911647504068,0.023415348901327872,0.29045260734899014,1.3318739351139726,0.20200330732521085,1.0032904096618476
2.184388641949153,1,-0.8901915399660519,0.9639437458728707,-0.9121831531138446,0.6745643390710312,2.2667810907359454,0.8000841730882217,1.0028489983316977
2.184388641949153,2,-0.8901915399660519,0.9639437458728707,0.021991613147792726,0.2893794068018395,1.3304905010343286,0.20276482524347603,1.0028489983316977
2.1905245651006955,1,-0.8979303863634176,0.9597600350581256,-0.9184882445142623,0.6714477145216085,2.2680674687651146,0.7988823132590299,1.0024436910575683
2.1905245651006955,2,-0.8979303863634176,0.9597600350581256,0.02055785815084462,0.2883123205365171,1.3291166033048114,0.2035613777985384,1.0024436910575683
2.1966604882522383,1,-0.9056354261892491,0.9555401898205191,-0.9247495118933944,0.6682891919268005,2.2693184057499667,0.79768082339192,1.002073437363086
2.1966604882522383,2,-0.9056354261892491,0.9555401898205191,0.019114085704145217,0.2872509978937187,1.3277517845025415,0.2043926139711659,1.002073437363086
2.202796411403781,1,-0.9133063693531518,0.9512843690348395,-0.9309666661355832,0.6650892819150348,2.2705341053561554,0.7964790181541729,1.0017372064058716
2.202796411403781,2,-0.9133063693531518,0.9512843690348395,0.017660296782431407,0.2861950871198046,1.3263955871870479,0.20525818825169884,1.0017372064058716
2.2089323345553233,1,-0.9209429270484512,0.9469927329303337,-0.9371394188431105,0.6618484977767758,2.2717147684633905,0.7952762260255503,1.0014339853627332
2.2089323345553233,2,-0.9209429270484512,0.9469927329303337,0.01619649179465937,0.28514423515355797,1.3250475536169002,0.2061577593371828,1.0014339853627332
2.215068257706866,1,-0.9285448117630661,0.9426654430846757,-0.9432674826038601,0.6585673556622407,2.2728605935692183,0.7940717890476326,1.0011627779042787
2.215068257706866,2,-0.9285448117630661,0.9426654430846757,0.014722670840793943,0.284098087422435,1.3237072254794195,0.2070909888566461,1.0011627779042787
2.2212041808584084,1,-0.9361117372903339,0.9383026624178821,-0.9493505712628626,0.6552463747694358,2.27397177719159,0.7928650626329423,1.0009226027561415
2.2212041808584084,2,-0.9361117372903339,0.9383026624178821,0.013238833972528629,0.28305628764844626,1.322374143633564,0.20805754012319905,1.0009226027561415
2.227340104009951,1,-0.9436434187397853,0.9339045551861793,-0.9553884001979739,0.6518860775223327,2.275048514270506,0.7916554154324604,1.000712492344398
2.227340104009951,2,-0.9436434187397853,0.9339045551861793,0.011744981458188558,0.2820184776638465,1.3210478478661327,0.20905707691193762,1.000712492344398
2.2334760271614935,1,-0.9511395725478705,0.9294712869758187,-0.9613806865999049,0.648486989738969,2.2760909985689777,0.7904422292602127,1.000531491523138
2.2334760271614935,2,-0.9511395725478705,0.9294712869758187,0.010241114052034508,0.28098429723684964,1.3197278766614828,0.21008926226292535,1.000531491523138
2.2396119503130363,1,-0.9585999164886355,0.9250030246968428,-0.9673271497567858,0.6450496407892213,2.2770994230734893,0.7892248990736547,1.0003786563824706
2.2396119503130363,2,-0.9585999164886355,0.9250030246968428,0.00872723326815036,0.2799533839076214,1.3184137669850016,0.21115375730881586,1.0003786563824706
2.2457478734645786,1,-0.9660241696843476,0.9204999365768008,-0.9732275113434067,0.6415745637419649,2.2780739803940726,0.7880028330086108,1.000253053135566
2.2457478734645786,2,-0.9660241696843476,0.9204999365768008,0.007203341659059143,0.278925372834836,1.3171050540806215,0.21225022012695516,1.000253053135566
2.2518837966161214,1,-0.9734120526160701,0.9159621921544154,-0.979081495715244,0.6380622955013001,2.279014863164056,0.7867754524675353,1.0001537570836099
2.2518837966161214,2,-0.9734120526160701,0.9159621921544154,0.0056694430991739535,0.2778998966531154,1.3158012712827085,0.21337830461607446,1.0001537570836099
2.2580197197676637,1,-0.9807632871341864,0.9113899622731993,-0.9848888302073358,0.6345133769314981,2.2799222644394836,0.7855421922598446,1.0000798516577933
2.2580197197676637,2,-0.9807632871341864,0.9113899622731993,0.004125543073149424,0.2768765853417013,1.3145019498426875,0.21453765939794883,1.0000798516577933
2.2641556429192065,1,-0.9880775964688716,0.9067834190750235,-0.9906492454380287,0.6309283529702883,2.28079637809814,0.7843025007930425,1.0000304275376946
2.2641556429192065,2,-0.9880775964688716,0.9067834190750235,0.0025716489691570044,0.27585506610473515,1.3132066187708191,0.21572792674465208,1.0000304275376946
2.2702915660707492,1,-0.9953547052405136,0.9021427359936354,-0.9963624756175766,0.6273077727300854,2.2816373992380496,0.7830558403133027,1.0000045818455916
2.2702915660707492,2,-0.9953547052405136,0.9021427359936354,0.0010077703770630584,0.27483496326355,1.3119148046935558,0.21694874153228894,1.0000045818455916
2.2764274892222915,1,-1.00259433947008,0.8974680877481302,-1.0020282588615228,0.6236521895867325,2.282445524575261,0.7818016871941013,1.0000014174164258
2.2764274892222915,2,-1.00259433947008,0.8974680877481302,-0.0005660806085573248,0.2738158981613977,1.3106260317269545,0.21819973022232445,1.0000014174164258
2.2825634123738343,1,-1.009796226589434,0.8927596503363724,-1.007646337508748,0.6199621612553148,2.283220952840659,0.7805395322714027,1.000020042143266
2.2825634123738343,2,-1.009796226589434,0.8927596503363724,-0.0021498890806859114,0.27279748908105766,1.309339821366635,0.21948050987186327,1.000020042143266
2.2886993355253766,1,-1.016960095451596,0.8880176010283692,-1.0132164584440249,0.6162382498525814,2.283963885175484,0.7792688812237876,1.0000595683982407
2.2886993355253766,2,-1.016960095451596,0.8880176010283692,-0.0037436370075711856,0.2717793511757879,1.3080556923948041,0.22079068717445308,1.0000595683982407
2.2948352586769194,1,-1.0240856763409525,0.883242118359597,-1.0187383734248534,0.6124810219455038,2.2846745255251735,0.7779892549957863,1.0001191125289832
2.2948352586769194,2,-1.0240856763409525,0.883242118359597,-0.005347302916098963,0.2707610964140931,1.3067731608048785,0.22212985753319694,1.0001191125289832
2.3009711818284617,1,-1.0311727009834102,0.8784333821242788,-1.0242118394123167,0.6086910485854824,2.285353081031075,0.7767001902625364,1.0001977944306952
2.3009711818284617,2,-1.0311727009834102,0.8784333821242788,-0.006960861571093447,0.26974233353879645,1.3054917397442565,0.22349760416815884,1.0001977944306952
2.3071071049800045,1,-1.0382209025564972,0.8735915733686164,-1.0296366189056239,0.604868905327713,2.285999762419512,0.7754012399337205,1.0002947371939523
2.3071071049800045,2,-1.0382209025564972,0.8735915733686164,-0.008584283650873183,0.2687226680409034,1.3042109394757986,0.2248934972602318,1.0002947371939523
2.313243028131547,1,-1.0452300156994077,0.8687168743839725,-1.0350124802799652,0.6010151722352197,2.2866147843876337,0.7740919736945635,1.0004090668283716
2.313243028131547,2,-1.0452300156994077,0.8687168743839725,-0.01021753541944251,0.2677017021487528,1.3029302673585745,0.22631709313380816,1.0004090668283716
2.3193789512830896,1,-1.0521997765229933,0.8638094687000087,-1.040339198127237,0.597130433867064,2.287198365985392,0.7727719785814835,1.0005399120622296
2.3193789512830896,2,-1.0521997765229933,0.8638094687000087,-0.011860578395756391,0.2666790348329448,1.301649227848443,0.22776793348074606,1.0005399120622296
2.325514874434632,1,-1.0591299226196988,0.8588695410777756,-1.0456165535991442,0.5932152792502459,2.2877507309929497,0.7714408595897825,1.0006864042180446
2.325514874434632,2,-1.0591299226196988,0.8588695410777756,-0.013513369020554734,0.2656542618275297,1.3003673225190155,0.229245544628262,1.0006864042180446
2.3316507975861747,1,-1.0660201930734403,0.8538972775027559,-1.050844334752119,0.5892703018348264,2.288272108292756,0.7700982403105554,1.0008476771640498
2.3316507975861747,2,-1.0660201930734403,0.8538972775027559,-0.015175858321321218,0.2646269756679295,1.2990840501035463,0.23074943685349436,1.0008476771640498
2.3377867207377174,1,-1.0728703284694296,0.8488928651778629,-1.0560223368934487,0.5852960994318153,2.2887627322354547,0.768743763593775,1.0010228673413526
2.3377867207377174,2,-1.0728703284694296,0.8488928651778629,-0.016847991575980804,0.2635967657460476,1.2977989065582716,0.23227910374757757,1.0010228673413526
2.3439226438892597,1,-1.0796800709039407,0.8438564925163922,-1.0611503629279313,0.5812932741333909,2.289222842998756,0.7673770922342801,1.0012111138664168
2.3439226438892597,2,-1.0796800709039407,0.8438564925163922,-0.018529707976009318,0.2625632183830013,1.2965113851476988,0.23383402163213687,1.0012111138664168
2.3500585670408025,1,-1.08644916399402,0.8387883491349277,-1.0662282237043328,0.5772624322150468,2.289652686938331,0.7659979096771667,1.0014115587083248
2.3500585670408025,2,-1.08644916399402,0.8387883491349277,-0.020220940289687305,0.261525916919881,1.2952209765523088,0.23541364903115816,1.0014115587083248
2.356194490192345,1,-1.0931773528871385,0.8336886258462035,-1.0712557383608503,0.573204184019291,2.290052516929749,0.7646059207388494,1.001623346940055
2.356194490192345,2,-1.0931773528871385,0.8336886258462035,-0.021921614526288193,0.2604844418269126,1.2939271689991005,0.2370174262012057,1.001623346940055
2.3623304133438876,1,-1.099864384270787,0.828557514651919,-1.0762327346687395,0.5691191438205635,2.29042259270043,0.7632008523398243,1.0018456270627736
2.3623304133438876,2,-1.099864384270787,0.828557514651919,-0.02363164960204751,0.25943837083135546,1.2926294484153649,0.2386447747229493,1.0018456270627736
2.36846633649543,1,-1.1065100063820137,0.8233952087355103,-1.081159049373199,0.5650079296710818,2.290763181150539,0.7617824542449461,1.0020775514018667
2.36846633649543,2,-1.1065100063820137,0.8233952087355103,-0.02535095700881471,0.25838727906442854,1.2913272986060145,0.24029509715692077,1.0020775514018667
2.3746022596469727,1,-1.113113969016902,0.8182019024548777,-1.0860345285305606,0.5608711632273722,2.2910745566617208,0.7603504998068031,1.00231827657315
2.3746022596469727,2,-1.113113969016902,0.8182019024548777,-0.02707944048634154,0.25733073922750543,1.2900202014547457,0.2419677767663469,1.00231827657315
2.380738182798515,1,-1.1196760235399914,0.8129777913350671,-1.0908590278407808,0.5567094695573037,2.2913570013925404,0.7589047867075742,1.002566964017373
2.380738182798515,2,-1.1196760235399914,0.8129777913350671,-0.028816995699210715,0.25626832177776343,1.2887076371492403,0.24366217730979886,1.002566964017373
2.386874105950058,1,-1.126195922893638,0.8077230720609097,-1.0956324129741835,0.5525234769274981,2.291610805559472,0.7574451376945502,1.002822780600809
2.386874105950058,2,-1.126195922893638,0.8077230720609097,-0.030563509919454557,0.2551995951334115,1.2873890844305378,0.24537764290625874,1.002822780600809
2.3930100291016,1,-1.1326734216073162,0.8024379424696162,-1.1003545598913604,0.5483138165710615,2.291836267702262,0.7559714013043304,1.0030848992793582
2.3930100291016,2,-1.1326734216073162,0.8024379424696162,-0.03231886171595568,0.25412412589855465,1.2860640208666394,0.24711349797502788,1.0030848992793582
2.399145952253143,1,-1.1391082758068605,0.7971226015433284,-1.1050253551551015,0.5440811224356479,2.2920336949324835,0.754483452570546,1.0033524998232388
2.399145952253143,2,-1.1391082758068605,0.7971226015433284,-0.03408292065175908,0.2530414791076805,1.2847319231503092,0.24886904725269274,1.0033524998232388
2.4052818754046856,1,-1.1455002432236472,0.791777249401628,-1.1096446962331896,0.5398260309119511,2.292203403164099,0.7529811937098365,1.0036247695989546
2.4052818754046856,2,-1.1455002432236472,0.791777249401628,-0.03585554699045752,0.2519512184896769,1.283392267420955,0.2506435758891181,1.0036247695989546
2.411417798556228,1,-1.1518490832037158,0.786402087294002,-1.1142124917908776,0.5355491805427937,2.2923457173248627,0.7514645547806966,1.003900904404855
2.411417798556228,2,-1.1518490832037158,0.786402087294002,-0.037636591412838406,0.2508529067512083,1.2820445296103684,0.2524363496241584,1.003900904404855
2.4175537217077707,1,-1.1581545567168297,0.7809973175922655,-1.1187286619718289,0.5312512117130739,2.292460971547394,0.749933494309749,1.0041801093562133
2.4175537217077707,2,-1.1581545567168297,0.7809973175922655,-0.0394258947450008,0.24974610587919174,1.2806881858120036,0.2542466150464644,1.0041801093562133
2.423689644859313,1,-1.1644164263654748,0.7755631437829433,-1.1231931386663105,0.5269327663209188,2.2925495093388015,0.7483879998799573,1.004461599815373
2.423689644859313,2,-1.1644164263654748,0.7755631437829433,-0.04122328769916414,0.24863037746202452,1.2793227126733686,0.25607359993541573,1.004461599815373
2.429825568010856,1,-1.170634456393798,0.7700997704596076,-1.1276058657654016,0.5225944874304848,2.2926116837277584,0.7468280886753024,1.0047446023621374
2.429825568010856,2,-1.170634456393798,0.7700997704596076,-0.043028590628396465,0.24750528302912295,1.2779475878109927,0.25791651368683494,1.0047446023621374
2.435961491162398,1,-1.1768084126964833,0.7646074033151764,-1.1319667993999956,0.5182370189069408,2.2926478573879723,0.7452538079764864,1.0050283557992168
2.435961491162398,2,-1.1768084126964833,0.7646074033151764,-0.04484161329648757,0.24637038440823555,1.276562290247312,0.25977454782273035,1.0050283557992168
2.442097414313941,1,-1.1829380628275652,0.7590862491341681,-1.1362759081633826,0.5138610050342711,2.2926584027370747,0.7436652356023202,1.0053121121872062
2.442097414313941,2,-1.1829380628275652,0.7590862491341681,-0.04666215466418252,0.24522524409989704,1.2751663008687135,0.26164687658488595,1.0053121121872062
2.448233337465483,1,-1.1890231760091812,0.7535365157849172,-1.1405331733162094,0.509467090116626,2.2926437020099786,0.7420624802915828,1.0055951379032446
2.448233337465483,2,-1.1890231760091812,0.7535365157849172,-0.048490002692971775,0.2440694256682912,1.2737591029038446,0.2635326576116618,1.0055951379032446
2.454369260617026,1,-1.1950635231402589,0.7479584122117476,-1.1447385889726525,0.5050559180640561,2.292604147305873,0.7404456820203239,1.005876714717218
2.454369260617026,2,-1.1950635231402589,0.7479584122117476,-0.05032493416760639,0.24290249414769147,1.2723401824211886,0.26543103269689405,1.005876714717218
2.4605051837685687,1,-1.201058876805143,0.7423521484271061,-1.1488921622666732,0.5006281319635555,2.2925401406080743,0.7388150122498084,1.0061561408791049
2.4605051837685687,2,-1.201058876805143,0.7423521484271061,-0.05216671453846976,0.24172401646355057,1.270909028844783,0.26734112862929654,1.0061561408791049
2.466641106920111,1,-1.2070090112821565,0.7367179355036553,-1.1529939134972655,0.49618437363644297,2.2924520937760677,0.737170674100583,1.0064327322108486
2.466641106920111,2,-1.2070090112821565,0.7367179355036553,-0.05401509778489108,0.24053356186721236,1.2694651354868425,0.26926205811026566,1.0064327322108486
2.472777030071654,1,-1.2129137025520997,0.7310559855663276,-1.1570438762516695,0.4917252831832015,2.29234042850917,0.73551290244847,1.0067058231959554
2.472777030071654,2,-1.2129137025520997,0.7310559855663276,-0.05586982630043022,0.239330702383126,1.2680080000959364,0.2711929207474855,1.0067058231959554
2.478912953223196,1,-1.2187727283066834,0.7253665117843376,-1.1610420975055844,0.4872514985169879,2.292205576281357,0.7338419639386662,1.0069747680598917
2.478912953223196,2,-1.2187727283066834,0.7253665117843376,-0.05773063080109896,0.2381150132673498,1.266537125419259,0.2731328041212254,1.0069747680598917
2.485048876374739,1,-1.2245858679568995,0.719649728363158,-1.1649886376994896,0.48276365488711187,2.2920479782469183,0.7321581569145506,1.0072389418342698
2.485048876374739,2,-1.2245858679568995,0.719649728363158,-0.059597230257409886,0.2368860734760461,1.265052019777428,0.27508078491971927,1.0072389418342698
2.4911847995262812,1,-1.2303529026413256,0.7139058505364531,-1.1688835707902638,0.47826238439386687,2.291868085116732,0.7304618112582618,1.0074977413977875
2.4911847995262812,2,-1.2303529026413256,0.7139058505364531,-0.06146933185106169,0.23564346614258622,1.2635521976501451,0.27703593013952565,1.0074977413977875
2.497320722677824,1,-1.2360736152343657,0.7081350945579766,-1.1727269842773864,0.47374831549616847,2.2916663570050813,0.7287532881406172,1.0077505864869114
2.497320722677824,2,-1.2360736152343657,0.7081350945579766,-0.06334663095697907,0.2343867790618082,1.2620371802709647,0.2789972983462941,1.0077505864869114
2.5034566458293663,1,-1.2417477903544236,0.7023376776934297,-1.176518979203097,0.4692220725135273,2.2914432632470736,0.7270329796784845,1.0079969206693908
2.5034566458293663,2,-1.2417477903544236,0.7023376776934297,-0.06522881115132668,0.23311560517990243,1.2605064962293304,0.28096394099090644,1.0079969206693908
2.509592568980909,1,-1.2473752143720136,0.6965138182122805,-1.1802596701260026,0.4646842751239426,2.2911992821868674,0.7253013084982921,1.0082362122738298
2.509592568980909,2,-1.2473752143720136,0.6965138182122805,-0.0671155442460108,0.2318295430883379,1.2589596820779665,0.28293490377553776,1.0082362122738298
2.5157284921324514,1,-1.2529556754178017,0.6906637353795467,-1.1839491850677313,0.46013553785935596,2.290934900937054,0.7235587272049697,1.0084679552687554
2.5157284921324514,2,-1.2529556754178017,0.6906637353795467,-0.06900649035007035,0.2305281975201908,1.2573962829436451,0.2849092280637858,1.0084679552687554
2.521864415283994,1,-1.2584889633905838,0.6847876494475408,-1.187587665432343,0.4555764696003475,2.2906506151096853,0.7218057177562318,1.0086916700848936
2.521864415283994,2,-1.2584889633905838,0.6847876494475408,-0.07090129795824071,0.22921117984719327,1.2558158531393022,0.28688595232866165,1.0086916700848936
2.528000338435537,1,-1.263974869965195,0.6788857816475765,-1.1911752658983439,0.45100767307178863,2.2903469285195945,0.720042790742763,1.0089069043746828
2.528000338435537,2,-1.263974869965195,0.6788857816475765,-0.07279960406685114,0.22787810857578794,1.2542179567754272,0.2888641136319198,1.0089069043746828
2.5341362615870793,1,-1.2694131886003535,0.6729583541816411,-1.1947121542832635,0.44642974434119004,2.2900243528607933,0.7182704845755115,1.009113233703449
2.5341362615870793,2,-1.2694131886003535,0.6729583541816411,-0.07470103431709005,0.2265286098404511,1.2526021683686277,0.29084274912793745,1.009113233703449
2.540272184738622,1,-1.2748037145464364,0.6670055902140284,-1.1981985113808933,0.44184327232149195,2.289683407356868,0.7164893645819554,1.0093102621670915
2.540272184738622,2,-1.2748037145464364,0.6670055902140284,-0.0766052031655432,0.22516231789253643,1.2509680734452542,0.29282089758513613,1.0093102621670915
2.5464081078901644,1,-1.2801462448531886,0.6610277138629371,-1.20163453077141,0.4372488382800458,2.28932461838646,0.714700022013855,1.0094976229316301
2.5464081078901644,2,-1.2801462448531886,0.6610277138629371,-0.0785117140817787,0.22377887558289133,1.2493152691379634,0.2947976009177751,1.0094976229316301
2.552544031041707,1,-1.2854405783773637,0.6550249501920333,-1.2050204186047424,0.43264701535552463,2.2889485190850123,0.712903072969644,1.0096749786904817
2.552544031041707,2,-1.2854405783773637,0.6550249501920333,-0.0804201597726213,0.22237793483650864,1.2476433647731155,0.29677190572083767,1.0096749786904817
2.5586799541932495,1,-1.290686515790297,0.6489975252019764,-1.2083563933576695,0.4280383680844748,2.2885556489241323,0.7110991572352371,1.0098420220359206
2.5586799541932495,2,-1.290686515790297,0.6489975252019764,-0.0823301224326275,0.22095915711750153,1.245951982446923,0.2987428648006835,1.0098420220359206
2.564815877344792,1,-1.2958838595854096,0.6429456658219105,-1.2116426855652656,0.4234234519391883,2.288146553270008,0.709288937047624,1.0099984757417733
2.564815877344792,2,-1.2958838595854096,0.6429456658219105,-0.08424117402014414,0.21952221388272214,1.244240757588303,0.30070953869414924,1.0099984757417733
2.5709518004963345,1,-1.3010324140856453,0.6368695999009207,-1.2148795375274386,0.41880281287852794,2.287721782922443,0.7074730957861891,1.010144092955038
2.5709518004963345,2,-1.3010324140856453,0.6368695999009207,-0.08615287655820669,0.2180667870223928,1.2425093395064482,0.3026709971688488,1.010144092955038
2.5770877236478773,1,-1.3061319854508373,0.6307695561994549,-1.2180672029914257,0.41417698691328064,2.287281893636181,0.705652336597219,1.0102786572947744
2.5770877236478773,2,-1.3061319854508373,0.6307695561994549,-0.08806478245941157,0.2165925692861742,1.2407573919211807,0.30462632069755535,1.0102786572947744
2.5832236467994196,1,-1.3111823816850057,0.6246457643807105,-1.2212059468112255,0.4095464996875461,2.286827445626259,0.7038273809575443,1.0104019828572748
2.5832236467994196,2,-1.3111823816850057,0.6246457643807105,-0.08997643487378025,0.21509926469316443,1.2389845934742465,0.3065746018997305,1.0104019828572748
2.5893595699509624,1,-1.3161834126435872,0.6184984550019884,-1.2242960445850652,0.40491186607758867,2.286359003059237,0.7019989671836955,1.010513914127207
2.5893595699509624,2,-1.3161834126435872,0.6184984550019884,-0.09188736805852192,0.21358658892439975,1.2371906382197861,0.30851494694351145,1.010513914127207
2.595495493102505,1,-1.3211348900405921,0.6123278595060122,-1.2273377822720937,0.40027358980949596,2.2858771335321864,0.7001678488933284,1.010614325795089
2.595495493102505,2,-1.3211348900405921,0.6123278595060122,-0.09379710776849862,0.21205426969651628,1.2353752360923211,0.3104464769017606,1.010614325795089
2.6016314162540475,1,-1.3260366274556958,0.6061342102122147,-1.2303314557895946,0.3956321630968875,2.285382407541408,0.6983347934259975,1.010703122482126
2.6016314162540475,2,-1.3260366274556958,0.6061342102122147,-0.09570517166610135,0.21050204711532727,1.2335381133507102,0.3123683290561284,1.010703122482126
2.6077673394055902,1,-1.3308884403412546,0.5999177403079913,-1.2332773705920952,0.3909880662998161,2.2848753979428498,0.6965005802306113,1.010780238374082
2.6077673394055902,2,-1.3308884403412546,0.5999177403079913,-0.09761106974915955,0.20892967400817514,1.2316790129966415,0.3142796581434706,1.010780238374082
2.6139032625571326,1,-1.3356901460292558,0.59367868383992,-1.2361758412338262,0.3863417676058921,2.2843566794062564,0.6946659992271002,1.0108456367664933
2.6139032625571326,2,-1.3356901460292558,0.59367868383992,-0.09951430479542973,0.2073369162340279,1.2297976951663612,0.3161796375393931,1.0108456367664933
2.6200391857086753,1,-1.3404415637381941,0.5874172757049507,-1.2390271909160513,0.38169372273454494,2.2838268278650724,0.6928318491499521,1.010899309524118
2.6200391857086753,2,-1.3404415637381941,0.5874172757049507,-0.10141437282214284,0.2057235529704058,1.2278939374944704,0.3180674603741661,1.010899309524118
2.6261751088602177,1,-1.3451425145798783,0.5811337516415608,-1.2418317510208443,0.3770443746652147,2.2832864199641305,0.6909989358813396,1.0109412764580874
2.6261751088602177,2,-1.3451425145798783,0.5811337516415608,-0.10331076355903404,0.20408937697634605,1.225967535448761,0.3199423405767477,1.0109412764580874
2.6323110320117604,1,-1.349792821566166,0.5748283482208796,-1.2445898606329318,0.372394153390142,2.2827360325071284,0.6891680707815517,1.0109715846247314
2.6323110320117604,2,-1.349792821566166,0.5748283482208796,-0.10520296093323445,0.20243419483073763,1.2240183026352112,0.32180351384317957,1.0109715846247314
2.6384469551633027,1,-1.354392309615628,0.5685013028377822,-1.2473018660512576,0.36774347569229693,2.282176241905887,0.6873400690243788,1.01099030755054
2.6384469551633027,2,-1.354392309615628,0.5685013028377822,-0.10709044356437043,0.2007578271454853,1.2220460710723988,0.32365023852616104,1.01099030755054
2.6445828783148455,1,-1.3589408055601386,0.5621528537019512,-1.2499681202919437,0.3630927449488594,2.2816076236333247,0.6855157479449675,1.0109975443881298
2.6445828783148455,2,-1.3589408055601386,0.5621528537019512,-0.10897268526819472,0.19906010875309182,1.2200506914347515,0.3254817964431623,1.0109975443881298
2.650718801466388,1,-1.363438138151396,0.5557832398289084,-1.252588982584334,0.35844235096053356,2.2810307516820343,0.6836959254074689,1.0109934190084668
2.650718801466388,2,-1.363438138151396,0.5557832398289084,-0.11084915556706218,0.19734088886837492,1.2180320332641899,0.3272974936009978,1.0109934190084668
2.6568547246179306,1,-1.3678841380673707,0.5493927010310161,-1.2551648178618064,0.3537926698068523,2.2804461980302917,0.6818814181995563,1.0109780790349037
2.6568547246179306,2,-1.3678841380673707,0.5493927010310161,-0.11271932020556417,0.19560003122416378,1.2159899851498772,0.3290966608353473,1.0109780790349037
2.6629906477694734,1,-1.3722786379186782,0.5429814779084479,-1.257695996249032,0.3491440637275012,2.2798545321172323,0.6800730404605864,1.0109516948248507
2.6629906477694734,2,-1.3722786379186782,0.5429814779084479,-0.11458264166964621,0.19383741418094672,1.213924454875931,0.33087865436426445,1.0109516948248507
2.6691265709210157,1,-1.376621472254883,0.5365498118401308,-1.2601828925473275,0.344496881029567,2.2792563203288685,0.6782716021498285,1.0109144584050944
2.6691265709210157,2,-1.376621472254883,0.5365498118401308,-0.1164385797075557,0.19205293081056388,1.2118353695370925,0.33264285625526585,1.0109144584050944
2.6752624940725585,1,-1.3809124775707273,0.5300979449746571,-1.2626258857197294,0.3398514560204991,2.278652125496502,0.6764779075607956,1.010866582366916
2.6752624940725585,2,-1.3809124775707273,0.5300979449746571,-0.11828659185099792,0.19024648895415805,1.2097226756224935,0.3343886748061204,1.010866582366916
2.6813984172241008,1,-1.3851514923122858,0.5236261202211677,-1.2650253583773656,0.335208108966456,2.278042506409009,0.6746927538872773,1.0108082987272504
2.6813984172241008,2,-1.3851514923122858,0.5236261202211677,-0.1201261339349202,0.1884180112547118,1.2075863390677868,0.33611554483997313,1.0108082987272504
2.6875343403756435,1,-1.3893383568830495,0.5171345812402067,-1.2673816962686564,0.33056714607559984,2.277428017340345,0.672916929846218,1.0107398577621425
2.6875343403756435,2,-1.3893383568830495,0.5171345812402067,-0.12195666061439318,0.18656743516460686,1.2054263452760368,0.3378229279159244,1.0107398577621425
2.693670263527186,1,-1.3934729136499338,0.5106235724345476,-1.269695287772817,0.3259288595058021,2.2768092075935216,0.6711512143620902,1.0106615268187318
2.693670263527186,2,-1.3934729136499338,0.5106235724345476,-0.12377762587711696,0.18469471292874556,1.2032426991078813,0.33951031245664154,1.0106615268187318
2.6998061866787286,1,-1.3975550069492133,0.504093338939992,-1.2719665233990687,0.3212935273961233,2.2761866210621737,0.6693963753169112,1.010573589111922
2.6998061866787286,2,-1.3975550069492133,0.504093338939992,-0.12558848355014457,0.18279981154386868,1.2010354248415938,0.34117721379501087,1.010573589111922
2.705942109830271,1,-1.4015844830923823,0.49754412661613995,-1.2741957952928955,0.3166614139213469,2.2755607958107302,0.6676531683695237,1.0104763425117502
2.705942109830271,2,-1.4015844830923823,0.49754412661613995,-0.12738868779948692,0.1808827126947931,1.1988045661037674,0.3428231741422266,1.0104763425117502
2.7120780329818137,1,-1.4055611903719418,0.49097618203713395,-1.2763834967506007,0.3120327693687608,2.2749322636740654,0.6659223358472357,1.0103700983273087
2.7120780329818137,2,-1.4055611903719418,0.49097618203713395,-0.12917769362134096,0.17894341266837316,1.1965501857714473,0.344447762480073,1.0103700983273087
2.7182139561333565,1,-1.40948497906711,0.48438975248237504,-1.278530021743346,0.30740783023631346,2.274301549877395,0.6642046057123794,1.0102551800928505
2.7182139561333565,2,-1.40948497906711,0.48438975248237504,-0.13095495732376414,0.17698192224606157,1.1942723658466103,0.3460505743804711,1.0102551800928505
2.724349879284899,1,-1.4133557014494607,0.4777850859272134,-1.2806357644517556,0.3027868193512026,2.273669172677051,0.66250069060582,1.0101319223614633
2.724349879284899,2,-1.4133557014494607,0.4777850859272134,-0.13271993699770504,0.1749982665760108,1.1919712073039765,0.3476312317556433,1.0101319223614633
2.7304858024364416,1,-1.4171732117884834,0.47116243103361183,-1.2827011188120956,0.298169946007901,2.2730356430226504,0.6608112869689245,1.0100006695114117
2.7304858024364416,2,-1.4171732117884834,0.47116243103361183,-0.134472092976388,0.17299248502571085,1.1896468299131957,0.34918938254248705,1.0100006695114117
2.736621725587984,1,-1.4209373663570721,0.4645220371407839,-1.2847264780749306,0.2935574061245772,2.272401464241053,0.6591370742449894,1.0098617745699392
2.736621725587984,2,-1.4209373663570721,0.4645220371407839,-0.13621088828214145,0.17096463101620668,1.1872993720365081,0.3507247003249498,1.0098617745699392
2.7427576487395267,1,-1.4246480234369343,0.45786415425580657,-1.2867122343770832,0.28894938241682827,2.2717671317423878,0.6574787141606323,1.0097155980589905
2.7427576487395267,2,-1.4246480234369343,0.45786415425580657,-0.1379357890598512,0.16891477183897827,1.1849289904030273,0.35223688389835806,1.0097155980589905
2.748893571891069,1,-1.4283050433239286,0.4511890330442073,-1.2886587783276142,0.28434604458761154,2.271133132748305,0.6558368500871847,1.0095625068669616
2.748893571891069,2,-1.4283050433239286,0.4511890330442073,-0.13964626499631422,0.1668429884565958,1.1825358598608284,0.35372565677977674,1.0095625068669616
2.7550294950426117,1,-1.431908288333323,0.44449692482052705,-1.2905664986084635,0.27974754953224096,2.2704999460425235,0.6542121064816688,1.0094028731502294
2.7550294950426117,2,-1.431908288333323,0.44449692482052705,-0.14134178972485942,0.1647493752882861,1.1801201731080515,0.35519076666856064,1.0094028731502294
2.761165418194154,1,-1.4354576228049793,0.437788081538858,-1.2924357815902832,0.27515404155729717,2.2698680417436075,0.6526050884065219,1.0092370732678333
2.761165418194154,2,-1.4354576228049793,0.437788081538858,-0.1430218412146961,0.1626340399815608,1.17768214040425,0.3566319848613115,1.0092370732678333
2.767301341345697,1,-1.438952913108461,0.43106275578335784,-1.2942670109639216,0.27056565261229387,2.2692378810998446,0.6510163811268388,1.0090654867523092
2.767301341345697,2,-1.438952913108461,0.43106275578335784,-0.1446859021445393,0.16049710317106394,1.1752219892632256,0.35804910562547043,1.0090654867523092
2.773437264497239,1,-1.4423940276480636,0.42432120075874,-1.296060567387913,0.265982502532942,2.268609916305968,0.6494465497835394,1.008888495319302
2.773437264497239,2,-1.4423940276480636,0.42432120075874,-0.14633346026015046,0.15833869822579805,1.172739964128591,0.35944194553576264,1.008888495319302
2.779573187648782,1,-1.4457808368677698,0.417563670280741,-1.2978168281522517,0.26140469929486077,2.2679845903414155,0.6478961391405351,1.0087064819182032
2.779573187648782,2,-1.4457808368677698,0.417563670280741,-0.14796400871551796,0.15615897098588025,1.1702363260333002,0.3608103427776681,1.0087064819182032
2.7857091108003247,1,-1.4491132132561264,0.41079041876656386,-1.2995361668586425,0.25683233927659516,2.267362336829703,0.6463656734036741,1.0085198298256979
2.7857091108003247,2,-1.4491132132561264,0.41079041876656386,-0.14957704639748404,0.1539580794899687,1.1677113522443725,0.36215415642202364,1.0085198298256979
2.791845033951867,1,-1.4523910313510462,0.4040017012252998,-1.3012189531173421,0.2522655075308193,2.2667435799184488,0.6448556561089765,1.0083289217837441
2.791845033951867,2,-1.4523910313510462,0.4040017012252998,-0.151172078233704,0.15173619369448052,1.165165335894021,0.36347326567476773,1.0083289217837441
2.7979809571034098,1,-1.4556141677445302,0.39719777324832733,-1.302865552260631,0.2477042780626274,2.2661287341794942,0.643366570077441,1.0081341391831669
2.7979809571034098,2,-1.4556141677445302,0.39719777324832733,-0.1527486154838993,0.14949349518569993,1.162598585598371,0.3647675691057259,1.0081341391831669
2.804116880254952,1,-1.458782501087315,0.39037889099968914,-1.304476325072878,0.2431487141138424,2.265518204528524,0.6418988774335042,1.0079358612937062
2.804116880254952,2,-1.458782501087315,0.39037889099968914,-0.15430617601443722,0.14723017688584675,1.1600114250649258,0.36603698386020206,1.0079358612937062
2.810252803406495,1,-1.4618959120934414,0.38354531120644786,-1.3060516275371048,0.2385988684523045,2.2649123861635228,0.6404530196840681,1.0077344645410595
2.810252803406495,2,-1.4618959120934414,0.38354531120644786,-0.1558442845563365,0.14494644275414337,1.1574041926899101,0.3672814448569915,1.0077344645410595
2.816388726558037,1,-1.464954283544744,0.37669729114902034,-1.307591810597883,0.23405478366513774,2.264311664521371,0.6390294178548745,1.007530321831144
2.816388726558037,2,-1.464954283544744,0.37669729114902034,-0.15736247294686115,0.14264250748388257,1.1547772411465729,0.36850090397626956,1.007530321831144
2.82252464970958,1,-1.467957500295267,0.36983508865149123,-1.3090972199403443,0.22951649245503156,2.2637164152518334,0.6376284726809017,1.0073238019215387
2.82252464970958,2,-1.467957500295267,0.36983508865149123,-0.15886028035492256,0.14031859619645964,1.1521309369655068,0.369695329240637,1.0073238019215387
2.8286605728611223,1,-1.4709054492755966,0.362958962071906,-1.310568195785034,0.22498401793861633,2.2631270042081653,0.6362505648473782,1.0071152688397993
2.8286605728611223,2,-1.4709054492755966,0.362958962071906,-0.16033725349056263,0.13797494413328965,1.149465660107989,0.37086470399242105,1.0071152688397993
2.834796496012665,1,-1.47379801949712,0.35606917029254403,-1.3120050726982802,0.22045737394605577,2.2625437874535352,0.6348960552779631,1.0069050813481055
2.834796496012665,2,-1.47379801949712,0.35606917029254403,-0.16179294679883993,0.13561179634648823,1.1467818035333068,0.37200902607014236,1.0069050813481055
2.8409324191642074,1,-1.4766351020562036,0.34916597271017163,-1.3134081794177195,0.2159365653210242,2.2619671112824373,0.6335652854666128,1.0066935924534803
2.8409324191642074,2,-1.4766351020562036,0.34916597271017163,-0.16322692263848412,0.1332294073891474,1.1440797727609868,0.37312830698686744,1.0066935924534803
2.84706834231575,1,-1.479416590138292,0.3422496292262761,-1.314777838692569,0.211421588220285,2.2613973122562525,0.6322585778496567,1.0064811489626266
2.84706834231575,2,-1.479416590138292,0.3422496292262761,-0.16463875144572318,0.1308280410059911,1.1413599854287997,0.37422257111296997,1.0064811489626266
2.853204265467293,1,-1.4821423790219317,0.3353204002372805,-1.3161143671382085,0.20691243041213284,2.2608347172521097,0.63097623621462,1.0062680910802495
2.853204265467293,2,-1.4821423790219317,0.3353204002372805,-0.1660280118837233,0.12840796982514766,1.1386228708473616,0.37529185486562955,1.0062680910802495
2.859340188618835,1,-1.4848123660827113,0.3283785466247398,-1.3174180751046007,0.20240907157301247,2.2602796435241848,0.629718546142377,1.0060547520495804
2.859340188618835,2,-1.4848123660827113,0.3283785466247398,-0.16739429097811054,0.12596947505172731,1.1358688695521146,0.37633620590720335,1.0060547520495804
2.865476111770378,1,-1.4874264507971273,0.321424329745519,-1.3186892665580567,0.1979114835816746,2.259732398776584,0.6284857754792676,1.0058414578336814
2.865476111770378,2,-1.4874264507971273,0.321424329745519,-0.16873718423907053,0.12351284616384439,1.133098432853409,0.37735568235441375,1.0058414578336814
2.8716120349219203,1,-1.4899845347463676,0.314458011421953,-1.319928238975824,0.19341963081027802,2.2591932812469495,0.6272781748358897,1.005628526835998
2.8716120349219203,2,-1.4899845347463676,0.314458011421953,-0.1700562957705436,0.121038380611675,1.130312022385374,0.3783503520001082,1.005628526835998
2.877747958073463,1,-1.4924865216200172,0.3074798539319894,-1.3211352832529657,0.1889334704118963,2.258662579799947,0.6260959781093584,1.0054162696585232
2.877747958073463,2,-1.4924865216200172,0.3074798539319894,-0.17135123836705157,0.11854638352009313,1.127510109654215,0.37932029154916486,1.0054162696585232
2.8838838812250054,1,-1.4949323172196847,0.3004901199993136,-1.3223106836209784,0.1844529526039336,2.258140574029777,0.6249394030259287,1.0052049888958698
2.8838838812250054,2,-1.4949323172196847,0.3004901199993136,-0.1726216335987064,0.11603716739537996,1.1246931755865268,0.3802655858699413,1.0052049888958698
2.890019804376548,1,-1.497321829462548,0.2934890727834575,-1.3234547175775861,0.17997802094700266,2.2576275343709082,0.6238086517009782,1.0049949789634718
2.890019804376548,2,-1.497321829462548,0.2934890727834575,-0.17386711188496204,0.11351105183645481,1.121861710078176,0.3811863272624937,1.0049949789634718
2.8961557275280905,1,-1.499654968384822,0.28647697586989174,-1.3245676558271433,0.17550861261886144,2.257123722216195,0.6227039112134661,1.0047865259580984
2.8961557275280905,2,-1.499654968384822,0.28647697586989174,-0.17508731255767876,0.11096836325103031,1.1190162115442583,0.3820826147446323,1.0047865259580984
2.9022916506796332,1,-1.5019316461451446,0.27945409326010195,-1.3256497622310712,0.1710446586830519,2.2566293900416063,0.621625354192106,1.00457990754883
2.9022916506796332,2,-1.5019316461451446,0.27945409326010195,-0.1762818839140732,0.10840943457705009,1.1161571864706026,0.38295455335672385,1.00457990754883
2.9084275738311756,1,-1.504151777027885,0.27242068936164904,-1.3267012937677545,0.16658608435192504,2.256144781536781,0.6205731394106161,1.0043753928966237
2.9084275738311756,2,-1.504151777027885,0.27242068936164904,-0.17745048326013038,0.10583460500972401,1.1132851489672506,0.3838022534860077,1.0043753928966237
2.9145634969827183,1,-1.5063152774463702,0.26537702897821447,-1.327722500501318,0.16213280924377957,2.2556701317406618,0.6195474123895427,1.0041732426005956
2.9145634969827183,2,-1.5063152774463702,0.26537702897821447,-0.17859277694505213,0.1032442197344349,1.11040062032431,0.3846258302110528,1.0041732426005956
2.920699420134261,1,-1.5084220659460326,0.25832337729963056,-1.3287136255587184,0.15768474763388052,2.25520566718148,0.6185483060022835,1.0039737086691414
2.920699420134261,2,-1.5084220659460326,0.25832337729963056,-0.1797084403873141,0.10063862966575003,1.1075041285705443,0.38542540266685793,1.0039737086691414
2.9268353432858034,1,-1.5104720632074755,0.2512599998918963,-1.3296749051145775,0.15324180869916282,2.254751606020385,0.6175759410830718,1.0037770345140469
2.9268353432858034,2,-1.5104720632074755,0.2512599998918963,-0.1807971580928979,0.09801819119273346,1.104596208035028,0.3862010934309751,1.0037770345140469
2.932971266437346,1,-1.512465192049461,0.24418716268717877,-1.3306065683832031,0.148803896756461,2.254308158198047,0.6166304270348187,1.0035834549657472
2.932971266437346,2,-1.512465192049461,0.24418716268717877,-0.181858623666258,0.09538326593071778,1.1016773989121749,0.3869530279309284,1.0035834549657472
2.9391071895888885,1,-1.5144013774318146,0.23710513197380126,-1.3315088376172408,0.14437091149414139,2.2538755255835716,0.6157118624348384,1.0033931963079372
2.9391071895888885,2,-1.5144013774318146,0.23710513197380126,-0.18289253981457373,0.09273422047965987,1.0987482468304117,0.38768133387309883,1.0033931963079372
2.9452431127404313,1,-1.5162805464582512,0.2300141743862173,-1.3323819281124238,0.13994274819704533,2.2534539021251097,0.6148203356366171,1.003206476329769
2.9452431127404313,2,-1.5162805464582512,0.2300141743862173,-0.1838986183458273,0.09007142618917194,1.0958093024247513,0.3883861406931518,1.003206476329769
2.9513790358919736,1,-1.5181026283791186,0.22291455689497222,-1.3332260482178833,0.1355192979646841,2.25304347400156,0.6139559253659121,1.0030235043939146
2.9513790358919736,2,-1.5181026283791186,0.22291455689497222,-0.18487658016123537,0.08739525893028813,1.0928611209134935,0.38906757902800254,1.0030235043939146
2.9575149590435164,1,-1.5198675545940628,0.21580654679665184,-1.334041399351512,0.13110044792265413,2.2526444197748,0.6131187013095922,1.0028444815188293
2.9575149590435164,2,-1.5198675545940628,0.21580654679665184,-0.18582615524255097,0.08470609887399774,1.0899042616792654,0.38972578020923704,1.0028444815188293
2.9636508821950587,1,-1.521575258654609,0.20869041170381897,-1.334828176019873,0.12668608142727047,2.2522569105418877,0.6123087246957529,1.002669600473593
2.9636508821950587,2,-1.521575258654609,0.20869041170381897,-0.186747082634736,0.08200433027654848,1.0869392878545896,0.3903608757778403,1.002669600473593
2.9697868053466014,1,-1.5232256762666647,0.20156641953493773,-1.3355865658421724,0.12227607826344057,2.251881110086739,0.611526048863755,1.0024990458837773
2.9697868053466014,2,-1.5232256762666647,0.20156641953493773,-0.18763911042449236,0.07929034127149714,1.0839667659121588,0.39097299702002225,1.0024990458837773
2.9759227284981438,1,-1.5248187452929398,0.19443483850428678,-1.3363167495778177,0.11787031483582525,2.2515171750307696,0.610770719822949,1.0023329943468304
2.9759227284981438,2,-1.5248187452929398,0.19443483850428678,-0.18850199571512205,0.07656452366846153,1.080987265259976,0.3915622745238816,1.0023329943468304
2.9820586516496865,1,-1.5263544057552854,0.18729593711186118,-1.3370189011571134,0.11346866435335688,2.251165254982056,0.6100427767989532,1.0021716145555533
2.9820586516496865,2,-1.5263544057552854,0.18729593711186118,-0.18933550459817208,0.0738272727585043,1.0780013578415062,0.3921288377566,1.0021716145555533
2.9881945748012293,1,-1.5278325998369535,0.1801499841332634,-1.3376931877146512,0.10907099700720423,2.250825492682561,0.6093422527664561,1.0020150674282788
2.9881945748012293,2,-1.5278325998369535,0.1801499841332634,-0.19013941212230234,0.07107898712605919,1.075009617740985,0.3926728146618228,1.0020150674282788
2.9943304979527716,1,-1.529253271884772,0.17299724860958418,-1.3383397696249735,0.10467718014229399,2.250498024153026,0.6086691749676075,1.0018635062444554
2.9943304979527716,2,-1.529253271884772,0.17299724860958418,-0.19091350225979847,0.0683200684672902,1.072012620794,0.39319433127684783,1.0018635062444554
3.0004664211043144,1,-1.5306163684112417,0.16583799983727326,-1.3389588005401079,0.10028707842251632,2.250182978835136,0.6080235654151587,1.001717076784379
3.0004664211043144,2,-1.5306163684112417,0.16583799983727326,-0.19165756787113386,0.06555092141475696,1.0690109442034776,0.3936935113692204,1.001717076784379
3.0066023442558567,1,-1.5319218380965485,0.1586725073580005,-1.33955042742858,0.09590055398975797,2.2498804797305865,0.6074054413795921,1.0015759174718997
3.0066023442558567,2,-1.5319218380965485,0.1586725073580005,-0.19237141066796837,0.06277195336824253,1.0660051661611771,0.3941704760923075,1.0015759174718997
3.0127382674073995,1,-1.5331696317904966,0.15150104094850775,-1.3401147906155433,0.09151746661692253,2.2495906435367248,0.6068148158595618,1.0014401595189752
3.0127382674073995,2,-1.5331696317904966,0.15150104094850775,-0.1930548411749534,0.059983574331585215,1.062995865474806,0.3946253436594135,1.0014401595189752
3.018874190558942,1,-1.534359702514359,0.14432387061045204,-1.3406520238236637,0.08713767385510997,2.2493135807784332,0.6062516980350434,1.001309927071027
3.018874190558942,2,-1.534359702514359,0.14432387061045204,-0.19370767869069516,0.05718619675534206,1.0599836212008558,0.3950582290359836,1.001309927071027
3.0250101137104846,1,-1.535492005462645,0.13714126656024,-1.3411622542144328,0.0827610311751414,2.249049395935965,0.6057160937026551,1.0011853373520943
3.0250101137104846,2,-1.535492005462645,0.13714126656024,-0.19432975124821222,0.05438023538509861,1.0569690122832571,0.39546924364943914,1.0011853373520943
3.031146036862027,1,-1.5365664980047893,0.12995349921885455,-1.3416456024295855,0.07838739210362586,2.2487981875684517,0.6052080056926807,1.0010665008088646
3.031146036862027,2,-1.5365664980047893,0.12995349921885455,-0.19492089557520362,0.051566107115228695,1.0539526171979485,0.39585849511618393,1.0010665008088646
3.0372819600135696,1,-1.5375831396867543,0.12276083920167352,-1.3421021826323252,0.0740166083537766,2.2485600484328243,0.6047274342673788,1.0009535212527005
3.0372819600135696,2,-1.5375831396867543,0.12276083920167352,-0.1954809570544292,0.04874423084789691,1.0509350136034514,0.39622608698532175,1.0009535212527005
3.0434178831651124,1,-1.5385418922325558,0.11556355730828126,-1.3425321025480705,0.0696485299511938,2.24833506559791,0.6042743775002182,1.000846495998851
3.0434178831651124,2,-1.5385418922325558,0.11556355730828126,-0.1960097896844853,0.04591502735708745,1.0479167779975402,0.3965721184986328,1.000846495998851
3.0495538063166547,1,-1.539442719545702,0.10836192451227311,-1.3429354635044597,0.0652830053548392,2.248123320553488,0.6038488316357272,1.0007455160020886
3.0495538063166547,2,-1.539442719545702,0.10836192451227311,-0.19650725604124242,0.04307891915743391,1.044898485380096,0.3968966843663614,1.0007455160020886
3.0556897294681975,1,-1.540285587710554,0.1011562119510535,-1.343312360470358,0.06091988157343591,2.2479248893140857,0.603450791429688,1.000650665988068
3.0556897294681975,2,-1.540285587710554,0.1011562119510535,-0.19697322724019592,0.04023633037761759,1.041880708922228,0.3971998745583801,1.000650665988068
3.06182565261974,1,-1.5410704649936016,0.09394669091562764,-1.3436628820936383,0.05655900427753349,2.2477398425173534,0.6030802504694455,1.0005620245797537
3.06182565261974,2,-1.5410704649936016,0.09394669091562764,-0.1974075828999632,0.03738768663809415,1.0388640196417491,0.39748177411030816,1.0005620245797537
3.0679615757712826,1,-1.5417973218446586,0.08673363284038771,-1.3439871107375128,0.052200217907484615,2.2475682455168147,0.6027372014741368,1.0004796644183152
3.0679615757712826,2,-1.5417973218446586,0.08673363284038771,-0.19781021110714586,0.034533414932903087,1.035848986085087,0.3977424629441785,1.0004796644183152
3.074097498922825,1,-1.5424661308979757,0.07951730929289337,-1.3442851225152166,0.04784336577758513,2.2474101584688633,0.6024216365746781,1.0004036522779414
3.074097498922825,2,-1.5424661308979757,0.07951730929289337,-0.1981810083827591,0.031673943515308244,1.0328361740157082,0.39798201570326336,1.0004036522779414
3.0802334220743677,1,-1.5430768669732697,0.07229799196364751,-1.3445569873228538,0.043488290176634276,2.247265636413843,0.6021335475733711,1.0003340491740633
3.0802334220743677,2,-1.5430768669732697,0.07229799196364751,-0.1985198796504159,0.028809701787013243,1.0298261461091391,0.3982005016006922,1.0003340491740633
3.08636934522591,1,-1.5436295070766728,0.06507595265586723,-1.3448027688702358,0.039134832465176184,2.247134729351096,0.6018729261830187,1.0002709104645309
3.08636934522591,2,-1.5436295070766728,0.06507595265586723,-0.1988267382064371,0.02594112019069105,1.0268194616546564,0.3983979842815121,1.0002709104645309
3.0925052683774528,1,-1.5441240304015973,0.05785146327525053,-1.3450225247095524,0.03478283316968733,2.2470174823078493,0.6016397642454563,1.0002142859433238
3.0925052683774528,2,-1.5441240304015973,0.05785146327525053,-0.199101505692045,0.023068630105563193,1.023816676263719,0.39857452169786767,1.0002142859433238
3.098641191528995,1,-1.5445604183295198,0.05062479581973929,-1.345216306261737,0.03043213207397843,2.246913935401848,0.6014340539294261,1.0001642199264265
3.098641191528995,2,-1.5445604183295198,0.05062479581973929,-0.1993441120677827,0.020192663745760855,1.0208183415852163,0.3987301659970005,1.0001642199264265
3.104777114680538,1,-1.5449386544306811,0.04339622236927869,-1.345384158840394,0.026082568308081627,2.24682412389763,0.601255787907735,1.0001207513295272
3.104777114680538,2,-1.5449386544306811,0.04339622236927869,-0.19955449559028712,0.01731365406119706,1.017825005027596,0.3988649634217922,1.0001207513295272
3.1109130378320806,1,-1.545258724464706,0.03616601507557353,-1.3455261216731764,0.021733980434896785,2.246748078256371,0.6011049595136508,1.0000839137372544
3.1109130378320806,2,-1.545258724464706,0.03616601507557353,-0.19973260279152974,0.01443203464067674,1.014837209487934,0.3989789542236035,1.0000839137372544
3.117048960983623,1,-1.5455206163811386,0.028934446151841885,-1.3456422279205138,0.017386206534872568,2.2466858241792194,0.6009815628764994,1.0000537354636883
3.117048960983623,2,-1.5455206163811386,0.028934446151841885,-0.19987838846062483,0.011548239616969316,1.0118554930880084,0.39907217258718897,1.0000537354636883
3.1231848841351657,1,-1.5457243203198963,0.021701787862566442,-1.3457325046916044,0.013039084288999876,2.246637382644069,0.6008855930364371,1.0000302396039293
3.1231848841351657,2,-1.5457243203198963,0.021701787862566442,-0.19999181562829177,0.008662703573566565,1.0088803889174238,0.39914464656749227,1.0000302396039293
3.129320807286708,1,-1.5458698286116408,0.014468312513243872,-1.3457969730575972,0.008692451060396754,2.246602769935712,0.6008170460383785,1.0000134440765387
3.129320807286708,2,-1.5458698286116408,0.014468312513243872,-0.20007285555404358,0.005775861452847118,1.0059124247838416,0.3991963980381602,1.0000134440765387
3.135456730438251,1,-1.5459571357780673,0.007234292440132702,-1.3458356480619058,0.004346143974765036,2.2465819976693338,0.6007759190050639,1.0000033616567021
3.135456730438251,2,-1.5459571357780673,0.007234292440132702,-0.20012148771616137,0.002888148465367666,1.0029521229703482,0.39922744265163823,1.0000033616567021
3.141592653589793,1,-1.5459862385321101,-3.178767948050426e-181,-1.3458485387276096,-1.9092592306408885e-181,2.2465750728073166,0.6007622101892566,1.0
3.141592653589793,2,-1.5459862385321101,-3.178767948050426e-181,-0.20013769980450058,-1.269508717409537e-181,1.0,0.3992377898107434,1.0
3.147728576741336,1,-1.5459571357780673,-0.007234292440132702,-1.3458356480619058,-0.004346143974765036,2.2465819976693338,0.6007759190050639,1.0000033616567021
3.147728576741336,2,-1.5459571357780673,-0.007234292440132702,-0.20012148771616137,-0.002888148465367666,1.0029521229703482,0.39922744265163823,1.0000033616567021
3.153864499892878,1,-1.5458698286116408,-0.014468312513243872,-1.3457969730575972,-0.008692451060396754,2.246602769935712,0.6008170460383785,1.0000134440765387
3.153864499892878,2,-1.5458698286116408,-0.014468312513243872,-0.20007285555404358,-0.005775861452847118,1.0059124247838416,0.3991963980381602,1.0000134440765387
3.160000423044421,1,-1.5457243203198963,-0.021701787862566442,-1.3457325046916044,-0.013039084288999876,2.246637382644069,0.6008855930364371,1.0000302396039293
3.160000423044421,2,-1.5457243203198963,-0.021701787862566442,-0.19999181562829177,-0.008662703573566565,1.0088803889174238,0.39914464656749227,1.0000302396039293
3.1661363461959633,1,-1.5455206163811386,-0.028934446151841885,-1.3456422279205138,-0.017386206534872568,2.2466858241792194,0.6009815628764994,1.0000537354636883
3.1661363461959633,2,-1.5455206163811386,-0.028934446151841885,-0.19987838846062483,-0.011548239616969316,1.0118554930880084,0.39907217258718897,1.0000537354636883
3.172272269347506,1,-1.545258724464706,-0.03616601507557353,-1.3455261216731764,-0.021733980434896785,2.246748078256371,0.6011049595136508,1.0000839137372544
3.172272269347506,2,-1.545258724464706,-0.03616601507557353,-0.19973260279152974,-0.01443203464067674,1.014837209487934,0.3989789542236035,1.0000839137372544
3.178408192499049,1,-1.5449386544306811,-0.04339622236927869,-1.345384158840394,-0.026082568308081627,2.24682412389763,0.601255787907735,1.0001207513295272
3.178408192499049,2,-1.5449386544306811,-0.04339622236927869,-0.19955449559028712,-0.01731365406119706,1.017825005027596,0.3988649634217922,1.0001207513295272
3.184544115650591,1,-1.5445604183295198,-0.05062479581973929,-1.345216306261737,-0.03043213207397843,2.246913935401848,0.6014340539294261,1.0001642199264265
3.184544115650591,2,-1.5445604183295198,-0.05062479581973929,-0.1993441120677827,-0.020192663745760855,1.0208183415852163,0.3987301659970005,1.0001642199264265
3.190680038802134,1,-1.5441240304015973,-0.05785146327525053,-1.3450225247095524,-0.03478283316968733,2.2470174823078493,0.6016397642454563,1.0002142859433238
3.190680038802134,2,-1.5441240304015973,-0.05785146327525053,-0.199101505692045,-0.023068630105563193,1.023816676263719,0.39857452169786767,1.0002142859433238
3.1968159619536762,1,-1.5436295070766728,-0.06507595265586723,-1.3448027688702358,-0.039134832465176184,2.247134729351096,0.6018729261830187,1.0002709104645309
3.1968159619536762,2,-1.5436295070766728,-0.06507595265586723,-0.1988267382064371,-0.02594112019069105,1.0268194616546564,0.3983979842815121,1.0002709104645309
3.202951885105219,1,-1.5430768669732697,-0.07229799196364751,-1.3445569873228538,-0.043488290176634276,2.247265636413843,0.6021335475733711,1.0003340491740633
3.202951885105219,2,-1.5430768669732697,-0.07229799196364751,-0.1985198796504159,-0.028809701787013243,1.0298261461091391,0.3982005016006922,1.0003340491740633
3.2090878082567613,1,-1.5424661308979757,-0.07951730929289337,-1.3442851225152166,-0.04784336577758513,2.2474101584688633,0.6024216365746781,1.0004036522779414
3.2090878082567613,2,-1.5424661308979757,-0.07951730929289337,-0.1981810083827591,-0.031673943515308244,1.0328361740157082,0.39798201570326336,1.0004036522779414
3.215223731408304,1,-1.5417973218446586,-0.08673363284038771,-1.3439871107375128,-0.052200217907484615,2.2475682455168147,0.6027372014741368,1.0004796644183152
3.215223731408304,2,-1.5417973218446586,-0.08673363284038771,-0.19781021110714586,-0.034533414932903087,1.035848986085087,0.3977424629441785,1.0004796644183152
3.2213596545598464,1,-1.5410704649936016,-0.09394669091562764,-1.3436628820936383,-0.05655900427753349,2.2477398425173534,0.6030802504694455,1.0005620245797537
3.2213596545598464,2,-1.5410704649936016,-0.09394669091562764,-0.1974075828999632,-0.03738768663809415,1.0388640196417491,0.39748177411030816,1.0005620245797537
3.227495577711389,1,-1.540285587710554,-0.1011562119510535,-1.343312360470358,-0.06091988157343591,2.2479248893140857,0.603450791429688,1.000650665988068
3.227495577711389,2,-1.540285587710554,-0.1011562119510535,-0.19697322724019592,-0.04023633037761759,1.041880708922228,0.3971998745583801,1.000650665988068
3.2336315008629315,1,-1.539442719545702,-0.10836192451227311,-1.3429354635044597,-0.0652830053548392,2.248123320553488,0.6038488316357272,1.0007455160020886
3.2336315008629315,2,-1.539442719545702,-0.10836192451227311,-0.19650725604124242,-0.04307891915743391,1.044898485380096,0.3968966843663614,1.0007455160020886
3.2397674240144743,1,-1.5385418922325558,-0.11556355730828126,-1.3425321025480705,-0.0696485299511938,2.24833506559791,0.6042743775002182,1.000846495998851
3.2397674240144743,2,-1.5385418922325558,-0.11556355730828126,-0.1960097896844853,-0.04591502735708745,1.0479167779975402,0.3965721184986328,1.000846495998851
3.245903347166017,1,-1.5375831396867543,-0.12276083920167352,-1.3421021826323252,-0.0740166083537766,2.2485600484328243,0.6047274342673788,1.0009535212527005
3.245903347166017,2,-1.5375831396867543,-0.12276083920167352,-0.1954809570544292,-0.04874423084789691,1.0509350136034514,0.39622608698532175,1.0009535212527005
3.2520392703175593,1,-1.5365664980047893,-0.12995349921885455,-1.3416456024295855,-0.07838739210362586,2.2487981875684517,0.6052080056926807,1.0010665008088646
3.2520392703175593,2,-1.5365664980047893,-0.12995349921885455,-0.19492089557520362,-0.051566107115228695,1.0539526171979485,0.39585849511618393,1.0010665008088646
3.258175193469102,1,-1.535492005462645,-0.13714126656024,-1.3411622542144328,-0.0827610311751414,2.249049395935965,0.6057160937026551,1.0011853373520943
3.258175193469102,2,-1.535492005462645,-0.13714126656024,-0.19432975124821222,-0.05438023538509861,1.0569690122832571,0.39546924364943914,1.0011853373520943
3.2643111166206444,1,-1.534359702514359,-0.14432387061045204,-1.3406520238236637,-0.08713767385510997,2.2493135807784332,0.6062516980350434,1.001309927071027
3.2643111166206444,2,-1.534359702514359,-0.14432387061045204,-0.19370767869069516,-0.05718619675534206,1.0599836212008558,0.3950582290359836,1.001309927071027
3.270447039772187,1,-1.5331696317904966,-0.15150104094850775,-1.3401147906155433,-0.09151746661692253,2.2495906435367248,0.6068148158595618,1.0014401595189752
3.270447039772187,2,-1.5331696317904966,-0.15150104094850775,-0.1930548411749534,-0.059983574331585215,1.062995865474806,0.3946253436594135,1.0014401595189752
3.2765829629237295,1,-1.5319218380965485,-0.1586725073580005,-1.33955042742858,-0.09590055398975797,2.2498804797305865,0.6074054413795921,1.0015759174718997
3.2765829629237295,2,-1.5319218380965485,-0.1586725073580005,-0.19237141066796837,-0.06277195336824253,1.0660051661611771,0.3941704760923075,1.0015759174718997
3.2827188860752723,1,-1.5306163684112417,-0.16583799983727326,-1.3389588005401079,-0.10028707842251632,2.250182978835136,0.6080235654151587,1.001717076784379
3.2827188860752723,2,-1.5306163684112417,-0.16583799983727326,-0.19165756787113386,-0.06555092141475696,1.0690109442034776,0.3936935113692204,1.001717076784379
3.2888548092268146,1,-1.529253271884772,-0.17299724860958418,-1.3383397696249735,-0.10467718014229399,2.250498024153026,0.6086691749676075,1.0018635062444554
3.2888548092268146,2,-1.529253271884772,-0.17299724860958418,-0.19091350225979847,-0.0683200684672902,1.072012620794,0.39319433127684783,1.0018635062444554
3.2949907323783574,1,-1.5278325998369535,-0.1801499841332634,-1.3376931877146512,-0.10907099700720423,2.250825492682561,0.6093422527664561,1.0020150674282788
3.2949907323783574,2,-1.5278325998369535,-0.1801499841332634,-0.19013941212230234,-0.07107898712605919,1.075009617740985,0.3926728146618228,1.0020150674282788
3.3011266555299,1,-1.5263544057552854,-0.18729593711186118,-1.3370189011571134,-0.11346866435335688,2.251165254982056,0.6100427767989532,1.0021716145555533
3.3011266555299,2,-1.5263544057552854,-0.18729593711186118,-0.18933550459817208,-0.0738272727585043,1.0780013578415062,0.3921288377566,1.0021716145555533
3.3072625786814425,1,-1.5248187452929398,-0.19443483850428678,-1.3363167495778177,-0.11787031483582525,2.2515171750307696,0.610770719822949,1.0023329943468304
3.3072625786814425,2,-1.5248187452929398,-0.19443483850428678,-0.18850199571512205,-0.07656452366846153,1.080987265259976,0.3915622745238816,1.0023329943468304
3.3133985018329852,1,-1.5232256762666647,-0.20156641953493773,-1.3355865658421724,-0.12227607826344057,2.251881110086739,0.611526048863755,1.0024990458837773
3.3133985018329852,2,-1.5232256762666647,-0.20156641953493773,-0.18763911042449236,-0.07929034127149714,1.0839667659121588,0.39097299702002225,1.0024990458837773
3.3195344249845276,1,-1.521575258654609,-0.20869041170381897,-1.334828176019873,-0.12668608142727047,2.2522569105418877,0.6123087246957529,1.002669600473593
3.3195344249845276,2,-1.521575258654609,-0.20869041170381897,-0.186747082634736,-0.08200433027654848,1.0869392878545896,0.3903608757778403,1.002669600473593
3.3256703481360703,1,-1.5198675545940628,-0.21580654679665184,-1.334041399351512,-0.13110044792265413,2.2526444197748,0.6131187013095922,1.0028444815188293
3.3256703481360703,2,-1.5198675545940628,-0.21580654679665184,-0.18582615524255097,-0.08470609887399774,1.0899042616792654,0.38972578020923704,1.0028444815188293
3.3318062712876126,1,-1.5181026283791186,-0.22291455689497222,-1.3332260482178833,-0.1355192979646841,2.25304347400156,0.6139559253659121,1.0030235043939146
3.3318062712876126,2,-1.5181026283791186,-0.22291455689497222,-0.18487658016123537,-0.08739525893028813,1.0928611209134935,0.38906757902800254,1.0030235043939146
3.3379421944391554,1,-1.5162805464582512,-0.2300141743862173,-1.3323819281124238,-0.13994274819704533,2.2534539021251097,0.6148203356366171,1.003206476329769
3.3379421944391554,2,-1.5162805464582512,-0.2300141743862173,-0.1838986183458273,-0.09007142618917194,1.0958093024247513,0.3883861406931518,1.003206476329769
3.3440781175906977,1,-1.5144013774318146,-0.23710513197380126,-1.3315088376172408,-0.14437091149414139,2.2538755255835716,0.6157118624348384,1.0033931963079372
3.3440781175906977,2,-1.5144013774318146,-0.23710513197380126,-0.18289253981457373,-0.09273422047965987,1.0987482468304117,0.38768133387309883,1.0033931963079372
3.3502140407422405,1,-1.512465192049461,-0.24418716268717877,-1.3306065683832031,-0.148803896756461,2.254308158198047,0.6166304270348187,1.0035834549657472
3.3502140407422405,2,-1.512465192049461,-0.24418716268717877,-0.181858623666258,-0.09538326593071778,1.1016773989121749,0.3869530279309284,1.0035834549657472
3.356349963893783,1,-1.5104720632074755,-0.2512599998918963,-1.3296749051145775,-0.15324180869916282,2.254751606020385,0.6175759410830718,1.0037770345140469
3.356349963893783,2,-1.5104720632074755,-0.2512599998918963,-0.1807971580928979,-0.09801819119273346,1.104596208035028,0.3862010934309751,1.0037770345140469
3.3624858870453256,1,-1.5084220659460326,-0.25832337729963056,-1.3287136255587184,-0.15768474763388052,2.25520566718148,0.6185483060022835,1.0039737086691414
3.3624858870453256,2,-1.5084220659460326,-0.25832337729963056,-0.1797084403873141,-0.10063862966575003,1.1075041285705443,0.38542540266685793,1.0039737086691414
3.3686218101968683,1,-1.5063152774463702,-0.26537702897821447,-1.327722500501318,-0.16213280924377957,2.2556701317406618,0.6195474123895427,1.0041732426005956
3.3686218101968683,2,-1.5063152774463702,-0.26537702897821447,-0.17859277694505213,-0.1032442197344349,1.11040062032431,0.3846258302110528,1.0041732426005956
3.3747577333484107,1,-1.504151777027885,-0.27242068936164904,-1.3267012937677545,-0.16658608435192504,2.256144781536781,0.6205731394106161,1.0043753928966237
3.3747577333484107,2,-1.504151777027885,-0.27242068936164904,-0.17745048326013038,-0.10583460500972401,1.1132851489672506,0.3838022534860077,1.0043753928966237
3.3808936564999534,1,-1.5019316461451446,-0.27945409326010195,-1.3256497622310712,-0.1710446586830519,2.2566293900416063,0.621625354192106,1.00457990754883
3.3808936564999534,2,-1.5019316461451446,-0.27945409326010195,-0.1762818839140732,-0.10840943457705009,1.1161571864706026,0.38295455335672385,1.00457990754883
3.3870295796514958,1,-1.499654968384822,-0.28647697586989174,-1.3245676558271433,-0.17550861261886144,2.257123722216195,0.6227039112134661,1.0047865259580984
3.3870295796514958,2,-1.499654968384822,-0.28647697586989174,-0.17508731255767876,-0.11096836325103031,1.1190162115442583,0.3820826147446323,1.0047865259580984
3.3931655028030385,1,-1.497321829462548,-0.2934890727834575,-1.3234547175775861,-0.17997802094700266,2.2576275343709082,0.6238086517009782,1.0049949789634718
3.3931655028030385,2,-1.497321829462548,-0.2934890727834575,-0.17386711188496204,-0.11351105183645481,1.121861710078176,0.3811863272624937,1.0049949789634718
3.399301425954581,1,-1.4949323172196847,-0.3004901199993136,-1.3223106836209784,-0.1844529526039336,2.258140574029777,0.6249394030259287,1.0052049888958698
3.399301425954581,2,-1.4949323172196847,-0.3004901199993136,-0.1726216335987064,-0.11603716739537996,1.1246931755865268,0.3802655858699413,1.0052049888958698
3.4054373491061236,1,-1.4924865216200172,-0.3074798539319894,-1.3211352832529657,-0.1889334704118963,2.258662579799947,0.6260959781093584,1.0054162696585232
3.4054373491061236,2,-1.4924865216200172,-0.3074798539319894,-0.17135123836705157,-0.11854638352009313,1.127510109654215,0.37932029154916486,1.0054162696585232
3.411573272257666,1,-1.4899845347463676,-0.314458011421953,-1.319928238975824,-0.19341963081027802,2.2591932812469495,0.6272781748358897,1.005628526835998
3.411573272257666,2,-1.4899845347463676,-0.314458011421953,-0.1700562957705436,-0.121038380611675,1.130312022385374,0.3783503520001082,1.005628526835998
3.4177091954092087,1,-1.4874264507971273,-0.321424329745519,-1.3186892665580567,-0.1979114835816746,2.259732398776584,0.6284857754792676,1.0058414578336814
3.4177091954092087,2,-1.4874264507971273,-0.321424329745519,-0.16873718423907053,-0.12351284616384439,1.133098432853409,0.37735568235441375,1.0058414578336814
3.423845118560751,1,-1.4848123660827113,-0.3283785466247398,-1.3174180751046007,-0.20240907157301247,2.2602796435241848,0.629718546142377,1.0060547520495804
3.423845118560751,2,-1.4848123660827113,-0.3283785466247398,-0.16739429097811054,-0.12596947505172731,1.1358688695521146,0.37633620590720335,1.0060547520495804
3.429981041712294,1,-1.4821423790219317,-0.3353204002372805,-1.3161143671382085,-0.20691243041213284,2.2608347172521097,0.63097623621462,1.0062680910802495
3.429981041712294,2,-1.4821423790219317,-0.3353204002372805,-0.1660280118837233,-0.12840796982514766,1.1386228708473616,0.37529185486562955,1.0062680910802495
3.4361169648638366,1,-1.479416590138292,-0.3422496292262761,-1.314777838692569,-0.211421588220285,2.2613973122562525,0.6322585778496567,1.0064811489626266
3.4361169648638366,2,-1.479416590138292,-0.3422496292262761,-0.16463875144572318,-0.1308280410059911,1.1413599854287997,0.37422257111296997,1.0064811489626266
3.442252888015379,1,-1.4766351020562036,-0.34916597271017163,-1.3134081794177195,-0.2159365653210242,2.2619671112824373,0.6335652854666128,1.0066935924534803
3.442252888015379,2,-1.4766351020562036,-0.34916597271017163,-0.16322692263848412,-0.1332294073891474,1.1440797727609868,0.37312830698686744,1.0066935924534803
3.4483888111669216,1,-1.47379801949712,-0.35606917029254403,-1.3120050726982802,-0.22045737394605577,2.2625437874535352,0.6348960552779631,1.0069050813481055
3.4483888111669216,2,-1.47379801949712,-0.35606917029254403,-0.16179294679883993,-0.13561179634648823,1.1467818035333068,0.37200902607014236,1.0069050813481055
3.454524734318464,1,-1.4709054492755966,-0.362958962071906,-1.310568195785034,-0.22498401793861633,2.2631270042081653,0.6362505648473782,1.0071152688397993
3.454524734318464,2,-1.4709054492755966,-0.362958962071906,-0.16033725349056263,-0.13797494413328965,1.149465660107989,0.37086470399242105,1.0071152688397993
3.4606606574700067,1,-1.467957500295267,-0.36983508865149123,-1.3090972199403443,-0.22951649245503156,2.2637164152518334,0.6376284726809017,1.0073238019215387
3.4606606574700067,2,-1.467957500295267,-0.36983508865149123,-0.15886028035492256,-0.14031859619645964,1.1521309369655068,0.369695329240637,1.0073238019215387
3.466796580621549,1,-1.464954283544744,-0.37669729114902034,-1.307591810597883,-0.23405478366513774,2.264311664521371,0.6390294178548745,1.007530321831144
3.466796580621549,2,-1.464954283544744,-0.37669729114902034,-0.15736247294686115,-0.14264250748388257,1.1547772411465729,0.36850090397626956,1.007530321831144
3.472932503773092,1,-1.4618959120934414,-0.38354531120644786,-1.3060516275371048,-0.2385988684523045,2.2649123861635228,0.6404530196840681,1.0077344645410595
3.472932503773092,2,-1.4618959120934414,-0.38354531120644786,-0.1558442845563365,-0.14494644275414337,1.1574041926899101,0.3672814448569915,1.0077344645410595
3.479068426924634,1,-1.458782501087315,-0.39037889099968914,-1.304476325072878,-0.2431487141138424,2.265518204528524,0.6418988774335042,1.0079358612937062
3.479068426924634,2,-1.458782501087315,-0.39037889099968914,-0.15430617601443722,-0.14723017688584675,1.1600114250649258,0.36603698386020206,1.0079358612937062
3.485204350076177,1,-1.4556141677445302,-0.39719777324832733,-1.302865552260631,-0.2477042780626274,2.2661287341794942,0.643366570077441,1.0081341391831669
3.485204350076177,2,-1.4556141677445302,-0.39719777324832733,-0.1527486154838993,-0.14949349518569993,1.162598585598371,0.3647675691057259,1.0081341391831669
3.4913402732277192,1,-1.4523910313510462,-0.4040017012252998,-1.3012189531173421,-0.2522655075308193,2.2667435799184488,0.6448556561089765,1.0083289217837441
3.4913402732277192,2,-1.4523910313510462,-0.4040017012252998,-0.151172078233704,-0.15173619369448052,1.165165335894021,0.36347326567476773,1.0083289217837441
3.497476196379262,1,-1.4491132132561264,-0.41079041876656386,-1.2995361668586425,-0.25683233927659516,2.267362336829703,0.6463656734036741,1.0085198298256979
3.497476196379262,2,-1.4491132132561264,-0.41079041876656386,-0.14957704639748404,-0.1539580794899687,1.1677113522443725,0.36215415642202364,1.0085198298256979
3.5036121195308048,1,-1.4457808368677698,-0.417563670280741,-1.2978168281522517,-0.26140469929486077,2.2679845903414155,0.6478961391405351,1.0087064819182032
3.5036121195308048,2,-1.4457808368677698,-0.417563670280741,-0.14796400871551796,-0.15615897098588025,1.1702363260333002,0.3608103427776681,1.0087064819182032
3.509748042682347,1,-1.4423940276480636,-0.42432120075874,-1.296060567387913,-0.265982502532942,2.268609916305968,0.6494465497835394,1.008888495319302
3.509748042682347,2,-1.4423940276480636,-0.42432120075874,-0.14633346026015046,-0.15833869822579805,1.172739964128591,0.35944194553576264,1.008888495319302
3.51588396583389,1,-1.438952913108461,-0.43106275578335784,-1.2942670109639216,-0.27056565261229387,2.2692378810998446,0.6510163811268388,1.0090654867523092
3.51588396583389,2,-1.438952913108461,-0.43106275578335784,-0.1446859021445393,-0.16049710317106394,1.1752219892632256,0.35804910562547043,1.0090654867523092
3.522019888985432,1,-1.4354576228049793,-0.437788081538858,-1.2924357815902832,-0.27515404155729717,2.2698680417436075,0.6526050884065219,1.0092370732678333
3.522019888985432,2,-1.4354576228049793,-0.437788081538858,-0.1430218412146961,-0.1626340399815608,1.17768214040425,0.3566319848613115,1.0092370732678333
3.528155812136975,1,-1.431908288333323,-0.44449692482052705,-1.2905664986084635,-0.27974754953224096,2.2704999460425235,0.6542121064816688,1.0094028731502294
3.528155812136975,2,-1.431908288333323,-0.44449692482052705,-0.14134178972485942,-0.1647493752882861,1.1801201731080515,0.35519076666856064,1.0094028731502294
3.5342917352885173,1,-1.4283050433239286,-0.4511890330442073,-1.2886587783276142,-0.28434604458761154,2.271133132748305,0.6558368500871847,1.0095625068669616
3.5342917352885173,2,-1.4283050433239286,-0.4511890330442073,-0.13964626499631422,-0.1668429884565958,1.1825358598608284,0.35372565677977674,1.0095625068669616
3.54042765844006,1,-1.4246480234369343,-0.45786415425580657,-1.2867122343770832,-0.28894938241682827,2.2717671317423878,0.6574787141606323,1.0097155980589905
3.54042765844006,2,-1.4246480234369343,-0.45786415425580657,-0.1379357890598512,-0.16891477183897827,1.1849289904030273,0.35223688389835806,1.0097155980589905
3.5465635815916023,1,-1.4209373663570721,-0.4645220371407839,-1.2847264780749306,-0.2935574061245772,2.272401464241053,0.6591370742449894,1.0098617745699392
3.5465635815916023,2,-1.4209373663570721,-0.4645220371407839,-0.13621088828214145,-0.17096463101620668,1.1872993720365081,0.3507247003249498,1.0098617745699392
3.552699504743145,1,-1.4171732117884834,-0.47116243103361183,-1.2827011188120956,-0.298169946007901,2.2730356430226504,0.6608112869689245,1.0100006695114117
3.552699504743145,2,-1.4171732117884834,-0.47116243103361183,-0.134472092976388,-0.17299248502571085,1.1896468299131957,0.34918938254248705,1.0100006695114117
3.5588354278946874,1,-1.4133557014494607,-0.4777850859272134,-1.2806357644517556,-0.3027868193512026,2.273669172677051,0.66250069060582,1.0101319223614633
3.5588354278946874,2,-1.4133557014494607,-0.4777850859272134,-0.13271993699770504,-0.1749982665760108,1.1919712073039765,0.3476312317556433,1.0101319223614633
3.56497135104623,1,-1.40948497906711,-0.48438975248237504,-1.278530021743346,-0.30740783023631346,2.274301549877395,0.6642046057123794,1.0102551800928505
3.56497135104623,2,-1.40948497906711,-0.48438975248237504,-0.13095495732376414,-0.17698192224606157,1.1942723658466103,0.3460505743804711,1.0102551800928505
3.571107274197773,1,-1.4055611903719418,-0.49097618203713395,-1.2763834967506007,-0.3120327693687608,2.2749322636740654,0.6659223358472357,1.0103700983273087
3.571107274197773,2,-1.4055611903719418,-0.49097618203713395,-0.12917769362134096,-0.17894341266837316,1.1965501857714473,0.344447762480073,1.0103700983273087
3.5772431973493153,1,-1.4015844830923823,-0.49754412661613995,-1.2741957952928955,-0.3166614139213469,2.2755607958107302,0.6676531683695237,1.0104763425117502
3.5772431973493153,2,-1.4015844830923823,-0.49754412661613995,-0.12738868779948692,-0.1808827126947931,1.1988045661037674,0.3428231741422266,1.0104763425117502
3.583379120500858,1,-1.3975550069492133,-0.504093338939992,-1.2719665233990687,-0.3212935273961233,2.2761866210621737,0.6693963753169112,1.010573589111922
3.583379120500858,2,-1.3975550069492133,-0.504093338939992,-0.12558848355014457,-0.18279981154386868,1.2010354248415938,0.34117721379501087,1.010573589111922
3.5895150436524004,1,-1.3934729136499338,-0.5106235724345476,-1.269695287772817,-0.3259288595058021,2.2768092075935216,0.6711512143620902,1.0106615268187318
3.5895150436524004,2,-1.3934729136499338,-0.5106235724345476,-0.12377762587711696,-0.18469471292874556,1.2032426991078813,0.33951031245664154,1.0106615268187318
3.595650966803943,1,-1.3893383568830495,-0.5171345812402067,-1.2673816962686564,-0.33056714607559984,2.277428017340345,0.672916929846218,1.0107398577621425
3.595650966803943,2,-1.3893383568830495,-0.5171345812402067,-0.12195666061439318,-0.18656743516460686,1.2054263452760368,0.3378229279159244,1.0107398577621425
3.6017868899554855,1,-1.3851514923122858,-0.5236261202211677,-1.2650253583773656,-0.335208108966456,2.278042506409009,0.6746927538872773,1.0108082987272504
3.6017868899554855,2,-1.3851514923122858,-0.5236261202211677,-0.1201261339349202,-0.1884180112547118,1.2075863390677868,0.33611554483997313,1.0108082987272504
3.6079228131070282,1,-1.3809124775707273,-0.5300979449746571,-1.2626258857197294,-0.3398514560204991,2.278652125496502,0.6764779075607956,1.010866582366916
3.6079228131070282,2,-1.3809124775707273,-0.5300979449746571,-0.11828659185099792,-0.19024648895415805,1.2097226756224935,0.3343886748061204,1.010866582366916
3.6140587362585705,1,-1.376621472254883,-0.5365498118401308,-1.2601828925473275,-0.344496881029567,2.2792563203288685,0.6782716021498285,1.0109144584050944
3.6140587362585705,2,-1.376621472254883,-0.5365498118401308,-0.1164385797075557,-0.19205293081056388,1.2118353695370925,0.33264285625526585,1.0109144584050944
3.6201946594101133,1,-1.3722786379186782,-0.5429814779084479,-1.257695996249032,-0.3491440637275012,2.2798545321172323,0.6800730404605864,1.0109516948248507
3.6201946594101133,2,-1.3722786379186782,-0.5429814779084479,-0.11458264166964621,-0.19383741418094672,1.213924454875931,0.33087865436426445,1.0109516948248507
3.626330582561656,1,-1.3678841380673707,-0.5493927010310161,-1.2551648178618064,-0.3537926698068523,2.2804461980302917,0.6818814181995563,1.0109780790349037
3.626330582561656,2,-1.3678841380673707,-0.5493927010310161,-0.11271932020556417,-0.19560003122416378,1.2159899851498772,0.3290966608353473,1.0109780790349037
3.6324665057131984,1,-1.363438138151396,-0.5557832398289084,-1.252588982584334,-0.35844235096053356,2.2810307516820343,0.6836959254074689,1.0109934190084668
3.6324665057131984,2,-1.363438138151396,-0.5557832398289084,-0.11084915556706218,-0.19734088886837492,1.2180320332641899,0.3272974936009978,1.0109934190084668
3.638602428864741,1,-1.3589408055601386,-0.5621528537019512,-1.2499681202919437,-0.3630927449488594,2.2816076236333247,0.6855157479449675,1.0109975443881298
3.638602428864741,2,-1.3589408055601386,-0.5621528537019512,-0.10897268526819472,-0.19906010875309182,1.2200506914347515,0.3254817964431623,1.0109975443881298
3.6447383520162835,1,-1.354392309615628,-0.5685013028377822,-1.2473018660512576,-0.36774347569229693,2.282176241905887,0.6873400690243788,1.01099030755054
3.6447383520162835,2,-1.354392309615628,-0.5685013028377822,-0.10709044356437043,-0.2007578271454853,1.2220460710723988,0.32365023852616104,1.01099030755054
3.6508742751678263,1,-1.349792821566166,-0.5748283482208796,-1.2445898606329318,-0.372394153390142,2.2827360325071284,0.6891680707815517,1.0109715846247314
3.6508742751678263,2,-1.349792821566166,-0.5748283482208796,-0.10520296093323445,-0.20243419483073763,1.2240183026352112,0.32180351384317957,1.0109715846247314
3.6570101983193686,1,-1.3451425145798783,-0.5811337516415608,-1.2418317510208443,-0.3770443746652147,2.2832864199641305,0.6909989358813396,1.0109412764580874
3.6570101983193686,2,-1.3451425145798783,-0.5811337516415608,-0.10331076355903404,-0.20408937697634605,1.225967535448761,0.3199423405767477,1.0109412764580874
3.6631461214709113,1,-1.3404415637381941,-0.5874172757049507,-1.2390271909160513,-0.38169372273454494,2.2838268278650724,0.6928318491499521,1.010899309524118
3.6631461214709113,2,-1.3404415637381941,-0.5874172757049507,-0.10141437282214284,-0.2057235529704058,1.2278939374944704,0.3180674603741661,1.010899309524118
3.6692820446224537,1,-1.3356901460292558,-0.59367868383992,-1.2361758412338262,-0.3863417676058921,2.2843566794062564,0.6946659992271002,1.0108456367664933
3.6692820446224537,2,-1.3356901460292558,-0.59367868383992,-0.09951430479542973,-0.2073369162340279,1.2297976951663612,0.3161796375393931,1.0108456367664933
3.6754179677739964,1,-1.3308884403412546,-0.5999177403079913,-1.2332773705920952,-0.3909880662998161,2.2848753979428498,0.6965005802306113,1.010780238374082
3.6754179677739964,2,-1.3308884403412546,-0.5999177403079913,-0.09761106974915955,-0.20892967400817514,1.2316790129966415,0.3142796581434706,1.010780238374082
3.6815538909255388,1,-1.3260366274556958,-0.6061342102122147,-1.2303314557895946,-0.3956321630968875,2.285382407541408,0.6983347934259975,1.010703122482126
3.6815538909255388,2,-1.3260366274556958,-0.6061342102122147,-0.09570517166610135,-0.21050204711532727,1.2335381133507102,0.3123683290561284,1.010703122482126
3.6876898140770815,1,-1.3211348900405921,-0.6123278595060122,-1.2273377822720937,-0.40027358980949596,2.2858771335321864,0.7001678488933284,1.010614325795089
3.6876898140770815,2,-1.3211348900405921,-0.6123278595060122,-0.09379710776849862,-0.21205426969651628,1.2353752360923211,0.3104464769017606,1.010614325795089
3.6938257372286243,1,-1.3161834126435872,-0.6184984550019884,-1.2242960445850652,-0.40491186607758867,2.286359003059237,0.7019989671836955,1.010513914127207
3.6938257372286243,2,-1.3161834126435872,-0.6184984550019884,-0.09188736805852192,-0.21358658892439975,1.2371906382197861,0.30851494694351145,1.010513914127207
3.6999616603801666,1,-1.3111823816850057,-0.6246457643807105,-1.2212059468112255,-0.4095464996875461,2.286827445626259,0.7038273809575443,1.0104019828572748
3.6999616603801666,2,-1.3111823816850057,-0.6246457643807105,-0.08997643487378025,-0.21509926469316443,1.2389845934742465,0.3065746018997305,1.0104019828572748
3.7060975835317094,1,-1.3061319854508373,-0.6307695561994549,-1.2180672029914257,-0.41417698691328064,2.287281893636181,0.705652336597219,1.0102786572947744
3.7060975835317094,2,-1.3061319854508373,-0.6307695561994549,-0.08806478245941157,-0.2165925692861742,1.2407573919211807,0.30462632069755535,1.0102786572947744
3.7122335066832517,1,-1.3010324140856453,-0.6368695999009207,-1.2148795375274386,-0.41880281287852794,2.287721782922443,0.7074730957861891,1.010144092955038
3.7122335066832517,2,-1.3010324140856453,-0.6368695999009207,-0.08615287655820669,-0.2180667870223928,1.2425093395064482,0.3026709971688488,1.010144092955038
3.7183694298347945,1,-1.2958838595854096,-0.6429456658219105,-1.2116426855652656,-0.4234234519391883,2.288146553270008,0.709288937047624,1.0099984757417733
3.7183694298347945,2,-1.2958838595854096,-0.6429456658219105,-0.08424117402014414,-0.21952221388272214,1.244240757588303,0.30070953869414924,1.0099984757417733
3.724505352986337,1,-1.290686515790297,-0.6489975252019764,-1.2083563933576695,-0.4280383680844748,2.2885556489241323,0.7110991572352371,1.0098420220359206
3.724505352986337,2,-1.290686515790297,-0.6489975252019764,-0.0823301224326275,-0.22095915711750153,1.245951982446923,0.2987428648006835,1.0098420220359206
3.7306412761378795,1,-1.2854405783773637,-0.6550249501920333,-1.2050204186047424,-0.43264701535552463,2.2889485190850123,0.712903072969644,1.0096749786904817
3.7306412761378795,2,-1.2854405783773637,-0.6550249501920333,-0.0804201597726213,-0.22237793483650864,1.2476433647731155,0.29677190572083767,1.0096749786904817
3.736777199289422,1,-1.2801462448531886,-0.6610277138629371,-1.20163453077141,-0.4372488382800458,2.28932461838646,0.714700022013855,1.0094976229316301
3.736777199289422,2,-1.2801462448531886,-0.6610277138629371,-0.0785117140817787,-0.22377887558289133,1.2493152691379634,0.2947976009177751,1.0094976229316301
3.7429131224409646,1,-1.2748037145464364,-0.6670055902140284,-1.1981985113808933,-0.44184327232149195,2.289683407356868,0.7164893645819554,1.0093102621670915
3.7429131224409646,2,-1.2748037145464364,-0.6670055902140284,-0.0766052031655432,-0.22516231789253643,1.2509680734452542,0.29282089758513613,1.0093102621670915
3.749049045592507,1,-1.2694131886003535,-0.6729583541816411,-1.1947121542832635,-0.44642974434119004,2.2900243528607933,0.7182704845755115,1.009113233703449
3.749049045592507,2,-1.2694131886003535,-0.6729583541816411,-0.07470103431709005,-0.2265286098404511,1.2526021683686277,0.29084274912793745,1.009113233703449
3.7551849687440497,1,-1.263974869965195,-0.6788857816475765,-1.1911752658983439,-0.45100767307178863,2.2903469285195945,0.720042790742763,1.0089069043746828
3.7551849687440497,2,-1.263974869965195,-0.6788857816475765,-0.07279960406685114,-0.22787810857578794,1.2542179567754272,0.2888641136319198,1.0089069043746828
3.7613208918955925,1,-1.2584889633905838,-0.6847876494475408,-1.187587665432343,-0.4555764696003475,2.2906506151096853,0.7218057177562318,1.0086916700848936
3.7613208918955925,2,-1.2584889633905838,-0.6847876494475408,-0.07090129795824071,-0.22921117984719327,1.2558158531393022,0.28688595232866165,1.0086916700848936
3.767456815047135,1,-1.2529556754178017,-0.6906637353795467,-1.1839491850677313,-0.46013553785935596,2.290934900937054,0.7235587272049697,1.0084679552687554
3.767456815047135,2,-1.2529556754178017,-0.6906637353795467,-0.06900649035007035,-0.2305281975201908,1.2573962829436451,0.2849092280637858,1.0084679552687554
3.7735927381986776,1,-1.2473752143720136,-0.6965138182122805,-1.1802596701260026,-0.4646842751239426,2.2911992821868674,0.7253013084982921,1.0082362122738298
3.7735927381986776,2,-1.2473752143720136,-0.6965138182122805,-0.0671155442460108,-0.2318295430883379,1.2589596820779665,0.28293490377553776,1.0082362122738298
3.77972866135022,1,-1.2417477903544236,-0.7023376776934297,-1.176518979203097,-0.4692220725135273,2.2914432632470736,0.7270329796784845,1.0079969206693908
3.77972866135022,2,-1.2417477903544236,-0.7023376776934297,-0.06522881115132668,-0.23311560517990243,1.2605064962293304,0.28096394099090644,1.0079969206693908
3.7858645845017627,1,-1.2360736152343657,-0.7081350945579766,-1.1727269842773864,-0.47374831549616847,2.2916663570050813,0.7287532881406172,1.0077505864869114
3.7858645845017627,2,-1.2360736152343657,-0.7081350945579766,-0.06334663095697907,-0.2343867790618082,1.2620371802709647,0.2789972983462941,1.0077505864869114
3.792000507653305,1,-1.2303529026413256,-0.7139058505364531,-1.1688835707902638,-0.47826238439386687,2.291868085116732,0.7304618112582618,1.0074977413977875
3.792000507653305,2,-1.2303529026413256,-0.7139058505364531,-0.06146933185106169,-0.23564346614258622,1.2635521976501451,0.27703593013952565,1.0074977413977875
3.7981364308048478,1,-1.2245858679568995,-0.719649728363158,-1.1649886376994896,-0.48276365488711187,2.2920479782469183,0.7321581569145506,1.0072389418342698
3.7981364308048478,2,-1.2245858679568995,-0.719649728363158,-0.059597230257409886,-0.2368860734760461,1.265052019777428,0.27508078491971927,1.0072389418342698
3.80427235395639,1,-1.2187727283066834,-0.7253665117843376,-1.1610420975055844,-0.4872514985169879,2.292205576281357,0.7338419639386662,1.0069747680598917
3.80427235395639,2,-1.2187727283066834,-0.7253665117843376,-0.05773063080109896,-0.2381150132673498,1.266537125419259,0.2731328041212254,1.0069747680598917
3.810408277107933,1,-1.2129137025520997,-0.7310559855663276,-1.1570438762516695,-0.4917252831832015,2.29234042850917,0.73551290244847,1.0067058231959554
3.810408277107933,2,-1.2129137025520997,-0.7310559855663276,-0.05586982630043022,-0.239330702383126,1.2680080000959364,0.2711929207474855,1.0067058231959554
3.816544200259475,1,-1.2070090112821565,-0.7367179355036553,-1.1529939134972655,-0.49618437363644297,2.2924520937760677,0.737170674100583,1.0064327322108486
3.816544200259475,2,-1.2070090112821565,-0.7367179355036553,-0.05401509778489108,-0.24053356186721236,1.2694651354868425,0.26926205811026566,1.0064327322108486
3.822680123411018,1,-1.201058876805143,-0.7423521484271061,-1.1488921622666732,-0.5006281319635555,2.2925401406080743,0.7388150122498084,1.0061561408791049
3.822680123411018,2,-1.201058876805143,-0.7423521484271061,-0.05216671453846976,-0.24172401646355057,1.270909028844783,0.26734112862929654,1.0061561408791049
3.8288160465625607,1,-1.1950635231402589,-0.7479584122117476,-1.1447385889726525,-0.5050559180640561,2.292604147305873,0.7404456820203239,1.005876714717218
3.8288160465625607,2,-1.1950635231402589,-0.7479584122117476,-0.05032493416760639,-0.24290249414769147,1.2723401824211886,0.26543103269689405,1.005876714717218
3.834951969714103,1,-1.1890231760091812,-0.7535365157849172,-1.1405331733162094,-0.509467090116626,2.2926437020099786,0.7420624802915828,1.0055951379032446
3.834951969714103,2,-1.1890231760091812,-0.7535365157849172,-0.048490002692971775,-0.2440694256682912,1.2737591029038446,0.2635326576116618,1.0055951379032446
3.841087892865646,1,-1.1829380628275652,-0.7590862491341681,-1.1362759081633826,-0.5138610050342711,2.2926584027370747,0.7436652356023202,1.0053121121872062
3.841087892865646,2,-1.1829380628275652,-0.7590862491341681,-0.04666215466418252,-0.24522524409989704,1.2751663008687135,0.26164687658488595,1.0053121121872062
3.847223816017188,1,-1.1768084126964833,-0.7646074033151764,-1.1319667993999956,-0.5182370189069408,2.2926478573879723,0.7452538079764864,1.0050283557992168
3.847223816017188,2,-1.1768084126964833,-0.7646074033151764,-0.04484161329648757,-0.24637038440823555,1.276562290247312,0.25977454782273035,1.0050283557992168
3.853359739168731,1,-1.170634456393798,-0.7700997704596076,-1.1276058657654016,-0.5225944874304848,2.2926116837277584,0.7468280886753024,1.0047446023621374
3.853359739168731,2,-1.170634456393798,-0.7700997704596076,-0.043028590628396465,-0.24750528302912295,1.2779475878109927,0.25791651368683494,1.0047446023621374
3.859495662320273,1,-1.1644164263654748,-0.7755631437829433,-1.1231931386663105,-0.5269327663209188,2.2925495093388015,0.7483879998799573,1.004461599815373
3.859495662320273,2,-1.1644164263654748,-0.7755631437829433,-0.04122328769916414,-0.24863037746202452,1.2793227126733686,0.25607359993541573,1.004461599815373
3.865631585471816,1,-1.1581545567168297,-0.7809973175922655,-1.1187286619718289,-0.5312512117130739,2.292460971547394,0.749933494309749,1.0041801093562133
3.865631585471816,2,-1.1581545567168297,-0.7809973175922655,-0.0394258947450008,-0.24974610587919174,1.2806881858120036,0.2542466150464644,1.0041801093562133
3.8717675086233583,1,-1.1518490832037158,-0.786402087294002,-1.1142124917908776,-0.5355491805427937,2.2923457173248627,0.7514645547806966,1.003900904404855
3.8717675086233583,2,-1.1518490832037158,-0.786402087294002,-0.037636591412838406,-0.2508529067512083,1.2820445296103684,0.2524363496241584,1.003900904404855
3.877903431774901,1,-1.1455002432236472,-0.791777249401628,-1.1096446962331896,-0.5398260309119511,2.292203403164099,0.7529811937098365,1.0036247695989546
3.877903431774901,2,-1.1455002432236472,-0.791777249401628,-0.03585554699045752,-0.2519512184896769,1.283392267420955,0.2506435758891181,1.0036247695989546
3.884039354926444,1,-1.1391082758068605,-0.7971226015433284,-1.1050253551551015,-0.5440811224356479,2.2920336949324835,0.754483452570546,1.0033524998232388
3.884039354926444,2,-1.1391082758068605,-0.7971226015433284,-0.03408292065175908,-0.2530414791076805,1.2847319231503092,0.24886904725269274,1.0033524998232388
3.890175278077986,1,-1.1326734216073162,-0.8024379424696162,-1.1003545598913604,-0.5483138165710615,2.291836267702262,0.7559714013043304,1.0030848992793582
3.890175278077986,2,-1.1326734216073162,-0.8024379424696162,-0.03231886171595568,-0.25412412589855465,1.2860640208666394,0.24711349797502788,1.0030848992793582
3.896311201229529,1,-1.126195922893638,-0.8077230720609097,-1.0956324129741835,-0.5525234769274981,2.291610805559472,0.7574451376945502,1.002822780600809
3.896311201229529,2,-1.126195922893638,-0.8077230720609097,-0.030563509919454557,-0.2551995951334115,1.2873890844305378,0.24537764290625874,1.002822780600809
3.902447124381071,1,-1.1196760235399914,-0.8129777913350671,-1.0908590278407808,-0.5567094695573037,2.2913570013925404,0.7589047867075742,1.002566964017373
3.902447124381071,2,-1.1196760235399914,-0.8129777913350671,-0.028816995699210715,-0.25626832177776343,1.2887076371492403,0.24366217730979886,1.002566964017373
3.908583047532614,1,-1.113113969016902,-0.8182019024548777,-1.0860345285305606,-0.5608711632273722,2.2910745566617208,0.7603504998068031,1.00231827657315
3.908583047532614,2,-1.113113969016902,-0.8182019024548777,-0.02707944048634154,-0.25733073922750543,1.2900202014547457,0.2419677767663469,1.00231827657315
3.9147189706841563,1,-1.1065100063820137,-0.8233952087355103,-1.081159049373199,-0.5650079296710818,2.290763181150539,0.7617824542449461,1.0020775514018667
3.9147189706841563,2,-1.1065100063820137,-0.8233952087355103,-0.02535095700881471,-0.25838727906442854,1.2913272986060145,0.24029509715692077,1.0020775514018667
3.920854893835699,1,-1.099864384270787,-0.828557514651919,-1.0762327346687395,-0.5691191438205635,2.29042259270043,0.7632008523398243,1.0018456270627736
3.920854893835699,2,-1.099864384270787,-0.828557514651919,-0.02363164960204751,-0.25943837083135546,1.2926294484153649,0.2386447747229493,1.0018456270627736
3.9269908169872414,1,-1.0931773528871385,-0.8336886258462035,-1.0712557383608503,-0.573204184019291,2.290052516929749,0.7646059207388494,1.001623346940055
3.9269908169872414,2,-1.0931773528871385,-0.8336886258462035,-0.021921614526288193,-0.2604844418269126,1.2939271689991005,0.2370174262012057,1.001623346940055
3.933126740138784,1,-1.08644916399402,-0.8387883491349277,-1.0662282237043328,-0.5772624322150468,2.289652686938331,0.7659979096771667,1.0014115587083248
3.933126740138784,2,-1.08644916399402,-0.8387883491349277,-0.020220940289687305,-0.261525916919881,1.2952209765523088,0.23541364903115816,1.0014115587083248
3.9392626632903265,1,-1.0796800709039407,-0.8438564925163922,-1.0611503629279313,-0.5812932741333909,2.289222842998756,0.7673770922342801,1.0012111138664168
3.9392626632903265,2,-1.0796800709039407,-0.8438564925163922,-0.018529707976009318,-0.2625632183830013,1.2965113851476988,0.23383402163213687,1.0012111138664168
3.9453985864418692,1,-1.0728703284694296,-0.8488928651778629,-1.0560223368934487,-0.5852960994318153,2.2887627322354547,0.768743763593775,1.0010228673413526
3.9453985864418692,2,-1.0728703284694296,-0.8488928651778629,-0.016847991575980804,-0.2635967657460476,1.2977989065582716,0.23227910374757757,1.0010228673413526
3.951534509593412,1,-1.0660201930734403,-0.8538972775027559,-1.050844334752119,-0.5892703018348264,2.288272108292756,0.7700982403105554,1.0008476771640498
3.951534509593412,2,-1.0660201930734403,-0.8538972775027559,-0.015175858321321218,-0.2646269756679295,1.2990840501035463,0.23074943685349436,1.0008476771640498
3.9576704327449543,1,-1.0591299226196988,-0.8588695410777756,-1.0456165535991442,-0.5932152792502459,2.2877507309929497,0.7714408595897825,1.0006864042180446
3.9576704327449543,2,-1.0591299226196988,-0.8588695410777756,-0.013513369020554734,-0.2656542618275297,1.3003673225190155,0.229245544628262,1.0006864042180446
3.963806355896497,1,-1.0521997765229933,-0.8638094687000087,-1.040339198127237,-0.597130433867064,2.287198365985392,0.7727719785814835,1.0005399120622296
3.963806355896497,2,-1.0521997765229933,-0.8638094687000087,-0.011860578395756391,-0.2666790348329448,1.301649227848443,0.22776793348074606,1.0005399120622296
3.9699422790480394,1,-1.0452300156994077,-0.8687168743839725,-1.0350124802799652,-0.6010151722352197,2.2866147843876337,0.7740919736945635,1.0004090668283716
3.9699422790480394,2,-1.0452300156994077,-0.8687168743839725,-0.01021753541944251,-0.2677017021487528,1.3029302673585745,0.22631709313380816,1.0004090668283716
3.976078202199582,1,-1.0382209025564972,-0.8735915733686164,-1.0296366189056239,-0.604868905327713,2.285999762419512,0.7754012399337205,1.0002947371939523
3.976078202199582,2,-1.0382209025564972,-0.8735915733686164,-0.008584283650873183,-0.2687226680409034,1.3042109394757986,0.2248934972602318,1.0002947371939523
3.9822141253511245,1,-1.0311727009834102,-0.8784333821242788,-1.0242118394123167,-0.6086910485854824,2.285353081031075,0.7767001902625364,1.0001977944306952
3.9822141253511245,2,-1.0311727009834102,-0.8784333821242788,-0.006960861571093447,-0.26974233353879645,1.3054917397442565,0.22349760416815884,1.0001977944306952
3.9883500485026673,1,-1.0240856763409525,-0.883242118359597,-1.0187383734248534,-0.6124810219455038,2.2846745255251735,0.7779892549957863,1.0001191125289832
3.9883500485026673,2,-1.0240856763409525,-0.883242118359597,-0.005347302916098963,-0.2707610964140931,1.3067731608048785,0.22212985753319694,1.0001191125289832
3.9944859716542096,1,-1.016960095451596,-0.8880176010283692,-1.0132164584440249,-0.6162382498525814,2.283963885175484,0.7792688812237876,1.0000595683982407
3.9944859716542096,2,-1.016960095451596,-0.8880176010283692,-0.0037436370075711856,-0.2717793511757879,1.3080556923948041,0.22079068717445308,1.0000595683982407
4.000621894805752,1,-1.009796226589434,-0.8927596503363724,-1.007646337508748,-0.6199621612553148,2.283220952840659,0.7805395322714027,1.000020042143266
4.000621894805752,2,-1.009796226589434,-0.8927596503363724,-0.0021498890806859114,-0.27279748908105766,1.309339821366635,0.21948050987186327,1.000020042143266
4.006757817957295,1,-1.00259433947008,-0.8974680877481302,-1.0020282588615228,-0.6236521895867325,2.282445524575261,0.7818016871941013,1.0000014174164258
4.006757817957295,2,-1.00259433947008,-0.8974680877481302,-0.0005660806085573248,-0.2738158981613977,1.3106260317269545,0.21819973022232445,1.0000014174164258
4.0128937411088375,1,-0.9953547052405136,-0.9021427359936354,-0.9963624756175766,-0.6273077727300854,2.2816373992380496,0.7830558403133027,1.0000045818455916
4.0128937411088375,2,-0.9953547052405136,-0.9021427359936354,0.0010077703770630584,-0.27483496326355,1.3119148046935558,0.21694874153228894,1.0000045818455916
4.01902966426038,1,-0.9880775964688716,-0.9067834190750235,-0.9906492454380287,-0.6309283529702883,2.28079637809814,0.7843025007930425,1.0000304275376946
4.01902966426038,2,-0.9880775964688716,-0.9067834190750235,0.0025716489691570044,-0.27585506610473515,1.3132066187708191,0.21572792674465208,1.0000304275376946
4.025165587411923,1,-0.9807632871341864,-0.9113899622731993,-0.9848888302073358,-0.6345133769314981,2.2799222644394836,0.7855421922598446,1.0000798516577933
4.025165587411923,2,-0.9807632871341864,-0.9113899622731993,0.004125543073149424,-0.2768765853417013,1.3145019498426875,0.21453765939794883,1.0000798516577933
4.031301510563465,1,-0.9734120526160701,-0.9159621921544154,-0.979081495715244,-0.6380622955013001,2.279014863164056,0.7867754524675353,1.0001537570836099
4.031301510563465,2,-0.9734120526160701,-0.9159621921544154,0.0056694430991739535,-0.2778998966531154,1.3158012712827085,0.21337830461607446,1.0001537570836099
4.037437433715008,1,-0.9660241696843476,-0.9204999365768008,-0.9732275113434067,-0.6415745637419649,2.2780739803940726,0.7880028330086108,1.000253053135566
4.037437433715008,2,-0.9660241696843476,-0.9204999365768008,0.007203341659059143,-0.278925372834836,1.3171050540806215,0.21225022012695516,1.000253053135566
4.04357335686655,1,-0.9585999164886355,-0.9250030246968428,-0.9673271497567858,-0.6450496407892213,2.2770994230734893,0.7892248990736547,1.0003786563824706
4.04357335686655,2,-0.9585999164886355,-0.9250030246968428,0.00872723326815036,-0.2799533839076214,1.3184137669850016,0.21115375730881586,1.0003786563824706
4.049709280018093,1,-0.9511395725478705,-0.9294712869758187,-0.9613806865999049,-0.648486989738969,2.2760909985689777,0.7904422292602127,1.000531491523138
4.049709280018093,2,-0.9511395725478705,-0.9294712869758187,0.010241114052034508,-0.28098429723684964,1.3197278766614828,0.21008926226292535,1.000531491523138
4.0558452031696355,1,-0.9436434187397853,-0.9339045551861793,-0.9553884001979739,-0.6518860775223327,2.275048514270506,0.7916554154324604,1.000712492344398
4.0558452031696355,2,-0.9436434187397853,-0.9339045551861793,0.011744981458188558,-0.2820184776638465,1.3210478478661327,0.20905707691193762,1.000712492344398
4.061981126321178,1,-0.9361117372903339,-0.9383026624178821,-0.9493505712628626,-0.6552463747694358,2.27397177719159,0.7928650626329423,1.0009226027561415
4.061981126321178,2,-0.9361117372903339,-0.9383026624178821,0.013238833972528629,-0.28305628764844626,1.322374143633564,0.20805754012319905,1.0009226027561415
4.06811704947272,1,-0.9285448117630661,-0.9426654430846757,-0.9432674826038601,-0.6585673556622407,2.2728605935692183,0.7940717890476326,1.0011627779042787
4.06811704947272,2,-0.9285448117630661,-0.9426654430846757,0.014722670840793943,-0.284098087422435,1.3237072254794195,0.2070909888566461,1.0011627779042787
4.074252972624263,1,-0.9209429270484512,-0.9469927329303337,-0.9371394188431105,-0.6618484977767758,2.2717147684633905,0.7952762260255503,1.0014339853627332
4.074252972624263,2,-0.9209429270484512,-0.9469927329303337,0.01619649179465937,-0.28514423515355797,1.3250475536169002,0.2061577593371828,1.0014339853627332
4.080388895775806,1,-0.9133063693531518,-0.9512843690348395,-0.9309666661355832,-0.6650892819150348,2.2705341053561554,0.7964790181541729,1.0017372064058716
4.080388895775806,2,-0.9133063693531518,-0.9512843690348395,0.017660296782431407,-0.2861950871198046,1.3263955871870479,0.20525818825169884,1.0017372064058716
4.086524818927348,1,-0.9056354261892491,-0.9555401898205191,-0.9247495118933944,-0.6682891919268005,2.2693184057499667,0.79768082339192,1.002073437363086
4.086524818927348,2,-0.9056354261892491,-0.9555401898205191,0.019114085704145217,-0.2872509978937187,1.3277517845025415,0.2043926139711659,1.002073437363086
4.092660742078891,1,-0.8979303863634176,-0.9597600350581256,-0.9184882445142623,-0.6714477145216085,2.2680674687651146,0.7988823132590299,1.0024436910575683
4.092660742078891,2,-0.8979303863634176,-0.9597600350581256,0.02055785815084462,-0.2883123205365171,1.3291166033048114,0.2035613777985384,1.0024436910575683
4.0987966652304335,1,-0.8901915399660519,-0.9639437458728707,-0.9121831531138446,-0.6745643390710312,2.2667810907359454,0.8000841730882217,1.0028489983316977
4.0987966652304335,2,-0.8901915399660519,-0.9639437458728707,0.021991613147792726,-0.2893794068018395,1.3304905010343286,0.20276482524347603,1.0028489983316977
4.104932588381976,1,-0.8824191783603447,-0.9680911647504068,-0.9058345272616726,-0.6776385574014167,2.2654590648054995,0.8012871023366368,1.0032904096618476
4.104932588381976,2,-0.8824191783603447,-0.9680911647504068,0.023415348901327872,-0.29045260734899014,1.3318739351139726,0.20200330732521085,1.0032904096618476
4.111068511533518,1,-0.8746135941713176,-0.9722021355427575,-0.8994426567203652,-0.6806698635771831,2.264101180518166,0.8024918149606649,1.003768996865857
4.111068511533518,2,-0.8746135941713176,-0.9722021355427575,0.024829062549047612,-0.29153227196557435,1.333267363245445,0.20127718190519203,1.003768996865857
4.117204434685061,1,-0.8667750812748035,-0.9762765034741957,-0.8930078311877762,-0.6836577536747205,2.262707223409868,0.8036990398554044,1.0042858549068703
4.117204434685061,2,-0.8667750812748035,-0.9762765034741957,0.026232749912972652,-0.29261874979947533,1.334671243718745,0.20058681505146594,1.0042858549068703
4.123340357836604,1,-0.8589039347863827,-0.980314115147072,-0.8865303400416952,-0.68660172554691,2.2612769745952566,0.8049095213606753,1.0048421037977597
4.123340357836604,2,-0.8589039347863827,-0.980314115147072,0.02762640525531243,-0.29371238960016194,1.3360860357347855,0.19993258243708437,1.0048421037977597
4.129476280988146,1,-0.8510004510502717,-0.9843148185475887,-0.8800104720866962,-0.6895012785782242,2.2598102103513087,0.8061240198356916,1.0054388906108742
4.129476280988146,2,-0.8510004510502717,-0.9843148185475887,0.029010021036424485,-0.2948135399693645,1.3375121997412944,0.1993148707751826,1.0054388906108742
4.135612204139688,1,-0.843064927628166,-0.9882784630515241,-0.8734485153026965,-0.6923559134303221,2.2583067016966862,0.80734331230472,1.0060773915984547
4.135612204139688,2,-0.843064927628166,-0.9882784630515241,0.03038358767453048,-0.29592254962120196,1.3389501977822036,0.19873407929373466,1.0060773915984547
4.1417481272912315,1,-0.8350976632880374,-0.9922048994299029,-0.8668447565947602,-0.695165131778005,2.256766213966129,0.8085681931763008,1.0067588144296769
4.1417481272912315,2,-0.8350976632880374,-0.9922048994299029,0.03174709330672281,-0.2970397676518978,1.3404004938608005,0.19819062125337605,1.0067588144296769
4.147884050442774,1,-0.827098957992885,-0.9960939798546145,-0.8601994815436514,-0.6979284360353457,2.2551885063791133,0.8097994750388808,1.0074844005509687
4.147884050442774,2,-0.827098957992885,-0.9960939798546145,0.03310052355076639,-0.2981655438192688,1.3418635543169877,0.19768492551208786,1.0074844005509687
4.154019973594316,1,-0.8190691128894425,-0.9999455579039792,-0.8535129741566134,-0.7006453290717499,2.253573331601921,0.8110379895360185,1.0082554276769813
4.154019973594316,2,-0.8190691128894425,-0.9999455579039792,0.03444386126717093,-0.2993002288322294,1.3433398482190675,0.19721743814096285,1.0082554276769813
4.160155896745859,1,-0.8110084302968393,-1.0037594885682604,-0.8467855166178181,-0.7033153139176518,2.2519204353022078,0.8122845883246645,1.0090732124203932
4.160155896745859,2,-0.8110084302968393,-1.0037594885682604,0.03577708632097876,-0.30044417465060863,1.3448298477705476,0.1967886240957287,1.0090732124203932
4.166291819897402,1,-0.8029172136952194,-1.0075356282551242,-0.8400173890379018,-0.7059378934594883,2.250229555695089,0.8135401441203993,1.0099391130695856
4.166291819897402,2,-0.8029172136952194,-1.0075356282551242,0.03710017534268244,-0.3015977347956358,1.3463340287325467,0.19639896894918632,1.0099391130695856
4.172427743048944,1,-0.7947957677143145,-1.0112738347950456,-0.8332088692019687,-0.7085125701235327,2.2485004230796752,0.814805551833929,1.0108545325241693
4.172427743048944,2,-0.7947957677143145,-1.0112738347950456,0.03841310148765422,-0.30276126467151276,1.3478528708624604,0.19604898069024024,1.0108545325241693
4.178563666200486,1,-0.7866443981219755,-1.0149739674466611,-0.8263602323154114,-0.711038845548104,2.246732759364925,0.8160817298036026,1.0118209213993576
4.178563666200486,2,-0.7866443981219755,-1.0149739674466611,0.03971583419343599,-0.30393512189855715,1.349386858369644,0.195739191595755,1.0118209213993576
4.18469958935203,1,-0.7784634118126603,-1.018635886902068,-0.8194717507468631,-0.7135162202436008,2.2449262775835854,0.8173696211292225,1.0128397813112953
4.18469958935203,2,-0.7784634118126603,-1.018635886902068,0.04100833893420268,-0.3051196666584671,1.35093648038896,0.19547016018207278,1.0128397813112953
4.190835512503572,1,-0.7702531167958798,-1.0222594552920683,-0.812543693767555,-0.7159441932397365,2.243080681392913,0.8186701951129812,1.0139126683566593
4.190835512503572,2,-0.7702531167958798,-1.0222594552920683,0.04229057697167515,-0.3063152620523319,1.3525022314731423,0.19524247324367808,1.0139126683566593
4.196971435655114,1,-0.7620138221846008,-1.0258445361913604,-0.8055763272863187,-0.7183222617192715,2.241195664560762,0.819984448813974,1.0150411968011779
4.196971435655114,2,-0.7620138221846008,-1.0258445361913604,0.04356250510171796,-0.30752227447208885,1.3540846121050365,0.19505674798720377,1.0150411968011779
4.2031073588066565,1,-0.7537458381836084,-1.0293909946236743,-0.7985699135794232,-0.720649920637465,2.2392709104355295,0.8213134087234174,1.0162270429931601
4.2031073588066565,2,-0.7537458381836084,-1.0293909946236743,0.044824075395814865,-0.30874107398620937,1.3556841292308923,0.19491363426974273,1.0162270429931601
4.2092432819582,1,-0.7454494760778273,-1.032898697066855,-0.7915247110143959,-0.722926662326373,2.2373060913983442,0.8226581325684507,1.017471949519723
4.2092432819582,2,-0.7454494760778273,-1.032898697066855,0.0460752349365686,-0.3099720347404819,1.357301296816007,0.19481381695127237,1.017471949519723
4.215379205109742,1,-0.7371250482206015,-1.0363675114578876,-0.7844409737669227,-0.7251519760830324,2.2353008682957385,0.8240197112532271,1.0187777296251508
4.215379205109742,2,-0.7371250482206015,-1.0363675114578876,0.04731592554632112,-0.3112155353748553,1.3589366364241497,0.19475801837192358,1.0187777296251508
4.221515128261284,1,-0.7287728680219351,-1.0397973071978714,-0.7773189515298713,-0.7273253477404682,2.233254889850957,0.8253992709469085,1.0201462719127483
4.221515128261284,2,-0.7287728680219351,-1.0397973071978714,0.04854608350793619,-0.31247195945740314,1.360590677822347,0.1947470009658398,1.0201462719127483
4.227651051412828,1,-0.7203932499366917,-1.0431879551569347,-0.7701588892134186,-0.7294462592203558,2.231167792051868,0.8267979753291859,1.0215795453536767
4.227651051412828,2,-0.7203932499366917,-1.0431879551569347,0.049765639276726774,-0.313741695936579,1.3622639596127555,0.19478157002449079,1.0215795453536767
4.23378697456437,1,-0.7119865094527562,-1.0465393276790989,-0.7629610266352007,-0.7315141880660508,2.229039197513325,0.8282170280050635,1.0230796046286033
4.23378697456437,2,-0.7119865094527562,-1.0465393276790989,0.05097451718244459,-0.3150251396130479,1.3639570298935166,0.19486257662353973,1.0230796046286033
4.239922897715912,1,-0.703552963079156,-1.049851298587082,-0.7557255981993343,-0.7335286069545783,2.2268687148116357,0.829657675101875,1.0246485958306042
4.239922897715912,2,-0.703552963079156,-1.049851298587082,0.052172635120178175,-0.31632269163250376,1.3656704469506804,0.19499092072872903,1.0246485958306042
4.246058820867455,1,-0.6950929283341458,-1.053123743187052,-0.7484528325630733,-0.7354889831860313,2.224655937788625,0.8311212080628679,1.0262887625606312
4.246058820867455,2,-0.6950929283341458,-1.053123743187052,0.05335990422892743,-0.31763476000102064,1.3674047799834645,0.19516755449776324,1.0262887625606312
4.252194744018998,1,-0.6866067237332519,-1.0563565382733187,-0.7411429522897887,-0.7373947781486866,2.222400444822565,0.8326089666532119,1.0280024524500635
4.252194744018998,2,-0.6866067237332519,-1.0563565382733187,0.05453622855653672,-0.31896176012463223,1.369160609865347,0.1953934857968515,1.0280024524500635
4.25833066717054,1,-0.6780946687772811,-1.0595495621329747,-0.7337961734868549,-0.7392454467579782,2.220101798063031,0.8341223421959777,1.0297921241484214
4.25833066717054,2,-0.6780946687772811,-1.0595495621329747,0.055701504709573774,-0.32030411537499653,1.3709385299437158,0.19566978195244364,1.0297921241484214
4.264466590322082,1,-0.6695570839402915,-1.0627026945504763,-0.7264127054269284,-0.7410404368672965,2.21775954262649,0.8356627810575076,1.0316603548182894
4.264466590322082,2,-0.6695570839402915,-1.0627026945504763,0.05685562148663685,-0.3216622576831797,1.3727391468810628,0.195997573760782,1.0316603548182894
4.270602513473625,1,-0.6609942906575267,-1.0658158168121699,-0.718992750150984,-0.7427791886483842,2.2153732057491657,0.8372317884037058,1.0336098481839298
4.270602513473625,2,-0.6609942906575267,-1.0658158168121699,0.057998459493457215,-0.3230366281637856,1.3745630815409877,0.19637805978022388,1.0336098481839298
4.276738436625168,1,-0.6524066113133141,-1.068888811710762,-0.7115365020513499,-0.7444611339388889,2.212942295893411,0.8388309322511157,1.035643443185015
4.276738436625168,2,-0.6524066113133141,-1.068888811710762,0.059129890738035755,-0.32442767777187315,1.3764109699225942,0.19681251093389937,1.035643443185015
4.28287435977671,1,-0.6437943692289274,-1.0719215635497317,-0.7040441474328384,-0.7460856955543964,2.210466301803506,0.8404618478392764,1.0377641232924717
4.28287435977671,2,-0.6437943692289274,-1.0719215635497317,0.06024977820391097,-0.3258358679953353,1.3782834641472,0.19730227545319537,1.0377641232924717
4.289010282928253,1,-0.6351578886504132,-1.0749139581476863,-0.6965158640499114,-0.7476522865620117,2.207944691506407,0.8421262423537962,1.0399750265496381
4.289010282928253,2,-0.6351578886504132,-1.0749139581476863,0.061357975399498166,-0.3272616715856746,1.380181233501663,0.19784878419584181,1.0399750265496381
4.295146206079796,1,-0.6264974947363839,-1.0778658828426604,-0.6889518206176491,-0.7491603095122649,2.2053769112525954,0.8438259000328817,1.0422794564089544
4.295146206079796,2,-0.6264974947363839,-1.0778658828426604,0.06245432588126511,-0.3287055733303955,1.3821049655430517,0.19845355637607262,1.0422794564089544
4.301282129231338,1,-0.6178135135457757,-1.0807772264963578,-0.6813521762940908,-0.750609155625806,2.2027623843916806,0.8455626876937797,1.0446808934422782
4.301282129231338,2,-0.6178135135457757,-1.0807772264963578,0.06353866274831503,-0.3301680708705518,1.384055367269842,0.1991182057484986,1.0446808934422782
4.3074180523828804,1,-0.6091062720255722,-1.0836478794983353,-0.6737170801313042,-0.751998203930997,2.2001005101769433,0.847338560719779,1.0471830080118107
4.3074180523828804,2,-0.6091062720255722,-1.0836478794983353,0.06461080810573196,-0.33164967556733826,1.386033166365355,0.19984444729203182,1.0471830080118107
4.313553975534423,1,-0.6003760979984951,-1.08647773377013,-0.666046670492297,-0.7533268203481197,2.197390662492413,0.8491555695531496,1.0497896739986674
4.313553975534423,2,-0.6003760979984951,-1.08647773377013,0.065670572493802,-0.3331509134220102,1.3880391125197151,0.2006341044455178,1.0497896739986674
4.319689898685966,1,-0.5916233201506623,-1.0892666827693278,-0.6583410744306181,-0.7545943567154788,2.1946321884954507,0.8510158667447474,1.052504983697505
4.319689898685966,2,-0.5916233201506623,-1.0892666827693278,0.06671775427995573,-0.3346723260538491,1.3900739788372627,0.20148911695275754,1.052504983697505
4.325825821837508,1,-0.5828482680192126,-1.0920146214935755,-0.6506004070291888,-0.7558001497521928,2.191824407167101,0.8529217146170766,1.0553332639985167
4.325825821837508,2,-0.5828482680192126,-1.0920146214935755,0.06775213900997604,-0.33621447174138275,1.3921385633370593,0.20241154938144013,1.0553332639985167
4.331961744989051,1,-0.5740512719798994,-1.0947214464845332,-0.642824770694579,-0.7569435199519193,2.188966607761677,0.8548754936044908,1.058279093992776
4.331961744989051,2,-0.5740512719798994,-1.0947214464845332,0.06877349871467965,-0.3377779265326138,1.3942336905549517,0.20340360038828537,1.058279093992776
4.338097668140594,1,-0.5652326632346509,-1.0973870558317698,-0.6350142544025549,-0.758023770401146,2.186058048146155,0.8568797113420488,1.0613473241536078
4.338097668140594,2,-0.5652326632346509,-1.0973870558317698,0.06978159116790396,-0.3393632854306237,1.3963602132565394,0.20446761281155898,1.0613473241536078
4.344233591292136,1,-0.5563927737991027,-1.1000113491766,-0.6271689328903106,-0.7590401855149914,2.1830979530189456,0.8589370125834747,1.064543097265721
4.344233591292136,2,-0.5563927737991027,-1.1000113491766,0.07077615909120795,-0.34097116366160846,1.3985190142714308,0.20560608468224642,1.064543097265721
4.3503695144436785,1,-0.5475319364900952,-1.1025942277158625,-0.6192888657903162,-0.7599920296826855,2.180085511996476,0.8610501900388835,1.067871871295634
4.3503695144436785,2,-0.5475319364900952,-1.1025942277158625,0.07175692930022083,-0.3426021980331768,1.4007110084603014,0.2068216812567507,1.067871871295634
4.356505437595221,1,-0.5386504849131454,-1.1051355942056402,-0.6113740967001828,-0.7608785458140208,2.17701987755474,0.8632221962346209,1.0713394444218844
4.356505437595221,2,-0.5386504849131454,-1.1051355942056402,0.07272361178703744,-0.34425704839161947,1.4029371448275691,0.2081172481872634,1.0713394444218844
4.362641360746764,1,-0.5297487534498849,-1.1076353529649214,-0.6034246521823412,-0.7616989537770776,2.173900162811515,0.865456156510982,1.074951982472201
4.362641360746764,2,-0.5297487534498849,-1.1076353529649214,0.07367589873245632,-0.3459363991878438,1.405198408793964,0.20949582596121896,1.074951982472201
4.368777283898306,1,-0.5208270772454723,-1.1100934098792015,-0.5954405406866479,-0.7624524487164067,2.170725439133308,0.8677553832890036,1.0787160490478296
4.368777283898306,2,-0.5208270772454723,-1.1100934098792015,0.0746134634411756,-0.3476409611627947,1.4074958246449265,0.21096066575882597,1.0787160490478296
4.374913207049849,1,-0.5118857921959741,-1.1125096724040269,-0.5874217513882652,-0.7631381992395744,2.167494733549213,0.870123391755319,1.0826386386532867
4.374913207049849,2,-0.5118857921959741,-1.1125096724040269,0.07553595919229121,-0.3493714731644525,1.409830458172657,0.21251524689796764,1.0826386386532867
4.381049130201391,1,-0.5029252349357186,-1.1148840495684793,-0.5793682529322872,-0.7637553454585277,2.164207025951744,0.8725639171346214,1.0867272131938812
4.381049130201391,2,-0.5029252349357186,-1.1148840495684793,0.0764430179965686,-0.3511287041099516,1.4122034195317805,0.21416329605925974,1.0867272131938812
4.387185053352934,1,-0.4939457428246224,-1.1172164519786005,-0.5712799920755897,-0.7643029968705831,2.1608612460622614,0.8750809337431118,1.0909897422544284
4.387185053352934,2,-0.4939457428246224,-1.1172164519786005,0.07733424925096724,-0.3529134551080174,1.4146158663310495,0.21590880851131647,1.0909897422544284
4.3933209765044765,1,-0.48494765393548805,-1.119506791820758,-0.5631568922152566,-0.7647802300619452,2.1574562701358238,0.8776786760439832,1.095434747631975
4.3933209765044765,2,-0.48494765393548805,-1.119506791820758,0.07820923827976853,-0.35472656175881284,1.4170690069863066,0.21775607158799182,1.095434747631975
4.399456899656019,1,-0.4759313070412766,-1.1217549828649513,-0.5549988517916465,-0.7651860862144957,2.153990917377119,0.8803616619582316,1.1000713526645935
4.399456899656019,2,-0.4759313070412766,-1.1217549828649513,0.07906754475037,-0.3565688966504556,1.4195641043631473,0.21970969070636193,1.1000713526645935
4.405592822807562,1,-0.46689704160235246,-1.1239609404680582,-0.5468057425526907,-0.7655195683940941,2.15046394603543,0.8831347187217424,1.1049093369792375
4.405592822807562,2,-0.46689704160235246,-1.1239609404680582,0.07990870095033815,-0.3584413720739641,1.4221024797414294,0.22177461825749517,1.1049093369792375
4.411728745959104,1,-0.4578451977537033,-1.1261245815770216,-0.5385774076643297,-0.7657796385957563,2.146874049142358,0.8860030116237121,1.1099591973765452
4.411728745959104,2,-0.4578451977537033,-1.1261245815770216,0.08073220991062645,-0.3603449429812654,1.4246855171380344,0.22395618575283313,1.1099591973765452
4.417864669110647,1,-0.4487761162921339,-1.128245824731977,-0.5303136596500643,-0.7659652145177512,2.1432198498511355,0.8889720760132962,1.1152322156820558
4.417864669110647,2,-0.4487761162921339,-1.128245824731977,0.08153754335793047,-0.36228061021422575,1.4273146680292326,0.22626013966875952,1.1152322156820558
4.424000592262189,1,-0.4396901386634353,-1.1303245900693182,-0.5220142781403606,-0.7660751660328013,2.1394998963306473,0.8920478530224555,1.1207405345249237
4.424000592262189,2,-0.4396901386634353,-1.1303245900693182,0.08232413947692534,-0.36424942403651694,1.4299914565197223,0.2286926815024682,1.1207405345249237
4.430136515413732,1,-0.4305876069495299,-1.1323607993247056,-0.5136790074100911,-0.7661083113200888,2.1357126561606896,0.8952367295251988,1.126497242160977
4.430136515413732,2,-0.4305876069495299,-1.1323607993247056,0.08309140046056118,-0.3662524880046167,1.4327174850120723,0.23126051263577804,1.126497242160977
4.4362724385652745,1,-0.421468863855592,-1.134354375836011,-0.5053075536792117,-0.7660634126165442,2.131856510167263,0.8985455829391005,1.1325164676419115
4.4362724385652745,2,-0.421468863855592,-1.134354375836011,0.08383868982361961,-0.36829096321946686,1.4354944404380743,0.233970884702811,1.1325164676419115
4.442408361716817,1,-0.4123342526971451,-1.136305244546206,-0.49689958214843166,-0.7659391715397739,2.1279297456276605,0.9019818315769697,1.138813487852801
4.442408361716817,2,-0.4123342526971451,-1.136305244546206,0.08456532945128657,-0.3703660730064322,1.4383241011226011,0.23683165627583133,1.138813487852801
4.448544284868359,1,-0.4031841173871364,-1.1382133320061862,-0.4884547137376218,-0.7657342239278023,2.123930548764509,0.9055534913784193,1.1454048482036605
4.448544284868359,2,-0.4031841173871364,-1.1382133320061862,0.08527059635048538,-0.37247910807838397,1.4412083443612587,0.2398513568252412,1.1454048482036605
4.454680208019902,1,-0.39401880242298865,-1.1400785663775372,-0.4799725214900228,-0.7654471341323429,2.1198569964354053,0.909269239997234,1.152308499077215
4.454680208019902,2,-0.39401880242298865,-1.1400785663775372,0.08595371906703414,-0.3746314322451944,1.444149154805713,0.24303925907998095,1.152308499077215
4.460816131171445,1,-0.38483865287363,-1.141900877435239,-0.47145252659984443,-0.7650763886923037,2.1157070469100003,0.9131384893964117,1.159543950516385
4.460816131171445,2,-0.38483865287363,-1.141900877435239,0.08661387372621446,-0.37682448874293534,1.4471486337654773,0.2464054611199733,1.159543950516385
4.466952054322987,1,-0.37564401436650235,-1.1436801965703105,-0.4628941940144116,-0.7646203893023588,2.111478529608819,0.9171714683155111,1.1671324480965746
4.466952054322987,2,-0.37564401436650235,-1.1436801965703105,0.08725017964790927,-0.37905980726795163,1.4502090095526403,0.24996097978106338,1.1671324480965746
4.47308797747453,1,-0.36643523307454867,-1.1454164567923917,-0.45429692755444184,-0.7640774449772545,2.1071691336571496,0.9213793162332462,1.1750971734888966
4.47308797747453,2,-0.36643523307454867,-1.1454164567923917,0.08786169447989317,-0.3813390118151371,1.453332649017128,0.25371785725565044,1.1750971734888966
4.479223900626073,1,-0.3572126557031797,-1.1471095927322665,-0.44566006448708767,-0.7634457632955819,2.1027763950822815,0.9257741907633419,1.1834634739055996
4.479223900626073,2,-0.3572126557031797,-1.1471095927322665,0.08844740878390792,-0.38366382943668464,1.456522070445357,0.25768928314225786,1.1834634739055996
4.485359823777615,1,-0.347976629477221,-1.148759540644324,-0.4369828694757583,-0.7627234405863751,2.098297682452206,0.9303693908077345,1.1922591254595234
4.485359823777615,2,-0.347976629477221,-1.148759540644324,0.0890062399985373,-0.3860361000579489,1.4597799580255342,0.26188973465178905,1.1922591254595234
4.491495746929157,1,-0.33872750212783964,-1.1503662384089577,-0.4282645278180947,-0.7619084508972994,2.0937301807174804,0.9351794982666484,1.2015146365059064
4.491495746929157,2,-0.33872750212783964,-1.1503662384089577,0.08953702569025505,-0.3884577875116583,1.46310917811959,0.26633513823925803,1.2015146365059064
4.4976316700807,1,-0.3294656218794527,-1.1519296255349052,-0.4195041378683634,-0.7609986335533422,2.089070872973754,0.9402205416936006,1.2112635983196114
4.4976316700807,2,-0.3294656218794527,-1.1519296255349052,0.09003851598891063,-0.39093099198156295,1.466512797626318,0.27104305662601075,1.2112635983196114
4.503767593232243,1,-0.32019133743661676,-1.1534496431615242,-0.41070070252240465,-0.7599916790785088,2.08431651980851,0.9455101860158702,1.221543092062127
4.503767593232243,2,-0.32019133743661676,-1.1534496431615242,0.09050936508578787,-0.39345796408301537,1.4699941047747291,0.27603290604625674,1.221543092062127
4.509903516383785,1,-0.3109049979708992,-1.1549262340610107,-0.4018531196214248,-0.7588851132083787,2.0794636358294163,0.9510679533578386,1.2323941630000939
4.509903516383785,2,-0.3109049979708992,-1.1549262340610107,0.09094812165052558,-0.3960411208526321,1.4735566327533987,0.2813262096422553,1.2323941630000939
4.516039439535327,1,-0.3016069531077322,-1.1563593426405518,-0.39296017110448106,-0.7576762786663002,2.074508462890079,0.9569154811592321,1.2438623754690252
4.516039439535327,2,-0.3016069531077322,-1.1563593426405518,0.0913532179967488,-0.3986830639742517,1.477204186663997,0.2869468943097932,1.2438623754690252
4.522175362686871,1,-0.2922975529132497,-1.1577489149444196,-0.38402051070736537,-0.7563623143076893,2.0694469394276847,0.9630768252435827,1.2559984652900207
4.522175362686871,2,-0.2922975529132497,-1.1577489149444196,0.09172295779411564,-0.4013866006367301,1.4809408743895012,0.29292164004643806,1.2559984652900207
4.528311285838413,1,-0.2829771478811072,-1.1590948986560017,-0.3750326499663298,-0.7549401311515767,2.0642746652005504,0.9695788173591724,1.2688591104553069
4.528311285838413,2,-0.2829771478811072,-1.1590948986560017,0.09205550208522253,-0.4041547675044251,1.4847711420953975,0.2992802930961346,1.2688591104553069
4.534447208989955,1,-0.2736460889192864,-1.1603972430997727,-0.3659949422369054,-0.7534063847113137,2.0589868605545583,0.9764514891136636,1.2825078461869532
4.534447208989955,2,-0.2736460889192864,-1.1603972430997727,0.092348853317619,-0.4069908583884589,1.4886998152429527,0.30605635707328954,1.2825078461869532
4.5405831321414984,1,-0.26430472733688315,-1.1616558992432,-0.3569055643786161,-0.7517574429005819,2.053578319146076,0.9837285773293967,1.2970161573335204
4.5405831321414984,2,-0.26430472733688315,-1.1616558992432,0.09260083704173294,-0.40989845634261823,1.4927321461973015,0.31328758000412377,1.2970161573335204
4.546719055293041,1,-0.25495341483088124,-1.1628708196985915,-0.34776249568266643,-0.7499893486176511,2.0480433527920376,0.991448129899418,1.312464790041377
4.546719055293041,2,-0.25495341483088124,-1.1628708196985915,0.09280908085178516,-0.41288147108094053,1.4968738697730675,0.3210166601419592,1.312464790041377
4.552854978444583,1,-0.24559250347291126,-1.1640419587248787,-0.3385634935277696,-0.7480977758881078,2.042375726787398,0.9996532365586938,1.3289453364725223
4.552854978444583,2,-0.24559250347291126,-1.1640419587248787,0.09297099005485833,-0.41594418283677087,1.5011312683948013,0.32929209991382863,1.3289453364725223
4.558990901596125,1,-0.23622234569599493,-1.165169272229339,-0.32930606513405886,-0.7460779781573527,2.0365685836014564,1.0083929160693539,1.3465621620968258
4.558990901596125,2,-0.23622234569599493,-1.165169272229339,0.09308371943806393,-0.41909129407198625,1.505511248983787,0.33816924602747184,1.3465621620968258
4.565126824747669,1,-0.2268432942812766,-1.166252717769256,-0.3199874346397743,-0.7439247269459239,2.0306143523032265,1.0177232008183856,1.3654347662695323
4.565126824747669,2,-0.2268432942812766,-1.166252717769256,0.09314414035849775,-0.42232799082333217,1.5100214342517213,0.34771156545114673,1.3654347662695323
4.571262747899211,1,-0.21745570234474088,-1.167292254553518,-0.3106045045412792,-0.741632238580588,2.0245046403237947,1.0277084726960573,1.3857006955844744
4.571262747899211,2,-0.21745570234474088,-1.167292254553518,0.09314880219653829,-0.4256600159729299,1.5146702718345872,0.3579922228884171,1.3857006955844744
4.577398671050753,1,-0.20805992332391837,-1.1682878434441522,-0.30115381030223287,-0.7391940860458189,2.018230103171704,1.0384231217525084,1.4075191690368067
4.577398671050753,2,-0.20805992332391837,-1.1682878434441522,0.09309388697831454,-0.42909375739833316,1.5194671657068264,0.3690960472842984,1.4075191690368067
4.583534594202296,1,-0.19865631096457864,-1.1692394469577996,-0.291631466636939,-0.7366030920969002,2.011780286376597,1.049953623565665,1.4310756290234758
4.583534594202296,2,-0.19865631096457864,-1.1692394469577996,0.09297515567236038,-0.4326363548608994,1.524422635677911,0.3811220054578107,1.4310756290234758
4.589670517353839,1,-0.18924521930741212,-1.1701470292671259,-0.2820331035855149,-0.7338511985395458,2.0051434321014443,1.0624011655576444,1.456587509696128
4.589670517353839,2,-0.18924521930741212,-1.1701470292671259,0.09278788427810282,-0.43629583072758,1.5295485126389399,0.39418634413848364,1.456587509696128
4.595806440505381,1,-0.17982700267470048,-1.17101055620217,-0.2723537899976861,-0.7309293048660853,1.998306240318784,1.0758850013192944,1.4843116249072457
4.595806440505381,2,-0.17982700267470048,-1.17101055620217,0.09252678732298562,-0.44008125133608467,1.5348581798167225,0.4084266235879512,1.4843116249072457
4.601942363656923,1,-0.17040201565697677,-1.1718299952516311,-0.26258794139277647,-0.7278270670247755,1.9912535708651973,1.090546782525366,1.5145537386466443
4.601942363656923,2,-0.17040201565697677,-1.1718299952516311,0.09218592573579966,-0.44400292822685555,1.540366873941149,0.42400695612127814,1.5145537386466443
4.608078286808467,1,-0.1609706130996752,-1.1726053155640919,-0.25272920832179935,-0.7245326436476474,1.9839680675682618,1.1065562215388065,1.5476811178605234
4.608078286808467,2,-0.1609706130996752,-1.1726053155640919,0.09175859522212414,-0.4480726719164444,1.546092065453746,0.4411248963217168,1.5476811178605234
4.614214209960009,1,-0.1515331500897714,-1.1733364879491808,-0.24277034027094418,-0.7210323720407297,1.9764296781924493,1.1241185924155774,1.5841392235158955
4.614214209960009,2,-0.1515331500897714,-1.1733364879491808,0.0912371901811728,-0.4523041159084511,1.5520539444917087,0.46002063110031816,1.5841392235158955
4.620350133111551,1,-0.14208998194241357,-1.1740234848786708,-0.23270301875943294,-0.7173103487929884,1.9686150329085197,1.143484813365651,1.6244742410830182
4.620350133111551,2,-0.14208998194241357,-1.1740234848786708,0.09061303681701936,-0.4567131360856825,1.5582760506756543,0.4809894277173671,1.6244742410830182
4.626486056263094,1,-0.13264146418754522,-1.174666280487516,-0.2225176515625532,-0.7133478785797173,1.9604966272736044,1.1649652194124447,1.6693640051764436
4.626486056263094,2,-0.13264146418754522,-1.174666280487516,0.089876187375008,-0.4613184019077989,1.5647861018573228,0.5043987857639989,1.6693640051764436
4.632621979414637,1,-0.12318795255651943,-1.175264850574825,-0.21220311797358135,-0.7091227372462392,1.9520417298052009,1.188948715103289,1.7196612411715184
4.632621979414637,2,-0.12318795255651943,-1.175264850574825,0.0890151654170619,-0.4661421133285859,1.5716171035755362,0.5307125260682295,1.7196612411715184
4.638757902566179,1,-0.11372980296870602,-1.1758191726047722,-0.20174645297798,-0.7046081674280806,1.9432108930449759,1.2159299433712354,1.7764552971023368
4.638757902566179,2,-0.11372980296870602,-1.1758191726047722,0.08801665000927396,-0.4712110051766916,1.5788088633459574,0.5605253537311015,1.7764552971023368
4.6448938257177215,1,-0.10426737151809119,-1.1763292257074465,-0.19113245705024604,-0.6997714793797657,1.9339558796091718,1.2465486887014685,1.8411623485369908
4.6448938257177215,2,-0.10426737151809119,-1.1763292257074465,0.08686508553215486,-0.47655774632768083,1.5864101034414442,0.5946136598355222,1.8411623485369908
4.651029748869264,1,-0.09480101445987085,-1.1767949906796369,-0.18034322056918548,-0.6945720525552026,1.9242167008203206,1.281648453659064,1.9156607123493354
4.651029748869264,2,-0.09480101445987085,-1.1767949906796369,0.08554220610931461,-0.4822229381244343,1.5944814837000716,0.6340122586902714,1.9156607123493354
4.657165672020807,1,-0.08533108819703786,-1.1772164499855555,-0.1693575646239589,-0.6889583981286113,1.9139172659424444,1.3223659674603874,2.002499927098831
4.657165672020807,2,-0.08533108819703786,-1.1772164499855555,0.08402647642692104,-0.48825805185694415,1.6031000532457274,0.6801339596384431,2.002499927098831
4.663301595172349,1,-0.07585794926696356,-1.1775935877574975,-0.15815044261916314,-0.6828636951722127,1.9029587759115547,1.370272173123238,2.105234777324622
4.663301595172349,2,-0.07585794926696356,-1.1775935877574975,0.08229249335219958,-0.49472989258528477,1.6123660301731542,0.7349626042013839,2.105234777324622
4.669437518323892,1,-0.06638195432797446,-1.177926389796439,-0.14669247455004358,-0.6761987395564107,1.8912093004807793,1.4276016467267607,2.22897917036239
4.669437518323892,2,-0.06638195432797446,-1.177926389796439,0.08031052022206912,-0.5017276502400282,1.6224135384463978,0.8013775236356293,2.22897917036239
4.675573441475435,1,-0.05690346014592413,-1.1782148435725712,-0.1349501626146542,-0.6688402916513536,1.8784865849688308,1.4976381853025025,2.3813622625103954
4.675573441475435,2,-0.05690346014592413,-1.1782148435725712,0.07804670246873006,-0.5093745519212176,1.6334284073415528,0.8837240772078929,2.3813622625103954
4.681709364626977,1,-0.04742282358076128,-1.1784589382257729,-0.12288849269201825,-0.6606107913638585,1.8645282021262621,1.585378656158845,2.574244915563352
4.681709364626977,2,-0.04742282358076128,-1.1784589382257729,0.07546566911125697,-0.5178481468619143,1.6456792849933837,0.9888662594045072,2.574244915563352
4.6878452877785195,1,-0.0379404015730941,-1.1786586645660178,-0.11048143345001542,-0.6512409666690112,1.8489367791383622,1.6986610711026306,2.8268727101272053
4.6878452877785195,2,-0.0379404015730941,-1.1786586645660178,0.07254103187692132,-0.5274176978970065,1.6595753230051355,1.1282116390245744,2.8268727101272053
4.693981210930062,1,-0.028456551130751698,-1.1788140150737225,-0.09774968356710757,-0.6402973250250852,1.8310746438906842,1.8497408799758002,3.171333749116244
4.693981210930062,2,-0.028456551130751698,-1.1788140150737225,0.06929313243635588,-0.5385166900486373,1.6757790927149918,1.3215928691404437,3.171333749116244
4.700117134081605,1,-0.018971629315342926,-1.1789249839000282,-0.08490091452852593,-0.6270438694171445,1.8098667198842056,2.054279783517853,3.657073445399425
4.700117134081605,2,-0.018971629315342926,-1.1789249839000282,0.065929285213183,-0.5518811144828836,1.6954263393035076,1.6027936618815721,3.657073445399425
4.706253057233147,1,-0.009485993228813244,-1.178991566867021,-0.07287004456933498,-0.6102992166014036,1.7836212059386434,2.298753877039318,4.302531986392137
4.706253057233147,2,-0.009485993228813244,-1.178991566867021,0.06338405134052173,-0.5686923502656174,1.720380513353729,2.003778109352819,4.302531986392137
4.71238898038469,1,-1.206425478988823e-181,-1.17901376146789,-0.06470178862671432,-0.589506880733945,1.7517165823508671,2.3627584199900658,4.7255168399801315
4.71238898038469,2,-1.206425478988823e-181,-1.17901376146789,0.06470178862671432,-0.589506880733945,1.7517165823508671,2.3627584199900658,4.7255168399801315
4.718524903536232,1,0.009485993228813244,-1.178991566867021,-0.06338405134052173,-0.5686923502656174,1.720380513353729,2.003778109352819,4.302531986392137
4.718524903536232,2,0.009485993228813244,-1.178991566867021,0.07287004456933498,-0.6102992166014036,1.7836212059386434,2.298753877039318,4.302531986392137
4.724660826687775,1,0.018971629315342926,-1.1789249839000282,-0.065929285213183,-0.5518811144828836,1.6954263393035076,1.6027936618815721,3.657073445399425
4.724660826687775,2,0.018971629315342926,-1.1789249839000282,0.08490091452852593,-0.6270438694171445,1.8098667198842056,2.054279783517853,3.657073445399425
4.7307967498393175,1,0.028456551130751698,-1.1788140150737225,-0.06929313243635588,-0.5385166900486373,1.6757790927149918,1.3215928691404437,3.171333749116244
4.7307967498393175,2,0.028456551130751698,-1.1788140150737225,0.09774968356710757,-0.6402973250250852,1.8310746438906842,1.8497408799758002,3.171333749116244
4.73693267299086,1,0.0379404015730941,-1.1786586645660178,-0.07254103187692132,-0.5274176978970065,1.6595753230051355,1.1282116390245744,2.8268727101272053
4.73693267299086,2,0.0379404015730941,-1.1786586645660178,0.11048143345001542,-0.6512409666690112,1.8489367791383622,1.6986610711026306,2.8268727101272053
4.743068596142403,1,0.04742282358076128,-1.1784589382257729,-0.07546566911125697,-0.5178481468619143,1.6456792849933837,0.9888662594045072,2.574244915563352
4.743068596142403,2,0.04742282358076128,-1.1784589382257729,0.12288849269201825,-0.6606107913638585,1.8645282021262621,1.585378656158845,2.574244915563352
4.749204519293945,1,0.05690346014592413,-1.1782148435725712,-0.07804670246873006,-0.5093745519212176,1.6334284073415528,0.8837240772078929,2.3813622625103954
4.749204519293945,2,0.05690346014592413,-1.1782148435725712,0.1349501626146542,-0.6688402916513536,1.8784865849688308,1.4976381853025025,2.3813622625103954
4.755340442445488,1,0.06638195432797446,-1.177926389796439,-0.08031052022206912,-0.5017276502400282,1.6224135384463978,0.8013775236356293,2.22897917036239
4.755340442445488,2,0.06638195432797446,-1.177926389796439,0.14669247455004358,-0.6761987395564107,1.8912093004807793,1.4276016467267607,2.22897917036239
4.76147636559703,1,0.07585794926696356,-1.1775935877574975,-0.08229249335219958,-0.49472989258528477,1.6123660301731542,0.7349626042013839,2.105234777324622
4.76147636559703,2,0.07585794926696356,-1.1775935877574975,0.15815044261916314,-0.6828636951722127,1.9029587759115547,1.370272173123238,2.105234777324622
4.767612288748573,1,0.08533108819703786,-1.1772164499855555,-0.08402647642692104,-0.48825805185694415,1.6031000532457274,0.6801339596384431,2.002499927098831
4.767612288748573,2,0.08533108819703786,-1.1772164499855555,0.1693575646239589,-0.6889583981286113,1.9139172659424444,1.3223659674603874,2.002499927098831
4.773748211900116,1,0.09480101445987085,-1.1767949906796369,-0.08554220610931461,-0.4822229381244343,1.5944814837000716,0.6340122586902714,1.9156607123493354
4.773748211900116,2,0.09480101445987085,-1.1767949906796369,0.18034322056918548,-0.6945720525552026,1.9242167008203206,1.281648453659064,1.9156607123493354
4.779884135051658,1,0.10426737151809119,-1.1763292257074465,-0.08686508553215486,-0.47655774632768083,1.5864101034414442,0.5946136598355222,1.8411623485369908
4.779884135051658,2,0.10426737151809119,-1.1763292257074465,0.19113245705024604,-0.6997714793797657,1.9339558796091718,1.2465486887014685,1.8411623485369908
4.7860200582032,1,0.11372980296870602,-1.1758191726047722,-0.08801665000927396,-0.4712110051766916,1.5788088633459574,0.5605253537311015,1.7764552971023368
4.7860200582032,2,0.11372980296870602,-1.1758191726047722,0.20174645297798,-0.7046081674280806,1.9432108930449759,1.2159299433712354,1.7764552971023368
4.792155981354743,1,0.12318795255651943,-1.175264850574825,-0.0890151654170619,-0.4661421133285859,1.5716171035755362,0.5307125260682295,1.7196612411715184
4.792155981354743,2,0.12318795255651943,-1.175264850574825,0.21220311797358135,-0.7091227372462392,1.9520417298052009,1.188948715103289,1.7196612411715184
4.798291904506286,1,0.13264146418754522,-1.174666280487516,-0.089876187375008,-0.4613184019077989,1.5647861018573228,0.5043987857639989,1.6693640051764436
4.798291904506286,2,0.13264146418754522,-1.174666280487516,0.2225176515625532,-0.7133478785797173,1.9604966272736044,1.1649652194124447,1.6693640051764436
4.804427827657828,1,0.14208998194241357,-1.1740234848786708,-0.09061303681701936,-0.4567131360856825,1.5582760506756543,0.4809894277173671,1.6244742410830182
4.804427827657828,2,0.14208998194241357,-1.1740234848786708,0.23270301875943294,-0.7173103487929884,1.9686150329085197,1.143484813365651,1.6244742410830182
4.810563750809371,1,0.1515331500897714,-1.1733364879491808,-0.0912371901811728,-0.4523041159084511,1.5520539444917087,0.46002063110031816,1.5841392235158955
4.810563750809371,2,0.1515331500897714,-1.1733364879491808,0.24277034027094418,-0.7210323720407297,1.9764296781924493,1.1241185924155774,1.5841392235158955
4.816699673960914,1,0.1609706130996752,-1.1726053155640919,-0.09175859522212414,-0.4480726719164444,1.546092065453746,0.4411248963217168,1.5476811178605234
4.816699673960914,2,0.1609706130996752,-1.1726053155640919,0.25272920832179935,-0.7245326436476474,1.9839680675682618,1.1065562215388065,1.5476811178605234
4.822835597112456,1,0.17040201565697677,-1.1718299952516311,-0.09218592573579966,-0.44400292822685555,1.540366873941149,0.42400695612127814,1.5145537386466443
4.822835597112456,2,0.17040201565697677,-1.1718299952516311,0.26258794139277647,-0.7278270670247755,1.9912535708651973,1.090546782525366,1.5145537386466443
4.828971520263998,1,0.17982700267470048,-1.17101055620217,-0.09252678732298562,-0.44008125133608467,1.5348581798167225,0.4084266235879512,1.4843116249072457
4.828971520263998,2,0.17982700267470048,-1.17101055620217,0.2723537899976861,-0.7309293048660853,1.998306240318784,1.0758850013192944,1.4843116249072457
4.835107443415541,1,0.18924521930741212,-1.1701470292671259,-0.09278788427810282,-0.43629583072758,1.5295485126389399,0.39418634413848364,1.456587509696128
4.835107443415541,2,0.18924521930741212,-1.1701470292671259,0.2820331035855149,-0.7338511985395458,2.0051434321014443,1.0624011655576444,1.456587509696128
4.841243366567084,1,0.19865631096457864,-1.1692394469577996,-0.09297515567236038,-0.4326363548608994,1.524422635677911,0.3811220054578107,1.4310756290234758
4.841243366567084,2,0.19865631096457864,-1.1692394469577996,0.291631466636939,-0.7366030920969002,2.011780286376597,1.049953623565665,1.4310756290234758
4.847379289718626,1,0.20805992332391837,-1.1682878434441522,-0.09309388697831454,-0.42909375739833316,1.5194671657068264,0.3690960472842984,1.4075191690368067
4.847379289718626,2,0.20805992332391837,-1.1682878434441522,0.30115381030223287,-0.7391940860458189,2.018230103171704,1.0384231217525084,1.4075191690368067
4.853515212870169,1,0.21745570234474088,-1.167292254553518,-0.09314880219653829,-0.4256600159729299,1.5146702718345872,0.3579922228884171,1.3857006955844744
4.853515212870169,2,0.21745570234474088,-1.167292254553518,0.3106045045412792,-0.741632238580588,2.0245046403237947,1.0277084726960573,1.3857006955844744
4.859651136021712,1,0.2268432942812766,-1.166252717769256,-0.09314414035849775,-0.42232799082333217,1.5100214342517213,0.34771156545114673,1.3654347662695323
4.859651136021712,2,0.2268432942812766,-1.166252717769256,0.3199874346397743,-0.7439247269459239,2.0306143523032265,1.0177232008183856,1.3654347662695323
4.865787059173254,1,0.23622234569599493,-1.165169272229339,-0.09308371943806393,-0.41909129407198625,1.505511248983787,0.33816924602747184,1.3465621620968258
4.865787059173254,2,0.23622234569599493,-1.165169272229339,0.32930606513405886,-0.7460779781573527,2.0365685836014564,1.0083929160693539,1.3465621620968258
4.871922982324796,1,0.24559250347291126,-1.1640419587248787,-0.09297099005485833,-0.41594418283677087,1.5011312683948013,0.32929209991382863,1.3289453364725223
4.871922982324796,2,0.24559250347291126,-1.1640419587248787,0.3385634935277696,-0.7480977758881078,2.042375726787398,0.9996532365586938,1.3289453364725223
4.8780589054763395,1,0.25495341483088124,-1.1628708196985915,-0.09280908085178516,-0.41288147108094053,1.4968738697730675,0.3210166601419592,1.312464790041377
4.8780589054763395,2,0.25495341483088124,-1.1628708196985915,0.34776249568266643,-0.7499893486176511,2.0480433527920376,0.991448129899418,1.312464790041377
4.884194828627882,1,0.26430472733688315,-1.1616558992432,-0.09260083704173294,-0.40989845634261823,1.4927321461973015,0.31328758000412377,1.2970161573335204
4.884194828627882,2,0.26430472733688315,-1.1616558992432,0.3569055643786161,-0.7517574429005819,2.053578319146076,0.9837285773293967,1.2970161573335204
4.890330751779424,1,0.2736460889192864,-1.1603972430997727,-0.092348853317619,-0.4069908583884589,1.4886998152429527,0.30605635707328954,1.2825078461869532
4.890330751779424,2,0.2736460889192864,-1.1603972430997727,0.3659949422369054,-0.7534063847113137,2.0589868605545583,0.9764514891136636,1.2825078461869532
4.896466674930966,1,0.2829771478811072,-1.1590948986560017,-0.09205550208522253,-0.4041547675044251,1.4847711420953975,0.2992802930961346,1.2688591104553069
4.896466674930966,2,0.2829771478811072,-1.1590948986560017,0.3750326499663298,-0.7549401311515767,2.0642746652005504,0.9695788173591724,1.2688591104553069
4.90260259808251,1,0.2922975529132497,-1.1577489149444196,-0.09172295779411564,-0.4013866006367301,1.4809408743895012,0.29292164004643806,1.2559984652900207
4.90260259808251,2,0.2922975529132497,-1.1577489149444196,0.38402051070736537,-0.7563623143076893,2.0694469394276847,0.9630768252435827,1.2559984652900207
4.908738521234052,1,0.3016069531077322,-1.1563593426405518,-0.0913532179967488,-0.3986830639742517,1.477204186663997,0.2869468943097932,1.2438623754690252
4.908738521234052,2,0.3016069531077322,-1.1563593426405518,0.39296017110448106,-0.7576762786663002,2.074508462890079,0.9569154811592321,1.2438623754690252
4.914874444385594,1,0.3109049979708992,-1.1549262340610107,-0.09094812165052558,-0.3960411208526321,1.4735566327533987,0.2813262096422553,1.2323941630000939
4.914874444385594,2,0.3109049979708992,-1.1549262340610107,0.4018531196214248,-0.7588851132083787,2.0794636358294163,0.9510679533578386,1.2323941630000939
4.9210103675371375,1,0.32019133743661676,-1.1534496431615242,-0.09050936508578787,-0.39345796408301537,1.4699941047747291,0.27603290604625674,1.221543092062127
4.9210103675371375,2,0.32019133743661676,-1.1534496431615242,0.41070070252240465,-0.7599916790785088,2.08431651980851,0.9455101860158702,1.221543092062127
4.92714629068868,1,0.3294656218794527,-1.1519296255349052,-0.09003851598891063,-0.39093099198156295,1.466512797626318,0.27104305662601075,1.2112635983196114
4.92714629068868,2,0.3294656218794527,-1.1519296255349052,0.4195041378683634,-0.7609986335533422,2.089070872973754,0.9402205416936006,1.2112635983196114
4.933282213840222,1,0.33872750212783964,-1.1503662384089577,-0.08953702569025505,-0.3884577875116583,1.46310917811959,0.26633513823925803,1.2015146365059064
4.933282213840222,2,0.33872750212783964,-1.1503662384089577,0.4282645278180947,-0.7619084508972994,2.0937301807174804,0.9351794982666484,1.2015146365059064
4.9394181369917645,1,0.347976629477221,-1.148759540644324,-0.0890062399985373,-0.3860361000579489,1.4597799580255342,0.26188973465178905,1.1922591254595234
4.9394181369917645,2,0.347976629477221,-1.148759540644324,0.4369828694757583,-0.7627234405863751,2.098297682452206,0.9303693908077345,1.1922591254595234
4.945554060143308,1,0.3572126557031797,-1.1471095927322665,-0.08844740878390792,-0.38366382943668464,1.456522070445357,0.25768928314225786,1.1834634739055996
4.945554060143308,2,0.3572126557031797,-1.1471095927322665,0.44566006448708767,-0.7634457632955819,2.1027763950822815,0.9257741907633419,1.1834634739055996
4.95168998329485,1,0.36643523307454867,-1.1454164567923917,-0.08786169447989317,-0.3813390118151371,1.453332649017128,0.25371785725565044,1.1750971734888966
4.95168998329485,2,0.36643523307454867,-1.1454164567923917,0.45429692755444184,-0.7640774449772545,2.1071691336571496,0.9213793162332462,1.1750971734888966
4.957825906446392,1,0.37564401436650235,-1.1436801965703105,-0.08725017964790927,-0.37905980726795163,1.4502090095526403,0.24996097978106338,1.1671324480965746
4.957825906446392,2,0.37564401436650235,-1.1436801965703105,0.4628941940144116,-0.7646203893023588,2.111478529608819,0.9171714683155111,1.1671324480965746
4.963961829597935,1,0.38483865287363,-1.141900877435239,-0.08661387372621446,-0.37682448874293534,1.4471486337654773,0.2464054611199733,1.159543950516385
4.963961829597935,2,0.38483865287363,-1.141900877435239,0.47145252659984443,-0.7650763886923037,2.1157070469100003,0.9131384893964117,1.159543950516385
4.970097752749478,1,0.39401880242298865,-1.1400785663775372,-0.08595371906703414,-0.3746314322451944,1.444149154805713,0.24303925907998095,1.152308499077215
4.970097752749478,2,0.39401880242298865,-1.1400785663775372,0.4799725214900228,-0.7654471341323429,2.1198569964354053,0.909269239997234,1.152308499077215
4.97623367590102,1,0.4031841173871364,-1.1382133320061862,-0.08527059635048538,-0.37247910807838397,1.4412083443612587,0.2398513568252412,1.1454048482036605
4.97623367590102,2,0.4031841173871364,-1.1382133320061862,0.4884547137376218,-0.7657342239278023,2.123930548764509,0.9055534913784193,1.1454048482036605
4.9823695990525625,1,0.4123342526971451,-1.136305244546206,-0.08456532945128657,-0.3703660730064322,1.4383241011226011,0.23683165627583133,1.138813487852801
4.9823695990525625,2,0.4123342526971451,-1.136305244546206,0.49689958214843166,-0.7659391715397739,2.1279297456276605,0.9019818315769697,1.138813487852801
4.988505522204106,1,0.421468863855592,-1.134354375836011,-0.08383868982361961,-0.36829096321946686,1.4354944404380743,0.233970884702811,1.1325164676419115
4.988505522204106,2,0.421468863855592,-1.134354375836011,0.5053075536792117,-0.7660634126165442,2.131856510167263,0.8985455829391005,1.1325164676419115
4.994641445355648,1,0.4305876069495299,-1.1323607993247056,-0.08309140046056118,-0.3662524880046167,1.4327174850120723,0.23126051263577804,1.126497242160977
4.994641445355648,2,0.4305876069495299,-1.1323607993247056,0.5136790074100911,-0.7661083113200888,2.1357126561606896,0.8952367295251988,1.126497242160977
5.00077736850719,1,0.4396901386634353,-1.1303245900693182,-0.08232413947692534,-0.36424942403651694,1.4299914565197223,0.2286926815024682,1.1207405345249237
5.00077736850719,2,0.4396901386634353,-1.1303245900693182,0.5220142781403606,-0.7660751660328013,2.1394998963306473,0.8920478530224555,1.1207405345249237
5.006913291658733,1,0.4487761162921339,-1.128245824731977,-0.08153754335793047,-0.36228061021422575,1.4273146680292326,0.22626013966875952,1.1152322156820558
5.006913291658733,2,0.4487761162921339,-1.128245824731977,0.5303136596500643,-0.7659652145177512,2.1432198498511355,0.8889720760132962,1.1152322156820558
5.013049214810276,1,0.4578451977537033,-1.1261245815770216,-0.08073220991062645,-0.3603449429812654,1.4246855171380344,0.22395618575283313,1.1099591973765452
5.013049214810276,2,0.4578451977537033,-1.1261245815770216,0.5385774076643297,-0.7657796385957563,2.146874049142358,0.8860030116237121,1.1099591973765452
5.019185137961818,1,0.46689704160235246,-1.1239609404680582,-0.07990870095033815,-0.3584413720739641,1.4221024797414294,0.22177461825749517,1.1049093369792375
5.019185137961818,2,0.46689704160235246,-1.1239609404680582,0.5468057425526907,-0.7655195683940941,2.15046394603543,0.8831347187217424,1.1049093369792375
5.0253210611133605,1,0.4759313070412766,-1.1217549828649513,-0.07906754475037,-0.3565688966504556,1.4195641043631473,0.21970969070636193,1.1000713526645935
5.0253210611133605,2,0.4759313070412766,-1.1217549828649513,0.5549988517916465,-0.7651860862144957,2.153990917377119,0.8803616619582316,1.1000713526645935
5.031456984264903,1,0.48494765393548805,-1.119506791820758,-0.07820923827976853,-0.35472656175881284,1.4170690069863066,0.21775607158799182,1.095434747631975
5.031456984264903,2,0.48494765393548805,-1.119506791820758,0.5631568922152566,-0.7647802300619452,2.1574562701358238,0.8776786760439832,1.095434747631975
5.037592907416446,1,0.4939457428246224,-1.1172164519786005,-0.07733424925096724,-0.3529134551080174,1.4146158663310495,0.21590880851131647,1.0909897422544284
5.037592907416446,2,0.4939457428246224,-1.1172164519786005,0.5712799920755897,-0.7643029968705831,2.1608612460622614,0.8750809337431118,1.0909897422544284
5.043728830567988,1,0.5029252349357186,-1.1148840495684793,-0.0764430179965686,-0.3511287041099516,1.4122034195317805,0.21416329605925974,1.0867272131938812
5.043728830567988,2,0.5029252349357186,-1.1148840495684793,0.5793682529322872,-0.7637553454585277,2.164207025951744,0.8725639171346214,1.0867272131938812
5.049864753719531,1,0.5118857921959741,-1.1125096724040269,-0.07553595919229121,-0.3493714731644525,1.409830458172657,0.21251524689796764,1.0826386386532867
5.049864753719531,2,0.5118857921959741,-1.1125096724040269,0.5874217513882652,-0.7631381992395744,2.167494733549213,0.870123391755319,1.0826386386532867
5.056000676871074,1,0.5208270772454723,-1.1100934098792015,-0.0746134634411756,-0.3476409611627947,1.4074958246449265,0.21096066575882597,1.0787160490478296
5.056000676871074,2,0.5208270772454723,-1.1100934098792015,0.5954405406866479,-0.7624524487164067,2.170725439133308,0.8677553832890036,1.0787160490478296
5.062136600022616,1,0.5297487534498849,-1.1076353529649214,-0.07367589873245632,-0.3459363991878438,1.405198408793964,0.20949582596121896,1.074951982472201
5.062136600022616,2,0.5297487534498849,-1.1076353529649214,0.6034246521823412,-0.7616989537770776,2.173900162811515,0.865456156510982,1.074951982472201
5.0682725231741586,1,0.5386504849131454,-1.1051355942056402,-0.07272361178703744,-0.34425704839161947,1.4029371448275691,0.2081172481872634,1.0713394444218844
5.0682725231741586,2,0.5386504849131454,-1.1051355942056402,0.6113740967001828,-0.7608785458140208,2.17701987755474,0.8632221962346209,1.0713394444218844
5.074408446325701,1,0.5475319364900952,-1.1025942277158625,-0.07175692930022083,-0.3426021980331768,1.4007110084603014,0.2068216812567507,1.067871871295634
5.074408446325701,2,0.5475319364900952,-1.1025942277158625,0.6192888657903162,-0.7599920296826855,2.180085511996476,0.8610501900388835,1.067871871295634
5.080544369477244,1,0.5563927737991027,-1.1000113491766,-0.07077615909120795,-0.34097116366160846,1.3985190142714308,0.20560608468224642,1.064543097265721
5.080544369477244,2,0.5563927737991027,-1.1000113491766,0.6271689328903106,-0.7590401855149914,2.1830979530189456,0.8589370125834747,1.064543097265721
5.086680292628786,1,0.5652326632346509,-1.0973870558317698,-0.06978159116790396,-0.3393632854306237,1.3963602132565394,0.20446761281155898,1.0613473241536078
5.086680292628786,2,0.5652326632346509,-1.0973870558317698,0.6350142544025549,-0.758023770401146,2.186058048146155,0.8568797113420488,1.0613473241536078
5.092816215780329,1,0.5740512719798994,-1.0947214464845332,-0.06877349871467965,-0.3377779265326138,1.3942336905549517,0.20340360038828537,1.058279093992776
5.092816215780329,2,0.5740512719798994,-1.0947214464845332,0.642824770694579,-0.7569435199519193,2.188966607761677,0.8548754936044908,1.058279093992776
5.098952138931871,1,0.5828482680192126,-1.0920146214935755,-0.06775213900997604,-0.33621447174138275,1.3921385633370593,0.20241154938144013,1.0553332639985167
5.098952138931871,2,0.5828482680192126,-1.0920146214935755,0.6506004070291888,-0.7558001497521928,2.191824407167101,0.8529217146170766,1.0553332639985167
5.105088062083414,1,0.5916233201506623,-1.0892666827693278,-0.06671775427995573,-0.3346723260538491,1.3900739788372627,0.20148911695275754,1.052504983697505
5.105088062083414,2,0.5916233201506623,-1.0892666827693278,0.6583410744306181,-0.7545943567154788,2.1946321884954507,0.8510158667447474,1.052504983697505
5.111223985234957,1,0.6003760979984951,-1.08647773377013,-0.065670572493802,-0.3331509134220102,1.3880391125197151,0.2006341044455178,1.0497896739986674
5.111223985234957,2,0.6003760979984951,-1.08647773377013,0.666046670492297,-0.7533268203481197,2.197390662492413,0.8491555695531496,1.0497896739986674
5.117359908386499,1,0.6091062720255722,-1.0836478794983353,-0.06461080810573196,-0.33164967556733826,1.386033166365355,0.19984444729203182,1.0471830080118107
5.117359908386499,2,0.6091062720255722,-1.0836478794983353,0.6737170801313042,-0.751998203930997,2.2001005101769433,0.847338560719779,1.0471830080118107
5.123495831538042,1,0.6178135135457757,-1.0807772264963578,-0.06353866274831503,-0.3301680708705518,1.384055367269842,0.1991182057484986,1.0446808934422782
5.123495831538042,2,0.6178135135457757,-1.0807772264963578,0.6813521762940908,-0.750609155625806,2.2027623843916806,0.8455626876937797,1.0446808934422782
5.129631754689584,1,0.6264974947363839,-1.0778658828426604,-0.06245432588126511,-0.3287055733303955,1.3821049655430517,0.19845355637607262,1.0422794564089544
5.129631754689584,2,0.6264974947363839,-1.0778658828426604,0.6889518206176491,-0.7491603095122649,2.2053769112525954,0.8438259000328817,1.0422794564089544
5.135767677841127,1,0.6351578886504132,-1.0749139581476863,-0.061357975399498166,-0.3272616715856746,1.380181233501663,0.19784878419584181,1.0399750265496381
5.135767677841127,2,0.6351578886504132,-1.0749139581476863,0.6965158640499114,-0.7476522865620117,2.207944691506407,0.8421262423537962,1.0399750265496381
5.141903600992669,1,0.6437943692289274,-1.0719215635497317,-0.06024977820391097,-0.3258358679953353,1.3782834641472,0.19730227545319537,1.0377641232924717
5.141903600992669,2,0.6437943692289274,-1.0719215635497317,0.7040441474328384,-0.7460856955543964,2.210466301803506,0.8404618478392764,1.0377641232924717
5.148039524144212,1,0.6524066113133141,-1.068888811710762,-0.059129890738035755,-0.32442767777187315,1.3764109699225942,0.19681251093389937,1.035643443185015
5.148039524144212,2,0.6524066113133141,-1.068888811710762,0.7115365020513499,-0.7444611339388889,2.212942295893411,0.8388309322511157,1.035643443185015
5.154175447295755,1,0.6609942906575267,-1.0658158168121699,-0.057998459493457215,-0.3230366281637856,1.3745630815409877,0.19637805978022388,1.0336098481839298
5.154175447295755,2,0.6609942906575267,-1.0658158168121699,0.718992750150984,-0.7427791886483842,2.2153732057491657,0.8372317884037058,1.0336098481839298
5.160311370447297,1,0.6695570839402915,-1.0627026945504763,-0.05685562148663685,-0.3216622576831797,1.3727391468810628,0.195997573760782,1.0316603548182894
5.160311370447297,2,0.6695570839402915,-1.0627026945504763,0.7264127054269284,-0.7410404368672965,2.21775954262649,0.8356627810575076,1.0316603548182894
5.166447293598839,1,0.6780946687772811,-1.0595495621329747,-0.055701504709573774,-0.32030411537499653,1.3709385299437158,0.19566978195244364,1.0297921241484214
5.166447293598839,2,0.6780946687772811,-1.0595495621329747,0.7337961734868549,-0.7392454467579782,2.220101798063031,0.8341223421959777,1.0297921241484214
5.1725832167503825,1,0.6866067237332519,-1.0563565382733187,-0.05453622855653672,-0.31896176012463223,1.369160609865347,0.1953934857968515,1.0280024524500635
5.1725832167503825,2,0.6866067237332519,-1.0563565382733187,0.7411429522897887,-0.7373947781486866,2.222400444822565,0.8326089666532119,1.0280024524500635
5.178719139901925,1,0.6950929283341458,-1.053123743187052,-0.05335990422892743,-0.31763476000102064,1.3674047799834645,0.19516755449776324,1.0262887625606312
5.178719139901925,2,0.6950929283341458,-1.053123743187052,0.7484528325630733,-0.7354889831860313,2.224655937788625,0.8311212080628679,1.0262887625606312
5.184855063053467,1,0.703552963079156,-1.049851298587082,-0.052172635120178175,-0.31632269163250376,1.3656704469506804,0.19499092072872903,1.0246485958306042
5.184855063053467,2,0.703552963079156,-1.049851298587082,0.7557255981993343,-0.7335286069545783,2.2268687148116357,0.829657675101875,1.0246485958306042
5.19099098620501,1,0.7119865094527562,-1.0465393276790989,-0.05097451718244459,-0.3150251396130479,1.3639570298935166,0.19486257662353973,1.0230796046286033
5.19099098620501,2,0.7119865094527562,-1.0465393276790989,0.7629610266352007,-0.7315141880660508,2.229039197513325,0.8282170280050635,1.0230796046286033
5.197126909356553,1,0.7203932499366917,-1.0431879551569347,-0.049765639276726774,-0.313741695936579,1.3622639596127555,0.19478157002449079,1.0215795453536767
5.197126909356553,2,0.7203932499366917,-1.0431879551569347,0.7701588892134186,-0.7294462592203558,2.231167792051868,0.8267979753291859,1.0215795453536767
5.203262832508095,1,0.7287728680219351,-1.0397973071978714,-0.04854608350793619,-0.31247195945740314,1.360590677822347,0.1947470009658398,1.0201462719127483
5.203262832508095,2,0.7287728680219351,-1.0397973071978714,0.7773189515298713,-0.7273253477404682,2.233254889850957,0.8253992709469085,1.0201462719127483
5.209398755659637,1,0.7371250482206015,-1.0363675114578876,-0.04731592554632112,-0.3112155353748553,1.3589366364241497,0.19475801837192358,1.0187777296251508
5.209398755659637,2,0.7371250482206015,-1.0363675114578876,0.7844409737669227,-0.7251519760830324,2.2353008682957385,0.8240197112532271,1.0187777296251508
5.2155346788111805,1,0.7454494760778273,-1.032898697066855,-0.0460752349365686,-0.3099720347404819,1.357301296816007,0.19481381695127237,1.017471949519723
5.2155346788111805,2,0.7454494760778273,-1.032898697066855,0.7915247110143959,-0.722926662326373,2.2373060913983442,0.8226581325684507,1.017471949519723
5.221670601962723,1,0.7537458381836084,-1.0293909946236743,-0.044824075395814865,-0.30874107398620937,1.3556841292308923,0.19491363426974273,1.0162270429931601
5.221670601962723,2,0.7537458381836084,-1.0293909946236743,0.7985699135794232,-0.720649920637465,2.2392709104355295,0.8213134087234174,1.0162270429931601
5.227806525114265,1,0.7620138221846008,-1.0258445361913604,-0.04356250510171796,-0.30752227447208885,1.3540846121050365,0.19505674798720377,1.0150411968011779
5.227806525114265,2,0.7620138221846008,-1.0258445361913604,0.8055763272863187,-0.7183222617192715,2.241195664560762,0.819984448813974,1.0150411968011779
5.2339424482658075,1,0.7702531167958798,-1.0222594552920683,-0.04229057697167515,-0.3063152620523319,1.3525022314731423,0.19524247324367808,1.0139126683566593
5.2339424482658075,2,0.7702531167958798,-1.0222594552920683,0.812543693767555,-0.7159441932397365,2.243080681392913,0.8186701951129812,1.0139126683566593
5.240078371417351,1,0.7784634118126603,-1.018635886902068,-0.04100833893420268,-0.3051196666584671,1.35093648038896,0.19547016018207278,1.0128397813112953
5.240078371417351,2,0.7784634118126603,-1.018635886902068,0.8194717507468631,-0.7135162202436008,2.2449262775835854,0.8173696211292225,1.0128397813112953
5.246214294568893,1,0.7866443981219755,-1.0149739674466611,-0.03971583419343599,-0.30393512189855715,1.349386858369644,0.195739191595755,1.0118209213993576
5.246214294568893,2,0.7866443981219755,-1.0149739674466611,0.8263602323154114,-0.711038845548104,2.246732759364925,0.8160817298036026,1.0118209213993576
5.252350217720435,1,0.7947957677143145,-1.0112738347950456,-0.03841310148765422,-0.30276126467151276,1.3478528708624604,0.19604898069024024,1.0108545325241693
5.252350217720435,2,0.7947957677143145,-1.0112738347950456,0.8332088692019687,-0.7085125701235327,2.2485004230796752,0.814805551833929,1.0108545325241693
5.2584861408719785,1,0.8029172136952194,-1.0075356282551242,-0.03710017534268244,-0.3015977347956358,1.3463340287325467,0.19639896894918632,1.0099391130695856
5.2584861408719785,2,0.8029172136952194,-1.0075356282551242,0.8400173890379018,-0.7059378934594883,2.250229555695089,0.8135401441203993,1.0099391130695856
5.264622064023521,1,0.8110084302968393,-1.0037594885682604,-0.03577708632097876,-0.30044417465060863,1.3448298477705476,0.1967886240957287,1.0090732124203932
5.264622064023521,2,0.8110084302968393,-1.0037594885682604,0.8467855166178181,-0.7033153139176518,2.2519204353022078,0.8122845883246645,1.0090732124203932
5.270757987175063,1,0.8190691128894425,-0.9999455579039792,-0.03444386126717093,-0.2993002288322294,1.3433398482190675,0.19721743814096285,1.0082554276769813
5.270757987175063,2,0.8190691128894425,-0.9999455579039792,0.8535129741566134,-0.7006453290717499,2.253573331601921,0.8110379895360185,1.0082554276769813
5.2768939103266055,1,0.827098957992885,-0.9960939798546145,-0.03310052355076639,-0.2981655438192688,1.3418635543169877,0.19768492551208786,1.0074844005509687
5.2768939103266055,2,0.827098957992885,-0.9960939798546145,0.8601994815436514,-0.6979284360353457,2.2551885063791133,0.8097994750388808,1.0074844005509687
5.283029833478149,1,0.8350976632880374,-0.9922048994299029,-0.03174709330672281,-0.2970397676518978,1.3404004938608005,0.19819062125337605,1.0067588144296769
5.283029833478149,2,0.8350976632880374,-0.9922048994299029,0.8668447565947602,-0.695165131778005,2.256766213966129,0.8085681931763008,1.0067588144296769
5.289165756629691,1,0.843064927628166,-0.9882784630515241,-0.03038358767453048,-0.29592254962120196,1.3389501977822036,0.19873407929373466,1.0060773915984547
5.289165756629691,2,0.843064927628166,-0.9882784630515241,0.8734485153026965,-0.6923559134303221,2.2583067016966862,0.80734331230472,1.0060773915984547
5.295301679781233,1,0.8510004510502717,-0.9843148185475887,-0.029010021036424485,-0.2948135399693645,1.3375121997412944,0.1993148707751826,1.0054388906108742
5.295301679781233,2,0.8510004510502717,-0.9843148185475887,0.8800104720866962,-0.6895012785782242,2.2598102103513087,0.8061240198356916,1.0054388906108742
5.301437602932776,1,0.8589039347863827,-0.980314115147072,-0.02762640525531243,-0.29371238960016194,1.3360860357347855,0.19993258243708437,1.0048421037977597
5.301437602932776,2,0.8589039347863827,-0.980314115147072,0.8865303400416952,-0.68660172554691,2.2612769745952566,0.8049095213606753,1.0048421037977597
5.307573526084319,1,0.8667750812748035,-0.9762765034741957,-0.026232749912972652,-0.29261874979947533,1.334671243718745,0.20058681505146594,1.0042858549068703
5.307573526084319,2,0.8667750812748035,-0.9762765034741957,0.8930078311877762,-0.6836577536747205,2.262707223409868,0.8036990398554044,1.0042858549068703
5.313709449235861,1,0.8746135941713176,-0.9722021355427575,-0.024829062549047612,-0.29153227196557435,1.333267363245445,0.20127718190519203,1.003768996865857
5.313709449235861,2,0.8746135941713176,-0.9722021355427575,0.8994426567203652,-0.6806698635771831,2.264101180518166,0.8024918149606649,1.003768996865857
5.3198453723874035,1,0.8824191783603447,-0.9680911647504068,-0.023415348901327872,-0.29045260734899014,1.3318739351139726,0.20200330732521085,1.0032904096618476
5.3198453723874035,2,0.8824191783603447,-0.9680911647504068,0.9058345272616726,-0.6776385574014167,2.2654590648054995,0.8012871023366368,1.0032904096618476
5.325981295538947,1,0.8901915399660519,-0.9639437458728707,-0.021991613147792726,-0.2893794068018395,1.3304905010343286,0.20276482524347603,1.0028489983316977
5.325981295538947,2,0.8901915399660519,-0.9639437458728707,0.9121831531138446,-0.6745643390710312,2.2667810907359454,0.8000841730882217,1.0028489983316977
5.332117218690489,1,0.8979303863634176,-0.9597600350581256,-0.02055785815084462,-0.2883123205365171,1.3291166033048114,0.2035613777985384,1.0024436910575683
5.332117218690489,2,0.8979303863634176,-0.9597600350581256,0.9184882445142623,-0.6714477145216085,2.2680674687651146,0.7988823132590299,1.0024436910575683
5.338253141842031,1,0.9056354261892491,-0.9555401898205191,-0.019114085704145217,-0.2872509978937187,1.3277517845025415,0.2043926139711659,1.002073437363086
5.338253141842031,2,0.9056354261892491,-0.9555401898205191,0.9247495118933944,-0.6682891919268005,2.2693184057499667,0.79768082339192,1.002073437363086
5.344389064993574,1,0.9133063693531518,-0.9512843690348395,-0.017660296782431407,-0.2861950871198046,1.3263955871870479,0.20525818825169884,1.0017372064058716
5.344389064993574,2,0.9133063693531518,-0.9512843690348395,0.9309666661355832,-0.6650892819150348,2.2705341053561554,0.7964790181541729,1.0017372064058716
5.350524988145117,1,0.9209429270484512,-0.9469927329303337,-0.01619649179465937,-0.28514423515355797,1.3250475536169002,0.2061577593371828,1.0014339853627332
5.350524988145117,2,0.9209429270484512,-0.9469927329303337,0.9371394188431105,-0.6618484977767758,2.2717147684633905,0.7952762260255503,1.0014339853627332
5.356660911296659,1,0.9285448117630661,-0.9426654430846757,-0.014722670840793943,-0.284098087422435,1.3237072254794195,0.2070909888566461,1.0011627779042787
5.356660911296659,2,0.9285448117630661,-0.9426654430846757,0.9432674826038601,-0.6585673556622407,2.2728605935692183,0.7940717890476326,1.0011627779042787
5.3627968344482015,1,0.9361117372903339,-0.9383026624178821,-0.013238833972528629,-0.28305628764844626,1.322374143633564,0.20805754012319905,1.0009226027561415
5.3627968344482015,2,0.9361117372903339,-0.9383026624178821,0.9493505712628626,-0.6552463747694358,2.27397177719159,0.7928650626329423,1.0009226027561415
5.368932757599744,1,0.9436434187397853,-0.9339045551861793,-0.011744981458188558,-0.2820184776638465,1.3210478478661327,0.20905707691193762,1.000712492344398
5.368932757599744,2,0.9436434187397853,-0.9339045551861793,0.9553884001979739,-0.6518860775223327,2.275048514270506,0.7916554154324604,1.000712492344398
5.375068680751287,1,0.9511395725478705,-0.9294712869758187,-0.010241114052034508,-0.28098429723684964,1.3197278766614828,0.21008926226292535,1.000531491523138
5.375068680751287,2,0.9511395725478705,-0.9294712869758187,0.9613806865999049,-0.648486989738969,2.2760909985689777,0.7904422292602127,1.000531491523138
5.381204603902829,1,0.9585999164886355,-0.9250030246968428,-0.00872723326815036,-0.2799533839076214,1.3184137669850016,0.21115375730881586,1.0003786563824706
5.381204603902829,2,0.9585999164886355,-0.9250030246968428,0.9673271497567858,-0.6450496407892213,2.2770994230734893,0.7892248990736547,1.0003786563824706
5.387340527054372,1,0.9660241696843476,-0.9204999365768008,-0.007203341659059143,-0.278925372834836,1.3171050540806215,0.21225022012695516,1.000253053135566
5.387340527054372,2,0.9660241696843476,-0.9204999365768008,0.9732275113434067,-0.6415745637419649,2.2780739803940726,0.7880028330086108,1.000253053135566
5.393476450205915,1,0.9734120526160701,-0.9159621921544154,-0.0056694430991739535,-0.2778998966531154,1.3158012712827085,0.21337830461607446,1.0001537570836099
5.393476450205915,2,0.9734120526160701,-0.9159621921544154,0.979081495715244,-0.6380622955013001,2.279014863164056,0.7867754524675353,1.0001537570836099
5.399612373357457,1,0.9807632871341864,-0.9113899622731993,-0.004125543073149424,-0.2768765853417013,1.3145019498426875,0.21453765939794883,1.0000798516577933
5.399612373357457,2,0.9807632871341864,-0.9113899622731993,0.9848888302073358,-0.6345133769314981,2.2799222644394836,0.7855421922598446,1.0000798516577933
5.405748296509,1,0.9880775964688716,-0.9067834190750235,-0.0025716489691570044,-0.27585506610473515,1.3132066187708191,0.21572792674465208,1.0000304275376946
5.405748296509,2,0.9880775964688716,-0.9067834190750235,0.9906492454380287,-0.6309283529702883,2.28079637809814,0.7843025007930425,1.0000304275376946
5.411884219660542,1,0.9953547052405136,-0.9021427359936354,-0.0010077703770630584,-0.27483496326355,1.3119148046935558,0.21694874153228894,1.0000045818455916
5.411884219660542,2,0.9953547052405136,-0.9021427359936354,0.9963624756175766,-0.6273077727300854,2.2816373992380496,0.7830558403133027,1.0000045818455916
5.418020142812085,1,1.00259433947008,-0.8974680877481302,0.0005660806085573248,-0.2738158981613977,1.3106260317269545,0.21819973022232445,1.0000014174164258
5.418020142812085,2,1.00259433947008,-0.8974680877481302,1.0020282588615228,-0.6236521895867325,2.282445524575261,0.7818016871941013,1.0000014174164258
5.424156065963627,1,1.009796226589434,-0.8927596503363724,0.0021498890806859114,-0.27279748908105766,1.309339821366635,0.21948050987186327,1.000020042143266
5.424156065963627,2,1.009796226589434,-0.8927596503363724,1.007646337508748,-0.6199621612553148,2.283220952840659,0.7805395322714027,1.000020042143266
5.43029198911517,1,1.016960095451596,-0.8880176010283692,0.0037436370075711856,-0.2717793511757879,1.3080556923948041,0.22079068717445308,1.0000595683982407
5.43029198911517,2,1.016960095451596,-0.8880176010283692,1.0132164584440249,-0.6162382498525814,2.283963885175484,0.7792688812237876,1.0000595683982407
5.436427912266713,1,1.0240856763409525,-0.883242118359597,0.005347302916098963,-0.2707610964140931,1.3067731608048785,0.22212985753319694,1.0001191125289832
5.436427912266713,2,1.0240856763409525,-0.883242118359597,1.0187383734248534,-0.6124810219455038,2.2846745255251735,0.7779892549957863,1.0001191125289832
5.442563835418255,1,1.0311727009834102,-0.8784333821242788,0.006960861571093447,-0.26974233353879645,1.3054917397442565,0.22349760416815884,1.0001977944306952
5.442563835418255,2,1.0311727009834102,-0.8784333821242788,1.0242118394123167,-0.6086910485854824,2.285353081031075,0.7767001902625364,1.0001977944306952
5.448699758569798,1,1.0382209025564972,-0.8735915733686164,0.008584283650873183,-0.2687226680409034,1.3042109394757986,0.2248934972602318,1.0002947371939523
5.448699758569798,2,1.0382209025564972,-0.8735915733686164,1.0296366189056239,-0.604868905327713,2.285999762419512,0.7754012399337205,1.0002947371939523
5.45483568172134,1,1.0452300156994077,-0.8687168743839725,0.01021753541944251,-0.2677017021487528,1.3029302673585745,0.22631709313380816,1.0004090668283716
5.45483568172134,2,1.0452300156994077,-0.8687168743839725,1.0350124802799652,-0.6010151722352197,2.2866147843876337,0.7740919736945635,1.0004090668283716
5.460971604872883,1,1.0521997765229933,-0.8638094687000087,0.011860578395756391,-0.2666790348329448,1.301649227848443,0.22776793348074606,1.0005399120622296
5.460971604872883,2,1.0521997765229933,-0.8638094687000087,1.040339198127237,-0.597130433867064,2.287198365985392,0.7727719785814835,1.0005399120622296
5.4671075280244255,1,1.0591299226196988,-0.8588695410777756,0.013513369020554734,-0.2656542618275297,1.3003673225190155,0.229245544628262,1.0006864042180446
5.4671075280244255,2,1.0591299226196988,-0.8588695410777756,1.0456165535991442,-0.5932152792502459,2.2877507309929497,0.7714408595897825,1.0006864042180446
5.473243451175968,1,1.0660201930734403,-0.8538972775027559,0.015175858321321218,-0.2646269756679295,1.2990840501035463,0.23074943685349436,1.0008476771640498
5.473243451175968,2,1.0660201930734403,-0.8538972775027559,1.050844334752119,-0.5892703018348264,2.288272108292756,0.7700982403105554,1.0008476771640498
5.47937937432751,1,1.0728703284694296,-0.8488928651778629,0.016847991575980804,-0.2635967657460476,1.2977989065582716,0.23227910374757757,1.0010228673413526
5.47937937432751,2,1.0728703284694296,-0.8488928651778629,1.0560223368934487,-0.5852960994318153,2.2887627322354547,0.768743763593775,1.0010228673413526
5.485515297479053,1,1.0796800709039407,-0.8438564925163922,0.018529707976009318,-0.2625632183830013,1.2965113851476988,0.23383402163213687,1.0012111138664168
5.485515297479053,2,1.0796800709039407,-0.8438564925163922,1.0611503629279313,-0.5812932741333909,2.289222842998756,0.7673770922342801,1.0012111138664168
5.491651220630596,1,1.08644916399402,-0.8387883491349277,0.020220940289687305,-0.261525916919881,1.2952209765523088,0.23541364903115816,1.0014115587083248
5.491651220630596,2,1.08644916399402,-0.8387883491349277,1.0662282237043328,-0.5772624322150468,2.289652686938331,0.7659979096771667,1.0014115587083248
5.497787143782138,1,1.0931773528871385,-0.8336886258462035,0.021921614526288193,-0.2604844418269126,1.2939271689991005,0.2370174262012057,1.001623346940055
5.497787143782138,2,1.0931773528871385,-0.8336886258462035,1.0712557383608503,-0.573204184019291,2.290052516929749,0.7646059207388494,1.001623346940055
5.503923066933681,1,1.099864384270787,-0.828557514651919,0.02363164960204751,-0.25943837083135546,1.2926294484153649,0.2386447747229493,1.0018456270627736
5.503923066933681,2,1.099864384270787,-0.828557514651919,1.0762327346687395,-0.5691191438205635,2.29042259270043,0.7632008523398243,1.0018456270627736
5.5100589900852235,1,1.1065100063820137,-0.8233952087355103,0.02535095700881471,-0.25838727906442854,1.2913272986060145,0.24029509715692077,1.0020775514018667
5.5100589900852235,2,1.1065100063820137,-0.8233952087355103,1.081159049373199,-0.5650079296710818,2.290763181150539,0.7617824542449461,1.0020775514018667
5.516194913236766,1,1.113113969016902,-0.8182019024548777,0.02707944048634154,-0.25733073922750543,1.2900202014547457,0.2419677767663469,1.00231827657315
5.516194913236766,2,1.113113969016902,-0.8182019024548777,1.0860345285305606,-0.5608711632273722,2.2910745566617208,0.7603504998068031,1.00231827657315
5.522330836388308,1,1.1196760235399914,-0.8129777913350671,0.028816995699210715,-0.25626832177776343,1.2887076371492403,0.24366217730979886,1.002566964017373
5.522330836388308,2,1.1196760235399914,-0.8129777913350671,1.0908590278407808,-0.5567094695573037,2.2913570013925404,0.7589047867075742,1.002566964017373
5.528466759539851,1,1.126195922893638,-0.8077230720609097,0.030563509919454557,-0.2551995951334115,1.2873890844305378,0.24537764290625874,1.002822780600809
5.528466759539851,2,1.126195922893638,-0.8077230720609097,1.0956324129741835,-0.5525234769274981,2.291610805559472,0.7574451376945502,1.002822780600809
5.534602682691394,1,1.1326734216073162,-0.8024379424696162,0.03231886171595568,-0.25412412589855465,1.2860640208666394,0.24711349797502788,1.0030848992793582
5.534602682691394,2,1.1326734216073162,-0.8024379424696162,1.1003545598913604,-0.5483138165710615,2.291836267702262,0.7559714013043304,1.0030848992793582
5.540738605842936,1,1.1391082758068605,-0.7971226015433284,0.03408292065175908,-0.2530414791076805,1.2847319231503092,0.24886904725269274,1.0033524998232388
5.540738605842936,2,1.1391082758068605,-0.7971226015433284,1.1050253551551015,-0.5440811224356479,2.2920336949324835,0.754483452570546,1.0033524998232388
5.546874528994478,1,1.1455002432236472,-0.791777249401628,0.03585554699045752,-0.2519512184896769,1.283392267420955,0.2506435758891181,1.0036247695989546
5.546874528994478,2,1.1455002432236472,-0.791777249401628,1.1096446962331896,-0.5398260309119511,2.292203403164099,0.7529811937098365,1.0036247695989546
5.5530104521460215,1,1.1518490832037158,-0.786402087294002,0.037636591412838406,-0.2508529067512083,1.2820445296103684,0.2524363496241584,1.003900904404855
5.5530104521460215,2,1.1518490832037158,-0.786402087294002,1.1142124917908776,-0.5355491805427937,2.2923457173248627,0.7514645547806966,1.003900904404855
5.559146375297564,1,1.1581545567168297,-0.7809973175922655,0.0394258947450008,-0.24974610587919174,1.2806881858120036,0.2542466150464644,1.0041801093562133
5.559146375297564,2,1.1581545567168297,-0.7809973175922655,1.1187286619718289,-0.5312512117130739,2.292460971547394,0.749933494309749,1.0041801093562133
5.565282298449106,1,1.1644164263654748,-0.7755631437829433,0.04122328769916414,-0.24863037746202452,1.2793227126733686,0.25607359993541573,1.004461599815373
5.565282298449106,2,1.1644164263654748,-0.7755631437829433,1.1231931386663105,-0.5269327663209188,2.2925495093388015,0.7483879998799573,1.004461599815373
5.571418221600649,1,1.170634456393798,-0.7700997704596076,0.043028590628396465,-0.24750528302912295,1.2779475878109927,0.25791651368683494,1.0047446023621374
5.571418221600649,2,1.170634456393798,-0.7700997704596076,1.1276058657654016,-0.5225944874304848,2.2926116837277584,0.7468280886753024,1.0047446023621374
5.577554144752192,1,1.1768084126964833,-0.7646074033151764,0.04484161329648757,-0.24637038440823555,1.276562290247312,0.25977454782273035,1.0050283557992168
5.577554144752192,2,1.1768084126964833,-0.7646074033151764,1.1319667993999956,-0.5182370189069408,2.2926478573879723,0.7452538079764864,1.0050283557992168
5.583690067903734,1,1.1829380628275652,-0.7590862491341681,0.04666215466418252,-0.24522524409989704,1.2751663008687135,0.26164687658488595,1.0053121121872062
5.583690067903734,2,1.1829380628275652,-0.7590862491341681,1.1362759081633826,-0.5138610050342711,2.2926584027370747,0.7436652356023202,1.0053121121872062
5.589825991055276,1,1.1890231760091812,-0.7535365157849172,0.048490002692971775,-0.2440694256682912,1.2737591029038446,0.2635326576116618,1.0055951379032446
5.589825991055276,2,1.1890231760091812,-0.7535365157849172,1.1405331733162094,-0.509467090116626,2.2926437020099786,0.7420624802915828,1.0055951379032446
5.5959619142068195,1,1.1950635231402589,-0.7479584122117476,0.05032493416760639,-0.24290249414769147,1.2723401824211886,0.26543103269689405,1.005876714717218
5.5959619142068195,2,1.1950635231402589,-0.7479584122117476,1.1447385889726525,-0.5050559180640561,2.292604147305873,0.7404456820203239,1.005876714717218
5.602097837358362,1,1.201058876805143,-0.7423521484271061,0.05216671453846976,-0.24172401646355057,1.270909028844783,0.26734112862929654,1.0061561408791049
5.602097837358362,2,1.201058876805143,-0.7423521484271061,1.1488921622666732,-0.5006281319635555,2.2925401406080743,0.7388150122498084,1.0061561408791049
5.608233760509904,1,1.2070090112821565,-0.7367179355036553,0.05401509778489108,-0.24053356186721236,1.2694651354868425,0.26926205811026566,1.0064327322108486
5.608233760509904,2,1.2070090112821565,-0.7367179355036553,1.1529939134972655,-0.49618437363644297,2.2924520937760677,0.737170674100583,1.0064327322108486
5.6143696836614465,1,1.2129137025520997,-0.7310559855663276,0.05586982630043022,-0.239330702383126,1.2680080000959364,0.2711929207474855,1.0067058231959554
5.6143696836614465,2,1.2129137025520997,-0.7310559855663276,1.1570438762516695,-0.4917252831832015,2.29234042850917,0.73551290244847,1.0067058231959554
5.62050560681299,1,1.2187727283066834,-0.7253665117843376,0.05773063080109896,-0.2381150132673498,1.266537125419259,0.2731328041212254,1.0069747680598917
5.62050560681299,2,1.2187727283066834,-0.7253665117843376,1.1610420975055844,-0.4872514985169879,2.292205576281357,0.7338419639386662,1.0069747680598917
5.626641529964532,1,1.2245858679568995,-0.719649728363158,0.059597230257409886,-0.2368860734760461,1.265052019777428,0.27508078491971927,1.0072389418342698
5.626641529964532,2,1.2245858679568995,-0.719649728363158,1.1649886376994896,-0.48276365488711187,2.2920479782469183,0.7321581569145506,1.0072389418342698
5.632777453116074,1,1.2303529026413256,-0.7139058505364531,0.06146933185106169,-0.23564346614258622,1.2635521976501451,0.27703593013952565,1.0074977413977875
5.632777453116074,2,1.2303529026413256,-0.7139058505364531,1.1688835707902638,-0.47826238439386687,2.291868085116732,0.7304618112582618,1.0074977413977875
5.638913376267618,1,1.2360736152343657,-0.7081350945579766,0.06334663095697907,-0.2343867790618082,1.2620371802709647,0.2789972983462941,1.0077505864869114
5.638913376267618,2,1.2360736152343657,-0.7081350945579766,1.1727269842773864,-0.47374831549616847,2.2916663570050813,0.7287532881406172,1.0077505864869114
5.64504929941916,1,1.2417477903544236,-0.7023376776934297,0.06522881115132668,-0.23311560517990243,1.2605064962293304,0.28096394099090644,1.0079969206693908
5.64504929941916,2,1.2417477903544236,-0.7023376776934297,1.176518979203097,-0.4692220725135273,2.2914432632470736,0.7270329796784845,1.0079969206693908
5.651185222570702,1,1.2473752143720136,-0.6965138182122805,0.0671155442460108,-0.2318295430883379,1.2589596820779665,0.28293490377553776,1.0082362122738298
5.651185222570702,2,1.2473752143720136,-0.6965138182122805,1.1802596701260026,-0.4646842751239426,2.2911992821868674,0.7253013084982921,1.0082362122738298
5.6573211457222445,1,1.2529556754178017,-0.6906637353795467,0.06900649035007035,-0.2305281975201908,1.2573962829436451,0.2849092280637858,1.0084679552687554
5.6573211457222445,2,1.2529556754178017,-0.6906637353795467,1.1839491850677313,-0.46013553785935596,2.290934900937054,0.7235587272049697,1.0084679552687554
5.663457068873788,1,1.2584889633905838,-0.6847876494475408,0.07090129795824071,-0.22921117984719327,1.2558158531393022,0.28688595232866165,1.0086916700848936
5.663457068873788,2,1.2584889633905838,-0.6847876494475408,1.187587665432343,-0.4555764696003475,2.2906506151096853,0.7218057177562318,1.0086916700848936
5.66959299202533,1,1.263974869965195,-0.6788857816475765,0.07279960406685114,-0.22787810857578794,1.2542179567754272,0.2888641136319198,1.0089069043746828
5.66959299202533,2,1.263974869965195,-0.6788857816475765,1.1911752658983439,-0.45100767307178863,2.2903469285195945,0.720042790742763,1.0089069043746828
5.675728915176872,1,1.2694131886003535,-0.6729583541816411,0.07470103431709005,-0.2265286098404511,1.2526021683686277,0.29084274912793745,1.009113233703449
5.675728915176872,2,1.2694131886003535,-0.6729583541816411,1.1947121542832635,-0.44642974434119004,2.2900243528607933,0.7182704845755115,1.009113233703449
5.681864838328415,1,1.2748037145464364,-0.6670055902140284,0.0766052031655432,-0.22516231789253643,1.2509680734452542,0.29282089758513613,1.0093102621670915
5.681864838328415,2,1.2748037145464364,-0.6670055902140284,1.1981985113808933,-0.44184327232149195,2.289683407356868,0.7164893645819554,1.0093102621670915
5.688000761479958,1,1.2801462448531886,-0.6610277138629371,0.0785117140817787,-0.22377887558289133,1.2493152691379634,0.2947976009177751,1.0094976229316301
5.688000761479958,2,1.2801462448531886,-0.6610277138629371,1.20163453077141,-0.4372488382800458,2.28932461838646,0.714700022013855,1.0094976229316301
5.6941366846315,1,1.2854405783773637,-0.6550249501920333,0.0804201597726213,-0.22237793483650864,1.2476433647731155,0.29677190572083767,1.0096749786904817
5.6941366846315,2,1.2854405783773637,-0.6550249501920333,1.2050204186047424,-0.43264701535552463,2.2889485190850123,0.712903072969644,1.0096749786904817
5.700272607783043,1,1.290686515790297,-0.6489975252019764,0.0823301224326275,-0.22095915711750153,1.245951982446923,0.2987428648006835,1.0098420220359206
5.700272607783043,2,1.290686515790297,-0.6489975252019764,1.2083563933576695,-0.4280383680844748,2.2885556489241323,0.7110991572352371,1.0098420220359206
5.706408530934586,1,1.2958838595854096,-0.6429456658219105,0.08424117402014414,-0.21952221388272214,1.244240757588303,0.30070953869414924,1.0099984757417733
5.706408530934586,2,1.2958838595854096,-0.6429456658219105,1.2116426855652656,-0.4234234519391883,2.288146553270008,0.709288937047624,1.0099984757417733
5.712544454086128,1,1.3010324140856453,-0.6368695999009207,0.08615287655820669,-0.2180667870223928,1.2425093395064482,0.3026709971688488,1.010144092955038
5.712544454086128,2,1.3010324140856453,-0.6368695999009207,1.2148795375274386,-0.41880281287852794,2.287721782922443,0.7074730957861891,1.010144092955038
5.71868037723767,1,1.3061319854508373,-0.6307695561994549,0.08806478245941157,-0.2165925692861742,1.2407573919211807,0.30462632069755535,1.0102786572947744
5.71868037723767,2,1.3061319854508373,-0.6307695561994549,1.2180672029914257,-0.41417698691328064,2.287281893636181,0.705652336597219,1.0102786572947744
5.724816300389213,1,1.3111823816850057,-0.6246457643807105,0.08997643487378025,-0.21509926469316443,1.2389845934742465,0.3065746018997305,1.0104019828572748
5.724816300389213,2,1.3111823816850057,-0.6246457643807105,1.2212059468112255,-0.4095464996875461,2.286827445626259,0.7038273809575443,1.0104019828572748
5.730952223540756,1,1.3161834126435872,-0.6184984550019884,0.09188736805852192,-0.21358658892439975,1.2371906382197861,0.30851494694351145,1.010513914127207
5.730952223540756,2,1.3161834126435872,-0.6184984550019884,1.2242960445850652,-0.40491186607758867,2.286359003059237,0.7019989671836955,1.010513914127207
5.737088146692298,1,1.3211348900405921,-0.6123278595060122,0.09379710776849862,-0.21205426969651628,1.2353752360923211,0.3104464769017606,1.010614325795089
5.737088146692298,2,1.3211348900405921,-0.6123278595060122,1.2273377822720937,-0.40027358980949596,2.2858771335321864,0.7001678488933284,1.010614325795089
5.743224069843841,1,1.3260366274556958,-0.6061342102122147,0.09570517166610135,-0.21050204711532727,1.2335381133507102,0.3123683290561284,1.010703122482126
5.743224069843841,2,1.3260366274556958,-0.6061342102122147,1.2303314557895946,-0.3956321630968875,2.285382407541408,0.6983347934259975,1.010703122482126
5.749359992995383,1,1.3308884403412546,-0.5999177403079913,0.09761106974915955,-0.20892967400817514,1.2316790129966415,0.3142796581434706,1.010780238374082
5.749359992995383,2,1.3308884403412546,-0.5999177403079913,1.2332773705920952,-0.3909880662998161,2.2848753979428498,0.6965005802306113,1.010780238374082
5.755495916146926,1,1.3356901460292558,-0.59367868383992,0.09951430479542973,-0.2073369162340279,1.2297976951663612,0.3161796375393931,1.0108456367664933
5.755495916146926,2,1.3356901460292558,-0.59367868383992,1.2361758412338262,-0.3863417676058921,2.2843566794062564,0.6946659992271002,1.0108456367664933
5.7616318392984684,1,1.3404415637381941,-0.5874172757049507,0.10141437282214284,-0.2057235529704058,1.2278939374944704,0.3180674603741661,1.010899309524118
5.7616318392984684,2,1.3404415637381941,-0.5874172757049507,1.2390271909160513,-0.38169372273454494,2.2838268278650724,0.6928318491499521,1.010899309524118
5.767767762450011,1,1.3451425145798783,-0.5811337516415608,0.10331076355903404,-0.20408937697634605,1.225967535448761,0.3199423405767477,1.0109412764580874
5.767767762450011,2,1.3451425145798783,-0.5811337516415608,1.2418317510208443,-0.3770443746652147,2.2832864199641305,0.6909989358813396,1.0109412764580874
5.773903685601554,1,1.349792821566166,-0.5748283482208796,0.10520296093323445,-0.20243419483073763,1.2240183026352112,0.32180351384317957,1.0109715846247314
5.773903685601554,2,1.349792821566166,-0.5748283482208796,1.2445898606329318,-0.372394153390142,2.2827360325071284,0.6891680707815517,1.0109715846247314
5.780039608753096,1,1.354392309615628,-0.5685013028377822,0.10709044356437043,-0.2007578271454853,1.2220460710723988,0.32365023852616104,1.01099030755054
5.780039608753096,2,1.354392309615628,-0.5685013028377822,1.2473018660512576,-0.36774347569229693,2.282176241905887,0.6873400690243788,1.01099030755054
5.786175531904639,1,1.3589408055601386,-0.5621528537019512,0.10897268526819472,-0.19906010875309182,1.2200506914347515,0.3254817964431623,1.0109975443881298
5.786175531904639,2,1.3589408055601386,-0.5621528537019512,1.2499681202919437,-0.3630927449488594,2.2816076236333247,0.6855157479449675,1.0109975443881298
5.792311455056181,1,1.363438138151396,-0.5557832398289084,0.11084915556706218,-0.19734088886837492,1.2180320332641899,0.3272974936009978,1.0109934190084668
5.792311455056181,2,1.363438138151396,-0.5557832398289084,1.252588982584334,-0.35844235096053356,2.2810307516820343,0.6836959254074689,1.0109934190084668
5.798447378207724,1,1.3678841380673707,-0.5493927010310161,0.11271932020556417,-0.19560003122416378,1.2159899851498772,0.3290966608353473,1.0109780790349037
5.798447378207724,2,1.3678841380673707,-0.5493927010310161,1.2551648178618064,-0.3537926698068523,2.2804461980302917,0.6818814181995563,1.0109780790349037
5.8045833013592665,1,1.3722786379186782,-0.5429814779084479,0.11458264166964621,-0.19383741418094672,1.213924454875931,0.33087865436426445,1.0109516948248507
5.8045833013592665,2,1.3722786379186782,-0.5429814779084479,1.257695996249032,-0.3491440637275012,2.2798545321172323,0.6800730404605864,1.0109516948248507
5.810719224510809,1,1.376621472254883,-0.5365498118401308,0.1164385797075557,-0.19205293081056388,1.2118353695370925,0.33264285625526585,1.0109144584050944
5.810719224510809,2,1.376621472254883,-0.5365498118401308,1.2601828925473275,-0.344496881029567,2.2792563203288685,0.6782716021498285,1.0109144584050944
5.816855147662351,1,1.3809124775707273,-0.5300979449746571,0.11828659185099792,-0.19024648895415805,1.2097226756224935,0.3343886748061204,1.010866582366916
5.816855147662351,2,1.3809124775707273,-0.5300979449746571,1.2626258857197294,-0.3398514560204991,2.278652125496502,0.6764779075607956,1.010866582366916
5.822991070813894,1,1.3851514923122858,-0.5236261202211677,0.1201261339349202,-0.1884180112547118,1.2075863390677868,0.33611554483997313,1.0108082987272504
5.822991070813894,2,1.3851514923122858,-0.5236261202211677,1.2650253583773656,-0.335208108966456,2.278042506409009,0.6746927538872773,1.0108082987272504
5.829126993965437,1,1.3893383568830495,-0.5171345812402067,0.12195666061439318,-0.18656743516460686,1.2054263452760368,0.3378229279159244,1.0107398577621425
5.829126993965437,2,1.3893383568830495,-0.5171345812402067,1.2673816962686564,-0.33056714607559984,2.277428017340345,0.672916929846218,1.0107398577621425
5.835262917116979,1,1.3934729136499338,-0.5106235724345476,0.12377762587711696,-0.18469471292874556,1.2032426991078813,0.33951031245664154,1.0106615268187318
5.835262917116979,2,1.3934729136499338,-0.5106235724345476,1.269695287772817,-0.3259288595058021,2.2768092075935216,0.6711512143620902,1.0106615268187318
5.841398840268522,1,1.3975550069492133,-0.504093338939992,0.12558848355014457,-0.18279981154386868,1.2010354248415938,0.34117721379501087,1.010573589111922
5.841398840268522,2,1.3975550069492133,-0.504093338939992,1.2719665233990687,-0.3212935273961233,2.2761866210621737,0.6693963753169112,1.010573589111922
5.8475347634200645,1,1.4015844830923823,-0.49754412661613995,0.12738868779948692,-0.1808827126947931,1.1988045661037674,0.3428231741422266,1.0104763425117502
5.8475347634200645,2,1.4015844830923823,-0.49754412661613995,1.2741957952928955,-0.3166614139213469,2.2755607958107302,0.6676531683695237,1.0104763425117502
5.853670686571607,1,1.4055611903719418,-0.49097618203713395,0.12917769362134096,-0.17894341266837316,1.1965501857714473,0.344447762480073,1.0103700983273087
5.853670686571607,2,1.4055611903719418,-0.49097618203713395,1.2763834967506007,-0.3120327693687608,2.2749322636740654,0.6659223358472357,1.0103700983273087
5.859806609723149,1,1.40948497906711,-0.48438975248237504,0.13095495732376414,-0.17698192224606157,1.1942723658466103,0.3460505743804711,1.0102551800928505
5.859806609723149,2,1.40948497906711,-0.48438975248237504,1.278530021743346,-0.30740783023631346,2.274301549877395,0.6642046057123794,1.0102551800928505
5.865942532874692,1,1.4133557014494607,-0.4777850859272134,0.13271993699770504,-0.1749982665760108,1.1919712073039765,0.3476312317556433,1.0101319223614633
5.865942532874692,2,1.4133557014494607,-0.4777850859272134,1.2806357644517556,-0.3027868193512026,2.273669172677051,0.66250069060582,1.0101319223614633
5.872078456026235,1,1.4171732117884834,-0.47116243103361183,0.134472092976388,-0.17299248502571085,1.1896468299131957,0.34918938254248705,1.0100006695114117
5.872078456026235,2,1.4171732117884834,-0.47116243103361183,1.2827011188120956,-0.298169946007901,2.2730356430226504,0.6608112869689245,1.0100006695114117
5.878214379177777,1,1.4209373663570721,-0.4645220371407839,0.13621088828214145,-0.17096463101620668,1.1872993720365081,0.3507247003249498,1.0098617745699392
5.878214379177777,2,1.4209373663570721,-0.4645220371407839,1.2847264780749306,-0.2935574061245772,2.272401464241053,0.6591370742449894,1.0098617745699392
5.884350302329319,1,1.4246480234369343,-0.45786415425580657,0.1379357890598512,-0.16891477183897827,1.1849289904030273,0.35223688389835806,1.0097155980589905
5.884350302329319,2,1.4246480234369343,-0.45786415425580657,1.2867122343770832,-0.28894938241682827,2.2717671317423878,0.6574787141606323,1.0097155980589905
5.8904862254808625,1,1.4283050433239286,-0.4511890330442073,0.13964626499631422,-0.1668429884565958,1.1825358598608284,0.35372565677977674,1.0095625068669616
5.8904862254808625,2,1.4283050433239286,-0.4511890330442073,1.2886587783276142,-0.28434604458761154,2.271133132748305,0.6558368500871847,1.0095625068669616
5.896622148632405,1,1.431908288333323,-0.44449692482052705,0.14134178972485942,-0.1647493752882861,1.1801201731080515,0.35519076666856064,1.0094028731502294
5.896622148632405,2,1.431908288333323,-0.44449692482052705,1.2905664986084635,-0.27974754953224096,2.2704999460425235,0.6542121064816688,1.0094028731502294
5.902758071783947,1,1.4354576228049793,-0.437788081538858,0.1430218412146961,-0.1626340399815608,1.17768214040425,0.3566319848613115,1.0092370732678333
5.902758071783947,2,1.4354576228049793,-0.437788081538858,1.2924357815902832,-0.27515404155729717,2.2698680417436075,0.6526050884065219,1.0092370732678333
5.90889399493549,1,1.438952913108461,-0.43106275578335784,0.1446859021445393,-0.16049710317106394,1.1752219892632256,0.35804910562547043,1.0090654867523092
5.90889399493549,2,1.438952913108461,-0.43106275578335784,1.2942670109639216,-0.27056565261229387,2.2692378810998446,0.6510163811268388,1.0090654867523092
5.915029918087033,1,1.4423940276480636,-0.42432120075874,0.14633346026015046,-0.15833869822579805,1.172739964128591,0.35944194553576264,1.008888495319302
5.915029918087033,2,1.4423940276480636,-0.42432120075874,1.296060567387913,-0.265982502532942,2.268609916305968,0.6494465497835394,1.008888495319302
5.921165841238575,1,1.4457808368677698,-0.417563670280741,0.14796400871551796,-0.15615897098588025,1.1702363260333002,0.3608103427776681,1.0087064819182032
5.921165841238575,2,1.4457808368677698,-0.417563670280741,1.2978168281522517,-0.26140469929486077,2.2679845903414155,0.6478961391405351,1.0087064819182032
5.927301764390117,1,1.4491132132561264,-0.41079041876656386,0.14957704639748404,-0.1539580794899687,1.1677113522443725,0.36215415642202364,1.0085198298256979
5.927301764390117,2,1.4491132132561264,-0.41079041876656386,1.2995361668586425,-0.25683233927659516,2.267362336829703,0.6463656734036741,1.0085198298256979
5.933437687541661,1,1.4523910313510462,-0.4040017012252998,0.151172078233704,-0.15173619369448052,1.165165335894021,0.36347326567476773,1.0083289217837441
5.933437687541661,2,1.4523910313510462,-0.4040017012252998,1.3012189531173421,-0.2522655075308193,2.2667435799184488,0.6448556561089765,1.0083289217837441
5.939573610693203,1,1.4556141677445302,-0.39719777324832733,0.1527486154838993,-0.14949349518569993,1.162598585598371,0.3647675691057259,1.0081341391831669
5.939573610693203,2,1.4556141677445302,-0.39719777324832733,1.302865552260631,-0.2477042780626274,2.2661287341794942,0.643366570077441,1.0081341391831669
5.945709533844745,1,1.458782501087315,-0.39037889099968914,0.15430617601443722,-0.14723017688584675,1.1600114250649258,0.36603698386020206,1.0079358612937062
5.945709533844745,2,1.458782501087315,-0.39037889099968914,1.304476325072878,-0.2431487141138424,2.265518204528524,0.6418988774335042,1.0079358612937062
5.9518454569962875,1,1.4618959120934414,-0.38354531120644786,0.1558442845563365,-0.14494644275414337,1.1574041926899101,0.3672814448569915,1.0077344645410595
5.9518454569962875,2,1.4618959120934414,-0.38354531120644786,1.3060516275371048,-0.2385988684523045,2.2649123861635228,0.6404530196840681,1.0077344645410595
5.957981380147831,1,1.464954283544744,-0.37669729114902034,0.15736247294686115,-0.14264250748388257,1.1547772411465729,0.36850090397626956,1.007530321831144
5.957981380147831,2,1.464954283544744,-0.37669729114902034,1.307591810597883,-0.23405478366513774,2.264311664521371,0.6390294178548745,1.007530321831144
5.964117303299373,1,1.467957500295267,-0.36983508865149123,0.15886028035492256,-0.14031859619645964,1.1521309369655068,0.369695329240637,1.0073238019215387
5.964117303299373,2,1.467957500295267,-0.36983508865149123,1.3090972199403443,-0.22951649245503156,2.2637164152518334,0.6376284726809017,1.0073238019215387
5.970253226450915,1,1.4709054492755966,-0.362958962071906,0.16033725349056263,-0.13797494413328965,1.149465660107989,0.37086470399242105,1.0071152688397993
5.970253226450915,2,1.4709054492755966,-0.362958962071906,1.310568195785034,-0.22498401793861633,2.2631270042081653,0.6362505648473782,1.0071152688397993
5.976389149602459,1,1.47379801949712,-0.35606917029254403,0.16179294679883993,-0.13561179634648823,1.1467818035333068,0.37200902607014236,1.0069050813481055
5.976389149602459,2,1.47379801949712,-0.35606917029254403,1.3120050726982802,-0.22045737394605577,2.2625437874535352,0.6348960552779631,1.0069050813481055
5.982525072754001,1,1.4766351020562036,-0.34916597271017163,0.16322692263848412,-0.1332294073891474,1.1440797727609868,0.37312830698686744,1.0066935924534803
5.982525072754001,2,1.4766351020562036,-0.34916597271017163,1.3134081794177195,-0.2159365653210242,2.2619671112824373,0.6335652854666128,1.0066935924534803
5.988660995905543,1,1.479416590138292,-0.3422496292262761,0.16463875144572318,-0.1308280410059911,1.1413599854287997,0.37422257111296997,1.0064811489626266
5.988660995905543,2,1.479416590138292,-0.3422496292262761,1.314777838692569,-0.211421588220285,2.2613973122562525,0.6322585778496567,1.0064811489626266
5.994796919057086,1,1.4821423790219317,-0.3353204002372805,0.1660280118837233,-0.12840796982514766,1.1386228708473616,0.37529185486562955,1.0062680910802495
5.994796919057086,2,1.4821423790219317,-0.3353204002372805,1.3161143671382085,-0.20691243041213284,2.2608347172521097,0.63097623621462,1.0062680910802495
6.000932842208629,1,1.4848123660827113,-0.3283785466247398,0.16739429097811054,-0.12596947505172731,1.1358688695521146,0.37633620590720335,1.0060547520495804
6.000932842208629,2,1.4848123660827113,-0.3283785466247398,1.3174180751046007,-0.20240907157301247,2.2602796435241848,0.629718546142377,1.0060547520495804
6.007068765360171,1,1.4874264507971273,-0.321424329745519,0.16873718423907053,-0.12351284616384439,1.133098432853409,0.37735568235441375,1.0058414578336814
6.007068765360171,2,1.4874264507971273,-0.321424329745519,1.3186892665580567,-0.1979114835816746,2.259732398776584,0.6284857754792676,1.0058414578336814
6.013204688511713,1,1.4899845347463676,-0.314458011421953,0.1700562957705436,-0.121038380611675,1.130312022385374,0.3783503520001082,1.005628526835998
6.013204688511713,2,1.4899845347463676,-0.314458011421953,1.319928238975824,-0.19341963081027802,2.2591932812469495,0.6272781748358897,1.005628526835998
6.019340611663257,1,1.4924865216200172,-0.3074798539319894,0.17135123836705157,-0.11854638352009313,1.127510109654215,0.37932029154916486,1.0054162696585232
6.019340611663257,2,1.4924865216200172,-0.3074798539319894,1.3211352832529657,-0.1889334704118963,2.258662579799947,0.6260959781093584,1.0054162696585232
6.025476534814799,1,1.4949323172196847,-0.3004901199993136,0.1726216335987064,-0.11603716739537996,1.1246931755865268,0.3802655858699413,1.0052049888958698
6.025476534814799,2,1.4949323172196847,-0.3004901199993136,1.3223106836209784,-0.1844529526039336,2.258140574029777,0.6249394030259287,1.0052049888958698
6.031612457966341,1,1.497321829462548,-0.2934890727834575,0.17386711188496204,-0.11351105183645481,1.121861710078176,0.3811863272624937,1.0049949789634718
6.031612457966341,2,1.497321829462548,-0.2934890727834575,1.3234547175775861,-0.17997802094700266,2.2576275343709082,0.6238086517009782,1.0049949789634718
6.037748381117884,1,1.499654968384822,-0.28647697586989174,0.17508731255767876,-0.11096836325103031,1.1190162115442583,0.3820826147446323,1.0047865259580984
6.037748381117884,2,1.499654968384822,-0.28647697586989174,1.3245676558271433,-0.17550861261886144,2.257123722216195,0.6227039112134661,1.0047865259580984
6.043884304269427,1,1.5019316461451446,-0.27945409326010195,0.1762818839140732,-0.10840943457705009,1.1161571864706026,0.38295455335672385,1.00457990754883
6.043884304269427,2,1.5019316461451446,-0.27945409326010195,1.3256497622310712,-0.1710446586830519,2.2566293900416063,0.621625354192106,1.00457990754883
6.050020227420969,1,1.504151777027885,-0.27242068936164904,0.17745048326013038,-0.10583460500972401,1.1132851489672506,0.3838022534860077,1.0043753928966237
6.050020227420969,2,1.504151777027885,-0.27242068936164904,1.3267012937677545,-0.16658608435192504,2.256144781536781,0.6205731394106161,1.0043753928966237
6.056156150572511,1,1.5063152774463702,-0.26537702897821447,0.17859277694505213,-0.1032442197344349,1.11040062032431,0.3846258302110528,1.0041732426005956
6.056156150572511,2,1.5063152774463702,-0.26537702897821447,1.327722500501318,-0.16213280924377957,2.2556701317406618,0.6195474123895427,1.0041732426005956
6.062292073724054,1,1.5084220659460326,-0.25832337729963056,0.1797084403873141,-0.10063862966575003,1.1075041285705443,0.38542540266685793,1.0039737086691414
6.062292073724054,2,1.5084220659460326,-0.25832337729963056,1.3287136255587184,-0.15768474763388052,2.25520566718148,0.6185483060022835,1.0039737086691414
6.068427996875597,1,1.5104720632074755,-0.2512599998918963,0.1807971580928979,-0.09801819119273346,1.104596208035028,0.3862010934309751,1.0037770345140469
6.068427996875597,2,1.5104720632074755,-0.2512599998918963,1.3296749051145775,-0.15324180869916282,2.254751606020385,0.6175759410830718,1.0037770345140469
6.074563920027139,1,1.512465192049461,-0.24418716268717877,0.181858623666258,-0.09538326593071778,1.1016773989121749,0.3869530279309284,1.0035834549657472
6.074563920027139,2,1.512465192049461,-0.24418716268717877,1.3306065683832031,-0.148803896756461,2.254308158198047,0.6166304270348187,1.0035834549657472
6.080699843178682,1,1.5144013774318146,-0.23710513197380126,0.18289253981457373,-0.09273422047965987,1.0987482468304117,0.38768133387309883,1.0033931963079372
6.080699843178682,2,1.5144013774318146,-0.23710513197380126,1.3315088376172408,-0.14437091149414139,2.2538755255835716,0.6157118624348384,1.0033931963079372
6.086835766330225,1,1.5162805464582512,-0.2300141743862173,0.1838986183458273,-0.09007142618917194,1.0958093024247513,0.3883861406931518,1.003206476329769
6.086835766330225,2,1.5162805464582512,-0.2300141743862173,1.3323819281124238,-0.13994274819704533,2.2534539021251097,0.6148203356366171,1.003206476329769
6.092971689481767,1,1.5181026283791186,-0.22291455689497222,0.18487658016123537,-0.08739525893028813,1.0928611209134935,0.38906757902800254,1.0030235043939146
6.092971689481767,2,1.5181026283791186,-0.22291455689497222,1.3332260482178833,-0.1355192979646841,2.25304347400156,0.6139559253659121,1.0030235043939146
6.0991076126333095,1,1.5198675545940628,-0.21580654679665184,0.18582615524255097,-0.08470609887399774,1.0899042616792654,0.38972578020923704,1.0028444815188293
6.0991076126333095,2,1.5198675545940628,-0.21580654679665184,1.334041399351512,-0.13110044792265413,2.2526444197748,0.6131187013095922,1.0028444815188293
6.105243535784852,1,1.521575258654609,-0.20869041170381897,0.186747082634736,-0.08200433027654848,1.0869392878545896,0.3903608757778403,1.002669600473593
6.105243535784852,2,1.521575258654609,-0.20869041170381897,1.334828176019873,-0.12668608142727047,2.2522569105418877,0.6123087246957529,1.002669600473593
6.111379458936395,1,1.5232256762666647,-0.20156641953493773,0.18763911042449236,-0.07929034127149714,1.0839667659121588,0.39097299702002225,1.0024990458837773
6.111379458936395,2,1.5232256762666647,-0.20156641953493773,1.3355865658421724,-0.12227607826344057,2.251881110086739,0.611526048863755,1.0024990458837773
6.117515382087937,1,1.5248187452929398,-0.19443483850428678,0.18850199571512205,-0.07656452366846153,1.080987265259976,0.3915622745238816,1.0023329943468304
6.117515382087937,2,1.5248187452929398,-0.19443483850428678,1.3363167495778177,-0.11787031483582525,2.2515171750307696,0.610770719822949,1.0023329943468304
6.12365130523948,1,1.5263544057552854,-0.18729593711186118,0.18933550459817208,-0.0738272727585043,1.0780013578415062,0.3921288377566,1.0021716145555533
6.12365130523948,2,1.5263544057552854,-0.18729593711186118,1.3370189011571134,-0.11346866435335688,2.251165254982056,0.6100427767989532,1.0021716145555533
6.129787228391022,1,1.5278325998369535,-0.1801499841332634,0.19013941212230234,-0.07107898712605919,1.075009617740985,0.3926728146618228,1.0020150674282788
6.129787228391022,2,1.5278325998369535,-0.1801499841332634,1.3376931877146512,-0.10907099700720423,2.250825492682561,0.6093422527664561,1.0020150674282788
6.135923151542565,1,1.529253271884772,-0.17299724860958418,0.19091350225979847,-0.0683200684672902,1.072012620794,0.39319433127684783,1.0018635062444554
6.135923151542565,2,1.529253271884772,-0.17299724860958418,1.3383397696249735,-0.10467718014229399,2.250498024153026,0.6086691749676075,1.0018635062444554
6.1420590746941075,1,1.5306163684112417,-0.16583799983727326,0.19165756787113386,-0.06555092141475696,1.0690109442034776,0.3936935113692204,1.001717076784379
6.1420590746941075,2,1.5306163684112417,-0.16583799983727326,1.3389588005401079,-0.10028707842251632,2.250182978835136,0.6080235654151587,1.001717076784379
6.14819499784565,1,1.5319218380965485,-0.1586725073580005,0.19237141066796837,-0.06277195336824253,1.0660051661611771,0.3941704760923075,1.0015759174718997
6.14819499784565,2,1.5319218380965485,-0.1586725073580005,1.33955042742858,-0.09590055398975797,2.2498804797305865,0.6074054413795921,1.0015759174718997
6.154330920997193,1,1.5331696317904966,-0.15150104094850775,0.1930548411749534,-0.059983574331585215,1.062995865474806,0.3946253436594135,1.0014401595189752
6.154330920997193,2,1.5331696317904966,-0.15150104094850775,1.3401147906155433,-0.09151746661692253,2.2495906435367248,0.6068148158595618,1.0014401595189752
6.160466844148735,1,1.534359702514359,-0.14432387061045204,0.19370767869069516,-0.05718619675534206,1.0599836212008558,0.3950582290359836,1.001309927071027
6.160466844148735,2,1.534359702514359,-0.14432387061045204,1.3406520238236637,-0.08713767385510997,2.2493135807784332,0.6062516980350434,1.001309927071027
6.166602767300278,1,1.535492005462645,-0.13714126656024,0.19432975124821222,-0.05438023538509861,1.0569690122832571,0.39546924364943914,1.0011853373520943
6.166602767300278,2,1.535492005462645,-0.13714126656024,1.3411622542144328,-0.0827610311751414,2.249049395935965,0.6057160937026551,1.0011853373520943
6.17273869045182,1,1.5365664980047893,-0.12995349921885455,0.19492089557520362,-0.051566107115228695,1.0539526171979485,0.39585849511618393,1.0010665008088646
6.17273869045182,2,1.5365664980047893,-0.12995349921885455,1.3416456024295855,-0.07838739210362586,2.2487981875684517,0.6052080056926807,1.0010665008088646
6.178874613603363,1,1.5375831396867543,-0.12276083920167352,0.1954809570544292,-0.04874423084789691,1.0509350136034514,0.39622608698532175,1.0009535212527005
6.178874613603363,2,1.5375831396867543,-0.12276083920167352,1.3421021826323252,-0.0740166083537766,2.2485600484328243,0.6047274342673788,1.0009535212527005
6.1850105367549055,1,1.5385418922325558,-0.11556355730828126,0.1960097896844853,-0.04591502735708745,1.0479167779975402,0.3965721184986328,1.000846495998851
6.1850105367549055,2,1.5385418922325558,-0.11556355730828126,1.3425321025480705,-0.0696485299511938,2.24833506559791,0.6042743775002182,1.000846495998851
6.191146459906448,1,1.539442719545702,-0.10836192451227311,0.19650725604124242,-0.04307891915743391,1.044898485380096,0.3968966843663614,1.0007455160020886
6.191146459906448,2,1.539442719545702,-0.10836192451227311,1.3429354635044597,-0.0652830053548392,2.248123320553488,0.6038488316357272,1.0007455160020886
6.19728238305799,1,1.540285587710554,-0.1011562119510535,0.19697322724019592,-0.04023633037761759,1.041880708922228,0.3971998745583801,1.000650665988068
6.19728238305799,2,1.540285587710554,-0.1011562119510535,1.343312360470358,-0.06091988157343591,2.2479248893140857,0.603450791429688,1.000650665988068
6.203418306209533,1,1.5410704649936016,-0.09394669091562764,0.1974075828999632,-0.03738768663809415,1.0388640196417491,0.39748177411030816,1.0005620245797537
6.203418306209533,2,1.5410704649936016,-0.09394669091562764,1.3436628820936383,-0.05655900427753349,2.2477398425173534,0.6030802504694455,1.0005620245797537
6.209554229361076,1,1.5417973218446586,-0.08673363284038771,0.19781021110714586,-0.034533414932903087,1.035848986085087,0.3977424629441785,1.0004796644183152
6.209554229361076,2,1.5417973218446586,-0.08673363284038771,1.3439871107375128,-0.052200217907484615,2.2475682455168147,0.6027372014741368,1.0004796644183152
6.215690152512618,1,1.5424661308979757,-0.07951730929289337,0.1981810083827591,-0.031673943515308244,1.0328361740157082,0.39798201570326336,1.0004036522779414
6.215690152512618,2,1.5424661308979757,-0.07951730929289337,1.3442851225152166,-0.04784336577758513,2.2474101584688633,0.6024216365746781,1.0004036522779414
6.221826075664161,1,1.5430768669732697,-0.07229799196364751,0.1985198796504159,-0.028809701787013243,1.0298261461091391,0.3982005016006922,1.0003340491740633
6.221826075664161,2,1.5430768669732697,-0.07229799196364751,1.3445569873228538,-0.043488290176634276,2.247265636413843,0.6021335475733711,1.0003340491740633
6.227961998815704,1,1.5436295070766728,-0.06507595265586723,0.1988267382064371,-0.02594112019069105,1.0268194616546564,0.3983979842815121,1.0002709104645309
6.227961998815704,2,1.5436295070766728,-0.06507595265586723,1.3448027688702358,-0.039134832465176184,2.247134729351096,0.6018729261830187,1.0002709104645309
6.234097921967246,1,1.5441240304015973,-0.05785146327525053,0.199101505692045,-0.023068630105563193,1.023816676263719,0.39857452169786767,1.0002142859433238
6.234097921967246,2,1.5441240304015973,-0.05785146327525053,1.3450225247095524,-0.03478283316968733,2.2470174823078493,0.6016397642454563,1.0002142859433238
6.240233845118788,1,1.5445604183295198,-0.05062479581973929,0.1993441120677827,-0.020192663745760855,1.0208183415852163,0.3987301659970005,1.0001642199264265
6.240233845118788,2,1.5445604183295198,-0.05062479581973929,1.345216306261737,-0.03043213207397843,2.246913935401848,0.6014340539294261,1.0001642199264265
6.246369768270331,1,1.5449386544306811,-0.04339622236927869,0.19955449559028712,-0.01731365406119706,1.017825005027596,0.3988649634217922,1.0001207513295272
6.246369768270331,2,1.5449386544306811,-0.04339622236927869,1.345384158840394,-0.026082568308081627,2.24682412389763,0.601255787907735,1.0001207513295272
6.252505691421874,1,1.545258724464706,-0.03616601507557353,0.19973260279152974,-0.01443203464067674,1.014837209487934,0.3989789542236035,1.0000839137372544
6.252505691421874,2,1.545258724464706,-0.03616601507557353,1.3455261216731764,-0.021733980434896785,2.246748078256371,0.6011049595136508,1.0000839137372544
6.258641614573416,1,1.5455206163811386,-0.028934446151841885,0.19987838846062483,-0.011548239616969316,1.0118554930880084,0.39907217258718897,1.0000537354636883
6.258641614573416,2,1.5455206163811386,-0.028934446151841885,1.3456422279205138,-0.017386206534872568,2.2466858241792194,0.6009815628764994,1.0000537354636883
6.264777537724958,1,1.5457243203198963,-0.021701787862566442,0.19999181562829177,-0.008662703573566565,1.0088803889174238,0.39914464656749227,1.0000302396039293
6.264777537724958,2,1.5457243203198963,-0.021701787862566442,1.3457325046916044,-0.013039084288999876,2.246637382644069,0.6008855930364371,1.0000302396039293
6.270913460876502,1,1.5458698286116408,-0.014468312513243872,0.20007285555404358,-0.005775861452847118,1.0059124247838416,0.3991963980381602,1.0000134440765387
6.270913460876502,2,1.5458698286116408,-0.014468312513243872,1.3457969730575972,-0.008692451060396754,2.246602769935712,0.6008170460383785,1.0000134440765387
6.277049384028044,1,1.5459571357780673,-0.007234292440132702,0.20012148771616137,-0.002888148465367666,1.0029521229703482,0.39922744265163823,1.0000033616567021
6.277049384028044,2,1.5459571357780673,-0.007234292440132702,1.3458356480619058,-0.004346143974765036,2.2465819976693338,0.6007759190050639,1.0000033616567021
