real,imag,abs,diagnostic_status,configuration_digest,source_digest,cache_key,hardy_matrix_sha256
1.0,0.0,1.0,diagnostic_only_not_theorem_gate,4a09b46da042bd99120c3c23c0cc81b0e6b3f33dd2de64fa567151fb2cf15c72,2f4b8aa5a0edfdafeadf5c67ac561b97ec266443615d65a715c735eac6203ef6,169421e73b25e00e379d0a24e476d5f26da19186f48a179e3a8bf83ce889b3b8,a706bf9d37897dd17f80265564d24fba090495605599287d1aa077a226e8fb15
0.6500000000000001,0.0,0.6500000000000001,diagnostic_only_not_theorem_gate,4a09b46da042bd99120c3c23c0cc81b0e6b3f33dd2de64fa567151fb2cf15c72,2f4b8aa5a0edfdafeadf5c67ac561b97ec266443615d65a715c735eac6203ef6,169421e73b25e00e379d0a24e476d5f26da19186f48a179e3a8bf83ce889b3b8,a706bf9d37897dd17f80265564d24fba090495605599287d1aa077a226e8fb15
0.27462499999999956,9.416180031748436e-38,0.27462499999999956,diagnostic_only_not_theorem_gate,4a09b46da042bd99120c3c23c0cc81b0e6b3f33dd2de64fa567151fb2cf15c72,2f4b8aa5a0edfdafeadf5c67ac561b97ec266443615d65a715c735eac6203ef6,169421e73b25e00e379d0a24e476d5f26da19186f48a179e3a8bf83ce889b3b8,a706bf9d37897dd17f80265564d24fba090495605599287d1aa077a226e8fb15
0.4225000000000003,9.404035123351505e-38,0.4225000000000003,diagnostic_only_not_theorem_gate,4a09b46da042bd99120c3c23c0cc81b0e6b3f33dd2de64fa567151fb2cf15c72,2f4b8aa5a0edfdafeadf5c67ac561b97ec266443615d65a715c735eac6203ef6,169421e73b25e00e379d0a24e476d5f26da19186f48a179e3a8bf83ce889b3b8,a706bf9d37897dd17f80265564d24fba090495605599287d1aa077a226e8fb15
0.3000000000000003,1.1020259538958945e-37,0.3000000000000003,diagnostic_only_not_theorem_gate,4a09b46da042bd99120c3c23c0cc81b0e6b3f33dd2de64fa567151fb2cf15c72,2f4b8aa5a0edfdafeadf5c67ac561b97ec266443615d65a715c735eac6203ef6,169421e73b25e00e379d0a24e476d5f26da19186f48a179e3a8bf83ce889b3b8,a706bf9d37897dd17f80265564d24fba090495605599287d1aa077a226e8fb15
0.30000000000000215,1.2558504099605298e-37,0.30000000000000215,diagnostic_only_not_theorem_gate,4a09b46da042bd99120c3c23c0cc81b0e6b3f33dd2de64fa567151fb2cf15c72,2f4b8aa5a0edfdafeadf5c67ac561b97ec266443615d65a715c735eac6203ef6,169421e73b25e00e379d0a24e476d5f26da19186f48a179e3a8bf83ce889b3b8,a706bf9d37897dd17f80265564d24fba090495605599287d1aa077a226e8fb15
0.11602906250000032,9.405429155185825e-38,0.11602906250000032,diagnostic_only_not_theorem_gate,4a09b46da042bd99120c3c23c0cc81b0e6b3f33dd2de64fa567151fb2cf15c72,2f4b8aa5a0edfdafeadf5c67ac561b97ec266443615d65a715c735eac6203ef6,169421e73b25e00e379d0a24e476d5f26da19186f48a179e3a8bf83ce889b3b8,a706bf9d37897dd17f80265564d24fba090495605599287d1aa077a226e8fb15
0.17850624999999942,2.3472765801161983e-38,0.17850624999999942,diagnostic_only_not_theorem_gate,4a09b46da042bd99120c3c23c0cc81b0e6b3f33dd2de64fa567151fb2cf15c72,2f4b8aa5a0edfdafeadf5c67ac561b97ec266443615d65a715c735eac6203ef6,169421e73b25e00e379d0a24e476d5f26da19186f48a179e3a8bf83ce889b3b8,a706bf9d37897dd17f80265564d24fba090495605599287d1aa077a226e8fb15
0.09000000000000064,7.585611982650074e-38,0.09000000000000064,diagnostic_only_not_theorem_gate,4a09b46da042bd99120c3c23c0cc81b0e6b3f33dd2de64fa567151fb2cf15c72,2f4b8aa5a0edfdafeadf5c67ac561b97ec266443615d65a715c735eac6203ef6,169421e73b25e00e379d0a24e476d5f26da19186f48a179e3a8bf83ce889b3b8,a706bf9d37897dd17f80265564d24fba090495605599287d1aa077a226e8fb15
0.09000000000001851,1.403755781311857e-38,0.09000000000001851,diagnostic_only_not_theorem_gate,4a09b46da042bd99120c3c23c0cc81b0e6b3f33dd2de64fa567151fb2cf15c72,2f4b8aa5a0edfdafeadf5c67ac561b97ec266443615d65a715c735eac6203ef6,169421e73b25e00e379d0a24e476d5f26da19186f48a179e3a8bf83ce889b3b8,a706bf9d37897dd17f80265564d24fba090495605599287d1aa077a226e8fb15
0.04902227890624913,4.3480426208428035e-39,0.04902227890624913,diagnostic_only_not_theorem_gate,4a09b46da042bd99120c3c23c0cc81b0e6b3f33dd2de64fa567151fb2cf15c72,2f4b8aa5a0edfdafeadf5c67ac561b97ec266443615d65a715c735eac6203ef6,169421e73b25e00e379d0a24e476d5f26da19186f48a179e3a8bf83ce889b3b8,a706bf9d37897dd17f80265564d24fba090495605599287d1aa077a226e8fb15
0.07541889062496808,2.3346616092563196e-38,0.07541889062496808,diagnostic_only_not_theorem_gate,4a09b46da042bd99120c3c23c0cc81b0e6b3f33dd2de64fa567151fb2cf15c72,2f4b8aa5a0edfdafeadf5c67ac561b97ec266443615d65a715c735eac6203ef6,169421e73b25e00e379d0a24e476d5f26da19186f48a179e3a8bf83ce889b3b8,a706bf9d37897dd17f80265564d24fba090495605599287d1aa077a226e8fb15
0.020711912837878557,2.2943886173957946e-38,0.020711912837878557,diagnostic_only_not_theorem_gate,4a09b46da042bd99120c3c23c0cc81b0e6b3f33dd2de64fa567151fb2cf15c72,2f4b8aa5a0edfdafeadf5c67ac561b97ec266443615d65a715c735eac6203ef6,169421e73b25e00e379d0a24e476d5f26da19186f48a179e3a8bf83ce889b3b8,a706bf9d37897dd17f80265564d24fba090495605599287d1aa077a226e8fb15
0.03186448128928127,2.4042835051640924e-38,0.03186448128928127,diagnostic_only_not_theorem_gate,4a09b46da042bd99120c3c23c0cc81b0e6b3f33dd2de64fa567151fb2cf15c72,2f4b8aa5a0edfdafeadf5c67ac561b97ec266443615d65a715c735eac6203ef6,169421e73b25e00e379d0a24e476d5f26da19186f48a179e3a8bf83ce889b3b8,a706bf9d37897dd17f80265564d24fba090495605599287d1aa077a226e8fb15
0.027000000000008465,-7.05138768234351e-38,0.027000000000008465,diagnostic_only_not_theorem_gate,4a09b46da042bd99120c3c23c0cc81b0e6b3f33dd2de64fa567151fb2cf15c72,2f4b8aa5a0edfdafeadf5c67ac561b97ec266443615d65a715c735eac6203ef6,169421e73b25e00e379d0a24e476d5f26da19186f48a179e3a8bf83ce889b3b8,a706bf9d37897dd17f80265564d24fba090495605599287d1aa077a226e8fb15
0.026999999999734393,-2.3492631400779375e-38,0.026999999999734393,diagnostic_only_not_theorem_gate,4a09b46da042bd99120c3c23c0cc81b0e6b3f33dd2de64fa567151fb2cf15c72,2f4b8aa5a0edfdafeadf5c67ac561b97ec266443615d65a715c735eac6203ef6,169421e73b25e00e379d0a24e476d5f26da19186f48a179e3a8bf83ce889b3b8,a706bf9d37897dd17f80265564d24fba090495605599287d1aa077a226e8fb15
0.01346274334468003,-5.969603985072552e-38,0.01346274334468003,diagnostic_only_not_theorem_gate,4a09b46da042bd99120c3c23c0cc81b0e6b3f33dd2de64fa567151fb2cf15c72,2f4b8aa5a0edfdafeadf5c67ac561b97ec266443615d65a715c735eac6203ef6,169421e73b25e00e379d0a24e476d5f26da19186f48a179e3a8bf83ce889b3b8,a706bf9d37897dd17f80265564d24fba090495605599287d1aa077a226e8fb15
0.008750783174142992,1.7496319077875985e-38,0.008750783174142992,diagnostic_only_not_theorem_gate,4a09b46da042bd99120c3c23c0cc81b0e6b3f33dd2de64fa567151fb2cf15c72,2f4b8aa5a0edfdafeadf5c67ac561b97ec266443615d65a715c735eac6203ef6,169421e73b25e00e379d0a24e476d5f26da19186f48a179e3a8bf83ce889b3b8,a706bf9d37897dd17f80265564d24fba090495605599287d1aa077a226e8fb15
0.008099999999845078,-3.886988255267429e-38,0.008099999999845078,diagnostic_only_not_theorem_gate,4a09b46da042bd99120c3c23c0cc81b0e6b3f33dd2de64fa567151fb2cf15c72,2f4b8aa5a0edfdafeadf5c67ac561b97ec266443615d65a715c735eac6203ef6,169421e73b25e00e379d0a24e476d5f26da19186f48a179e3a8bf83ce889b3b8,a706bf9d37897dd17f80265564d24fba090495605599287d1aa077a226e8fb15
0.008100000000280775,1.5541001513398365e-38,0.008100000000280775,diagnostic_only_not_theorem_gate,4a09b46da042bd99120c3c23c0cc81b0e6b3f33dd2de64fa567151fb2cf15c72,2f4b8aa5a0edfdafeadf5c67ac561b97ec266443615d65a715c735eac6203ef6,169421e73b25e00e379d0a24e476d5f26da19186f48a179e3a8bf83ce889b3b8,a706bf9d37897dd17f80265564d24fba090495605599287d1aa077a226e8fb15
0.0056880090626255965,4.6995686923519043e-38,0.0056880090626255965,diagnostic_only_not_theorem_gate,4a09b46da042bd99120c3c23c0cc81b0e6b3f33dd2de64fa567151fb2cf15c72,2f4b8aa5a0edfdafeadf5c67ac561b97ec266443615d65a715c735eac6203ef6,169421e73b25e00e379d0a24e476d5f26da19186f48a179e3a8bf83ce889b3b8,a706bf9d37897dd17f80265564d24fba090495605599287d1aa077a226e8fb15
0.0036972058911323444,1.3609428730979977e-37,0.0036972058911323444,diagnostic_only_not_theorem_gate,4a09b46da042bd99120c3c23c0cc81b0e6b3f33dd2de64fa567151fb2cf15c72,2f4b8aa5a0edfdafeadf5c67ac561b97ec266443615d65a715c735eac6203ef6,169421e73b25e00e379d0a24e476d5f26da19186f48a179e3a8bf83ce889b3b8,a706bf9d37897dd17f80265564d24fba090495605599287d1aa077a226e8fb15
0.0015620694897029819,-7.090185349903209e-38,0.0015620694897029819,diagnostic_only_not_theorem_gate,4a09b46da042bd99120c3c23c0cc81b0e6b3f33dd2de64fa567151fb2cf15c72,2f4b8aa5a0edfdafeadf5c67ac561b97ec266443615d65a715c735eac6203ef6,169421e73b25e00e379d0a24e476d5f26da19186f48a179e3a8bf83ce889b3b8,a706bf9d37897dd17f80265564d24fba090495605599287d1aa077a226e8fb15
0.002429999999669605,-7.172261012961306e-38,0.002429999999669605,diagnostic_only_not_theorem_gate,4a09b46da042bd99120c3c23c0cc81b0e6b3f33dd2de64fa567151fb2cf15c72,2f4b8aa5a0edfdafeadf5c67ac561b97ec266443615d65a715c735eac6203ef6,169421e73b25e00e379d0a24e476d5f26da19186f48a179e3a8bf83ce889b3b8,a706bf9d37897dd17f80265564d24fba090495605599287d1aa077a226e8fb15
0.0024299999697884353,-4.3582233495894534e-38,0.0024299999697884353,diagnostic_only_not_theorem_gate,4a09b46da042bd99120c3c23c0cc81b0e6b3f33dd2de64fa567151fb2cf15c72,2f4b8aa5a0edfdafeadf5c67ac561b97ec266443615d65a715c735eac6203ef6,169421e73b25e00e379d0a24e476d5f26da19186f48a179e3a8bf83ce889b3b8,a706bf9d37897dd17f80265564d24fba090495605599287d1aa077a226e8fb15
0.0024031838615916692,-7.241390492412797e-38,0.0024031838615916692,diagnostic_only_not_theorem_gate,4a09b46da042bd99120c3c23c0cc81b0e6b3f33dd2de64fa567151fb2cf15c72,2f4b8aa5a0edfdafeadf5c67ac561b97ec266443615d65a715c735eac6203ef6,169421e73b25e00e379d0a24e476d5f26da19186f48a179e3a8bf83ce889b3b8,a706bf9d37897dd17f80265564d24fba090495605599287d1aa077a226e8fb15
0.001015345138389451,-2.2038858179466236e-38,0.001015345138389451,diagnostic_only_not_theorem_gate,4a09b46da042bd99120c3c23c0cc81b0e6b3f33dd2de64fa567151fb2cf15c72,2f4b8aa5a0edfdafeadf5c67ac561b97ec266443615d65a715c735eac6203ef6,169421e73b25e00e379d0a24e476d5f26da19186f48a179e3a8bf83ce889b3b8,a706bf9d37897dd17f80265564d24fba090495605599287d1aa077a226e8fb15
0.00065997437262566,2.6467827759131224e-38,0.00065997437262566,diagnostic_only_not_theorem_gate,4a09b46da042bd99120c3c23c0cc81b0e6b3f33dd2de64fa567151fb2cf15c72,2f4b8aa5a0edfdafeadf5c67ac561b97ec266443615d65a715c735eac6203ef6,169421e73b25e00e379d0a24e476d5f26da19186f48a179e3a8bf83ce889b3b8,a706bf9d37897dd17f80265564d24fba090495605599287d1aa077a226e8fb15
0.0007289999900320807,1.896736140359427e-37,0.0007289999900320807,diagnostic_only_not_theorem_gate,4a09b46da042bd99120c3c23c0cc81b0e6b3f33dd2de64fa567151fb2cf15c72,2f4b8aa5a0edfdafeadf5c67ac561b97ec266443615d65a715c735eac6203ef6,169421e73b25e00e379d0a24e476d5f26da19186f48a179e3a8bf83ce889b3b8,a706bf9d37897dd17f80265564d24fba090495605599287d1aa077a226e8fb15
0.0007290000755270062,-2.881266346346739e-37,0.0007290000755270062,diagnostic_only_not_theorem_gate,4a09b46da042bd99120c3c23c0cc81b0e6b3f33dd2de64fa567151fb2cf15c72,2f4b8aa5a0edfdafeadf5c67ac561b97ec266443615d65a715c735eac6203ef6,169421e73b25e00e379d0a24e476d5f26da19186f48a179e3a8bf83ce889b3b8,a706bf9d37897dd17f80265564d24fba090495605599287d1aa077a226e8fb15
0.0004289831640479427,-6.855148423976611e-38,0.0004289831640479427,diagnostic_only_not_theorem_gate,4a09b46da042bd99120c3c23c0cc81b0e6b3f33dd2de64fa567151fb2cf15c72,2f4b8aa5a0edfdafeadf5c67ac561b97ec266443615d65a715c735eac6203ef6,169421e73b25e00e379d0a24e476d5f26da19186f48a179e3a8bf83ce889b3b8,a706bf9d37897dd17f80265564d24fba090495605599287d1aa077a226e8fb15
0.00027883916854515767,-2.502306679870122e-38,0.00027883916854515767,diagnostic_only_not_theorem_gate,4a09b46da042bd99120c3c23c0cc81b0e6b3f33dd2de64fa567151fb2cf15c72,2f4b8aa5a0edfdafeadf5c67ac561b97ec266443615d65a715c735eac6203ef6,169421e73b25e00e379d0a24e476d5f26da19186f48a179e3a8bf83ce889b3b8,a706bf9d37897dd17f80265564d24fba090495605599287d1aa077a226e8fb15
0.00021869997593665204,-9.555380283275075e-38,0.00021869997593665204,diagnostic_only_not_theorem_gate,4a09b46da042bd99120c3c23c0cc81b0e6b3f33dd2de64fa567151fb2cf15c72,2f4b8aa5a0edfdafeadf5c67ac561b97ec266443615d65a715c735eac6203ef6,169421e73b25e00e379d0a24e476d5f26da19186f48a179e3a8bf83ce889b3b8,a706bf9d37897dd17f80265564d24fba090495605599287d1aa077a226e8fb15
0.0002187012383603169,-8.361819425767655e-38,0.0002187012383603169,diagnostic_only_not_theorem_gate,4a09b46da042bd99120c3c23c0cc81b0e6b3f33dd2de64fa567151fb2cf15c72,2f4b8aa5a0edfdafeadf5c67ac561b97ec266443615d65a715c735eac6203ef6,169421e73b25e00e379d0a24e476d5f26da19186f48a179e3a8bf83ce889b3b8,a706bf9d37897dd17f80265564d24fba090495605599287d1aa077a226e8fb15
0.00018124387611494837,-5.973995532078549e-38,0.00018124387611494837,diagnostic_only_not_theorem_gate,4a09b46da042bd99120c3c23c0cc81b0e6b3f33dd2de64fa567151fb2cf15c72,2f4b8aa5a0edfdafeadf5c67ac561b97ec266443615d65a715c735eac6203ef6,169421e73b25e00e379d0a24e476d5f26da19186f48a179e3a8bf83ce889b3b8,a706bf9d37897dd17f80265564d24fba090495605599287d1aa077a226e8fb15
0.00011780966534670279,-2.0167828685706096e-38,0.00011780966534670279,diagnostic_only_not_theorem_gate,4a09b46da042bd99120c3c23c0cc81b0e6b3f33dd2de64fa567151fb2cf15c72,2f4b8aa5a0edfdafeadf5c67ac561b97ec266443615d65a715c735eac6203ef6,169421e73b25e00e379d0a24e476d5f26da19186f48a179e3a8bf83ce889b3b8,a706bf9d37897dd17f80265564d24fba090495605599287d1aa077a226e8fb15
7.658115538133565e-05,1.9226503918819092e-37,7.658115538133565e-05,diagnostic_only_not_theorem_gate,4a09b46da042bd99120c3c23c0cc81b0e6b3f33dd2de64fa567151fb2cf15c72,2f4b8aa5a0edfdafeadf5c67ac561b97ec266443615d65a715c735eac6203ef6,169421e73b25e00e379d0a24e476d5f26da19186f48a179e3a8bf83ce889b3b8,a706bf9d37897dd17f80265564d24fba090495605599287d1aa077a226e8fb15
6.560918308143664e-05,-3.226840314458203e-36,6.560918308143664e-05,diagnostic_only_not_theorem_gate,4a09b46da042bd99120c3c23c0cc81b0e6b3f33dd2de64fa567151fb2cf15c72,2f4b8aa5a0edfdafeadf5c67ac561b97ec266443615d65a715c735eac6203ef6,169421e73b25e00e379d0a24e476d5f26da19186f48a179e3a8bf83ce889b3b8,a706bf9d37897dd17f80265564d24fba090495605599287d1aa077a226e8fb15
6.56043879453439e-05,-3.108708258697288e-34,6.56043879453439e-05,diagnostic_only_not_theorem_gate,4a09b46da042bd99120c3c23c0cc81b0e6b3f33dd2de64fa567151fb2cf15c72,2f4b8aa5a0edfdafeadf5c67ac561b97ec266443615d65a715c735eac6203ef6,169421e73b25e00e379d0a24e476d5f26da19186f48a179e3a8bf83ce889b3b8,a706bf9d37897dd17f80265564d24fba090495605599287d1aa077a226e8fb15
4.9776009696694774e-05,-2.9574276265798067e-35,4.9776009696694774e-05,diagnostic_only_not_theorem_gate,4a09b46da042bd99120c3c23c0cc81b0e6b3f33dd2de64fa567151fb2cf15c72,2f4b8aa5a0edfdafeadf5c67ac561b97ec266443615d65a715c735eac6203ef6,169421e73b25e00e379d0a24e476d5f26da19186f48a179e3a8bf83ce889b3b8,a706bf9d37897dd17f80265564d24fba090495605599287d1aa077a226e8fb15
3.235477081898093e-05,-7.239468272934843e-22,3.235477081898093e-05,diagnostic_only_not_theorem_gate,4a09b46da042bd99120c3c23c0cc81b0e6b3f33dd2de64fa567151fb2cf15c72,2f4b8aa5a0edfdafeadf5c67ac561b97ec266443615d65a715c735eac6203ef6,169421e73b25e00e379d0a24e476d5f26da19186f48a179e3a8bf83ce889b3b8,a706bf9d37897dd17f80265564d24fba090495605599287d1aa077a226e8fb15
2.0998290608774297e-05,-2.411887580003525e-22,2.0998290608774297e-05,diagnostic_only_not_theorem_gate,4a09b46da042bd99120c3c23c0cc81b0e6b3f33dd2de64fa567151fb2cf15c72,2f4b8aa5a0edfdafeadf5c67ac561b97ec266443615d65a715c735eac6203ef6,169421e73b25e00e379d0a24e476d5f26da19186f48a179e3a8bf83ce889b3b8,a706bf9d37897dd17f80265564d24fba090495605599287d1aa077a226e8fb15
1.9712987569526e-05,1.2190855455069852e-21,1.9712987569526e-05,diagnostic_only_not_theorem_gate,4a09b46da042bd99120c3c23c0cc81b0e6b3f33dd2de64fa567151fb2cf15c72,2f4b8aa5a0edfdafeadf5c67ac561b97ec266443615d65a715c735eac6203ef6,169421e73b25e00e379d0a24e476d5f26da19186f48a179e3a8bf83ce889b3b8,a706bf9d37897dd17f80265564d24fba090495605599287d1aa077a226e8fb15
1.9694472237070647e-05,-7.562227942986019e-22,1.9694472237070647e-05,diagnostic_only_not_theorem_gate,4a09b46da042bd99120c3c23c0cc81b0e6b3f33dd2de64fa567151fb2cf15c72,2f4b8aa5a0edfdafeadf5c67ac561b97ec266443615d65a715c735eac6203ef6,169421e73b25e00e379d0a24e476d5f26da19186f48a179e3a8bf83ce889b3b8,a706bf9d37897dd17f80265564d24fba090495605599287d1aa077a226e8fb15
1.3650758530863017e-05,1.1131041782928181e-37,1.3650758530863017e-05,diagnostic_only_not_theorem_gate,4a09b46da042bd99120c3c23c0cc81b0e6b3f33dd2de64fa567151fb2cf15c72,2f4b8aa5a0edfdafeadf5c67ac561b97ec266443615d65a715c735eac6203ef6,169421e73b25e00e379d0a24e476d5f26da19186f48a179e3a8bf83ce889b3b8,a706bf9d37897dd17f80265564d24fba090495605599287d1aa077a226e8fb15
8.862006347343445e-06,-5.922312031290143e-38,8.862006347343445e-06,diagnostic_only_not_theorem_gate,4a09b46da042bd99120c3c23c0cc81b0e6b3f33dd2de64fa567151fb2cf15c72,2f4b8aa5a0edfdafeadf5c67ac561b97ec266443615d65a715c735eac6203ef6,169421e73b25e00e379d0a24e476d5f26da19186f48a179e3a8bf83ce889b3b8,a706bf9d37897dd17f80265564d24fba090495605599287d1aa077a226e8fb15
6.281205510336817e-06,-1.7463689264419698e-37,6.281205510336817e-06,diagnostic_only_not_theorem_gate,4a09b46da042bd99120c3c23c0cc81b0e6b3f33dd2de64fa567151fb2cf15c72,2f4b8aa5a0edfdafeadf5c67ac561b97ec266443615d65a715c735eac6203ef6,169421e73b25e00e379d0a24e476d5f26da19186f48a179e3a8bf83ce889b3b8,a706bf9d37897dd17f80265564d24fba090495605599287d1aa077a226e8fb15
5.9838577925415715e-06,-8.219135044951639e-38,5.9838577925415715e-06,diagnostic_only_not_theorem_gate,4a09b46da042bd99120c3c23c0cc81b0e6b3f33dd2de64fa567151fb2cf15c72,2f4b8aa5a0edfdafeadf5c67ac561b97ec266443615d65a715c735eac6203ef6,169421e73b25e00e379d0a24e476d5f26da19186f48a179e3a8bf83ce889b3b8,a706bf9d37897dd17f80265564d24fba090495605599287d1aa077a226e8fb15
5.276117465149083e-06,-1.836664454751544e-35,5.276117465149083e-06,diagnostic_only_not_theorem_gate,4a09b46da042bd99120c3c23c0cc81b0e6b3f33dd2de64fa567151fb2cf15c72,2f4b8aa5a0edfdafeadf5c67ac561b97ec266443615d65a715c735eac6203ef6,169421e73b25e00e379d0a24e476d5f26da19186f48a179e3a8bf83ce889b3b8,a706bf9d37897dd17f80265564d24fba090495605599287d1aa077a226e8fb15
3.7210458333753836e-06,6.43027786093397e-30,3.7210458333753836e-06,diagnostic_only_not_theorem_gate,4a09b46da042bd99120c3c23c0cc81b0e6b3f33dd2de64fa567151fb2cf15c72,2f4b8aa5a0edfdafeadf5c67ac561b97ec266443615d65a715c735eac6203ef6,169421e73b25e00e379d0a24e476d5f26da19186f48a179e3a8bf83ce889b3b8,a706bf9d37897dd17f80265564d24fba090495605599287d1aa077a226e8fb15
2.7996458979579636e-06,3.1763734879016445e-22,2.7996458979579636e-06,diagnostic_only_not_theorem_gate,4a09b46da042bd99120c3c23c0cc81b0e6b3f33dd2de64fa567151fb2cf15c72,2f4b8aa5a0edfdafeadf5c67ac561b97ec266443615d65a715c735eac6203ef6,169421e73b25e00e379d0a24e476d5f26da19186f48a179e3a8bf83ce889b3b8,a706bf9d37897dd17f80265564d24fba090495605599287d1aa077a226e8fb15
1.8132598365952232e-06,2.672477380532947e-07,1.8328482175302836e-06,diagnostic_only_not_theorem_gate,4a09b46da042bd99120c3c23c0cc81b0e6b3f33dd2de64fa567151fb2cf15c72,2f4b8aa5a0edfdafeadf5c67ac561b97ec266443615d65a715c735eac6203ef6,169421e73b25e00e379d0a24e476d5f26da19186f48a179e3a8bf83ce889b3b8,a706bf9d37897dd17f80265564d24fba090495605599287d1aa077a226e8fb15
1.8132598365952285e-06,-2.672477380532946e-07,1.832848217530289e-06,diagnostic_only_not_theorem_gate,4a09b46da042bd99120c3c23c0cc81b0e6b3f33dd2de64fa567151fb2cf15c72,2f4b8aa5a0edfdafeadf5c67ac561b97ec266443615d65a715c735eac6203ef6,169421e73b25e00e379d0a24e476d5f26da19186f48a179e3a8bf83ce889b3b8,a706bf9d37897dd17f80265564d24fba090495605599287d1aa077a226e8fb15
1.389990382632549e-06,-5.126395096098652e-07,1.4815102195476153e-06,diagnostic_only_not_theorem_gate,4a09b46da042bd99120c3c23c0cc81b0e6b3f33dd2de64fa567151fb2cf15c72,2f4b8aa5a0edfdafeadf5c67ac561b97ec266443615d65a715c735eac6203ef6,169421e73b25e00e379d0a24e476d5f26da19186f48a179e3a8bf83ce889b3b8,a706bf9d37897dd17f80265564d24fba090495605599287d1aa077a226e8fb15
1.3899903826325499e-06,5.126395096098659e-07,1.4815102195476164e-06,diagnostic_only_not_theorem_gate,4a09b46da042bd99120c3c23c0cc81b0e6b3f33dd2de64fa567151fb2cf15c72,2f4b8aa5a0edfdafeadf5c67ac561b97ec266443615d65a715c735eac6203ef6,169421e73b25e00e379d0a24e476d5f26da19186f48a179e3a8bf83ce889b3b8,a706bf9d37897dd17f80265564d24fba090495605599287d1aa077a226e8fb15
7.468391723303355e-07,5.540695049142733e-07,9.299256774619188e-07,diagnostic_only_not_theorem_gate,4a09b46da042bd99120c3c23c0cc81b0e6b3f33dd2de64fa567151fb2cf15c72,2f4b8aa5a0edfdafeadf5c67ac561b97ec266443615d65a715c735eac6203ef6,169421e73b25e00e379d0a24e476d5f26da19186f48a179e3a8bf83ce889b3b8,a706bf9d37897dd17f80265564d24fba090495605599287d1aa077a226e8fb15
7.468391723303353e-07,-5.540695049142733e-07,9.299256774619186e-07,diagnostic_only_not_theorem_gate,4a09b46da042bd99120c3c23c0cc81b0e6b3f33dd2de64fa567151fb2cf15c72,2f4b8aa5a0edfdafeadf5c67ac561b97ec266443615d65a715c735eac6203ef6,169421e73b25e00e379d0a24e476d5f26da19186f48a179e3a8bf83ce889b3b8,a706bf9d37897dd17f80265564d24fba090495605599287d1aa077a226e8fb15
5.405771325820528e-07,-5.302795206982394e-23,5.405771325820528e-07,diagnostic_only_not_theorem_gate,4a09b46da042bd99120c3c23c0cc81b0e6b3f33dd2de64fa567151fb2cf15c72,2f4b8aa5a0edfdafeadf5c67ac561b97ec266443615d65a715c735eac6203ef6,169421e73b25e00e379d0a24e476d5f26da19186f48a179e3a8bf83ce889b3b8,a706bf9d37897dd17f80265564d24fba090495605599287d1aa077a226e8fb15
3.4374919492722185e-07,3.635515346194258e-07,5.003331163707363e-07,diagnostic_only_not_theorem_gate,4a09b46da042bd99120c3c23c0cc81b0e6b3f33dd2de64fa567151fb2cf15c72,2f4b8aa5a0edfdafeadf5c67ac561b97ec266443615d65a715c735eac6203ef6,169421e73b25e00e379d0a24e476d5f26da19186f48a179e3a8bf83ce889b3b8,a706bf9d37897dd17f80265564d24fba090495605599287d1aa077a226e8fb15
3.4374919492722206e-07,-3.63551534619426e-07,5.003331163707365e-07,diagnostic_only_not_theorem_gate,4a09b46da042bd99120c3c23c0cc81b0e6b3f33dd2de64fa567151fb2cf15c72,2f4b8aa5a0edfdafeadf5c67ac561b97ec266443615d65a715c735eac6203ef6,169421e73b25e00e379d0a24e476d5f26da19186f48a179e3a8bf83ce889b3b8,a706bf9d37897dd17f80265564d24fba090495605599287d1aa077a226e8fb15
1.756627291487389e-07,3.850126189712652e-07,4.2319275889255935e-07,diagnostic_only_not_theorem_gate,4a09b46da042bd99120c3c23c0cc81b0e6b3f33dd2de64fa567151fb2cf15c72,2f4b8aa5a0edfdafeadf5c67ac561b97ec266443615d65a715c735eac6203ef6,169421e73b25e00e379d0a24e476d5f26da19186f48a179e3a8bf83ce889b3b8,a706bf9d37897dd17f80265564d24fba090495605599287d1aa077a226e8fb15
1.7566272914873864e-07,-3.8501261897126483e-07,4.2319275889255887e-07,diagnostic_only_not_theorem_gate,4a09b46da042bd99120c3c23c0cc81b0e6b3f33dd2de64fa567151fb2cf15c72,2f4b8aa5a0edfdafeadf5c67ac561b97ec266443615d65a715c735eac6203ef6,169421e73b25e00e379d0a24e476d5f26da19186f48a179e3a8bf83ce889b3b8,a706bf9d37897dd17f80265564d24fba090495605599287d1aa077a226e8fb15
3.569420728320426e-08,1.8994956199532994e-07,1.9327419004045534e-07,diagnostic_only_not_theorem_gate,4a09b46da042bd99120c3c23c0cc81b0e6b3f33dd2de64fa567151fb2cf15c72,2f4b8aa5a0edfdafeadf5c67ac561b97ec266443615d65a715c735eac6203ef6,169421e73b25e00e379d0a24e476d5f26da19186f48a179e3a8bf83ce889b3b8,a706bf9d37897dd17f80265564d24fba090495605599287d1aa077a226e8fb15
-4.8357063571050705e-09,1.7901425240701927e-07,1.7907955388825424e-07,diagnostic_only_not_theorem_gate,4a09b46da042bd99120c3c23c0cc81b0e6b3f33dd2de64fa567151fb2cf15c72,2f4b8aa5a0edfdafeadf5c67ac561b97ec266443615d65a715c735eac6203ef6,169421e73b25e00e379d0a24e476d5f26da19186f48a179e3a8bf83ce889b3b8,a706bf9d37897dd17f80265564d24fba090495605599287d1aa077a226e8fb15
3.569420728320419e-08,-1.8994956199533005e-07,1.9327419004045542e-07,diagnostic_only_not_theorem_gate,4a09b46da042bd99120c3c23c0cc81b0e6b3f33dd2de64fa567151fb2cf15c72,2f4b8aa5a0edfdafeadf5c67ac561b97ec266443615d65a715c735eac6203ef6,169421e73b25e00e379d0a24e476d5f26da19186f48a179e3a8bf83ce889b3b8,a706bf9d37897dd17f80265564d24fba090495605599287d1aa077a226e8fb15
-4.8357063571050796e-09,-1.790142524070192e-07,1.7907955388825416e-07,diagnostic_only_not_theorem_gate,4a09b46da042bd99120c3c23c0cc81b0e6b3f33dd2de64fa567151fb2cf15c72,2f4b8aa5a0edfdafeadf5c67ac561b97ec266443615d65a715c735eac6203ef6,169421e73b25e00e379d0a24e476d5f26da19186f48a179e3a8bf83ce889b3b8,a706bf9d37897dd17f80265564d24fba090495605599287d1aa077a226e8fb15
9.170305235527119e-08,4.632211430296955e-23,9.170305235527119e-08,diagnostic_only_not_theorem_gate,4a09b46da042bd99120c3c23c0cc81b0e6b3f33dd2de64fa567151fb2cf15c72,2f4b8aa5a0edfdafeadf5c67ac561b97ec266443615d65a715c735eac6203ef6,169421e73b25e00e379d0a24e476d5f26da19186f48a179e3a8bf83ce889b3b8,a706bf9d37897dd17f80265564d24fba090495605599287d1aa077a226e8fb15
-2.624782568896346e-08,-7.528192003327701e-08,7.972650649122239e-08,diagnostic_only_not_theorem_gate,4a09b46da042bd99120c3c23c0cc81b0e6b3f33dd2de64fa567151fb2cf15c72,2f4b8aa5a0edfdafeadf5c67ac561b97ec266443615d65a715c735eac6203ef6,169421e73b25e00e379d0a24e476d5f26da19186f48a179e3a8bf83ce889b3b8,a706bf9d37897dd17f80265564d24fba090495605599287d1aa077a226e8fb15
-2.624782568896348e-08,7.528192003327707e-08,7.972650649122244e-08,diagnostic_only_not_theorem_gate,4a09b46da042bd99120c3c23c0cc81b0e6b3f33dd2de64fa567151fb2cf15c72,2f4b8aa5a0edfdafeadf5c67ac561b97ec266443615d65a715c735eac6203ef6,169421e73b25e00e379d0a24e476d5f26da19186f48a179e3a8bf83ce889b3b8,a706bf9d37897dd17f80265564d24fba090495605599287d1aa077a226e8fb15
-3.040671312104624e-08,6.412258646006463e-08,7.096671259931708e-08,diagnostic_only_not_theorem_gate,4a09b46da042bd99120c3c23c0cc81b0e6b3f33dd2de64fa567151fb2cf15c72,2f4b8aa5a0edfdafeadf5c67ac561b97ec266443615d65a715c735eac6203ef6,169421e73b25e00e379d0a24e476d5f26da19186f48a179e3a8bf83ce889b3b8,a706bf9d37897dd17f80265564d24fba090495605599287d1aa077a226e8fb15
-3.0406713121046236e-08,-6.41225864600646e-08,7.096671259931705e-08,diagnostic_only_not_theorem_gate,4a09b46da042bd99120c3c23c0cc81b0e6b3f33dd2de64fa567151fb2cf15c72,2f4b8aa5a0edfdafeadf5c67ac561b97ec266443615d65a715c735eac6203ef6,169421e73b25e00e379d0a24e476d5f26da19186f48a179e3a8bf83ce889b3b8,a706bf9d37897dd17f80265564d24fba090495605599287d1aa077a226e8fb15
-2.2615399213289645e-08,-2.892978067696242e-08,3.672040974163565e-08,diagnostic_only_not_theorem_gate,4a09b46da042bd99120c3c23c0cc81b0e6b3f33dd2de64fa567151fb2cf15c72,2f4b8aa5a0edfdafeadf5c67ac561b97ec266443615d65a715c735eac6203ef6,169421e73b25e00e379d0a24e476d5f26da19186f48a179e3a8bf83ce889b3b8,a706bf9d37897dd17f80265564d24fba090495605599287d1aa077a226e8fb15
-2.261539921328964e-08,2.8929780676962417e-08,3.672040974163564e-08,diagnostic_only_not_theorem_gate,4a09b46da042bd99120c3c23c0cc81b0e6b3f33dd2de64fa567151fb2cf15c72,2f4b8aa5a0edfdafeadf5c67ac561b97ec266443615d65a715c735eac6203ef6,169421e73b25e00e379d0a24e476d5f26da19186f48a179e3a8bf83ce889b3b8,a706bf9d37897dd17f80265564d24fba090495605599287d1aa077a226e8fb15
-2.3156903236821888e-08,1.645549010313183e-08,2.840819110844268e-08,diagnostic_only_not_theorem_gate,4a09b46da042bd99120c3c23c0cc81b0e6b3f33dd2de64fa567151fb2cf15c72,2f4b8aa5a0edfdafeadf5c67ac561b97ec266443615d65a715c735eac6203ef6,169421e73b25e00e379d0a24e476d5f26da19186f48a179e3a8bf83ce889b3b8,a706bf9d37897dd17f80265564d24fba090495605599287d1aa077a226e8fb15
-2.315690323682189e-08,-1.6455490103131818e-08,2.8408191108442674e-08,diagnostic_only_not_theorem_gate,4a09b46da042bd99120c3c23c0cc81b0e6b3f33dd2de64fa567151fb2cf15c72,2f4b8aa5a0edfdafeadf5c67ac561b97ec266443615d65a715c735eac6203ef6,169421e73b25e00e379d0a24e476d5f26da19186f48a179e3a8bf83ce889b3b8,a706bf9d37897dd17f80265564d24fba090495605599287d1aa077a226e8fb15
-1.646762240165129e-08,-7.796025251147046e-09,1.8219785873601527e-08,diagnostic_only_not_theorem_gate,4a09b46da042bd99120c3c23c0cc81b0e6b3f33dd2de64fa567151fb2cf15c72,2f4b8aa5a0edfdafeadf5c67ac561b97ec266443615d65a715c735eac6203ef6,169421e73b25e00e379d0a24e476d5f26da19186f48a179e3a8bf83ce889b3b8,a706bf9d37897dd17f80265564d24fba090495605599287d1aa077a226e8fb15
-1.6467622401651272e-08,7.796025251147046e-09,1.821978587360151e-08,diagnostic_only_not_theorem_gate,4a09b46da042bd99120c3c23c0cc81b0e6b3f33dd2de64fa567151fb2cf15c72,2f4b8aa5a0edfdafeadf5c67ac561b97ec266443615d65a715c735eac6203ef6,169421e73b25e00e379d0a24e476d5f26da19186f48a179e3a8bf83ce889b3b8,a706bf9d37897dd17f80265564d24fba090495605599287d1aa077a226e8fb15
-1.234214991477942e-08,-5.157293885897248e-28,1.234214991477942e-08,diagnostic_only_not_theorem_gate,4a09b46da042bd99120c3c23c0cc81b0e6b3f33dd2de64fa567151fb2cf15c72,2f4b8aa5a0edfdafeadf5c67ac561b97ec266443615d65a715c735eac6203ef6,169421e73b25e00e379d0a24e476d5f26da19186f48a179e3a8bf83ce889b3b8,a706bf9d37897dd17f80265564d24fba090495605599287d1aa077a226e8fb15
-1.0845769716225956e-08,-1.4475808458811692e-23,1.0845769716225956e-08,diagnostic_only_not_theorem_gate,4a09b46da042bd99120c3c23c0cc81b0e6b3f33dd2de64fa567151fb2cf15c72,2f4b8aa5a0edfdafeadf5c67ac561b97ec266443615d65a715c735eac6203ef6,169421e73b25e00e379d0a24e476d5f26da19186f48a179e3a8bf83ce889b3b8,a706bf9d37897dd17f80265564d24fba090495605599287d1aa077a226e8fb15
-6.804896083617749e-09,-5.806727865612066e-10,6.829626021524819e-09,diagnostic_only_not_theorem_gate,4a09b46da042bd99120c3c23c0cc81b0e6b3f33dd2de64fa567151fb2cf15c72,2f4b8aa5a0edfdafeadf5c67ac561b97ec266443615d65a715c735eac6203ef6,169421e73b25e00e379d0a24e476d5f26da19186f48a179e3a8bf83ce889b3b8,a706bf9d37897dd17f80265564d24fba090495605599287d1aa077a226e8fb15
-6.804896083617703e-09,5.806727865612224e-10,6.829626021524775e-09,diagnostic_only_not_theorem_gate,4a09b46da042bd99120c3c23c0cc81b0e6b3f33dd2de64fa567151fb2cf15c72,2f4b8aa5a0edfdafeadf5c67ac561b97ec266443615d65a715c735eac6203ef6,169421e73b25e00e379d0a24e476d5f26da19186f48a179e3a8bf83ce889b3b8,a706bf9d37897dd17f80265564d24fba090495605599287d1aa077a226e8fb15
-9.52328622241304e-10,-4.342720878295493e-09,4.445914352697721e-09,diagnostic_only_not_theorem_gate,4a09b46da042bd99120c3c23c0cc81b0e6b3f33dd2de64fa567151fb2cf15c72,2f4b8aa5a0edfdafeadf5c67ac561b97ec266443615d65a715c735eac6203ef6,169421e73b25e00e379d0a24e476d5f26da19186f48a179e3a8bf83ce889b3b8,a706bf9d37897dd17f80265564d24fba090495605599287d1aa077a226e8fb15
-4.1448926962515895e-09,-2.1858658436253065e-09,4.685951872327281e-09,diagnostic_only_not_theorem_gate,4a09b46da042bd99120c3c23c0cc81b0e6b3f33dd2de64fa567151fb2cf15c72,2f4b8aa5a0edfdafeadf5c67ac561b97ec266443615d65a715c735eac6203ef6,169421e73b25e00e379d0a24e476d5f26da19186f48a179e3a8bf83ce889b3b8,a706bf9d37897dd17f80265564d24fba090495605599287d1aa077a226e8fb15
-9.523286222413106e-10,4.3427208782955e-09,4.44591435269773e-09,diagnostic_only_not_theorem_gate,4a09b46da042bd99120c3c23c0cc81b0e6b3f33dd2de64fa567151fb2cf15c72,2f4b8aa5a0edfdafeadf5c67ac561b97ec266443615d65a715c735eac6203ef6,169421e73b25e00e379d0a24e476d5f26da19186f48a179e3a8bf83ce889b3b8,a706bf9d37897dd17f80265564d24fba090495605599287d1aa077a226e8fb15
-4.144892696251581e-09,2.185865843625302e-09,4.685951872327271e-09,diagnostic_only_not_theorem_gate,4a09b46da042bd99120c3c23c0cc81b0e6b3f33dd2de64fa567151fb2cf15c72,2f4b8aa5a0edfdafeadf5c67ac561b97ec266443615d65a715c735eac6203ef6,169421e73b25e00e379d0a24e476d5f26da19186f48a179e3a8bf83ce889b3b8,a706bf9d37897dd17f80265564d24fba090495605599287d1aa077a226e8fb15
-3.1515786802108106e-09,1.930361722828483e-09,3.6957738781641746e-09,diagnostic_only_not_theorem_gate,4a09b46da042bd99120c3c23c0cc81b0e6b3f33dd2de64fa567151fb2cf15c72,2f4b8aa5a0edfdafeadf5c67ac561b97ec266443615d65a715c735eac6203ef6,169421e73b25e00e379d0a24e476d5f26da19186f48a179e3a8bf83ce889b3b8,a706bf9d37897dd17f80265564d24fba090495605599287d1aa077a226e8fb15
-3.1515786802108094e-09,-1.9303617228284843e-09,3.6957738781641742e-09,diagnostic_only_not_theorem_gate,4a09b46da042bd99120c3c23c0cc81b0e6b3f33dd2de64fa567151fb2cf15c72,2f4b8aa5a0edfdafeadf5c67ac561b97ec266443615d65a715c735eac6203ef6,169421e73b25e00e379d0a24e476d5f26da19186f48a179e3a8bf83ce889b3b8,a706bf9d37897dd17f80265564d24fba090495605599287d1aa077a226e8fb15
-7.235889356837681e-10,1.473408301599492e-09,1.6414971736394394e-09,diagnostic_only_not_theorem_gate,4a09b46da042bd99120c3c23c0cc81b0e6b3f33dd2de64fa567151fb2cf15c72,2f4b8aa5a0edfdafeadf5c67ac561b97ec266443615d65a715c735eac6203ef6,169421e73b25e00e379d0a24e476d5f26da19186f48a179e3a8bf83ce889b3b8,a706bf9d37897dd17f80265564d24fba090495605599287d1aa077a226e8fb15
-7.235889356837668e-10,-1.4734083015994936e-09,1.6414971736394402e-09,diagnostic_only_not_theorem_gate,4a09b46da042bd99120c3c23c0cc81b0e6b3f33dd2de64fa567151fb2cf15c72,2f4b8aa5a0edfdafeadf5c67ac561b97ec266443615d65a715c735eac6203ef6,169421e73b25e00e379d0a24e476d5f26da19186f48a179e3a8bf83ce889b3b8,a706bf9d37897dd17f80265564d24fba090495605599287d1aa077a226e8fb15
-3.915024170978843e-10,1.3320445800383312e-09,1.3883864396496314e-09,diagnostic_only_not_theorem_gate,4a09b46da042bd99120c3c23c0cc81b0e6b3f33dd2de64fa567151fb2cf15c72,2f4b8aa5a0edfdafeadf5c67ac561b97ec266443615d65a715c735eac6203ef6,169421e73b25e00e379d0a24e476d5f26da19186f48a179e3a8bf83ce889b3b8,a706bf9d37897dd17f80265564d24fba090495605599287d1aa077a226e8fb15
-3.915024170978844e-10,-1.332044580038331e-09,1.3883864396496314e-09,diagnostic_only_not_theorem_gate,4a09b46da042bd99120c3c23c0cc81b0e6b3f33dd2de64fa567151fb2cf15c72,2f4b8aa5a0edfdafeadf5c67ac561b97ec266443615d65a715c735eac6203ef6,169421e73b25e00e379d0a24e476d5f26da19186f48a179e3a8bf83ce889b3b8,a706bf9d37897dd17f80265564d24fba090495605599287d1aa077a226e8fb15
4.6571086878044976e-11,-5.829829877483377e-10,5.848401748657327e-10,diagnostic_only_not_theorem_gate,4a09b46da042bd99120c3c23c0cc81b0e6b3f33dd2de64fa567151fb2cf15c72,2f4b8aa5a0edfdafeadf5c67ac561b97ec266443615d65a715c735eac6203ef6,169421e73b25e00e379d0a24e476d5f26da19186f48a179e3a8bf83ce889b3b8,a706bf9d37897dd17f80265564d24fba090495605599287d1aa077a226e8fb15
4.657108687804527e-11,5.829829877483379e-10,5.84840174865733e-10,diagnostic_only_not_theorem_gate,4a09b46da042bd99120c3c23c0cc81b0e6b3f33dd2de64fa567151fb2cf15c72,2f4b8aa5a0edfdafeadf5c67ac561b97ec266443615d65a715c735eac6203ef6,169421e73b25e00e379d0a24e476d5f26da19186f48a179e3a8bf83ce889b3b8,a706bf9d37897dd17f80265564d24fba090495605599287d1aa077a226e8fb15
8.190425850400259e-11,4.6297904952906007e-10,4.701679570790872e-10,diagnostic_only_not_theorem_gate,4a09b46da042bd99120c3c23c0cc81b0e6b3f33dd2de64fa567151fb2cf15c72,2f4b8aa5a0edfdafeadf5c67ac561b97ec266443615d65a715c735eac6203ef6,169421e73b25e00e379d0a24e476d5f26da19186f48a179e3a8bf83ce889b3b8,a706bf9d37897dd17f80265564d24fba090495605599287d1aa077a226e8fb15
8.190425850400241e-11,-4.6297904952906007e-10,4.701679570790871e-10,diagnostic_only_not_theorem_gate,4a09b46da042bd99120c3c23c0cc81b0e6b3f33dd2de64fa567151fb2cf15c72,2f4b8aa5a0edfdafeadf5c67ac561b97ec266443615d65a715c735eac6203ef6,169421e73b25e00e379d0a24e476d5f26da19186f48a179e3a8bf83ce889b3b8,a706bf9d37897dd17f80265564d24fba090495605599287d1aa077a226e8fb15
1.0640973956325488e-10,1.8770104289558912e-10,2.157654146938557e-10,diagnostic_only_not_theorem_gate,4a09b46da042bd99120c3c23c0cc81b0e6b3f33dd2de64fa567151fb2cf15c72,2f4b8aa5a0edfdafeadf5c67ac561b97ec266443615d65a715c735eac6203ef6,169421e73b25e00e379d0a24e476d5f26da19186f48a179e3a8bf83ce889b3b8,a706bf9d37897dd17f80265564d24fba090495605599287d1aa077a226e8fb15
1.0640973956325513e-10,-1.8770104289558881e-10,2.1576541469385554e-10,diagnostic_only_not_theorem_gate,4a09b46da042bd99120c3c23c0cc81b0e6b3f33dd2de64fa567151fb2cf15c72,2f4b8aa5a0edfdafeadf5c67ac561b97ec266443615d65a715c735eac6203ef6,169421e73b25e00e379d0a24e476d5f26da19186f48a179e3a8bf83ce889b3b8,a706bf9d37897dd17f80265564d24fba090495605599287d1aa077a226e8fb15
-7.196432245110259e-12,1.6624268972377568e-10,1.663983789694299e-10,diagnostic_only_not_theorem_gate,4a09b46da042bd99120c3c23c0cc81b0e6b3f33dd2de64fa567151fb2cf15c72,2f4b8aa5a0edfdafeadf5c67ac561b97ec266443615d65a715c735eac6203ef6,169421e73b25e00e379d0a24e476d5f26da19186f48a179e3a8bf83ce889b3b8,a706bf9d37897dd17f80265564d24fba090495605599287d1aa077a226e8fb15
-7.196432245110069e-12,-1.6624268972377547e-10,1.663983789694297e-10,diagnostic_only_not_theorem_gate,4a09b46da042bd99120c3c23c0cc81b0e6b3f33dd2de64fa567151fb2cf15c72,2f4b8aa5a0edfdafeadf5c67ac561b97ec266443615d65a715c735eac6203ef6,169421e73b25e00e379d0a24e476d5f26da19186f48a179e3a8bf83ce889b3b8,a706bf9d37897dd17f80265564d24fba090495605599287d1aa077a226e8fb15
1.0347744760824429e-10,9.499755485581839e-11,1.4047105606530182e-10,diagnostic_only_not_theorem_gate,4a09b46da042bd99120c3c23c0cc81b0e6b3f33dd2de64fa567151fb2cf15c72,2f4b8aa5a0edfdafeadf5c67ac561b97ec266443615d65a715c735eac6203ef6,169421e73b25e00e379d0a24e476d5f26da19186f48a179e3a8bf83ce889b3b8,a706bf9d37897dd17f80265564d24fba090495605599287d1aa077a226e8fb15
1.0347744760824429e-10,-9.499755485581823e-11,1.4047105606530172e-10,diagnostic_only_not_theorem_gate,4a09b46da042bd99120c3c23c0cc81b0e6b3f33dd2de64fa567151fb2cf15c72,2f4b8aa5a0edfdafeadf5c67ac561b97ec266443615d65a715c735eac6203ef6,169421e73b25e00e379d0a24e476d5f26da19186f48a179e3a8bf83ce889b3b8,a706bf9d37897dd17f80265564d24fba090495605599287d1aa077a226e8fb15
8.460364645388843e-11,-3.283267923427963e-11,9.075109816964005e-11,diagnostic_only_not_theorem_gate,4a09b46da042bd99120c3c23c0cc81b0e6b3f33dd2de64fa567151fb2cf15c72,2f4b8aa5a0edfdafeadf5c67ac561b97ec266443615d65a715c735eac6203ef6,169421e73b25e00e379d0a24e476d5f26da19186f48a179e3a8bf83ce889b3b8,a706bf9d37897dd17f80265564d24fba090495605599287d1aa077a226e8fb15
8.460364645388855e-11,3.283267923427961e-11,9.075109816964015e-11,diagnostic_only_not_theorem_gate,4a09b46da042bd99120c3c23c0cc81b0e6b3f33dd2de64fa567151fb2cf15c72,2f4b8aa5a0edfdafeadf5c67ac561b97ec266443615d65a715c735eac6203ef6,169421e73b25e00e379d0a24e476d5f26da19186f48a179e3a8bf83ce889b3b8,a706bf9d37897dd17f80265564d24fba090495605599287d1aa077a226e8fb15
7.503850802442778e-11,2.0734192624243642e-11,7.785039775307093e-11,diagnostic_only_not_theorem_gate,4a09b46da042bd99120c3c23c0cc81b0e6b3f33dd2de64fa567151fb2cf15c72,2f4b8aa5a0edfdafeadf5c67ac561b97ec266443615d65a715c735eac6203ef6,169421e73b25e00e379d0a24e476d5f26da19186f48a179e3a8bf83ce889b3b8,a706bf9d37897dd17f80265564d24fba090495605599287d1aa077a226e8fb15
7.503850802442783e-11,-2.0734192624243648e-11,7.785039775307098e-11,diagnostic_only_not_theorem_gate,4a09b46da042bd99120c3c23c0cc81b0e6b3f33dd2de64fa567151fb2cf15c72,2f4b8aa5a0edfdafeadf5c67ac561b97ec266443615d65a715c735eac6203ef6,169421e73b25e00e379d0a24e476d5f26da19186f48a179e3a8bf83ce889b3b8,a706bf9d37897dd17f80265564d24fba090495605599287d1aa077a226e8fb15
-5.43853102589706e-11,6.462376466459186e-27,5.43853102589706e-11,diagnostic_only_not_theorem_gate,4a09b46da042bd99120c3c23c0cc81b0e6b3f33dd2de64fa567151fb2cf15c72,2f4b8aa5a0edfdafeadf5c67ac561b97ec266443615d65a715c735eac6203ef6,169421e73b25e00e379d0a24e476d5f26da19186f48a179e3a8bf83ce889b3b8,a706bf9d37897dd17f80265564d24fba090495605599287d1aa077a226e8fb15
2.6765048538186424e-11,-3.2532075394686734e-11,4.2127232910993065e-11,diagnostic_only_not_theorem_gate,4a09b46da042bd99120c3c23c0cc81b0e6b3f33dd2de64fa567151fb2cf15c72,2f4b8aa5a0edfdafeadf5c67ac561b97ec266443615d65a715c735eac6203ef6,169421e73b25e00e379d0a24e476d5f26da19186f48a179e3a8bf83ce889b3b8,a706bf9d37897dd17f80265564d24fba090495605599287d1aa077a226e8fb15
4.331882098548191e-11,2.0368782012960545e-26,4.331882098548191e-11,diagnostic_only_not_theorem_gate,4a09b46da042bd99120c3c23c0cc81b0e6b3f33dd2de64fa567151fb2cf15c72,2f4b8aa5a0edfdafeadf5c67ac561b97ec266443615d65a715c735eac6203ef6,169421e73b25e00e379d0a24e476d5f26da19186f48a179e3a8bf83ce889b3b8,a706bf9d37897dd17f80265564d24fba090495605599287d1aa077a226e8fb15
2.6765048538186424e-11,3.253207539468673e-11,4.212723291099306e-11,diagnostic_only_not_theorem_gate,4a09b46da042bd99120c3c23c0cc81b0e6b3f33dd2de64fa567151fb2cf15c72,2f4b8aa5a0edfdafeadf5c67ac561b97ec266443615d65a715c735eac6203ef6,169421e73b25e00e379d0a24e476d5f26da19186f48a179e3a8bf83ce889b3b8,a706bf9d37897dd17f80265564d24fba090495605599287d1aa077a226e8fb15
2.997583030125329e-11,1.2903676288941193e-11,3.26351844489857e-11,diagnostic_only_not_theorem_gate,4a09b46da042bd99120c3c23c0cc81b0e6b3f33dd2de64fa567151fb2cf15c72,2f4b8aa5a0edfdafeadf5c67ac561b97ec266443615d65a715c735eac6203ef6,169421e73b25e00e379d0a24e476d5f26da19186f48a179e3a8bf83ce889b3b8,a706bf9d37897dd17f80265564d24fba090495605599287d1aa077a226e8fb15
2.997583030125327e-11,-1.2903676288941183e-11,3.2635184448985677e-11,diagnostic_only_not_theorem_gate,4a09b46da042bd99120c3c23c0cc81b0e6b3f33dd2de64fa567151fb2cf15c72,2f4b8aa5a0edfdafeadf5c67ac561b97ec266443615d65a715c735eac6203ef6,169421e73b25e00e379d0a24e476d5f26da19186f48a179e3a8bf83ce889b3b8,a706bf9d37897dd17f80265564d24fba090495605599287d1aa077a226e8fb15
5.842654199328688e-12,1.2155367511576756e-11,1.3486644038990161e-11,diagnostic_only_not_theorem_gate,4a09b46da042bd99120c3c23c0cc81b0e6b3f33dd2de64fa567151fb2cf15c72,2f4b8aa5a0edfdafeadf5c67ac561b97ec266443615d65a715c735eac6203ef6,169421e73b25e00e379d0a24e476d5f26da19186f48a179e3a8bf83ce889b3b8,a706bf9d37897dd17f80265564d24fba090495605599287d1aa077a226e8fb15
5.842654199328693e-12,-1.2155367511576765e-11,1.3486644038990171e-11,diagnostic_only_not_theorem_gate,4a09b46da042bd99120c3c23c0cc81b0e6b3f33dd2de64fa567151fb2cf15c72,2f4b8aa5a0edfdafeadf5c67ac561b97ec266443615d65a715c735eac6203ef6,169421e73b25e00e379d0a24e476d5f26da19186f48a179e3a8bf83ce889b3b8,a706bf9d37897dd17f80265564d24fba090495605599287d1aa077a226e8fb15
6.131013742343389e-12,9.246837471355384e-12,1.1094743472945443e-11,diagnostic_only_not_theorem_gate,4a09b46da042bd99120c3c23c0cc81b0e6b3f33dd2de64fa567151fb2cf15c72,2f4b8aa5a0edfdafeadf5c67ac561b97ec266443615d65a715c735eac6203ef6,169421e73b25e00e379d0a24e476d5f26da19186f48a179e3a8bf83ce889b3b8,a706bf9d37897dd17f80265564d24fba090495605599287d1aa077a226e8fb15
6.1310137423433855e-12,-9.246837471355384e-12,1.1094743472945441e-11,diagnostic_only_not_theorem_gate,4a09b46da042bd99120c3c23c0cc81b0e6b3f33dd2de64fa567151fb2cf15c72,2f4b8aa5a0edfdafeadf5c67ac561b97ec266443615d65a715c735eac6203ef6,169421e73b25e00e379d0a24e476d5f26da19186f48a179e3a8bf83ce889b3b8,a706bf9d37897dd17f80265564d24fba090495605599287d1aa077a226e8fb15
-9.488432086216159e-12,1.2791893784881324e-12,9.574271195280254e-12,diagnostic_only_not_theorem_gate,4a09b46da042bd99120c3c23c0cc81b0e6b3f33dd2de64fa567151fb2cf15c72,2f4b8aa5a0edfdafeadf5c67ac561b97ec266443615d65a715c735eac6203ef6,169421e73b25e00e379d0a24e476d5f26da19186f48a179e3a8bf83ce889b3b8,a706bf9d37897dd17f80265564d24fba090495605599287d1aa077a226e8fb15
-9.48843208621616e-12,-1.2791893784881338e-12,9.574271195280255e-12,diagnostic_only_not_theorem_gate,4a09b46da042bd99120c3c23c0cc81b0e6b3f33dd2de64fa567151fb2cf15c72,2f4b8aa5a0edfdafeadf5c67ac561b97ec266443615d65a715c735eac6203ef6,169421e73b25e00e379d0a24e476d5f26da19186f48a179e3a8bf83ce889b3b8,a706bf9d37897dd17f80265564d24fba090495605599287d1aa077a226e8fb15
7.057480047269191e-12,8.077918547057758e-28,7.057480047269191e-12,diagnostic_only_not_theorem_gate,4a09b46da042bd99120c3c23c0cc81b0e6b3f33dd2de64fa567151fb2cf15c72,2f4b8aa5a0edfdafeadf5c67ac561b97ec266443615d65a715c735eac6203ef6,169421e73b25e00e379d0a24e476d5f26da19186f48a179e3a8bf83ce889b3b8,a706bf9d37897dd17f80265564d24fba090495605599287d1aa077a226e8fb15
-1.0250785956701788e-13,4.7055112151040515e-12,4.7066276309841016e-12,diagnostic_only_not_theorem_gate,4a09b46da042bd99120c3c23c0cc81b0e6b3f33dd2de64fa567151fb2cf15c72,2f4b8aa5a0edfdafeadf5c67ac561b97ec266443615d65a715c735eac6203ef6,169421e73b25e00e379d0a24e476d5f26da19186f48a179e3a8bf83ce889b3b8,a706bf9d37897dd17f80265564d24fba090495605599287d1aa077a226e8fb15
-1.0250785956701873e-13,-4.705511215104054e-12,4.706627630984104e-12,diagnostic_only_not_theorem_gate,4a09b46da042bd99120c3c23c0cc81b0e6b3f33dd2de64fa567151fb2cf15c72,2f4b8aa5a0edfdafeadf5c67ac561b97ec266443615d65a715c735eac6203ef6,169421e73b25e00e379d0a24e476d5f26da19186f48a179e3a8bf83ce889b3b8,a706bf9d37897dd17f80265564d24fba090495605599287d1aa077a226e8fb15
-1.1429725301033786e-12,2.223037915166184e-12,2.4996567318008552e-12,diagnostic_only_not_theorem_gate,4a09b46da042bd99120c3c23c0cc81b0e6b3f33dd2de64fa567151fb2cf15c72,2f4b8aa5a0edfdafeadf5c67ac561b97ec266443615d65a715c735eac6203ef6,169421e73b25e00e379d0a24e476d5f26da19186f48a179e3a8bf83ce889b3b8,a706bf9d37897dd17f80265564d24fba090495605599287d1aa077a226e8fb15
-1.142972530103375e-12,-2.22303791516618e-12,2.49965673180085e-12,diagnostic_only_not_theorem_gate,4a09b46da042bd99120c3c23c0cc81b0e6b3f33dd2de64fa567151fb2cf15c72,2f4b8aa5a0edfdafeadf5c67ac561b97ec266443615d65a715c735eac6203ef6,169421e73b25e00e379d0a24e476d5f26da19186f48a179e3a8bf83ce889b3b8,a706bf9d37897dd17f80265564d24fba090495605599287d1aa077a226e8fb15
4.4042274865948786e-13,2.025910638101378e-12,2.0732308388380468e-12,diagnostic_only_not_theorem_gate,4a09b46da042bd99120c3c23c0cc81b0e6b3f33dd2de64fa567151fb2cf15c72,2f4b8aa5a0edfdafeadf5c67ac561b97ec266443615d65a715c735eac6203ef6,169421e73b25e00e379d0a24e476d5f26da19186f48a179e3a8bf83ce889b3b8,a706bf9d37897dd17f80265564d24fba090495605599287d1aa077a226e8fb15
4.40422748659487e-13,-2.025910638101379e-12,2.0732308388380476e-12,diagnostic_only_not_theorem_gate,4a09b46da042bd99120c3c23c0cc81b0e6b3f33dd2de64fa567151fb2cf15c72,2f4b8aa5a0edfdafeadf5c67ac561b97ec266443615d65a715c735eac6203ef6,169421e73b25e00e379d0a24e476d5f26da19186f48a179e3a8bf83ce889b3b8,a706bf9d37897dd17f80265564d24fba090495605599287d1aa077a226e8fb15
-1.1437139209704335e-12,1.3455778574315742e-12,1.7659731887635521e-12,diagnostic_only_not_theorem_gate,4a09b46da042bd99120c3c23c0cc81b0e6b3f33dd2de64fa567151fb2cf15c72,2f4b8aa5a0edfdafeadf5c67ac561b97ec266443615d65a715c735eac6203ef6,169421e73b25e00e379d0a24e476d5f26da19186f48a179e3a8bf83ce889b3b8,a706bf9d37897dd17f80265564d24fba090495605599287d1aa077a226e8fb15
-1.1437139209704335e-12,-1.3455778574315744e-12,1.7659731887635523e-12,diagnostic_only_not_theorem_gate,4a09b46da042bd99120c3c23c0cc81b0e6b3f33dd2de64fa567151fb2cf15c72,2f4b8aa5a0edfdafeadf5c67ac561b97ec266443615d65a715c735eac6203ef6,169421e73b25e00e379d0a24e476d5f26da19186f48a179e3a8bf83ce889b3b8,a706bf9d37897dd17f80265564d24fba090495605599287d1aa077a226e8fb15
-7.986608381441738e-13,-2.3625063318918307e-13,8.328706358537585e-13,diagnostic_only_not_theorem_gate,4a09b46da042bd99120c3c23c0cc81b0e6b3f33dd2de64fa567151fb2cf15c72,2f4b8aa5a0edfdafeadf5c67ac561b97ec266443615d65a715c735eac6203ef6,169421e73b25e00e379d0a24e476d5f26da19186f48a179e3a8bf83ce889b3b8,a706bf9d37897dd17f80265564d24fba090495605599287d1aa077a226e8fb15
-7.986608381441743e-13,2.3625063318918307e-13,8.32870635853759e-13,diagnostic_only_not_theorem_gate,4a09b46da042bd99120c3c23c0cc81b0e6b3f33dd2de64fa567151fb2cf15c72,2f4b8aa5a0edfdafeadf5c67ac561b97ec266443615d65a715c735eac6203ef6,169421e73b25e00e379d0a24e476d5f26da19186f48a179e3a8bf83ce889b3b8,a706bf9d37897dd17f80265564d24fba090495605599287d1aa077a226e8fb15
6.94166395731343e-13,-5.643124920341742e-30,6.94166395731343e-13,diagnostic_only_not_theorem_gate,4a09b46da042bd99120c3c23c0cc81b0e6b3f33dd2de64fa567151fb2cf15c72,2f4b8aa5a0edfdafeadf5c67ac561b97ec266443615d65a715c735eac6203ef6,169421e73b25e00e379d0a24e476d5f26da19186f48a179e3a8bf83ce889b3b8,a706bf9d37897dd17f80265564d24fba090495605599287d1aa077a226e8fb15
-5.334433631290211e-13,6.81385549689433e-14,5.377775416839721e-13,diagnostic_only_not_theorem_gate,4a09b46da042bd99120c3c23c0cc81b0e6b3f33dd2de64fa567151fb2cf15c72,2f4b8aa5a0edfdafeadf5c67ac561b97ec266443615d65a715c735eac6203ef6,169421e73b25e00e379d0a24e476d5f26da19186f48a179e3a8bf83ce889b3b8,a706bf9d37897dd17f80265564d24fba090495605599287d1aa077a226e8fb15
-5.334433631290212e-13,-6.813855496894329e-14,5.377775416839722e-13,diagnostic_only_not_theorem_gate,4a09b46da042bd99120c3c23c0cc81b0e6b3f33dd2de64fa567151fb2cf15c72,2f4b8aa5a0edfdafeadf5c67ac561b97ec266443615d65a715c735eac6203ef6,169421e73b25e00e379d0a24e476d5f26da19186f48a179e3a8bf83ce889b3b8,a706bf9d37897dd17f80265564d24fba090495605599287d1aa077a226e8fb15
-2.7900889353946724e-13,6.454058437001623e-35,2.7900889353946724e-13,diagnostic_only_not_theorem_gate,4a09b46da042bd99120c3c23c0cc81b0e6b3f33dd2de64fa567151fb2cf15c72,2f4b8aa5a0edfdafeadf5c67ac561b97ec266443615d65a715c735eac6203ef6,169421e73b25e00e379d0a24e476d5f26da19186f48a179e3a8bf83ce889b3b8,a706bf9d37897dd17f80265564d24fba090495605599287d1aa077a226e8fb15
-2.4269704941875005e-13,1.4587941350683887e-33,2.4269704941875005e-13,diagnostic_only_not_theorem_gate,4a09b46da042bd99120c3c23c0cc81b0e6b3f33dd2de64fa567151fb2cf15c72,2f4b8aa5a0edfdafeadf5c67ac561b97ec266443615d65a715c735eac6203ef6,169421e73b25e00e379d0a24e476d5f26da19186f48a179e3a8bf83ce889b3b8,a706bf9d37897dd17f80265564d24fba090495605599287d1aa077a226e8fb15
-2.1259814087762132e-13,2.3847715866061687e-30,2.1259814087762132e-13,diagnostic_only_not_theorem_gate,4a09b46da042bd99120c3c23c0cc81b0e6b3f33dd2de64fa567151fb2cf15c72,2f4b8aa5a0edfdafeadf5c67ac561b97ec266443615d65a715c735eac6203ef6,169421e73b25e00e379d0a24e476d5f26da19186f48a179e3a8bf83ce889b3b8,a706bf9d37897dd17f80265564d24fba090495605599287d1aa077a226e8fb15
-1.203234857044642e-13,6.984839812682856e-14,1.391277827500904e-13,diagnostic_only_not_theorem_gate,4a09b46da042bd99120c3c23c0cc81b0e6b3f33dd2de64fa567151fb2cf15c72,2f4b8aa5a0edfdafeadf5c67ac561b97ec266443615d65a715c735eac6203ef6,169421e73b25e00e379d0a24e476d5f26da19186f48a179e3a8bf83ce889b3b8,a706bf9d37897dd17f80265564d24fba090495605599287d1aa077a226e8fb15
-1.203234857044643e-13,-6.984839812682856e-14,1.391277827500905e-13,diagnostic_only_not_theorem_gate,4a09b46da042bd99120c3c23c0cc81b0e6b3f33dd2de64fa567151fb2cf15c72,2f4b8aa5a0edfdafeadf5c67ac561b97ec266443615d65a715c735eac6203ef6,169421e73b25e00e379d0a24e476d5f26da19186f48a179e3a8bf83ce889b3b8,a706bf9d37897dd17f80265564d24fba090495605599287d1aa077a226e8fb15
-6.268899596279842e-14,6.576264131382249e-14,9.085502301686038e-14,diagnostic_only_not_theorem_gate,4a09b46da042bd99120c3c23c0cc81b0e6b3f33dd2de64fa567151fb2cf15c72,2f4b8aa5a0edfdafeadf5c67ac561b97ec266443615d65a715c735eac6203ef6,169421e73b25e00e379d0a24e476d5f26da19186f48a179e3a8bf83ce889b3b8,a706bf9d37897dd17f80265564d24fba090495605599287d1aa077a226e8fb15
-6.268899596279846e-14,-6.576264131382251e-14,9.085502301686042e-14,diagnostic_only_not_theorem_gate,4a09b46da042bd99120c3c23c0cc81b0e6b3f33dd2de64fa567151fb2cf15c72,2f4b8aa5a0edfdafeadf5c67ac561b97ec266443615d65a715c735eac6203ef6,169421e73b25e00e379d0a24e476d5f26da19186f48a179e3a8bf83ce889b3b8,a706bf9d37897dd17f80265564d24fba090495605599287d1aa077a226e8fb15
-1.579379068342047e-14,-4.1473403939286026e-14,4.437890330396736e-14,diagnostic_only_not_theorem_gate,4a09b46da042bd99120c3c23c0cc81b0e6b3f33dd2de64fa567151fb2cf15c72,2f4b8aa5a0edfdafeadf5c67ac561b97ec266443615d65a715c735eac6203ef6,169421e73b25e00e379d0a24e476d5f26da19186f48a179e3a8bf83ce889b3b8,a706bf9d37897dd17f80265564d24fba090495605599287d1aa077a226e8fb15
-1.579379068342046e-14,4.1473403939285975e-14,4.437890330396731e-14,diagnostic_only_not_theorem_gate,4a09b46da042bd99120c3c23c0cc81b0e6b3f33dd2de64fa567151fb2cf15c72,2f4b8aa5a0edfdafeadf5c67ac561b97ec266443615d65a715c735eac6203ef6,169421e73b25e00e379d0a24e476d5f26da19186f48a179e3a8bf83ce889b3b8,a706bf9d37897dd17f80265564d24fba090495605599287d1aa077a226e8fb15
-1.0080687555298012e-14,3.935286903587033e-14,4.062349766996808e-14,diagnostic_only_not_theorem_gate,4a09b46da042bd99120c3c23c0cc81b0e6b3f33dd2de64fa567151fb2cf15c72,2f4b8aa5a0edfdafeadf5c67ac561b97ec266443615d65a715c735eac6203ef6,169421e73b25e00e379d0a24e476d5f26da19186f48a179e3a8bf83ce889b3b8,a706bf9d37897dd17f80265564d24fba090495605599287d1aa077a226e8fb15
-1.0080687555298019e-14,-3.9352869035870324e-14,4.062349766996808e-14,diagnostic_only_not_theorem_gate,4a09b46da042bd99120c3c23c0cc81b0e6b3f33dd2de64fa567151fb2cf15c72,2f4b8aa5a0edfdafeadf5c67ac561b97ec266443615d65a715c735eac6203ef6,169421e73b25e00e379d0a24e476d5f26da19186f48a179e3a8bf83ce889b3b8,a706bf9d37897dd17f80265564d24fba090495605599287d1aa077a226e8fb15
-3.0979694695909774e-14,-5.304174219803983e-30,3.0979694695909774e-14,diagnostic_only_not_theorem_gate,4a09b46da042bd99120c3c23c0cc81b0e6b3f33dd2de64fa567151fb2cf15c72,2f4b8aa5a0edfdafeadf5c67ac561b97ec266443615d65a715c735eac6203ef6,169421e73b25e00e379d0a24e476d5f26da19186f48a179e3a8bf83ce889b3b8,a706bf9d37897dd17f80265564d24fba090495605599287d1aa077a226e8fb15
1.014567052344555e-14,1.9063594733337586e-14,2.159526046444563e-14,diagnostic_only_not_theorem_gate,4a09b46da042bd99120c3c23c0cc81b0e6b3f33dd2de64fa567151fb2cf15c72,2f4b8aa5a0edfdafeadf5c67ac561b97ec266443615d65a715c735eac6203ef6,169421e73b25e00e379d0a24e476d5f26da19186f48a179e3a8bf83ce889b3b8,a706bf9d37897dd17f80265564d24fba090495605599287d1aa077a226e8fb15
1.0145670523445545e-14,-1.9063594733337586e-14,2.1595260464445628e-14,diagnostic_only_not_theorem_gate,4a09b46da042bd99120c3c23c0cc81b0e6b3f33dd2de64fa567151fb2cf15c72,2f4b8aa5a0edfdafeadf5c67ac561b97ec266443615d65a715c735eac6203ef6,169421e73b25e00e379d0a24e476d5f26da19186f48a179e3a8bf83ce889b3b8,a706bf9d37897dd17f80265564d24fba090495605599287d1aa077a226e8fb15
1.0754207503751604e-14,1.3522759573956655e-14,1.7277673614488256e-14,diagnostic_only_not_theorem_gate,4a09b46da042bd99120c3c23c0cc81b0e6b3f33dd2de64fa567151fb2cf15c72,2f4b8aa5a0edfdafeadf5c67ac561b97ec266443615d65a715c735eac6203ef6,169421e73b25e00e379d0a24e476d5f26da19186f48a179e3a8bf83ce889b3b8,a706bf9d37897dd17f80265564d24fba090495605599287d1aa077a226e8fb15
1.0754207503751604e-14,-1.3522759573956655e-14,1.7277673614488256e-14,diagnostic_only_not_theorem_gate,4a09b46da042bd99120c3c23c0cc81b0e6b3f33dd2de64fa567151fb2cf15c72,2f4b8aa5a0edfdafeadf5c67ac561b97ec266443615d65a715c735eac6203ef6,169421e73b25e00e379d0a24e476d5f26da19186f48a179e3a8bf83ce889b3b8,a706bf9d37897dd17f80265564d24fba090495605599287d1aa077a226e8fb15
-1.4205110214378011e-14,-2.7194165543580235e-31,1.4205110214378011e-14,diagnostic_only_not_theorem_gate,4a09b46da042bd99120c3c23c0cc81b0e6b3f33dd2de64fa567151fb2cf15c72,2f4b8aa5a0edfdafeadf5c67ac561b97ec266443615d65a715c735eac6203ef6,169421e73b25e00e379d0a24e476d5f26da19186f48a179e3a8bf83ce889b3b8,a706bf9d37897dd17f80265564d24fba090495605599287d1aa077a226e8fb15
6.890517447773001e-15,8.85905416039586e-15,1.1223282555246096e-14,diagnostic_only_not_theorem_gate,4a09b46da042bd99120c3c23c0cc81b0e6b3f33dd2de64fa567151fb2cf15c72,2f4b8aa5a0edfdafeadf5c67ac561b97ec266443615d65a715c735eac6203ef6,169421e73b25e00e379d0a24e476d5f26da19186f48a179e3a8bf83ce889b3b8,a706bf9d37897dd17f80265564d24fba090495605599287d1aa077a226e8fb15
6.890517447772998e-15,-8.859054160395858e-15,1.1223282555246093e-14,diagnostic_only_not_theorem_gate,4a09b46da042bd99120c3c23c0cc81b0e6b3f33dd2de64fa567151fb2cf15c72,2f4b8aa5a0edfdafeadf5c67ac561b97ec266443615d65a715c735eac6203ef6,169421e73b25e00e379d0a24e476d5f26da19186f48a179e3a8bf83ce889b3b8,a706bf9d37897dd17f80265564d24fba090495605599287d1aa077a226e8fb15
8.347136502026107e-15,8.696248802094276e-35,8.347136502026107e-15,diagnostic_only_not_theorem_gate,4a09b46da042bd99120c3c23c0cc81b0e6b3f33dd2de64fa567151fb2cf15c72,2f4b8aa5a0edfdafeadf5c67ac561b97ec266443615d65a715c735eac6203ef6,169421e73b25e00e379d0a24e476d5f26da19186f48a179e3a8bf83ce889b3b8,a706bf9d37897dd17f80265564d24fba090495605599287d1aa077a226e8fb15
3.2247087226226222e-15,1.6429246937821268e-15,3.619108715581437e-15,diagnostic_only_not_theorem_gate,4a09b46da042bd99120c3c23c0cc81b0e6b3f33dd2de64fa567151fb2cf15c72,2f4b8aa5a0edfdafeadf5c67ac561b97ec266443615d65a715c735eac6203ef6,169421e73b25e00e379d0a24e476d5f26da19186f48a179e3a8bf83ce889b3b8,a706bf9d37897dd17f80265564d24fba090495605599287d1aa077a226e8fb15
3.224708722622621e-15,-1.642924693782125e-15,3.6191087155814354e-15,diagnostic_only_not_theorem_gate,4a09b46da042bd99120c3c23c0cc81b0e6b3f33dd2de64fa567151fb2cf15c72,2f4b8aa5a0edfdafeadf5c67ac561b97ec266443615d65a715c735eac6203ef6,169421e73b25e00e379d0a24e476d5f26da19186f48a179e3a8bf83ce889b3b8,a706bf9d37897dd17f80265564d24fba090495605599287d1aa077a226e8fb15
2.1349826870920975e-15,2.127178815648118e-15,3.01380835288595e-15,diagnostic_only_not_theorem_gate,4a09b46da042bd99120c3c23c0cc81b0e6b3f33dd2de64fa567151fb2cf15c72,2f4b8aa5a0edfdafeadf5c67ac561b97ec266443615d65a715c735eac6203ef6,169421e73b25e00e379d0a24e476d5f26da19186f48a179e3a8bf83ce889b3b8,a706bf9d37897dd17f80265564d24fba090495605599287d1aa077a226e8fb15
3.4062622739809746e-15,-1.3690433158035587e-31,3.4062622739809746e-15,diagnostic_only_not_theorem_gate,4a09b46da042bd99120c3c23c0cc81b0e6b3f33dd2de64fa567151fb2cf15c72,2f4b8aa5a0edfdafeadf5c67ac561b97ec266443615d65a715c735eac6203ef6,169421e73b25e00e379d0a24e476d5f26da19186f48a179e3a8bf83ce889b3b8,a706bf9d37897dd17f80265564d24fba090495605599287d1aa077a226e8fb15
2.1349826870920983e-15,-2.1271788156481157e-15,3.013808352885949e-15,diagnostic_only_not_theorem_gate,4a09b46da042bd99120c3c23c0cc81b0e6b3f33dd2de64fa567151fb2cf15c72,2f4b8aa5a0edfdafeadf5c67ac561b97ec266443615d65a715c735eac6203ef6,169421e73b25e00e379d0a24e476d5f26da19186f48a179e3a8bf83ce889b3b8,a706bf9d37897dd17f80265564d24fba090495605599287d1aa077a226e8fb15
-1.5447050001509467e-15,-3.8805280981772877e-32,1.5447050001509467e-15,diagnostic_only_not_theorem_gate,4a09b46da042bd99120c3c23c0cc81b0e6b3f33dd2de64fa567151fb2cf15c72,2f4b8aa5a0edfdafeadf5c67ac561b97ec266443615d65a715c735eac6203ef6,169421e73b25e00e379d0a24e476d5f26da19186f48a179e3a8bf83ce889b3b8,a706bf9d37897dd17f80265564d24fba090495605599287d1aa077a226e8fb15
1.6910477937881504e-15,2.564411482189025e-16,1.710381449670102e-15,diagnostic_only_not_theorem_gate,4a09b46da042bd99120c3c23c0cc81b0e6b3f33dd2de64fa567151fb2cf15c72,2f4b8aa5a0edfdafeadf5c67ac561b97ec266443615d65a715c735eac6203ef6,169421e73b25e00e379d0a24e476d5f26da19186f48a179e3a8bf83ce889b3b8,a706bf9d37897dd17f80265564d24fba090495605599287d1aa077a226e8fb15
1.6910477937881512e-15,-2.564411482189034e-16,1.710381449670103e-15,diagnostic_only_not_theorem_gate,4a09b46da042bd99120c3c23c0cc81b0e6b3f33dd2de64fa567151fb2cf15c72,2f4b8aa5a0edfdafeadf5c67ac561b97ec266443615d65a715c735eac6203ef6,169421e73b25e00e379d0a24e476d5f26da19186f48a179e3a8bf83ce889b3b8,a706bf9d37897dd17f80265564d24fba090495605599287d1aa077a226e8fb15
6.678268478579804e-16,-4.434795706901708e-16,8.016650349986984e-16,diagnostic_only_not_theorem_gate,4a09b46da042bd99120c3c23c0cc81b0e6b3f33dd2de64fa567151fb2cf15c72,2f4b8aa5a0edfdafeadf5c67ac561b97ec266443615d65a715c735eac6203ef6,169421e73b25e00e379d0a24e476d5f26da19186f48a179e3a8bf83ce889b3b8,a706bf9d37897dd17f80265564d24fba090495605599287d1aa077a226e8fb15
6.678268478579787e-16,4.434795706901699e-16,8.016650349986965e-16,diagnostic_only_not_theorem_gate,4a09b46da042bd99120c3c23c0cc81b0e6b3f33dd2de64fa567151fb2cf15c72,2f4b8aa5a0edfdafeadf5c67ac561b97ec266443615d65a715c735eac6203ef6,169421e73b25e00e379d0a24e476d5f26da19186f48a179e3a8bf83ce889b3b8,a706bf9d37897dd17f80265564d24fba090495605599287d1aa077a226e8fb15
6.813421952606249e-16,-2.0019197295290178e-16,7.10143656647965e-16,diagnostic_only_not_theorem_gate,4a09b46da042bd99120c3c23c0cc81b0e6b3f33dd2de64fa567151fb2cf15c72,2f4b8aa5a0edfdafeadf5c67ac561b97ec266443615d65a715c735eac6203ef6,169421e73b25e00e379d0a24e476d5f26da19186f48a179e3a8bf83ce889b3b8,a706bf9d37897dd17f80265564d24fba090495605599287d1aa077a226e8fb15
6.813421952606246e-16,2.001919729529017e-16,7.101436566479647e-16,diagnostic_only_not_theorem_gate,4a09b46da042bd99120c3c23c0cc81b0e6b3f33dd2de64fa567151fb2cf15c72,2f4b8aa5a0edfdafeadf5c67ac561b97ec266443615d65a715c735eac6203ef6,169421e73b25e00e379d0a24e476d5f26da19186f48a179e3a8bf83ce889b3b8,a706bf9d37897dd17f80265564d24fba090495605599287d1aa077a226e8fb15
-6.243092246062739e-16,-4.563329562506384e-32,6.243092246062739e-16,diagnostic_only_not_theorem_gate,4a09b46da042bd99120c3c23c0cc81b0e6b3f33dd2de64fa567151fb2cf15c72,2f4b8aa5a0edfdafeadf5c67ac561b97ec266443615d65a715c735eac6203ef6,169421e73b25e00e379d0a24e476d5f26da19186f48a179e3a8bf83ce889b3b8,a706bf9d37897dd17f80265564d24fba090495605599287d1aa077a226e8fb15
3.78385363134532e-16,-2.905712022682659e-16,4.770818657443156e-16,diagnostic_only_not_theorem_gate,4a09b46da042bd99120c3c23c0cc81b0e6b3f33dd2de64fa567151fb2cf15c72,2f4b8aa5a0edfdafeadf5c67ac561b97ec266443615d65a715c735eac6203ef6,169421e73b25e00e379d0a24e476d5f26da19186f48a179e3a8bf83ce889b3b8,a706bf9d37897dd17f80265564d24fba090495605599287d1aa077a226e8fb15
3.783853631345321e-16,2.905712022682659e-16,4.770818657443156e-16,diagnostic_only_not_theorem_gate,4a09b46da042bd99120c3c23c0cc81b0e6b3f33dd2de64fa567151fb2cf15c72,2f4b8aa5a0edfdafeadf5c67ac561b97ec266443615d65a715c735eac6203ef6,169421e73b25e00e379d0a24e476d5f26da19186f48a179e3a8bf83ce889b3b8,a706bf9d37897dd17f80265564d24fba090495605599287d1aa077a226e8fb15
2.3241653500033962e-16,-1.5871009241611616e-16,2.814362080051112e-16,diagnostic_only_not_theorem_gate,4a09b46da042bd99120c3c23c0cc81b0e6b3f33dd2de64fa567151fb2cf15c72,2f4b8aa5a0edfdafeadf5c67ac561b97ec266443615d65a715c735eac6203ef6,169421e73b25e00e379d0a24e476d5f26da19186f48a179e3a8bf83ce889b3b8,a706bf9d37897dd17f80265564d24fba090495605599287d1aa077a226e8fb15
2.3241653500034017e-16,1.5871009241611599e-16,2.8143620800511157e-16,diagnostic_only_not_theorem_gate,4a09b46da042bd99120c3c23c0cc81b0e6b3f33dd2de64fa567151fb2cf15c72,2f4b8aa5a0edfdafeadf5c67ac561b97ec266443615d65a715c735eac6203ef6,169421e73b25e00e379d0a24e476d5f26da19186f48a179e3a8bf83ce889b3b8,a706bf9d37897dd17f80265564d24fba090495605599287d1aa077a226e8fb15
-1.2182245001118324e-17,-2.6107800138222424e-16,2.61362066679547e-16,diagnostic_only_not_theorem_gate,4a09b46da042bd99120c3c23c0cc81b0e6b3f33dd2de64fa567151fb2cf15c72,2f4b8aa5a0edfdafeadf5c67ac561b97ec266443615d65a715c735eac6203ef6,169421e73b25e00e379d0a24e476d5f26da19186f48a179e3a8bf83ce889b3b8,a706bf9d37897dd17f80265564d24fba090495605599287d1aa077a226e8fb15
-1.2182245001118136e-17,2.6107800138222355e-16,2.6136206667954624e-16,diagnostic_only_not_theorem_gate,4a09b46da042bd99120c3c23c0cc81b0e6b3f33dd2de64fa567151fb2cf15c72,2f4b8aa5a0edfdafeadf5c67ac561b97ec266443615d65a715c735eac6203ef6,169421e73b25e00e379d0a24e476d5f26da19186f48a179e3a8bf83ce889b3b8,a706bf9d37897dd17f80265564d24fba090495605599287d1aa077a226e8fb15
-1.9013890384409616e-17,-1.420083095016303e-16,1.4327556663667801e-16,diagnostic_only_not_theorem_gate,4a09b46da042bd99120c3c23c0cc81b0e6b3f33dd2de64fa567151fb2cf15c72,2f4b8aa5a0edfdafeadf5c67ac561b97ec266443615d65a715c735eac6203ef6,169421e73b25e00e379d0a24e476d5f26da19186f48a179e3a8bf83ce889b3b8,a706bf9d37897dd17f80265564d24fba090495605599287d1aa077a226e8fb15
-1.9013890384409887e-17,1.4200830950163034e-16,1.432755666366781e-16,diagnostic_only_not_theorem_gate,4a09b46da042bd99120c3c23c0cc81b0e6b3f33dd2de64fa567151fb2cf15c72,2f4b8aa5a0edfdafeadf5c67ac561b97ec266443615d65a715c735eac6203ef6,169421e73b25e00e379d0a24e476d5f26da19186f48a179e3a8bf83ce889b3b8,a706bf9d37897dd17f80265564d24fba090495605599287d1aa077a226e8fb15
-1.0844082413572412e-16,3.8771537081995773e-31,1.0844082413572412e-16,diagnostic_only_not_theorem_gate,4a09b46da042bd99120c3c23c0cc81b0e6b3f33dd2de64fa567151fb2cf15c72,2f4b8aa5a0edfdafeadf5c67ac561b97ec266443615d65a715c735eac6203ef6,169421e73b25e00e379d0a24e476d5f26da19186f48a179e3a8bf83ce889b3b8,a706bf9d37897dd17f80265564d24fba090495605599287d1aa077a226e8fb15
-5.531382440416541e-17,-5.705871192551786e-17,7.946896109056717e-17,diagnostic_only_not_theorem_gate,4a09b46da042bd99120c3c23c0cc81b0e6b3f33dd2de64fa567151fb2cf15c72,2f4b8aa5a0edfdafeadf5c67ac561b97ec266443615d65a715c735eac6203ef6,169421e73b25e00e379d0a24e476d5f26da19186f48a179e3a8bf83ce889b3b8,a706bf9d37897dd17f80265564d24fba090495605599287d1aa077a226e8fb15
-5.5313824404164096e-17,5.705871192551729e-17,7.946896109056585e-17,diagnostic_only_not_theorem_gate,4a09b46da042bd99120c3c23c0cc81b0e6b3f33dd2de64fa567151fb2cf15c72,2f4b8aa5a0edfdafeadf5c67ac561b97ec266443615d65a715c735eac6203ef6,169421e73b25e00e379d0a24e476d5f26da19186f48a179e3a8bf83ce889b3b8,a706bf9d37897dd17f80265564d24fba090495605599287d1aa077a226e8fb15
-4.424208516621069e-17,1.1686198745488027e-30,4.424208516621069e-17,diagnostic_only_not_theorem_gate,4a09b46da042bd99120c3c23c0cc81b0e6b3f33dd2de64fa567151fb2cf15c72,2f4b8aa5a0edfdafeadf5c67ac561b97ec266443615d65a715c735eac6203ef6,169421e73b25e00e379d0a24e476d5f26da19186f48a179e3a8bf83ce889b3b8,a706bf9d37897dd17f80265564d24fba090495605599287d1aa077a226e8fb15
-3.433861771906712e-17,-2.250526083204353e-17,4.105639331425184e-17,diagnostic_only_not_theorem_gate,4a09b46da042bd99120c3c23c0cc81b0e6b3f33dd2de64fa567151fb2cf15c72,2f4b8aa5a0edfdafeadf5c67ac561b97ec266443615d65a715c735eac6203ef6,169421e73b25e00e379d0a24e476d5f26da19186f48a179e3a8bf83ce889b3b8,a706bf9d37897dd17f80265564d24fba090495605599287d1aa077a226e8fb15
-2.1820185816419263e-18,-3.1807589536240207e-17,3.188234554101326e-17,diagnostic_only_not_theorem_gate,4a09b46da042bd99120c3c23c0cc81b0e6b3f33dd2de64fa567151fb2cf15c72,2f4b8aa5a0edfdafeadf5c67ac561b97ec266443615d65a715c735eac6203ef6,169421e73b25e00e379d0a24e476d5f26da19186f48a179e3a8bf83ce889b3b8,a706bf9d37897dd17f80265564d24fba090495605599287d1aa077a226e8fb15
-3.433861771906363e-17,2.250526083204477e-17,4.10563933142496e-17,diagnostic_only_not_theorem_gate,4a09b46da042bd99120c3c23c0cc81b0e6b3f33dd2de64fa567151fb2cf15c72,2f4b8aa5a0edfdafeadf5c67ac561b97ec266443615d65a715c735eac6203ef6,169421e73b25e00e379d0a24e476d5f26da19186f48a179e3a8bf83ce889b3b8,a706bf9d37897dd17f80265564d24fba090495605599287d1aa077a226e8fb15
-2.182018581634646e-18,3.180758953623343e-17,3.1882345541006e-17,diagnostic_only_not_theorem_gate,4a09b46da042bd99120c3c23c0cc81b0e6b3f33dd2de64fa567151fb2cf15c72,2f4b8aa5a0edfdafeadf5c67ac561b97ec266443615d65a715c735eac6203ef6,169421e73b25e00e379d0a24e476d5f26da19186f48a179e3a8bf83ce889b3b8,a706bf9d37897dd17f80265564d24fba090495605599287d1aa077a226e8fb15
-2.6804212062102423e-17,-1.1042609834985726e-17,2.898973984426008e-17,diagnostic_only_not_theorem_gate,4a09b46da042bd99120c3c23c0cc81b0e6b3f33dd2de64fa567151fb2cf15c72,2f4b8aa5a0edfdafeadf5c67ac561b97ec266443615d65a715c735eac6203ef6,169421e73b25e00e379d0a24e476d5f26da19186f48a179e3a8bf83ce889b3b8,a706bf9d37897dd17f80265564d24fba090495605599287d1aa077a226e8fb15
-2.680421206212839e-17,1.1042609834976183e-17,2.8989739844280455e-17,diagnostic_only_not_theorem_gate,4a09b46da042bd99120c3c23c0cc81b0e6b3f33dd2de64fa567151fb2cf15c72,2f4b8aa5a0edfdafeadf5c67ac561b97ec266443615d65a715c735eac6203ef6,169421e73b25e00e379d0a24e476d5f26da19186f48a179e3a8bf83ce889b3b8,a706bf9d37897dd17f80265564d24fba090495605599287d1aa077a226e8fb15
-2.4239423586547293e-17,9.295384481713788e-30,2.4239423586547293e-17,diagnostic_only_not_theorem_gate,4a09b46da042bd99120c3c23c0cc81b0e6b3f33dd2de64fa567151fb2cf15c72,2f4b8aa5a0edfdafeadf5c67ac561b97ec266443615d65a715c735eac6203ef6,169421e73b25e00e379d0a24e476d5f26da19186f48a179e3a8bf83ce889b3b8,a706bf9d37897dd17f80265564d24fba090495605599287d1aa077a226e8fb15
-1.7806478880754218e-17,1.7023415162033036e-30,1.7806478880754218e-17,diagnostic_only_not_theorem_gate,4a09b46da042bd99120c3c23c0cc81b0e6b3f33dd2de64fa567151fb2cf15c72,2f4b8aa5a0edfdafeadf5c67ac561b97ec266443615d65a715c735eac6203ef6,169421e73b25e00e379d0a24e476d5f26da19186f48a179e3a8bf83ce889b3b8,a706bf9d37897dd17f80265564d24fba090495605599287d1aa077a226e8fb15
1.505984066368056e-17,-1.1151718952611023e-17,1.8739253891589987e-17,diagnostic_only_not_theorem_gate,4a09b46da042bd99120c3c23c0cc81b0e6b3f33dd2de64fa567151fb2cf15c72,2f4b8aa5a0edfdafeadf5c67ac561b97ec266443615d65a715c735eac6203ef6,169421e73b25e00e379d0a24e476d5f26da19186f48a179e3a8bf83ce889b3b8,a706bf9d37897dd17f80265564d24fba090495605599287d1aa077a226e8fb15
1.50598406636669e-17,1.115171895261478e-17,1.8739253891581245e-17,diagnostic_only_not_theorem_gate,4a09b46da042bd99120c3c23c0cc81b0e6b3f33dd2de64fa567151fb2cf15c72,2f4b8aa5a0edfdafeadf5c67ac561b97ec266443615d65a715c735eac6203ef6,169421e73b25e00e379d0a24e476d5f26da19186f48a179e3a8bf83ce889b3b8,a706bf9d37897dd17f80265564d24fba090495605599287d1aa077a226e8fb15
-1.059370536706459e-17,-1.5692548372337084e-17,1.8933638525711648e-17,diagnostic_only_not_theorem_gate,4a09b46da042bd99120c3c23c0cc81b0e6b3f33dd2de64fa567151fb2cf15c72,2f4b8aa5a0edfdafeadf5c67ac561b97ec266443615d65a715c735eac6203ef6,169421e73b25e00e379d0a24e476d5f26da19186f48a179e3a8bf83ce889b3b8,a706bf9d37897dd17f80265564d24fba090495605599287d1aa077a226e8fb15
-1.0593705367043304e-17,1.5692548372347324e-17,1.8933638525708225e-17,diagnostic_only_not_theorem_gate,4a09b46da042bd99120c3c23c0cc81b0e6b3f33dd2de64fa567151fb2cf15c72,2f4b8aa5a0edfdafeadf5c67ac561b97ec266443615d65a715c735eac6203ef6,169421e73b25e00e379d0a24e476d5f26da19186f48a179e3a8bf83ce889b3b8,a706bf9d37897dd17f80265564d24fba090495605599287d1aa077a226e8fb15
-1.2942444871993035e-17,-5.29862070378055e-32,1.2942444871993035e-17,diagnostic_only_not_theorem_gate,4a09b46da042bd99120c3c23c0cc81b0e6b3f33dd2de64fa567151fb2cf15c72,2f4b8aa5a0edfdafeadf5c67ac561b97ec266443615d65a715c735eac6203ef6,169421e73b25e00e379d0a24e476d5f26da19186f48a179e3a8bf83ce889b3b8,a706bf9d37897dd17f80265564d24fba090495605599287d1aa077a226e8fb15
-1.024882294711332e-17,-3.0319501903322985e-18,1.0687894729923785e-17,diagnostic_only_not_theorem_gate,4a09b46da042bd99120c3c23c0cc81b0e6b3f33dd2de64fa567151fb2cf15c72,2f4b8aa5a0edfdafeadf5c67ac561b97ec266443615d65a715c735eac6203ef6,169421e73b25e00e379d0a24e476d5f26da19186f48a179e3a8bf83ce889b3b8,a706bf9d37897dd17f80265564d24fba090495605599287d1aa077a226e8fb15
-1.0248822947114699e-17,3.0319501903393127e-18,1.0687894729927097e-17,diagnostic_only_not_theorem_gate,4a09b46da042bd99120c3c23c0cc81b0e6b3f33dd2de64fa567151fb2cf15c72,2f4b8aa5a0edfdafeadf5c67ac561b97ec266443615d65a715c735eac6203ef6,169421e73b25e00e379d0a24e476d5f26da19186f48a179e3a8bf83ce889b3b8,a706bf9d37897dd17f80265564d24fba090495605599287d1aa077a226e8fb15
9.130826688800673e-18,-4.087192370084507e-18,1.0003856131062245e-17,diagnostic_only_not_theorem_gate,4a09b46da042bd99120c3c23c0cc81b0e6b3f33dd2de64fa567151fb2cf15c72,2f4b8aa5a0edfdafeadf5c67ac561b97ec266443615d65a715c735eac6203ef6,169421e73b25e00e379d0a24e476d5f26da19186f48a179e3a8bf83ce889b3b8,a706bf9d37897dd17f80265564d24fba090495605599287d1aa077a226e8fb15
9.130826688797434e-18,4.087192370081567e-18,1.0003856131058089e-17,diagnostic_only_not_theorem_gate,4a09b46da042bd99120c3c23c0cc81b0e6b3f33dd2de64fa567151fb2cf15c72,2f4b8aa5a0edfdafeadf5c67ac561b97ec266443615d65a715c735eac6203ef6,169421e73b25e00e379d0a24e476d5f26da19186f48a179e3a8bf83ce889b3b8,a706bf9d37897dd17f80265564d24fba090495605599287d1aa077a226e8fb15
-5.609947939735584e-19,5.888579698007728e-18,5.915241839405573e-18,diagnostic_only_not_theorem_gate,4a09b46da042bd99120c3c23c0cc81b0e6b3f33dd2de64fa567151fb2cf15c72,2f4b8aa5a0edfdafeadf5c67ac561b97ec266443615d65a715c735eac6203ef6,169421e73b25e00e379d0a24e476d5f26da19186f48a179e3a8bf83ce889b3b8,a706bf9d37897dd17f80265564d24fba090495605599287d1aa077a226e8fb15
-3.477303285578804e-18,4.648547380059134e-18,5.8052244473880406e-18,diagnostic_only_not_theorem_gate,4a09b46da042bd99120c3c23c0cc81b0e6b3f33dd2de64fa567151fb2cf15c72,2f4b8aa5a0edfdafeadf5c67ac561b97ec266443615d65a715c735eac6203ef6,169421e73b25e00e379d0a24e476d5f26da19186f48a179e3a8bf83ce889b3b8,a706bf9d37897dd17f80265564d24fba090495605599287d1aa077a226e8fb15
-5.609947939726635e-19,-5.888579698008573e-18,5.915241839406329e-18,diagnostic_only_not_theorem_gate,4a09b46da042bd99120c3c23c0cc81b0e6b3f33dd2de64fa567151fb2cf15c72,2f4b8aa5a0edfdafeadf5c67ac561b97ec266443615d65a715c735eac6203ef6,169421e73b25e00e379d0a24e476d5f26da19186f48a179e3a8bf83ce889b3b8,a706bf9d37897dd17f80265564d24fba090495605599287d1aa077a226e8fb15
-3.477303285579461e-18,-4.6485473800830084e-18,5.805224447407552e-18,diagnostic_only_not_theorem_gate,4a09b46da042bd99120c3c23c0cc81b0e6b3f33dd2de64fa567151fb2cf15c72,2f4b8aa5a0edfdafeadf5c67ac561b97ec266443615d65a715c735eac6203ef6,169421e73b25e00e379d0a24e476d5f26da19186f48a179e3a8bf83ce889b3b8,a706bf9d37897dd17f80265564d24fba090495605599287d1aa077a226e8fb15
-4.98959201514161e-18,1.6883793715064758e-18,5.267509219706551e-18,diagnostic_only_not_theorem_gate,4a09b46da042bd99120c3c23c0cc81b0e6b3f33dd2de64fa567151fb2cf15c72,2f4b8aa5a0edfdafeadf5c67ac561b97ec266443615d65a715c735eac6203ef6,169421e73b25e00e379d0a24e476d5f26da19186f48a179e3a8bf83ce889b3b8,a706bf9d37897dd17f80265564d24fba090495605599287d1aa077a226e8fb15
-4.989592015145661e-18,-1.688379371528865e-18,5.267509219717565e-18,diagnostic_only_not_theorem_gate,4a09b46da042bd99120c3c23c0cc81b0e6b3f33dd2de64fa567151fb2cf15c72,2f4b8aa5a0edfdafeadf5c67ac561b97ec266443615d65a715c735eac6203ef6,169421e73b25e00e379d0a24e476d5f26da19186f48a179e3a8bf83ce889b3b8,a706bf9d37897dd17f80265564d24fba090495605599287d1aa077a226e8fb15
-3.191410539514465e-18,3.337930679474994e-18,4.618103772405337e-18,diagnostic_only_not_theorem_gate,4a09b46da042bd99120c3c23c0cc81b0e6b3f33dd2de64fa567151fb2cf15c72,2f4b8aa5a0edfdafeadf5c67ac561b97ec266443615d65a715c735eac6203ef6,169421e73b25e00e379d0a24e476d5f26da19186f48a179e3a8bf83ce889b3b8,a706bf9d37897dd17f80265564d24fba090495605599287d1aa077a226e8fb15
-3.1914105395126477e-18,-3.3379306794258955e-18,4.618103772368593e-18,diagnostic_only_not_theorem_gate,4a09b46da042bd99120c3c23c0cc81b0e6b3f33dd2de64fa567151fb2cf15c72,2f4b8aa5a0edfdafeadf5c67ac561b97ec266443615d65a715c735eac6203ef6,169421e73b25e00e379d0a24e476d5f26da19186f48a179e3a8bf83ce889b3b8,a706bf9d37897dd17f80265564d24fba090495605599287d1aa077a226e8fb15
2.596497274242044e-18,3.307920381411424e-18,4.205250925319851e-18,diagnostic_only_not_theorem_gate,4a09b46da042bd99120c3c23c0cc81b0e6b3f33dd2de64fa567151fb2cf15c72,2f4b8aa5a0edfdafeadf5c67ac561b97ec266443615d65a715c735eac6203ef6,169421e73b25e00e379d0a24e476d5f26da19186f48a179e3a8bf83ce889b3b8,a706bf9d37897dd17f80265564d24fba090495605599287d1aa077a226e8fb15
2.5964972742409563e-18,-3.3079203814160128e-18,4.205250925322789e-18,diagnostic_only_not_theorem_gate,4a09b46da042bd99120c3c23c0cc81b0e6b3f33dd2de64fa567151fb2cf15c72,2f4b8aa5a0edfdafeadf5c67ac561b97ec266443615d65a715c735eac6203ef6,169421e73b25e00e379d0a24e476d5f26da19186f48a179e3a8bf83ce889b3b8,a706bf9d37897dd17f80265564d24fba090495605599287d1aa077a226e8fb15
3.648005526436582e-18,4.3937885036669955e-31,3.648005526436582e-18,diagnostic_only_not_theorem_gate,4a09b46da042bd99120c3c23c0cc81b0e6b3f33dd2de64fa567151fb2cf15c72,2f4b8aa5a0edfdafeadf5c67ac561b97ec266443615d65a715c735eac6203ef6,169421e73b25e00e379d0a24e476d5f26da19186f48a179e3a8bf83ce889b3b8,a706bf9d37897dd17f80265564d24fba090495605599287d1aa077a226e8fb15
-2.403253594396319e-18,1.776456179941979e-18,2.9885488783409374e-18,diagnostic_only_not_theorem_gate,4a09b46da042bd99120c3c23c0cc81b0e6b3f33dd2de64fa567151fb2cf15c72,2f4b8aa5a0edfdafeadf5c67ac561b97ec266443615d65a715c735eac6203ef6,169421e73b25e00e379d0a24e476d5f26da19186f48a179e3a8bf83ce889b3b8,a706bf9d37897dd17f80265564d24fba090495605599287d1aa077a226e8fb15
-2.403253594394793e-18,-1.7764561799503395e-18,2.98854887834468e-18,diagnostic_only_not_theorem_gate,4a09b46da042bd99120c3c23c0cc81b0e6b3f33dd2de64fa567151fb2cf15c72,2f4b8aa5a0edfdafeadf5c67ac561b97ec266443615d65a715c735eac6203ef6,169421e73b25e00e379d0a24e476d5f26da19186f48a179e3a8bf83ce889b3b8,a706bf9d37897dd17f80265564d24fba090495605599287d1aa077a226e8fb15
1.3894150308132013e-18,2.7492907581738496e-18,3.080434027995047e-18,diagnostic_only_not_theorem_gate,4a09b46da042bd99120c3c23c0cc81b0e6b3f33dd2de64fa567151fb2cf15c72,2f4b8aa5a0edfdafeadf5c67ac561b97ec266443615d65a715c735eac6203ef6,169421e73b25e00e379d0a24e476d5f26da19186f48a179e3a8bf83ce889b3b8,a706bf9d37897dd17f80265564d24fba090495605599287d1aa077a226e8fb15
2.9757864046854887e-18,1.0595274063812009e-18,3.1587818935760445e-18,diagnostic_only_not_theorem_gate,4a09b46da042bd99120c3c23c0cc81b0e6b3f33dd2de64fa567151fb2cf15c72,2f4b8aa5a0edfdafeadf5c67ac561b97ec266443615d65a715c735eac6203ef6,169421e73b25e00e379d0a24e476d5f26da19186f48a179e3a8bf83ce889b3b8,a706bf9d37897dd17f80265564d24fba090495605599287d1aa077a226e8fb15
2.9757864046880405e-18,-1.0595274063809723e-18,3.1587818935783718e-18,diagnostic_only_not_theorem_gate,4a09b46da042bd99120c3c23c0cc81b0e6b3f33dd2de64fa567151fb2cf15c72,2f4b8aa5a0edfdafeadf5c67ac561b97ec266443615d65a715c735eac6203ef6,169421e73b25e00e379d0a24e476d5f26da19186f48a179e3a8bf83ce889b3b8,a706bf9d37897dd17f80265564d24fba090495605599287d1aa077a226e8fb15
1.3894150308157574e-18,-2.74929075816978e-18,3.080434027992568e-18,diagnostic_only_not_theorem_gate,4a09b46da042bd99120c3c23c0cc81b0e6b3f33dd2de64fa567151fb2cf15c72,2f4b8aa5a0edfdafeadf5c67ac561b97ec266443615d65a715c735eac6203ef6,169421e73b25e00e379d0a24e476d5f26da19186f48a179e3a8bf83ce889b3b8,a706bf9d37897dd17f80265564d24fba090495605599287d1aa077a226e8fb15
2.4029285132176523e-19,2.8643689530852576e-18,2.874430405105519e-18,diagnostic_only_not_theorem_gate,4a09b46da042bd99120c3c23c0cc81b0e6b3f33dd2de64fa567151fb2cf15c72,2f4b8aa5a0edfdafeadf5c67ac561b97ec266443615d65a715c735eac6203ef6,169421e73b25e00e379d0a24e476d5f26da19186f48a179e3a8bf83ce889b3b8,a706bf9d37897dd17f80265564d24fba090495605599287d1aa077a226e8fb15
2.4029285132249896e-19,-2.8643689530885136e-18,2.874430405108825e-18,diagnostic_only_not_theorem_gate,4a09b46da042bd99120c3c23c0cc81b0e6b3f33dd2de64fa567151fb2cf15c72,2f4b8aa5a0edfdafeadf5c67ac561b97ec266443615d65a715c735eac6203ef6,169421e73b25e00e379d0a24e476d5f26da19186f48a179e3a8bf83ce889b3b8,a706bf9d37897dd17f80265564d24fba090495605599287d1aa077a226e8fb15
-9.456703690618088e-19,2.1968235019121486e-18,2.3917202899743634e-18,diagnostic_only_not_theorem_gate,4a09b46da042bd99120c3c23c0cc81b0e6b3f33dd2de64fa567151fb2cf15c72,2f4b8aa5a0edfdafeadf5c67ac561b97ec266443615d65a715c735eac6203ef6,169421e73b25e00e379d0a24e476d5f26da19186f48a179e3a8bf83ce889b3b8,a706bf9d37897dd17f80265564d24fba090495605599287d1aa077a226e8fb15
-9.456703690622006e-19,-2.196823501913612e-18,2.3917202899758625e-18,diagnostic_only_not_theorem_gate,4a09b46da042bd99120c3c23c0cc81b0e6b3f33dd2de64fa567151fb2cf15c72,2f4b8aa5a0edfdafeadf5c67ac561b97ec266443615d65a715c735eac6203ef6,169421e73b25e00e379d0a24e476d5f26da19186f48a179e3a8bf83ce889b3b8,a706bf9d37897dd17f80265564d24fba090495605599287d1aa077a226e8fb15
-2.3590113391605557e-18,-4.891083332074787e-31,2.3590113391605557e-18,diagnostic_only_not_theorem_gate,4a09b46da042bd99120c3c23c0cc81b0e6b3f33dd2de64fa567151fb2cf15c72,2f4b8aa5a0edfdafeadf5c67ac561b97ec266443615d65a715c735eac6203ef6,169421e73b25e00e379d0a24e476d5f26da19186f48a179e3a8bf83ce889b3b8,a706bf9d37897dd17f80265564d24fba090495605599287d1aa077a226e8fb15
1.840043022449332e-18,1.629684070367391e-18,2.457972435499166e-18,diagnostic_only_not_theorem_gate,4a09b46da042bd99120c3c23c0cc81b0e6b3f33dd2de64fa567151fb2cf15c72,2f4b8aa5a0edfdafeadf5c67ac561b97ec266443615d65a715c735eac6203ef6,169421e73b25e00e379d0a24e476d5f26da19186f48a179e3a8bf83ce889b3b8,a706bf9d37897dd17f80265564d24fba090495605599287d1aa077a226e8fb15
1.4764262242154448e-18,1.9718031557894657e-18,2.463299023815901e-18,diagnostic_only_not_theorem_gate,4a09b46da042bd99120c3c23c0cc81b0e6b3f33dd2de64fa567151fb2cf15c72,2f4b8aa5a0edfdafeadf5c67ac561b97ec266443615d65a715c735eac6203ef6,169421e73b25e00e379d0a24e476d5f26da19186f48a179e3a8bf83ce889b3b8,a706bf9d37897dd17f80265564d24fba090495605599287d1aa077a226e8fb15
1.8400430224437634e-18,-1.6296840703678805e-18,2.4579724354953217e-18,diagnostic_only_not_theorem_gate,4a09b46da042bd99120c3c23c0cc81b0e6b3f33dd2de64fa567151fb2cf15c72,2f4b8aa5a0edfdafeadf5c67ac561b97ec266443615d65a715c735eac6203ef6,169421e73b25e00e379d0a24e476d5f26da19186f48a179e3a8bf83ce889b3b8,a706bf9d37897dd17f80265564d24fba090495605599287d1aa077a226e8fb15
1.4764262242143936e-18,-1.9718031557862636e-18,2.4632990238127077e-18,diagnostic_only_not_theorem_gate,4a09b46da042bd99120c3c23c0cc81b0e6b3f33dd2de64fa567151fb2cf15c72,2f4b8aa5a0edfdafeadf5c67ac561b97ec266443615d65a715c735eac6203ef6,169421e73b25e00e379d0a24e476d5f26da19186f48a179e3a8bf83ce889b3b8,a706bf9d37897dd17f80265564d24fba090495605599287d1aa077a226e8fb15
1.0258629530500598e-18,-2.153114954121889e-18,2.38501547250828e-18,diagnostic_only_not_theorem_gate,4a09b46da042bd99120c3c23c0cc81b0e6b3f33dd2de64fa567151fb2cf15c72,2f4b8aa5a0edfdafeadf5c67ac561b97ec266443615d65a715c735eac6203ef6,169421e73b25e00e379d0a24e476d5f26da19186f48a179e3a8bf83ce889b3b8,a706bf9d37897dd17f80265564d24fba090495605599287d1aa077a226e8fb15
1.025862953051528e-18,2.1531149541217943e-18,2.385015472508826e-18,diagnostic_only_not_theorem_gate,4a09b46da042bd99120c3c23c0cc81b0e6b3f33dd2de64fa567151fb2cf15c72,2f4b8aa5a0edfdafeadf5c67ac561b97ec266443615d65a715c735eac6203ef6,169421e73b25e00e379d0a24e476d5f26da19186f48a179e3a8bf83ce889b3b8,a706bf9d37897dd17f80265564d24fba090495605599287d1aa077a226e8fb15
-1.862117419111813e-18,-8.869717761237636e-19,2.062571262817308e-18,diagnostic_only_not_theorem_gate,4a09b46da042bd99120c3c23c0cc81b0e6b3f33dd2de64fa567151fb2cf15c72,2f4b8aa5a0edfdafeadf5c67ac561b97ec266443615d65a715c735eac6203ef6,169421e73b25e00e379d0a24e476d5f26da19186f48a179e3a8bf83ce889b3b8,a706bf9d37897dd17f80265564d24fba090495605599287d1aa077a226e8fb15
2.2304944092970495e-18,7.61489363856721e-20,2.231793890666892e-18,diagnostic_only_not_theorem_gate,4a09b46da042bd99120c3c23c0cc81b0e6b3f33dd2de64fa567151fb2cf15c72,2f4b8aa5a0edfdafeadf5c67ac561b97ec266443615d65a715c735eac6203ef6,169421e73b25e00e379d0a24e476d5f26da19186f48a179e3a8bf83ce889b3b8,a706bf9d37897dd17f80265564d24fba090495605599287d1aa077a226e8fb15
2.2304944092942588e-18,-7.614893638561215e-20,2.231793890664101e-18,diagnostic_only_not_theorem_gate,4a09b46da042bd99120c3c23c0cc81b0e6b3f33dd2de64fa567151fb2cf15c72,2f4b8aa5a0edfdafeadf5c67ac561b97ec266443615d65a715c735eac6203ef6,169421e73b25e00e379d0a24e476d5f26da19186f48a179e3a8bf83ce889b3b8,a706bf9d37897dd17f80265564d24fba090495605599287d1aa077a226e8fb15
-1.862117419110684e-18,8.86971776123726e-19,2.0625712628162725e-18,diagnostic_only_not_theorem_gate,4a09b46da042bd99120c3c23c0cc81b0e6b3f33dd2de64fa567151fb2cf15c72,2f4b8aa5a0edfdafeadf5c67ac561b97ec266443615d65a715c735eac6203ef6,169421e73b25e00e379d0a24e476d5f26da19186f48a179e3a8bf83ce889b3b8,a706bf9d37897dd17f80265564d24fba090495605599287d1aa077a226e8fb15
6.058558591263212e-20,-1.722066653935251e-18,1.723132082521862e-18,diagnostic_only_not_theorem_gate,4a09b46da042bd99120c3c23c0cc81b0e6b3f33dd2de64fa567151fb2cf15c72,2f4b8aa5a0edfdafeadf5c67ac561b97ec266443615d65a715c735eac6203ef6,169421e73b25e00e379d0a24e476d5f26da19186f48a179e3a8bf83ce889b3b8,a706bf9d37897dd17f80265564d24fba090495605599287d1aa077a226e8fb15
-1.0811280460504825e-18,-1.2327127968849683e-18,1.6396398054331614e-18,diagnostic_only_not_theorem_gate,4a09b46da042bd99120c3c23c0cc81b0e6b3f33dd2de64fa567151fb2cf15c72,2f4b8aa5a0edfdafeadf5c67ac561b97ec266443615d65a715c735eac6203ef6,169421e73b25e00e379d0a24e476d5f26da19186f48a179e3a8bf83ce889b3b8,a706bf9d37897dd17f80265564d24fba090495605599287d1aa077a226e8fb15
6.058558591202317e-20,1.7220666539389665e-18,1.7231320825255537e-18,diagnostic_only_not_theorem_gate,4a09b46da042bd99120c3c23c0cc81b0e6b3f33dd2de64fa567151fb2cf15c72,2f4b8aa5a0edfdafeadf5c67ac561b97ec266443615d65a715c735eac6203ef6,169421e73b25e00e379d0a24e476d5f26da19186f48a179e3a8bf83ce889b3b8,a706bf9d37897dd17f80265564d24fba090495605599287d1aa077a226e8fb15
-1.0811280460484353e-18,1.2327127968857264e-18,1.6396398054323814e-18,diagnostic_only_not_theorem_gate,4a09b46da042bd99120c3c23c0cc81b0e6b3f33dd2de64fa567151fb2cf15c72,2f4b8aa5a0edfdafeadf5c67ac561b97ec266443615d65a715c735eac6203ef6,169421e73b25e00e379d0a24e476d5f26da19186f48a179e3a8bf83ce889b3b8,a706bf9d37897dd17f80265564d24fba090495605599287d1aa077a226e8fb15
-5.856493366519716e-19,-1.4951325400862873e-18,1.6057417158266046e-18,diagnostic_only_not_theorem_gate,4a09b46da042bd99120c3c23c0cc81b0e6b3f33dd2de64fa567151fb2cf15c72,2f4b8aa5a0edfdafeadf5c67ac561b97ec266443615d65a715c735eac6203ef6,169421e73b25e00e379d0a24e476d5f26da19186f48a179e3a8bf83ce889b3b8,a706bf9d37897dd17f80265564d24fba090495605599287d1aa077a226e8fb15
-5.856493366518416e-19,1.495132540085951e-18,1.605741715826244e-18,diagnostic_only_not_theorem_gate,4a09b46da042bd99120c3c23c0cc81b0e6b3f33dd2de64fa567151fb2cf15c72,2f4b8aa5a0edfdafeadf5c67ac561b97ec266443615d65a715c735eac6203ef6,169421e73b25e00e379d0a24e476d5f26da19186f48a179e3a8bf83ce889b3b8,a706bf9d37897dd17f80265564d24fba090495605599287d1aa077a226e8fb15
1.5642239782750202e-18,6.735781254578263e-19,1.70308665231861e-18,diagnostic_only_not_theorem_gate,4a09b46da042bd99120c3c23c0cc81b0e6b3f33dd2de64fa567151fb2cf15c72,2f4b8aa5a0edfdafeadf5c67ac561b97ec266443615d65a715c735eac6203ef6,169421e73b25e00e379d0a24e476d5f26da19186f48a179e3a8bf83ce889b3b8,a706bf9d37897dd17f80265564d24fba090495605599287d1aa077a226e8fb15
1.5642239782745486e-18,-6.735781254578003e-19,1.7030866523181665e-18,diagnostic_only_not_theorem_gate,4a09b46da042bd99120c3c23c0cc81b0e6b3f33dd2de64fa567151fb2cf15c72,2f4b8aa5a0edfdafeadf5c67ac561b97ec266443615d65a715c735eac6203ef6,169421e73b25e00e379d0a24e476d5f26da19186f48a179e3a8bf83ce889b3b8,a706bf9d37897dd17f80265564d24fba090495605599287d1aa077a226e8fb15
1.328783104253851e-18,9.563939330276253e-19,1.6371786381707253e-18,diagnostic_only_not_theorem_gate,4a09b46da042bd99120c3c23c0cc81b0e6b3f33dd2de64fa567151fb2cf15c72,2f4b8aa5a0edfdafeadf5c67ac561b97ec266443615d65a715c735eac6203ef6,169421e73b25e00e379d0a24e476d5f26da19186f48a179e3a8bf83ce889b3b8,a706bf9d37897dd17f80265564d24fba090495605599287d1aa077a226e8fb15
1.3287831042576253e-18,-9.56393933026473e-19,1.6371786381731153e-18,diagnostic_only_not_theorem_gate,4a09b46da042bd99120c3c23c0cc81b0e6b3f33dd2de64fa567151fb2cf15c72,2f4b8aa5a0edfdafeadf5c67ac561b97ec266443615d65a715c735eac6203ef6,169421e73b25e00e379d0a24e476d5f26da19186f48a179e3a8bf83ce889b3b8,a706bf9d37897dd17f80265564d24fba090495605599287d1aa077a226e8fb15
-1.3420892058103987e-18,-4.979501267482047e-19,1.4314879549201034e-18,diagnostic_only_not_theorem_gate,4a09b46da042bd99120c3c23c0cc81b0e6b3f33dd2de64fa567151fb2cf15c72,2f4b8aa5a0edfdafeadf5c67ac561b97ec266443615d65a715c735eac6203ef6,169421e73b25e00e379d0a24e476d5f26da19186f48a179e3a8bf83ce889b3b8,a706bf9d37897dd17f80265564d24fba090495605599287d1aa077a226e8fb15
-1.3420892058095297e-18,4.979501267492197e-19,1.4314879549196418e-18,diagnostic_only_not_theorem_gate,4a09b46da042bd99120c3c23c0cc81b0e6b3f33dd2de64fa567151fb2cf15c72,2f4b8aa5a0edfdafeadf5c67ac561b97ec266443615d65a715c735eac6203ef6,169421e73b25e00e379d0a24e476d5f26da19186f48a179e3a8bf83ce889b3b8,a706bf9d37897dd17f80265564d24fba090495605599287d1aa077a226e8fb15
8.156043992804935e-19,1.1226110593605572e-18,1.3876116627948638e-18,diagnostic_only_not_theorem_gate,4a09b46da042bd99120c3c23c0cc81b0e6b3f33dd2de64fa567151fb2cf15c72,2f4b8aa5a0edfdafeadf5c67ac561b97ec266443615d65a715c735eac6203ef6,169421e73b25e00e379d0a24e476d5f26da19186f48a179e3a8bf83ce889b3b8,a706bf9d37897dd17f80265564d24fba090495605599287d1aa077a226e8fb15
-1.2917518032208775e-18,-2.9713232850415343e-19,1.3254849458845955e-18,diagnostic_only_not_theorem_gate,4a09b46da042bd99120c3c23c0cc81b0e6b3f33dd2de64fa567151fb2cf15c72,2f4b8aa5a0edfdafeadf5c67ac561b97ec266443615d65a715c735eac6203ef6,169421e73b25e00e379d0a24e476d5f26da19186f48a179e3a8bf83ce889b3b8,a706bf9d37897dd17f80265564d24fba090495605599287d1aa077a226e8fb15
-1.2917518032245362e-18,2.9713232850152053e-19,1.3254849458875708e-18,diagnostic_only_not_theorem_gate,4a09b46da042bd99120c3c23c0cc81b0e6b3f33dd2de64fa567151fb2cf15c72,2f4b8aa5a0edfdafeadf5c67ac561b97ec266443615d65a715c735eac6203ef6,169421e73b25e00e379d0a24e476d5f26da19186f48a179e3a8bf83ce889b3b8,a706bf9d37897dd17f80265564d24fba090495605599287d1aa077a226e8fb15
4.305189363427161e-19,-1.3452680080544664e-18,1.412477457534985e-18,diagnostic_only_not_theorem_gate,4a09b46da042bd99120c3c23c0cc81b0e6b3f33dd2de64fa567151fb2cf15c72,2f4b8aa5a0edfdafeadf5c67ac561b97ec266443615d65a715c735eac6203ef6,169421e73b25e00e379d0a24e476d5f26da19186f48a179e3a8bf83ce889b3b8,a706bf9d37897dd17f80265564d24fba090495605599287d1aa077a226e8fb15
4.3051893633769607e-19,1.345268008054834e-18,1.4124774575338052e-18,diagnostic_only_not_theorem_gate,4a09b46da042bd99120c3c23c0cc81b0e6b3f33dd2de64fa567151fb2cf15c72,2f4b8aa5a0edfdafeadf5c67ac561b97ec266443615d65a715c735eac6203ef6,169421e73b25e00e379d0a24e476d5f26da19186f48a179e3a8bf83ce889b3b8,a706bf9d37897dd17f80265564d24fba090495605599287d1aa077a226e8fb15
8.156043992783031e-19,-1.1226110593615352e-18,1.3876116627943677e-18,diagnostic_only_not_theorem_gate,4a09b46da042bd99120c3c23c0cc81b0e6b3f33dd2de64fa567151fb2cf15c72,2f4b8aa5a0edfdafeadf5c67ac561b97ec266443615d65a715c735eac6203ef6,169421e73b25e00e379d0a24e476d5f26da19186f48a179e3a8bf83ce889b3b8,a706bf9d37897dd17f80265564d24fba090495605599287d1aa077a226e8fb15
-1.9649237604608133e-19,-1.2100415946294052e-18,1.225891477487917e-18,diagnostic_only_not_theorem_gate,4a09b46da042bd99120c3c23c0cc81b0e6b3f33dd2de64fa567151fb2cf15c72,2f4b8aa5a0edfdafeadf5c67ac561b97ec266443615d65a715c735eac6203ef6,169421e73b25e00e379d0a24e476d5f26da19186f48a179e3a8bf83ce889b3b8,a706bf9d37897dd17f80265564d24fba090495605599287d1aa077a226e8fb15
-7.874224044567719e-19,-8.753647298866838e-19,1.1774113356724874e-18,diagnostic_only_not_theorem_gate,4a09b46da042bd99120c3c23c0cc81b0e6b3f33dd2de64fa567151fb2cf15c72,2f4b8aa5a0edfdafeadf5c67ac561b97ec266443615d65a715c735eac6203ef6,169421e73b25e00e379d0a24e476d5f26da19186f48a179e3a8bf83ce889b3b8,a706bf9d37897dd17f80265564d24fba090495605599287d1aa077a226e8fb15
1.4849498329814367e-18,8.746545175822518e-31,1.4849498329814367e-18,diagnostic_only_not_theorem_gate,4a09b46da042bd99120c3c23c0cc81b0e6b3f33dd2de64fa567151fb2cf15c72,2f4b8aa5a0edfdafeadf5c67ac561b97ec266443615d65a715c735eac6203ef6,169421e73b25e00e379d0a24e476d5f26da19186f48a179e3a8bf83ce889b3b8,a706bf9d37897dd17f80265564d24fba090495605599287d1aa077a226e8fb15
-7.874224044562042e-19,8.753647298853891e-19,1.1774113356711453e-18,diagnostic_only_not_theorem_gate,4a09b46da042bd99120c3c23c0cc81b0e6b3f33dd2de64fa567151fb2cf15c72,2f4b8aa5a0edfdafeadf5c67ac561b97ec266443615d65a715c735eac6203ef6,169421e73b25e00e379d0a24e476d5f26da19186f48a179e3a8bf83ce889b3b8,a706bf9d37897dd17f80265564d24fba090495605599287d1aa077a226e8fb15
-1.9649237604674893e-19,1.2100415946289072e-18,1.2258914774875326e-18,diagnostic_only_not_theorem_gate,4a09b46da042bd99120c3c23c0cc81b0e6b3f33dd2de64fa567151fb2cf15c72,2f4b8aa5a0edfdafeadf5c67ac561b97ec266443615d65a715c735eac6203ef6,169421e73b25e00e379d0a24e476d5f26da19186f48a179e3a8bf83ce889b3b8,a706bf9d37897dd17f80265564d24fba090495605599287d1aa077a226e8fb15
3.938227279395835e-19,-1.1044962866601771e-18,1.1726075167283789e-18,diagnostic_only_not_theorem_gate,4a09b46da042bd99120c3c23c0cc81b0e6b3f33dd2de64fa567151fb2cf15c72,2f4b8aa5a0edfdafeadf5c67ac561b97ec266443615d65a715c735eac6203ef6,169421e73b25e00e379d0a24e476d5f26da19186f48a179e3a8bf83ce889b3b8,a706bf9d37897dd17f80265564d24fba090495605599287d1aa077a226e8fb15
-9.561151781811142e-19,-2.1649949006931483e-19,9.80320490017717e-19,diagnostic_only_not_theorem_gate,4a09b46da042bd99120c3c23c0cc81b0e6b3f33dd2de64fa567151fb2cf15c72,2f4b8aa5a0edfdafeadf5c67ac561b97ec266443615d65a715c735eac6203ef6,169421e73b25e00e379d0a24e476d5f26da19186f48a179e3a8bf83ce889b3b8,a706bf9d37897dd17f80265564d24fba090495605599287d1aa077a226e8fb15
-9.561151781861335e-19,2.1649949007221814e-19,9.803204900232537e-19,diagnostic_only_not_theorem_gate,4a09b46da042bd99120c3c23c0cc81b0e6b3f33dd2de64fa567151fb2cf15c72,2f4b8aa5a0edfdafeadf5c67ac561b97ec266443615d65a715c735eac6203ef6,169421e73b25e00e379d0a24e476d5f26da19186f48a179e3a8bf83ce889b3b8,a706bf9d37897dd17f80265564d24fba090495605599287d1aa077a226e8fb15
3.938227279442352e-19,1.104496286657815e-18,1.1726075167277162e-18,diagnostic_only_not_theorem_gate,4a09b46da042bd99120c3c23c0cc81b0e6b3f33dd2de64fa567151fb2cf15c72,2f4b8aa5a0edfdafeadf5c67ac561b97ec266443615d65a715c735eac6203ef6,169421e73b25e00e379d0a24e476d5f26da19186f48a179e3a8bf83ce889b3b8,a706bf9d37897dd17f80265564d24fba090495605599287d1aa077a226e8fb15
-2.1536779241283702e-20,-9.78568468671635e-19,9.788054355889306e-19,diagnostic_only_not_theorem_gate,4a09b46da042bd99120c3c23c0cc81b0e6b3f33dd2de64fa567151fb2cf15c72,2f4b8aa5a0edfdafeadf5c67ac561b97ec266443615d65a715c735eac6203ef6,169421e73b25e00e379d0a24e476d5f26da19186f48a179e3a8bf83ce889b3b8,a706bf9d37897dd17f80265564d24fba090495605599287d1aa077a226e8fb15
-5.772840000380804e-19,-7.079476337508636e-19,9.134805246054309e-19,diagnostic_only_not_theorem_gate,4a09b46da042bd99120c3c23c0cc81b0e6b3f33dd2de64fa567151fb2cf15c72,2f4b8aa5a0edfdafeadf5c67ac561b97ec266443615d65a715c735eac6203ef6,169421e73b25e00e379d0a24e476d5f26da19186f48a179e3a8bf83ce889b3b8,a706bf9d37897dd17f80265564d24fba090495605599287d1aa077a226e8fb15
-4.457430195528634e-19,-8.368223824190344e-19,9.481342411270532e-19,diagnostic_only_not_theorem_gate,4a09b46da042bd99120c3c23c0cc81b0e6b3f33dd2de64fa567151fb2cf15c72,2f4b8aa5a0edfdafeadf5c67ac561b97ec266443615d65a715c735eac6203ef6,169421e73b25e00e379d0a24e476d5f26da19186f48a179e3a8bf83ce889b3b8,a706bf9d37897dd17f80265564d24fba090495605599287d1aa077a226e8fb15
-4.457430195550349e-19,8.368223824195772e-19,9.48134241128553e-19,diagnostic_only_not_theorem_gate,4a09b46da042bd99120c3c23c0cc81b0e6b3f33dd2de64fa567151fb2cf15c72,2f4b8aa5a0edfdafeadf5c67ac561b97ec266443615d65a715c735eac6203ef6,169421e73b25e00e379d0a24e476d5f26da19186f48a179e3a8bf83ce889b3b8,a706bf9d37897dd17f80265564d24fba090495605599287d1aa077a226e8fb15
-5.772840000395354e-19,7.079476337532317e-19,9.134805246081857e-19,diagnostic_only_not_theorem_gate,4a09b46da042bd99120c3c23c0cc81b0e6b3f33dd2de64fa567151fb2cf15c72,2f4b8aa5a0edfdafeadf5c67ac561b97ec266443615d65a715c735eac6203ef6,169421e73b25e00e379d0a24e476d5f26da19186f48a179e3a8bf83ce889b3b8,a706bf9d37897dd17f80265564d24fba090495605599287d1aa077a226e8fb15
-2.153677924414578e-20,9.785684686703469e-19,9.78805435587706e-19,diagnostic_only_not_theorem_gate,4a09b46da042bd99120c3c23c0cc81b0e6b3f33dd2de64fa567151fb2cf15c72,2f4b8aa5a0edfdafeadf5c67ac561b97ec266443615d65a715c735eac6203ef6,169421e73b25e00e379d0a24e476d5f26da19186f48a179e3a8bf83ce889b3b8,a706bf9d37897dd17f80265564d24fba090495605599287d1aa077a226e8fb15
1.055543786918945e-18,-3.2078115966765615e-19,1.1032104234917806e-18,diagnostic_only_not_theorem_gate,4a09b46da042bd99120c3c23c0cc81b0e6b3f33dd2de64fa567151fb2cf15c72,2f4b8aa5a0edfdafeadf5c67ac561b97ec266443615d65a715c735eac6203ef6,169421e73b25e00e379d0a24e476d5f26da19186f48a179e3a8bf83ce889b3b8,a706bf9d37897dd17f80265564d24fba090495605599287d1aa077a226e8fb15
1.0555437869222927e-18,3.207811596660284e-19,1.1032104234945102e-18,diagnostic_only_not_theorem_gate,4a09b46da042bd99120c3c23c0cc81b0e6b3f33dd2de64fa567151fb2cf15c72,2f4b8aa5a0edfdafeadf5c67ac561b97ec266443615d65a715c735eac6203ef6,169421e73b25e00e379d0a24e476d5f26da19186f48a179e3a8bf83ce889b3b8,a706bf9d37897dd17f80265564d24fba090495605599287d1aa077a226e8fb15
3.859582936453799e-19,-7.776327729138226e-19,8.681454566737617e-19,diagnostic_only_not_theorem_gate,4a09b46da042bd99120c3c23c0cc81b0e6b3f33dd2de64fa567151fb2cf15c72,2f4b8aa5a0edfdafeadf5c67ac561b97ec266443615d65a715c735eac6203ef6,169421e73b25e00e379d0a24e476d5f26da19186f48a179e3a8bf83ce889b3b8,a706bf9d37897dd17f80265564d24fba090495605599287d1aa077a226e8fb15
8.837193998324574e-19,-3.3404288741782123e-19,9.447458008769734e-19,diagnostic_only_not_theorem_gate,4a09b46da042bd99120c3c23c0cc81b0e6b3f33dd2de64fa567151fb2cf15c72,2f4b8aa5a0edfdafeadf5c67ac561b97ec266443615d65a715c735eac6203ef6,169421e73b25e00e379d0a24e476d5f26da19186f48a179e3a8bf83ce889b3b8,a706bf9d37897dd17f80265564d24fba090495605599287d1aa077a226e8fb15
9.604911783954179e-19,-3.110299332119279e-31,9.604911783954179e-19,diagnostic_only_not_theorem_gate,4a09b46da042bd99120c3c23c0cc81b0e6b3f33dd2de64fa567151fb2cf15c72,2f4b8aa5a0edfdafeadf5c67ac561b97ec266443615d65a715c735eac6203ef6,169421e73b25e00e379d0a24e476d5f26da19186f48a179e3a8bf83ce889b3b8,a706bf9d37897dd17f80265564d24fba090495605599287d1aa077a226e8fb15
8.83719399832563e-19,3.3404288741612824e-19,9.447458008764735e-19,diagnostic_only_not_theorem_gate,4a09b46da042bd99120c3c23c0cc81b0e6b3f33dd2de64fa567151fb2cf15c72,2f4b8aa5a0edfdafeadf5c67ac561b97ec266443615d65a715c735eac6203ef6,169421e73b25e00e379d0a24e476d5f26da19186f48a179e3a8bf83ce889b3b8,a706bf9d37897dd17f80265564d24fba090495605599287d1aa077a226e8fb15
3.859582936465356e-19,7.776327729145856e-19,8.681454566749588e-19,diagnostic_only_not_theorem_gate,4a09b46da042bd99120c3c23c0cc81b0e6b3f33dd2de64fa567151fb2cf15c72,2f4b8aa5a0edfdafeadf5c67ac561b97ec266443615d65a715c735eac6203ef6,169421e73b25e00e379d0a24e476d5f26da19186f48a179e3a8bf83ce889b3b8,a706bf9d37897dd17f80265564d24fba090495605599287d1aa077a226e8fb15
-7.069278384523649e-19,-8.624618581580543e-30,7.069278384523649e-19,diagnostic_only_not_theorem_gate,4a09b46da042bd99120c3c23c0cc81b0e6b3f33dd2de64fa567151fb2cf15c72,2f4b8aa5a0edfdafeadf5c67ac561b97ec266443615d65a715c735eac6203ef6,169421e73b25e00e379d0a24e476d5f26da19186f48a179e3a8bf83ce889b3b8,a706bf9d37897dd17f80265564d24fba090495605599287d1aa077a226e8fb15
6.67247516542794e-19,-4.24202206397805e-19,7.906748764475143e-19,diagnostic_only_not_theorem_gate,4a09b46da042bd99120c3c23c0cc81b0e6b3f33dd2de64fa567151fb2cf15c72,2f4b8aa5a0edfdafeadf5c67ac561b97ec266443615d65a715c735eac6203ef6,169421e73b25e00e379d0a24e476d5f26da19186f48a179e3a8bf83ce889b3b8,a706bf9d37897dd17f80265564d24fba090495605599287d1aa077a226e8fb15
6.672475165439813e-19,4.2420220639694002e-19,7.906748764480522e-19,diagnostic_only_not_theorem_gate,4a09b46da042bd99120c3c23c0cc81b0e6b3f33dd2de64fa567151fb2cf15c72,2f4b8aa5a0edfdafeadf5c67ac561b97ec266443615d65a715c735eac6203ef6,169421e73b25e00e379d0a24e476d5f26da19186f48a179e3a8bf83ce889b3b8,a706bf9d37897dd17f80265564d24fba090495605599287d1aa077a226e8fb15
-2.522246826656129e-19,5.859198241367742e-19,6.37902289431726e-19,diagnostic_only_not_theorem_gate,4a09b46da042bd99120c3c23c0cc81b0e6b3f33dd2de64fa567151fb2cf15c72,2f4b8aa5a0edfdafeadf5c67ac561b97ec266443615d65a715c735eac6203ef6,169421e73b25e00e379d0a24e476d5f26da19186f48a179e3a8bf83ce889b3b8,a706bf9d37897dd17f80265564d24fba090495605599287d1aa077a226e8fb15
6.358250976760999e-19,-2.95019862155991e-19,7.009352851022425e-19,diagnostic_only_not_theorem_gate,4a09b46da042bd99120c3c23c0cc81b0e6b3f33dd2de64fa567151fb2cf15c72,2f4b8aa5a0edfdafeadf5c67ac561b97ec266443615d65a715c735eac6203ef6,169421e73b25e00e379d0a24e476d5f26da19186f48a179e3a8bf83ce889b3b8,a706bf9d37897dd17f80265564d24fba090495605599287d1aa077a226e8fb15
6.358250976811895e-19,2.950198621596506e-19,7.009352851083996e-19,diagnostic_only_not_theorem_gate,4a09b46da042bd99120c3c23c0cc81b0e6b3f33dd2de64fa567151fb2cf15c72,2f4b8aa5a0edfdafeadf5c67ac561b97ec266443615d65a715c735eac6203ef6,169421e73b25e00e379d0a24e476d5f26da19186f48a179e3a8bf83ce889b3b8,a706bf9d37897dd17f80265564d24fba090495605599287d1aa077a226e8fb15
6.614612260388881e-19,-8.890233303528836e-30,6.614612260388881e-19,diagnostic_only_not_theorem_gate,4a09b46da042bd99120c3c23c0cc81b0e6b3f33dd2de64fa567151fb2cf15c72,2f4b8aa5a0edfdafeadf5c67ac561b97ec266443615d65a715c735eac6203ef6,169421e73b25e00e379d0a24e476d5f26da19186f48a179e3a8bf83ce889b3b8,a706bf9d37897dd17f80265564d24fba090495605599287d1aa077a226e8fb15
-2.522246826674419e-19,-5.859198241363112e-19,6.37902289432024e-19,diagnostic_only_not_theorem_gate,4a09b46da042bd99120c3c23c0cc81b0e6b3f33dd2de64fa567151fb2cf15c72,2f4b8aa5a0edfdafeadf5c67ac561b97ec266443615d65a715c735eac6203ef6,169421e73b25e00e379d0a24e476d5f26da19186f48a179e3a8bf83ce889b3b8,a706bf9d37897dd17f80265564d24fba090495605599287d1aa077a226e8fb15
-1.249130389062009e-20,-6.248049598347788e-19,6.249298124645898e-19,diagnostic_only_not_theorem_gate,4a09b46da042bd99120c3c23c0cc81b0e6b3f33dd2de64fa567151fb2cf15c72,2f4b8aa5a0edfdafeadf5c67ac561b97ec266443615d65a715c735eac6203ef6,169421e73b25e00e379d0a24e476d5f26da19186f48a179e3a8bf83ce889b3b8,a706bf9d37897dd17f80265564d24fba090495605599287d1aa077a226e8fb15
-1.2491303889935854e-20,6.248049598318751e-19,6.24929812461673e-19,diagnostic_only_not_theorem_gate,4a09b46da042bd99120c3c23c0cc81b0e6b3f33dd2de64fa567151fb2cf15c72,2f4b8aa5a0edfdafeadf5c67ac561b97ec266443615d65a715c735eac6203ef6,169421e73b25e00e379d0a24e476d5f26da19186f48a179e3a8bf83ce889b3b8,a706bf9d37897dd17f80265564d24fba090495605599287d1aa077a226e8fb15
-5.65822183854595e-19,-2.480746433727982e-19,6.178153222659051e-19,diagnostic_only_not_theorem_gate,4a09b46da042bd99120c3c23c0cc81b0e6b3f33dd2de64fa567151fb2cf15c72,2f4b8aa5a0edfdafeadf5c67ac561b97ec266443615d65a715c735eac6203ef6,169421e73b25e00e379d0a24e476d5f26da19186f48a179e3a8bf83ce889b3b8,a706bf9d37897dd17f80265564d24fba090495605599287d1aa077a226e8fb15
-5.658221838460572e-19,2.480746433763422e-19,6.178153222595088e-19,diagnostic_only_not_theorem_gate,4a09b46da042bd99120c3c23c0cc81b0e6b3f33dd2de64fa567151fb2cf15c72,2f4b8aa5a0edfdafeadf5c67ac561b97ec266443615d65a715c735eac6203ef6,169421e73b25e00e379d0a24e476d5f26da19186f48a179e3a8bf83ce889b3b8,a706bf9d37897dd17f80265564d24fba090495605599287d1aa077a226e8fb15
3.151789087555266e-19,-5.030240851733797e-19,5.936084355775617e-19,diagnostic_only_not_theorem_gate,4a09b46da042bd99120c3c23c0cc81b0e6b3f33dd2de64fa567151fb2cf15c72,2f4b8aa5a0edfdafeadf5c67ac561b97ec266443615d65a715c735eac6203ef6,169421e73b25e00e379d0a24e476d5f26da19186f48a179e3a8bf83ce889b3b8,a706bf9d37897dd17f80265564d24fba090495605599287d1aa077a226e8fb15
3.1517890875554733e-19,5.030240851740078e-19,5.93608435578105e-19,diagnostic_only_not_theorem_gate,4a09b46da042bd99120c3c23c0cc81b0e6b3f33dd2de64fa567151fb2cf15c72,2f4b8aa5a0edfdafeadf5c67ac561b97ec266443615d65a715c735eac6203ef6,169421e73b25e00e379d0a24e476d5f26da19186f48a179e3a8bf83ce889b3b8,a706bf9d37897dd17f80265564d24fba090495605599287d1aa077a226e8fb15
-3.411659096813695e-19,4.550057889104862e-19,5.687041813375125e-19,diagnostic_only_not_theorem_gate,4a09b46da042bd99120c3c23c0cc81b0e6b3f33dd2de64fa567151fb2cf15c72,2f4b8aa5a0edfdafeadf5c67ac561b97ec266443615d65a715c735eac6203ef6,169421e73b25e00e379d0a24e476d5f26da19186f48a179e3a8bf83ce889b3b8,a706bf9d37897dd17f80265564d24fba090495605599287d1aa077a226e8fb15
-3.4116590968208107e-19,-4.550057889105579e-19,5.687041813379967e-19,diagnostic_only_not_theorem_gate,4a09b46da042bd99120c3c23c0cc81b0e6b3f33dd2de64fa567151fb2cf15c72,2f4b8aa5a0edfdafeadf5c67ac561b97ec266443615d65a715c735eac6203ef6,169421e73b25e00e379d0a24e476d5f26da19186f48a179e3a8bf83ce889b3b8,a706bf9d37897dd17f80265564d24fba090495605599287d1aa077a226e8fb15
4.64017902818222e-19,3.0974088154196687e-19,5.578996574960552e-19,diagnostic_only_not_theorem_gate,4a09b46da042bd99120c3c23c0cc81b0e6b3f33dd2de64fa567151fb2cf15c72,2f4b8aa5a0edfdafeadf5c67ac561b97ec266443615d65a715c735eac6203ef6,169421e73b25e00e379d0a24e476d5f26da19186f48a179e3a8bf83ce889b3b8,a706bf9d37897dd17f80265564d24fba090495605599287d1aa077a226e8fb15
5.8039605451404415e-19,5.5578941352836854e-30,5.8039605451404415e-19,diagnostic_only_not_theorem_gate,4a09b46da042bd99120c3c23c0cc81b0e6b3f33dd2de64fa567151fb2cf15c72,2f4b8aa5a0edfdafeadf5c67ac561b97ec266443615d65a715c735eac6203ef6,169421e73b25e00e379d0a24e476d5f26da19186f48a179e3a8bf83ce889b3b8,a706bf9d37897dd17f80265564d24fba090495605599287d1aa077a226e8fb15
4.640179028245883e-19,-3.097408815415916e-19,5.578996575011418e-19,diagnostic_only_not_theorem_gate,4a09b46da042bd99120c3c23c0cc81b0e6b3f33dd2de64fa567151fb2cf15c72,2f4b8aa5a0edfdafeadf5c67ac561b97ec266443615d65a715c735eac6203ef6,169421e73b25e00e379d0a24e476d5f26da19186f48a179e3a8bf83ce889b3b8,a706bf9d37897dd17f80265564d24fba090495605599287d1aa077a226e8fb15
-4.316929991287365e-19,2.787342318864821e-19,5.138595309246589e-19,diagnostic_only_not_theorem_gate,4a09b46da042bd99120c3c23c0cc81b0e6b3f33dd2de64fa567151fb2cf15c72,2f4b8aa5a0edfdafeadf5c67ac561b97ec266443615d65a715c735eac6203ef6,169421e73b25e00e379d0a24e476d5f26da19186f48a179e3a8bf83ce889b3b8,a706bf9d37897dd17f80265564d24fba090495605599287d1aa077a226e8fb15
-4.316929991296636e-19,-2.787342318844643e-19,5.138595309243432e-19,diagnostic_only_not_theorem_gate,4a09b46da042bd99120c3c23c0cc81b0e6b3f33dd2de64fa567151fb2cf15c72,2f4b8aa5a0edfdafeadf5c67ac561b97ec266443615d65a715c735eac6203ef6,169421e73b25e00e379d0a24e476d5f26da19186f48a179e3a8bf83ce889b3b8,a706bf9d37897dd17f80265564d24fba090495605599287d1aa077a226e8fb15
2.276588791169539e-19,-4.481999651479124e-19,5.027044598960484e-19,diagnostic_only_not_theorem_gate,4a09b46da042bd99120c3c23c0cc81b0e6b3f33dd2de64fa567151fb2cf15c72,2f4b8aa5a0edfdafeadf5c67ac561b97ec266443615d65a715c735eac6203ef6,169421e73b25e00e379d0a24e476d5f26da19186f48a179e3a8bf83ce889b3b8,a706bf9d37897dd17f80265564d24fba090495605599287d1aa077a226e8fb15
2.276588791180728e-19,4.481999651477048e-19,5.027044598963701e-19,diagnostic_only_not_theorem_gate,4a09b46da042bd99120c3c23c0cc81b0e6b3f33dd2de64fa567151fb2cf15c72,2f4b8aa5a0edfdafeadf5c67ac561b97ec266443615d65a715c735eac6203ef6,169421e73b25e00e379d0a24e476d5f26da19186f48a179e3a8bf83ce889b3b8,a706bf9d37897dd17f80265564d24fba090495605599287d1aa077a226e8fb15
-4.715984895733665e-19,1.0294579658356517e-19,4.827038143645702e-19,diagnostic_only_not_theorem_gate,4a09b46da042bd99120c3c23c0cc81b0e6b3f33dd2de64fa567151fb2cf15c72,2f4b8aa5a0edfdafeadf5c67ac561b97ec266443615d65a715c735eac6203ef6,169421e73b25e00e379d0a24e476d5f26da19186f48a179e3a8bf83ce889b3b8,a706bf9d37897dd17f80265564d24fba090495605599287d1aa077a226e8fb15
-4.715984895737194e-19,-1.0294579658649515e-19,4.827038143655399e-19,diagnostic_only_not_theorem_gate,4a09b46da042bd99120c3c23c0cc81b0e6b3f33dd2de64fa567151fb2cf15c72,2f4b8aa5a0edfdafeadf5c67ac561b97ec266443615d65a715c735eac6203ef6,169421e73b25e00e379d0a24e476d5f26da19186f48a179e3a8bf83ce889b3b8,a706bf9d37897dd17f80265564d24fba090495605599287d1aa077a226e8fb15
4.478530208738794e-19,1.0624223438167365e-19,4.602822402312193e-19,diagnostic_only_not_theorem_gate,4a09b46da042bd99120c3c23c0cc81b0e6b3f33dd2de64fa567151fb2cf15c72,2f4b8aa5a0edfdafeadf5c67ac561b97ec266443615d65a715c735eac6203ef6,169421e73b25e00e379d0a24e476d5f26da19186f48a179e3a8bf83ce889b3b8,a706bf9d37897dd17f80265564d24fba090495605599287d1aa077a226e8fb15
4.478530208776574e-19,-1.0624223438531115e-19,4.60282240235735e-19,diagnostic_only_not_theorem_gate,4a09b46da042bd99120c3c23c0cc81b0e6b3f33dd2de64fa567151fb2cf15c72,2f4b8aa5a0edfdafeadf5c67ac561b97ec266443615d65a715c735eac6203ef6,169421e73b25e00e379d0a24e476d5f26da19186f48a179e3a8bf83ce889b3b8,a706bf9d37897dd17f80265564d24fba090495605599287d1aa077a226e8fb15
-2.1394797515902257e-19,3.6644079416569514e-19,4.243260441022105e-19,diagnostic_only_not_theorem_gate,4a09b46da042bd99120c3c23c0cc81b0e6b3f33dd2de64fa567151fb2cf15c72,2f4b8aa5a0edfdafeadf5c67ac561b97ec266443615d65a715c735eac6203ef6,169421e73b25e00e379d0a24e476d5f26da19186f48a179e3a8bf83ce889b3b8,a706bf9d37897dd17f80265564d24fba090495605599287d1aa077a226e8fb15
-2.1394797515860864e-19,-3.66440794167257e-19,4.243260441033506e-19,diagnostic_only_not_theorem_gate,4a09b46da042bd99120c3c23c0cc81b0e6b3f33dd2de64fa567151fb2cf15c72,2f4b8aa5a0edfdafeadf5c67ac561b97ec266443615d65a715c735eac6203ef6,169421e73b25e00e379d0a24e476d5f26da19186f48a179e3a8bf83ce889b3b8,a706bf9d37897dd17f80265564d24fba090495605599287d1aa077a226e8fb15
2.5856098098534594e-19,2.737419437270559e-19,3.765480482535676e-19,diagnostic_only_not_theorem_gate,4a09b46da042bd99120c3c23c0cc81b0e6b3f33dd2de64fa567151fb2cf15c72,2f4b8aa5a0edfdafeadf5c67ac561b97ec266443615d65a715c735eac6203ef6,169421e73b25e00e379d0a24e476d5f26da19186f48a179e3a8bf83ce889b3b8,a706bf9d37897dd17f80265564d24fba090495605599287d1aa077a226e8fb15
8.998734879320689e-20,3.687612902568501e-19,3.7958215465789104e-19,diagnostic_only_not_theorem_gate,4a09b46da042bd99120c3c23c0cc81b0e6b3f33dd2de64fa567151fb2cf15c72,2f4b8aa5a0edfdafeadf5c67ac561b97ec266443615d65a715c735eac6203ef6,169421e73b25e00e379d0a24e476d5f26da19186f48a179e3a8bf83ce889b3b8,a706bf9d37897dd17f80265564d24fba090495605599287d1aa077a226e8fb15
8.998734879299863e-20,-3.68761290253595e-19,3.7958215465467936e-19,diagnostic_only_not_theorem_gate,4a09b46da042bd99120c3c23c0cc81b0e6b3f33dd2de64fa567151fb2cf15c72,2f4b8aa5a0edfdafeadf5c67ac561b97ec266443615d65a715c735eac6203ef6,169421e73b25e00e379d0a24e476d5f26da19186f48a179e3a8bf83ce889b3b8,a706bf9d37897dd17f80265564d24fba090495605599287d1aa077a226e8fb15
2.585609809876803e-19,-2.737419437244105e-19,3.7654804825324737e-19,diagnostic_only_not_theorem_gate,4a09b46da042bd99120c3c23c0cc81b0e6b3f33dd2de64fa567151fb2cf15c72,2f4b8aa5a0edfdafeadf5c67ac561b97ec266443615d65a715c735eac6203ef6,169421e73b25e00e379d0a24e476d5f26da19186f48a179e3a8bf83ce889b3b8,a706bf9d37897dd17f80265564d24fba090495605599287d1aa077a226e8fb15
1.8213612590789615e-19,3.0126235462958204e-19,3.5204058669093405e-19,diagnostic_only_not_theorem_gate,4a09b46da042bd99120c3c23c0cc81b0e6b3f33dd2de64fa567151fb2cf15c72,2f4b8aa5a0edfdafeadf5c67ac561b97ec266443615d65a715c735eac6203ef6,169421e73b25e00e379d0a24e476d5f26da19186f48a179e3a8bf83ce889b3b8,a706bf9d37897dd17f80265564d24fba090495605599287d1aa077a226e8fb15
-3.402996068443804e-19,-9.99714557795509e-20,3.5468029884548503e-19,diagnostic_only_not_theorem_gate,4a09b46da042bd99120c3c23c0cc81b0e6b3f33dd2de64fa567151fb2cf15c72,2f4b8aa5a0edfdafeadf5c67ac561b97ec266443615d65a715c735eac6203ef6,169421e73b25e00e379d0a24e476d5f26da19186f48a179e3a8bf83ce889b3b8,a706bf9d37897dd17f80265564d24fba090495605599287d1aa077a226e8fb15
-3.402996068445231e-19,9.997145577971786e-20,3.54680298845669e-19,diagnostic_only_not_theorem_gate,4a09b46da042bd99120c3c23c0cc81b0e6b3f33dd2de64fa567151fb2cf15c72,2f4b8aa5a0edfdafeadf5c67ac561b97ec266443615d65a715c735eac6203ef6,169421e73b25e00e379d0a24e476d5f26da19186f48a179e3a8bf83ce889b3b8,a706bf9d37897dd17f80265564d24fba090495605599287d1aa077a226e8fb15
1.821361259046064e-19,-3.012623546333867e-19,3.520405866924879e-19,diagnostic_only_not_theorem_gate,4a09b46da042bd99120c3c23c0cc81b0e6b3f33dd2de64fa567151fb2cf15c72,2f4b8aa5a0edfdafeadf5c67ac561b97ec266443615d65a715c735eac6203ef6,169421e73b25e00e379d0a24e476d5f26da19186f48a179e3a8bf83ce889b3b8,a706bf9d37897dd17f80265564d24fba090495605599287d1aa077a226e8fb15
-1.1642227357873177e-19,3.040579820845003e-19,3.2558470826274896e-19,diagnostic_only_not_theorem_gate,4a09b46da042bd99120c3c23c0cc81b0e6b3f33dd2de64fa567151fb2cf15c72,2f4b8aa5a0edfdafeadf5c67ac561b97ec266443615d65a715c735eac6203ef6,169421e73b25e00e379d0a24e476d5f26da19186f48a179e3a8bf83ce889b3b8,a706bf9d37897dd17f80265564d24fba090495605599287d1aa077a226e8fb15
-1.164222735769206e-19,-3.040579820825558e-19,3.2558470826028545e-19,diagnostic_only_not_theorem_gate,4a09b46da042bd99120c3c23c0cc81b0e6b3f33dd2de64fa567151fb2cf15c72,2f4b8aa5a0edfdafeadf5c67ac561b97ec266443615d65a715c735eac6203ef6,169421e73b25e00e379d0a24e476d5f26da19186f48a179e3a8bf83ce889b3b8,a706bf9d37897dd17f80265564d24fba090495605599287d1aa077a226e8fb15
2.990355043059655e-19,1.6258152935909306e-19,3.4037477363086814e-19,diagnostic_only_not_theorem_gate,4a09b46da042bd99120c3c23c0cc81b0e6b3f33dd2de64fa567151fb2cf15c72,2f4b8aa5a0edfdafeadf5c67ac561b97ec266443615d65a715c735eac6203ef6,169421e73b25e00e379d0a24e476d5f26da19186f48a179e3a8bf83ce889b3b8,a706bf9d37897dd17f80265564d24fba090495605599287d1aa077a226e8fb15
2.990355043026001e-19,-1.6258152935951705e-19,3.40374773628114e-19,diagnostic_only_not_theorem_gate,4a09b46da042bd99120c3c23c0cc81b0e6b3f33dd2de64fa567151fb2cf15c72,2f4b8aa5a0edfdafeadf5c67ac561b97ec266443615d65a715c735eac6203ef6,169421e73b25e00e379d0a24e476d5f26da19186f48a179e3a8bf83ce889b3b8,a706bf9d37897dd17f80265564d24fba090495605599287d1aa077a226e8fb15
-3.299483226294908e-19,4.065546590863324e-31,3.299483226294908e-19,diagnostic_only_not_theorem_gate,4a09b46da042bd99120c3c23c0cc81b0e6b3f33dd2de64fa567151fb2cf15c72,2f4b8aa5a0edfdafeadf5c67ac561b97ec266443615d65a715c735eac6203ef6,169421e73b25e00e379d0a24e476d5f26da19186f48a179e3a8bf83ce889b3b8,a706bf9d37897dd17f80265564d24fba090495605599287d1aa077a226e8fb15
-2.4235343520414235e-19,1.6032891649551794e-19,2.9058656028776553e-19,diagnostic_only_not_theorem_gate,4a09b46da042bd99120c3c23c0cc81b0e6b3f33dd2de64fa567151fb2cf15c72,2f4b8aa5a0edfdafeadf5c67ac561b97ec266443615d65a715c735eac6203ef6,169421e73b25e00e379d0a24e476d5f26da19186f48a179e3a8bf83ce889b3b8,a706bf9d37897dd17f80265564d24fba090495605599287d1aa077a226e8fb15
-2.7935714673622075e-20,3.0489561710704444e-19,3.061727314530337e-19,diagnostic_only_not_theorem_gate,4a09b46da042bd99120c3c23c0cc81b0e6b3f33dd2de64fa567151fb2cf15c72,2f4b8aa5a0edfdafeadf5c67ac561b97ec266443615d65a715c735eac6203ef6,169421e73b25e00e379d0a24e476d5f26da19186f48a179e3a8bf83ce889b3b8,a706bf9d37897dd17f80265564d24fba090495605599287d1aa077a226e8fb15
-2.4235343520446943e-19,-1.603289164956427e-19,2.9058656028810714e-19,diagnostic_only_not_theorem_gate,4a09b46da042bd99120c3c23c0cc81b0e6b3f33dd2de64fa567151fb2cf15c72,2f4b8aa5a0edfdafeadf5c67ac561b97ec266443615d65a715c735eac6203ef6,169421e73b25e00e379d0a24e476d5f26da19186f48a179e3a8bf83ce889b3b8,a706bf9d37897dd17f80265564d24fba090495605599287d1aa077a226e8fb15
-2.7935714675221157e-20,-3.0489561711154274e-19,3.061727314576591e-19,diagnostic_only_not_theorem_gate,4a09b46da042bd99120c3c23c0cc81b0e6b3f33dd2de64fa567151fb2cf15c72,2f4b8aa5a0edfdafeadf5c67ac561b97ec266443615d65a715c735eac6203ef6,169421e73b25e00e379d0a24e476d5f26da19186f48a179e3a8bf83ce889b3b8,a706bf9d37897dd17f80265564d24fba090495605599287d1aa077a226e8fb15
6.780411216414151e-20,3.0791190883912867e-19,3.1528898051045707e-19,diagnostic_only_not_theorem_gate,4a09b46da042bd99120c3c23c0cc81b0e6b3f33dd2de64fa567151fb2cf15c72,2f4b8aa5a0edfdafeadf5c67ac561b97ec266443615d65a715c735eac6203ef6,169421e73b25e00e379d0a24e476d5f26da19186f48a179e3a8bf83ce889b3b8,a706bf9d37897dd17f80265564d24fba090495605599287d1aa077a226e8fb15
6.780411216396772e-20,-3.0791190883647093e-19,3.1528898050782413e-19,diagnostic_only_not_theorem_gate,4a09b46da042bd99120c3c23c0cc81b0e6b3f33dd2de64fa567151fb2cf15c72,2f4b8aa5a0edfdafeadf5c67ac561b97ec266443615d65a715c735eac6203ef6,169421e73b25e00e379d0a24e476d5f26da19186f48a179e3a8bf83ce889b3b8,a706bf9d37897dd17f80265564d24fba090495605599287d1aa077a226e8fb15
2.795628240114852e-19,-8.818173668035906e-20,2.9314056569032004e-19,diagnostic_only_not_theorem_gate,4a09b46da042bd99120c3c23c0cc81b0e6b3f33dd2de64fa567151fb2cf15c72,2f4b8aa5a0edfdafeadf5c67ac561b97ec266443615d65a715c735eac6203ef6,169421e73b25e00e379d0a24e476d5f26da19186f48a179e3a8bf83ce889b3b8,a706bf9d37897dd17f80265564d24fba090495605599287d1aa077a226e8fb15
2.795628240143761e-19,8.818173667875886e-20,2.9314056569259567e-19,diagnostic_only_not_theorem_gate,4a09b46da042bd99120c3c23c0cc81b0e6b3f33dd2de64fa567151fb2cf15c72,2f4b8aa5a0edfdafeadf5c67ac561b97ec266443615d65a715c735eac6203ef6,169421e73b25e00e379d0a24e476d5f26da19186f48a179e3a8bf83ce889b3b8,a706bf9d37897dd17f80265564d24fba090495605599287d1aa077a226e8fb15
6.556191650079995e-20,2.333751388093763e-19,2.424094063966032e-19,diagnostic_only_not_theorem_gate,4a09b46da042bd99120c3c23c0cc81b0e6b3f33dd2de64fa567151fb2cf15c72,2f4b8aa5a0edfdafeadf5c67ac561b97ec266443615d65a715c735eac6203ef6,169421e73b25e00e379d0a24e476d5f26da19186f48a179e3a8bf83ce889b3b8,a706bf9d37897dd17f80265564d24fba090495605599287d1aa077a226e8fb15
6.55619164999757e-20,-2.3337513880890697e-19,2.424094063959284e-19,diagnostic_only_not_theorem_gate,4a09b46da042bd99120c3c23c0cc81b0e6b3f33dd2de64fa567151fb2cf15c72,2f4b8aa5a0edfdafeadf5c67ac561b97ec266443615d65a715c735eac6203ef6,169421e73b25e00e379d0a24e476d5f26da19186f48a179e3a8bf83ce889b3b8,a706bf9d37897dd17f80265564d24fba090495605599287d1aa077a226e8fb15
1.9876199053338982e-19,5.3410677756379796e-20,2.05813093313305e-19,diagnostic_only_not_theorem_gate,4a09b46da042bd99120c3c23c0cc81b0e6b3f33dd2de64fa567151fb2cf15c72,2f4b8aa5a0edfdafeadf5c67ac561b97ec266443615d65a715c735eac6203ef6,169421e73b25e00e379d0a24e476d5f26da19186f48a179e3a8bf83ce889b3b8,a706bf9d37897dd17f80265564d24fba090495605599287d1aa077a226e8fb15
1.9876199053573089e-19,-5.3410677755446286e-20,2.058130933153236e-19,diagnostic_only_not_theorem_gate,4a09b46da042bd99120c3c23c0cc81b0e6b3f33dd2de64fa567151fb2cf15c72,2f4b8aa5a0edfdafeadf5c67ac561b97ec266443615d65a715c735eac6203ef6,169421e73b25e00e379d0a24e476d5f26da19186f48a179e3a8bf83ce889b3b8,a706bf9d37897dd17f80265564d24fba090495605599287d1aa077a226e8fb15
-4.12330471425682e-20,-2.1389345153632402e-19,2.1783152385911237e-19,diagnostic_only_not_theorem_gate,4a09b46da042bd99120c3c23c0cc81b0e6b3f33dd2de64fa567151fb2cf15c72,2f4b8aa5a0edfdafeadf5c67ac561b97ec266443615d65a715c735eac6203ef6,169421e73b25e00e379d0a24e476d5f26da19186f48a179e3a8bf83ce889b3b8,a706bf9d37897dd17f80265564d24fba090495605599287d1aa077a226e8fb15
-1.1059777008757716e-19,-1.965345646941771e-19,2.2551652238333727e-19,diagnostic_only_not_theorem_gate,4a09b46da042bd99120c3c23c0cc81b0e6b3f33dd2de64fa567151fb2cf15c72,2f4b8aa5a0edfdafeadf5c67ac561b97ec266443615d65a715c735eac6203ef6,169421e73b25e00e379d0a24e476d5f26da19186f48a179e3a8bf83ce889b3b8,a706bf9d37897dd17f80265564d24fba090495605599287d1aa077a226e8fb15
-4.1233047144179944e-20,2.1389345154182693e-19,2.1783152386482087e-19,diagnostic_only_not_theorem_gate,4a09b46da042bd99120c3c23c0cc81b0e6b3f33dd2de64fa567151fb2cf15c72,2f4b8aa5a0edfdafeadf5c67ac561b97ec266443615d65a715c735eac6203ef6,169421e73b25e00e379d0a24e476d5f26da19186f48a179e3a8bf83ce889b3b8,a706bf9d37897dd17f80265564d24fba090495605599287d1aa077a226e8fb15
-1.1059777008867188e-19,1.9653456469862836e-19,2.255165223877534e-19,diagnostic_only_not_theorem_gate,4a09b46da042bd99120c3c23c0cc81b0e6b3f33dd2de64fa567151fb2cf15c72,2f4b8aa5a0edfdafeadf5c67ac561b97ec266443615d65a715c735eac6203ef6,169421e73b25e00e379d0a24e476d5f26da19186f48a179e3a8bf83ce889b3b8,a706bf9d37897dd17f80265564d24fba090495605599287d1aa077a226e8fb15
-1.4420706673783979e-19,1.6741409134980155e-19,2.20959625451374e-19,diagnostic_only_not_theorem_gate,4a09b46da042bd99120c3c23c0cc81b0e6b3f33dd2de64fa567151fb2cf15c72,2f4b8aa5a0edfdafeadf5c67ac561b97ec266443615d65a715c735eac6203ef6,169421e73b25e00e379d0a24e476d5f26da19186f48a179e3a8bf83ce889b3b8,a706bf9d37897dd17f80265564d24fba090495605599287d1aa077a226e8fb15
-1.442070667380066e-19,-1.6741409135179547e-19,2.209596254529936e-19,diagnostic_only_not_theorem_gate,4a09b46da042bd99120c3c23c0cc81b0e6b3f33dd2de64fa567151fb2cf15c72,2f4b8aa5a0edfdafeadf5c67ac561b97ec266443615d65a715c735eac6203ef6,169421e73b25e00e379d0a24e476d5f26da19186f48a179e3a8bf83ce889b3b8,a706bf9d37897dd17f80265564d24fba090495605599287d1aa077a226e8fb15
3.4791654471323516e-20,-1.9123753490825346e-19,1.9437657775214952e-19,diagnostic_only_not_theorem_gate,4a09b46da042bd99120c3c23c0cc81b0e6b3f33dd2de64fa567151fb2cf15c72,2f4b8aa5a0edfdafeadf5c67ac561b97ec266443615d65a715c735eac6203ef6,169421e73b25e00e379d0a24e476d5f26da19186f48a179e3a8bf83ce889b3b8,a706bf9d37897dd17f80265564d24fba090495605599287d1aa077a226e8fb15
3.479165447166745e-20,1.9123753490306936e-19,1.943765777471107e-19,diagnostic_only_not_theorem_gate,4a09b46da042bd99120c3c23c0cc81b0e6b3f33dd2de64fa567151fb2cf15c72,2f4b8aa5a0edfdafeadf5c67ac561b97ec266443615d65a715c735eac6203ef6,169421e73b25e00e379d0a24e476d5f26da19186f48a179e3a8bf83ce889b3b8,a706bf9d37897dd17f80265564d24fba090495605599287d1aa077a226e8fb15
1.063724203082117e-19,1.4465608185071565e-19,1.795563249195856e-19,diagnostic_only_not_theorem_gate,4a09b46da042bd99120c3c23c0cc81b0e6b3f33dd2de64fa567151fb2cf15c72,2f4b8aa5a0edfdafeadf5c67ac561b97ec266443615d65a715c735eac6203ef6,169421e73b25e00e379d0a24e476d5f26da19186f48a179e3a8bf83ce889b3b8,a706bf9d37897dd17f80265564d24fba090495605599287d1aa077a226e8fb15
1.0637242030748681e-19,-1.446560818526901e-19,1.7955632492074684e-19,diagnostic_only_not_theorem_gate,4a09b46da042bd99120c3c23c0cc81b0e6b3f33dd2de64fa567151fb2cf15c72,2f4b8aa5a0edfdafeadf5c67ac561b97ec266443615d65a715c735eac6203ef6,169421e73b25e00e379d0a24e476d5f26da19186f48a179e3a8bf83ce889b3b8,a706bf9d37897dd17f80265564d24fba090495605599287d1aa077a226e8fb15
1.694188904571651e-19,-6.006651733833232e-31,1.694188904571651e-19,diagnostic_only_not_theorem_gate,4a09b46da042bd99120c3c23c0cc81b0e6b3f33dd2de64fa567151fb2cf15c72,2f4b8aa5a0edfdafeadf5c67ac561b97ec266443615d65a715c735eac6203ef6,169421e73b25e00e379d0a24e476d5f26da19186f48a179e3a8bf83ce889b3b8,a706bf9d37897dd17f80265564d24fba090495605599287d1aa077a226e8fb15
-1.9611193706749792e-19,5.1881128503509816e-20,2.0285843180692284e-19,diagnostic_only_not_theorem_gate,4a09b46da042bd99120c3c23c0cc81b0e6b3f33dd2de64fa567151fb2cf15c72,2f4b8aa5a0edfdafeadf5c67ac561b97ec266443615d65a715c735eac6203ef6,169421e73b25e00e379d0a24e476d5f26da19186f48a179e3a8bf83ce889b3b8,a706bf9d37897dd17f80265564d24fba090495605599287d1aa077a226e8fb15
-1.961119370674238e-19,-5.1881128503662524e-20,2.0285843180689024e-19,diagnostic_only_not_theorem_gate,4a09b46da042bd99120c3c23c0cc81b0e6b3f33dd2de64fa567151fb2cf15c72,2f4b8aa5a0edfdafeadf5c67ac561b97ec266443615d65a715c735eac6203ef6,169421e73b25e00e379d0a24e476d5f26da19186f48a179e3a8bf83ce889b3b8,a706bf9d37897dd17f80265564d24fba090495605599287d1aa077a226e8fb15
-9.954478596632725e-20,1.6088821667527692e-19,1.891935059087197e-19,diagnostic_only_not_theorem_gate,4a09b46da042bd99120c3c23c0cc81b0e6b3f33dd2de64fa567151fb2cf15c72,2f4b8aa5a0edfdafeadf5c67ac561b97ec266443615d65a715c735eac6203ef6,169421e73b25e00e379d0a24e476d5f26da19186f48a179e3a8bf83ce889b3b8,a706bf9d37897dd17f80265564d24fba090495605599287d1aa077a226e8fb15
-9.954478596436989e-20,-1.6088821667473221e-19,1.8919350590722662e-19,diagnostic_only_not_theorem_gate,4a09b46da042bd99120c3c23c0cc81b0e6b3f33dd2de64fa567151fb2cf15c72,2f4b8aa5a0edfdafeadf5c67ac561b97ec266443615d65a715c735eac6203ef6,169421e73b25e00e379d0a24e476d5f26da19186f48a179e3a8bf83ce889b3b8,a706bf9d37897dd17f80265564d24fba090495605599287d1aa077a226e8fb15
1.493641235360593e-19,6.143706505210412e-20,1.6150589574969595e-19,diagnostic_only_not_theorem_gate,4a09b46da042bd99120c3c23c0cc81b0e6b3f33dd2de64fa567151fb2cf15c72,2f4b8aa5a0edfdafeadf5c67ac561b97ec266443615d65a715c735eac6203ef6,169421e73b25e00e379d0a24e476d5f26da19186f48a179e3a8bf83ce889b3b8,a706bf9d37897dd17f80265564d24fba090495605599287d1aa077a226e8fb15
1.4936412353749056e-19,-6.143706504952442e-20,1.6150589575003828e-19,diagnostic_only_not_theorem_gate,4a09b46da042bd99120c3c23c0cc81b0e6b3f33dd2de64fa567151fb2cf15c72,2f4b8aa5a0edfdafeadf5c67ac561b97ec266443615d65a715c735eac6203ef6,169421e73b25e00e379d0a24e476d5f26da19186f48a179e3a8bf83ce889b3b8,a706bf9d37897dd17f80265564d24fba090495605599287d1aa077a226e8fb15
1.7627278192075193e-20,1.558426887846852e-19,1.568364262029107e-19,diagnostic_only_not_theorem_gate,4a09b46da042bd99120c3c23c0cc81b0e6b3f33dd2de64fa567151fb2cf15c72,2f4b8aa5a0edfdafeadf5c67ac561b97ec266443615d65a715c735eac6203ef6,169421e73b25e00e379d0a24e476d5f26da19186f48a179e3a8bf83ce889b3b8,a706bf9d37897dd17f80265564d24fba090495605599287d1aa077a226e8fb15
1.762727819031671e-20,-1.5584268878075245e-19,1.5683642619880523e-19,diagnostic_only_not_theorem_gate,4a09b46da042bd99120c3c23c0cc81b0e6b3f33dd2de64fa567151fb2cf15c72,2f4b8aa5a0edfdafeadf5c67ac561b97ec266443615d65a715c735eac6203ef6,169421e73b25e00e379d0a24e476d5f26da19186f48a179e3a8bf83ce889b3b8,a706bf9d37897dd17f80265564d24fba090495605599287d1aa077a226e8fb15
-1.1924837856588087e-19,1.0288375847609913e-19,1.5749680488428944e-19,diagnostic_only_not_theorem_gate,4a09b46da042bd99120c3c23c0cc81b0e6b3f33dd2de64fa567151fb2cf15c72,2f4b8aa5a0edfdafeadf5c67ac561b97ec266443615d65a715c735eac6203ef6,169421e73b25e00e379d0a24e476d5f26da19186f48a179e3a8bf83ce889b3b8,a706bf9d37897dd17f80265564d24fba090495605599287d1aa077a226e8fb15
-1.1924837856568748e-19,-1.0288375847981623e-19,1.5749680488657118e-19,diagnostic_only_not_theorem_gate,4a09b46da042bd99120c3c23c0cc81b0e6b3f33dd2de64fa567151fb2cf15c72,2f4b8aa5a0edfdafeadf5c67ac561b97ec266443615d65a715c735eac6203ef6,169421e73b25e00e379d0a24e476d5f26da19186f48a179e3a8bf83ce889b3b8,a706bf9d37897dd17f80265564d24fba090495605599287d1aa077a226e8fb15
4.1533447871793174e-20,1.0773114624977098e-19,1.154600674017147e-19,diagnostic_only_not_theorem_gate,4a09b46da042bd99120c3c23c0cc81b0e6b3f33dd2de64fa567151fb2cf15c72,2f4b8aa5a0edfdafeadf5c67ac561b97ec266443615d65a715c735eac6203ef6,169421e73b25e00e379d0a24e476d5f26da19186f48a179e3a8bf83ce889b3b8,a706bf9d37897dd17f80265564d24fba090495605599287d1aa077a226e8fb15
-1.5774971413294116e-19,-1.1658343638515952e-32,1.5774971413294116e-19,diagnostic_only_not_theorem_gate,4a09b46da042bd99120c3c23c0cc81b0e6b3f33dd2de64fa567151fb2cf15c72,2f4b8aa5a0edfdafeadf5c67ac561b97ec266443615d65a715c735eac6203ef6,169421e73b25e00e379d0a24e476d5f26da19186f48a179e3a8bf83ce889b3b8,a706bf9d37897dd17f80265564d24fba090495605599287d1aa077a226e8fb15
4.1533447870330424e-20,-1.077311462491982e-19,1.154600674006541e-19,diagnostic_only_not_theorem_gate,4a09b46da042bd99120c3c23c0cc81b0e6b3f33dd2de64fa567151fb2cf15c72,2f4b8aa5a0edfdafeadf5c67ac561b97ec266443615d65a715c735eac6203ef6,169421e73b25e00e379d0a24e476d5f26da19186f48a179e3a8bf83ce889b3b8,a706bf9d37897dd17f80265564d24fba090495605599287d1aa077a226e8fb15
-8.316118299465823e-20,-8.915175545790269e-20,1.2191725824630702e-19,diagnostic_only_not_theorem_gate,4a09b46da042bd99120c3c23c0cc81b0e6b3f33dd2de64fa567151fb2cf15c72,2f4b8aa5a0edfdafeadf5c67ac561b97ec266443615d65a715c735eac6203ef6,169421e73b25e00e379d0a24e476d5f26da19186f48a179e3a8bf83ce889b3b8,a706bf9d37897dd17f80265564d24fba090495605599287d1aa077a226e8fb15
6.783833378654451e-20,8.011520002069347e-20,1.0497849687097996e-19,diagnostic_only_not_theorem_gate,4a09b46da042bd99120c3c23c0cc81b0e6b3f33dd2de64fa567151fb2cf15c72,2f4b8aa5a0edfdafeadf5c67ac561b97ec266443615d65a715c735eac6203ef6,169421e73b25e00e379d0a24e476d5f26da19186f48a179e3a8bf83ce889b3b8,a706bf9d37897dd17f80265564d24fba090495605599287d1aa077a226e8fb15
-8.316118299489891e-20,8.91517554583804e-20,1.2191725824682052e-19,diagnostic_only_not_theorem_gate,4a09b46da042bd99120c3c23c0cc81b0e6b3f33dd2de64fa567151fb2cf15c72,2f4b8aa5a0edfdafeadf5c67ac561b97ec266443615d65a715c735eac6203ef6,169421e73b25e00e379d0a24e476d5f26da19186f48a179e3a8bf83ce889b3b8,a706bf9d37897dd17f80265564d24fba090495605599287d1aa077a226e8fb15
6.783833378744106e-20,-8.011520002105743e-20,1.0497849687183709e-19,diagnostic_only_not_theorem_gate,4a09b46da042bd99120c3c23c0cc81b0e6b3f33dd2de64fa567151fb2cf15c72,2f4b8aa5a0edfdafeadf5c67ac561b97ec266443615d65a715c735eac6203ef6,169421e73b25e00e379d0a24e476d5f26da19186f48a179e3a8bf83ce889b3b8,a706bf9d37897dd17f80265564d24fba090495605599287d1aa077a226e8fb15
7.883693758374863e-20,-5.713063148767702e-20,9.736103831494727e-20,diagnostic_only_not_theorem_gate,4a09b46da042bd99120c3c23c0cc81b0e6b3f33dd2de64fa567151fb2cf15c72,2f4b8aa5a0edfdafeadf5c67ac561b97ec266443615d65a715c735eac6203ef6,169421e73b25e00e379d0a24e476d5f26da19186f48a179e3a8bf83ce889b3b8,a706bf9d37897dd17f80265564d24fba090495605599287d1aa077a226e8fb15
-1.2157117903104578e-19,3.213663688981932e-20,1.2574702780418581e-19,diagnostic_only_not_theorem_gate,4a09b46da042bd99120c3c23c0cc81b0e6b3f33dd2de64fa567151fb2cf15c72,2f4b8aa5a0edfdafeadf5c67ac561b97ec266443615d65a715c735eac6203ef6,169421e73b25e00e379d0a24e476d5f26da19186f48a179e3a8bf83ce889b3b8,a706bf9d37897dd17f80265564d24fba090495605599287d1aa077a226e8fb15
-1.2157117903107395e-19,-3.213663688974842e-20,1.2574702780419494e-19,diagnostic_only_not_theorem_gate,4a09b46da042bd99120c3c23c0cc81b0e6b3f33dd2de64fa567151fb2cf15c72,2f4b8aa5a0edfdafeadf5c67ac561b97ec266443615d65a715c735eac6203ef6,169421e73b25e00e379d0a24e476d5f26da19186f48a179e3a8bf83ce889b3b8,a706bf9d37897dd17f80265564d24fba090495605599287d1aa077a226e8fb15
-6.049866947098875e-20,8.117362270194084e-20,1.01238559997251e-19,diagnostic_only_not_theorem_gate,4a09b46da042bd99120c3c23c0cc81b0e6b3f33dd2de64fa567151fb2cf15c72,2f4b8aa5a0edfdafeadf5c67ac561b97ec266443615d65a715c735eac6203ef6,169421e73b25e00e379d0a24e476d5f26da19186f48a179e3a8bf83ce889b3b8,a706bf9d37897dd17f80265564d24fba090495605599287d1aa077a226e8fb15
-1.227103613158639e-19,5.097714804537051e-32,1.227103613158639e-19,diagnostic_only_not_theorem_gate,4a09b46da042bd99120c3c23c0cc81b0e6b3f33dd2de64fa567151fb2cf15c72,2f4b8aa5a0edfdafeadf5c67ac561b97ec266443615d65a715c735eac6203ef6,169421e73b25e00e379d0a24e476d5f26da19186f48a179e3a8bf83ce889b3b8,a706bf9d37897dd17f80265564d24fba090495605599287d1aa077a226e8fb15
-6.049866947183888e-20,-8.117362270271567e-20,1.0123855999838029e-19,diagnostic_only_not_theorem_gate,4a09b46da042bd99120c3c23c0cc81b0e6b3f33dd2de64fa567151fb2cf15c72,2f4b8aa5a0edfdafeadf5c67ac561b97ec266443615d65a715c735eac6203ef6,169421e73b25e00e379d0a24e476d5f26da19186f48a179e3a8bf83ce889b3b8,a706bf9d37897dd17f80265564d24fba090495605599287d1aa077a226e8fb15
-9.113634035891687e-20,-3.097376983779504e-20,9.625594502149485e-20,diagnostic_only_not_theorem_gate,4a09b46da042bd99120c3c23c0cc81b0e6b3f33dd2de64fa567151fb2cf15c72,2f4b8aa5a0edfdafeadf5c67ac561b97ec266443615d65a715c735eac6203ef6,169421e73b25e00e379d0a24e476d5f26da19186f48a179e3a8bf83ce889b3b8,a706bf9d37897dd17f80265564d24fba090495605599287d1aa077a226e8fb15
7.883693758212334e-20,5.7130631488948e-20,9.736103831437701e-20,diagnostic_only_not_theorem_gate,4a09b46da042bd99120c3c23c0cc81b0e6b3f33dd2de64fa567151fb2cf15c72,2f4b8aa5a0edfdafeadf5c67ac561b97ec266443615d65a715c735eac6203ef6,169421e73b25e00e379d0a24e476d5f26da19186f48a179e3a8bf83ce889b3b8,a706bf9d37897dd17f80265564d24fba090495605599287d1aa077a226e8fb15
-9.113634035850318e-20,3.0973769838171045e-20,9.625594502122416e-20,diagnostic_only_not_theorem_gate,4a09b46da042bd99120c3c23c0cc81b0e6b3f33dd2de64fa567151fb2cf15c72,2f4b8aa5a0edfdafeadf5c67ac561b97ec266443615d65a715c735eac6203ef6,169421e73b25e00e379d0a24e476d5f26da19186f48a179e3a8bf83ce889b3b8,a706bf9d37897dd17f80265564d24fba090495605599287d1aa077a226e8fb15
7.033692429075992e-20,-3.9599624058454726e-20,8.071810914692588e-20,diagnostic_only_not_theorem_gate,4a09b46da042bd99120c3c23c0cc81b0e6b3f33dd2de64fa567151fb2cf15c72,2f4b8aa5a0edfdafeadf5c67ac561b97ec266443615d65a715c735eac6203ef6,169421e73b25e00e379d0a24e476d5f26da19186f48a179e3a8bf83ce889b3b8,a706bf9d37897dd17f80265564d24fba090495605599287d1aa077a226e8fb15
7.03369242912724e-20,3.9599624057908304e-20,8.071810914710437e-20,diagnostic_only_not_theorem_gate,4a09b46da042bd99120c3c23c0cc81b0e6b3f33dd2de64fa567151fb2cf15c72,2f4b8aa5a0edfdafeadf5c67ac561b97ec266443615d65a715c735eac6203ef6,169421e73b25e00e379d0a24e476d5f26da19186f48a179e3a8bf83ce889b3b8,a706bf9d37897dd17f80265564d24fba090495605599287d1aa077a226e8fb15
4.025784128847019e-20,-7.044124505104651e-20,8.11336107266849e-20,diagnostic_only_not_theorem_gate,4a09b46da042bd99120c3c23c0cc81b0e6b3f33dd2de64fa567151fb2cf15c72,2f4b8aa5a0edfdafeadf5c67ac561b97ec266443615d65a715c735eac6203ef6,169421e73b25e00e379d0a24e476d5f26da19186f48a179e3a8bf83ce889b3b8,a706bf9d37897dd17f80265564d24fba090495605599287d1aa077a226e8fb15
4.025784128797232e-20,7.044124505062085e-20,8.113361072606831e-20,diagnostic_only_not_theorem_gate,4a09b46da042bd99120c3c23c0cc81b0e6b3f33dd2de64fa567151fb2cf15c72,2f4b8aa5a0edfdafeadf5c67ac561b97ec266443615d65a715c735eac6203ef6,169421e73b25e00e379d0a24e476d5f26da19186f48a179e3a8bf83ce889b3b8,a706bf9d37897dd17f80265564d24fba090495605599287d1aa077a226e8fb15
-8.973032007076146e-20,1.0901765211654745e-20,9.039014783001155e-20,diagnostic_only_not_theorem_gate,4a09b46da042bd99120c3c23c0cc81b0e6b3f33dd2de64fa567151fb2cf15c72,2f4b8aa5a0edfdafeadf5c67ac561b97ec266443615d65a715c735eac6203ef6,169421e73b25e00e379d0a24e476d5f26da19186f48a179e3a8bf83ce889b3b8,a706bf9d37897dd17f80265564d24fba090495605599287d1aa077a226e8fb15
-8.973032007085556e-20,-1.0901765211795835e-20,9.039014783012199e-20,diagnostic_only_not_theorem_gate,4a09b46da042bd99120c3c23c0cc81b0e6b3f33dd2de64fa567151fb2cf15c72,2f4b8aa5a0edfdafeadf5c67ac561b97ec266443615d65a715c735eac6203ef6,169421e73b25e00e379d0a24e476d5f26da19186f48a179e3a8bf83ce889b3b8,a706bf9d37897dd17f80265564d24fba090495605599287d1aa077a226e8fb15
7.880410429773245e-20,-6.308389684964728e-34,7.880410429773245e-20,diagnostic_only_not_theorem_gate,4a09b46da042bd99120c3c23c0cc81b0e6b3f33dd2de64fa567151fb2cf15c72,2f4b8aa5a0edfdafeadf5c67ac561b97ec266443615d65a715c735eac6203ef6,169421e73b25e00e379d0a24e476d5f26da19186f48a179e3a8bf83ce889b3b8,a706bf9d37897dd17f80265564d24fba090495605599287d1aa077a226e8fb15
-5.795201046829541e-20,-5.1461189416567784e-20,7.750283564802832e-20,diagnostic_only_not_theorem_gate,4a09b46da042bd99120c3c23c0cc81b0e6b3f33dd2de64fa567151fb2cf15c72,2f4b8aa5a0edfdafeadf5c67ac561b97ec266443615d65a715c735eac6203ef6,169421e73b25e00e379d0a24e476d5f26da19186f48a179e3a8bf83ce889b3b8,a706bf9d37897dd17f80265564d24fba090495605599287d1aa077a226e8fb15
-5.795201046857185e-20,5.14611894165191e-20,7.75028356482027e-20,diagnostic_only_not_theorem_gate,4a09b46da042bd99120c3c23c0cc81b0e6b3f33dd2de64fa567151fb2cf15c72,2f4b8aa5a0edfdafeadf5c67ac561b97ec266443615d65a715c735eac6203ef6,169421e73b25e00e379d0a24e476d5f26da19186f48a179e3a8bf83ce889b3b8,a706bf9d37897dd17f80265564d24fba090495605599287d1aa077a226e8fb15
-3.0340009536244934e-20,6.822445316665813e-20,7.466653995297333e-20,diagnostic_only_not_theorem_gate,4a09b46da042bd99120c3c23c0cc81b0e6b3f33dd2de64fa567151fb2cf15c72,2f4b8aa5a0edfdafeadf5c67ac561b97ec266443615d65a715c735eac6203ef6,169421e73b25e00e379d0a24e476d5f26da19186f48a179e3a8bf83ce889b3b8,a706bf9d37897dd17f80265564d24fba090495605599287d1aa077a226e8fb15
-3.034000953615297e-20,-6.822445316663541e-20,7.466653995291519e-20,diagnostic_only_not_theorem_gate,4a09b46da042bd99120c3c23c0cc81b0e6b3f33dd2de64fa567151fb2cf15c72,2f4b8aa5a0edfdafeadf5c67ac561b97ec266443615d65a715c735eac6203ef6,169421e73b25e00e379d0a24e476d5f26da19186f48a179e3a8bf83ce889b3b8,a706bf9d37897dd17f80265564d24fba090495605599287d1aa077a226e8fb15
4.709730614979491e-20,-4.849311565538404e-20,6.759984106885135e-20,diagnostic_only_not_theorem_gate,4a09b46da042bd99120c3c23c0cc81b0e6b3f33dd2de64fa567151fb2cf15c72,2f4b8aa5a0edfdafeadf5c67ac561b97ec266443615d65a715c735eac6203ef6,169421e73b25e00e379d0a24e476d5f26da19186f48a179e3a8bf83ce889b3b8,a706bf9d37897dd17f80265564d24fba090495605599287d1aa077a226e8fb15
4.709730614979127e-20,4.849311565554552e-20,6.759984106896466e-20,diagnostic_only_not_theorem_gate,4a09b46da042bd99120c3c23c0cc81b0e6b3f33dd2de64fa567151fb2cf15c72,2f4b8aa5a0edfdafeadf5c67ac561b97ec266443615d65a715c735eac6203ef6,169421e73b25e00e379d0a24e476d5f26da19186f48a179e3a8bf83ce889b3b8,a706bf9d37897dd17f80265564d24fba090495605599287d1aa077a226e8fb15
-5.204751800696038e-20,-3.4526729090175214e-20,6.24582993072275e-20,diagnostic_only_not_theorem_gate,4a09b46da042bd99120c3c23c0cc81b0e6b3f33dd2de64fa567151fb2cf15c72,2f4b8aa5a0edfdafeadf5c67ac561b97ec266443615d65a715c735eac6203ef6,169421e73b25e00e379d0a24e476d5f26da19186f48a179e3a8bf83ce889b3b8,a706bf9d37897dd17f80265564d24fba090495605599287d1aa077a226e8fb15
-6.931491570788415e-20,8.843140557733197e-32,6.931491570788415e-20,diagnostic_only_not_theorem_gate,4a09b46da042bd99120c3c23c0cc81b0e6b3f33dd2de64fa567151fb2cf15c72,2f4b8aa5a0edfdafeadf5c67ac561b97ec266443615d65a715c735eac6203ef6,169421e73b25e00e379d0a24e476d5f26da19186f48a179e3a8bf83ce889b3b8,a706bf9d37897dd17f80265564d24fba090495605599287d1aa077a226e8fb15
-5.204751800667005e-20,3.452672908983738e-20,6.245829930679882e-20,diagnostic_only_not_theorem_gate,4a09b46da042bd99120c3c23c0cc81b0e6b3f33dd2de64fa567151fb2cf15c72,2f4b8aa5a0edfdafeadf5c67ac561b97ec266443615d65a715c735eac6203ef6,169421e73b25e00e379d0a24e476d5f26da19186f48a179e3a8bf83ce889b3b8,a706bf9d37897dd17f80265564d24fba090495605599287d1aa077a226e8fb15
-1.5845614544982244e-21,5.958331169758333e-20,5.960437792523677e-20,diagnostic_only_not_theorem_gate,4a09b46da042bd99120c3c23c0cc81b0e6b3f33dd2de64fa567151fb2cf15c72,2f4b8aa5a0edfdafeadf5c67ac561b97ec266443615d65a715c735eac6203ef6,169421e73b25e00e379d0a24e476d5f26da19186f48a179e3a8bf83ce889b3b8,a706bf9d37897dd17f80265564d24fba090495605599287d1aa077a226e8fb15
-3.4716158031790765e-20,4.8096405541889135e-20,5.931674177277554e-20,diagnostic_only_not_theorem_gate,4a09b46da042bd99120c3c23c0cc81b0e6b3f33dd2de64fa567151fb2cf15c72,2f4b8aa5a0edfdafeadf5c67ac561b97ec266443615d65a715c735eac6203ef6,169421e73b25e00e379d0a24e476d5f26da19186f48a179e3a8bf83ce889b3b8,a706bf9d37897dd17f80265564d24fba090495605599287d1aa077a226e8fb15
-3.471615803178829e-20,-4.8096405541921545e-20,5.931674177280037e-20,diagnostic_only_not_theorem_gate,4a09b46da042bd99120c3c23c0cc81b0e6b3f33dd2de64fa567151fb2cf15c72,2f4b8aa5a0edfdafeadf5c67ac561b97ec266443615d65a715c735eac6203ef6,169421e73b25e00e379d0a24e476d5f26da19186f48a179e3a8bf83ce889b3b8,a706bf9d37897dd17f80265564d24fba090495605599287d1aa077a226e8fb15
-1.5845614547601892e-21,-5.958331169763346e-20,5.960437792529385e-20,diagnostic_only_not_theorem_gate,4a09b46da042bd99120c3c23c0cc81b0e6b3f33dd2de64fa567151fb2cf15c72,2f4b8aa5a0edfdafeadf5c67ac561b97ec266443615d65a715c735eac6203ef6,169421e73b25e00e379d0a24e476d5f26da19186f48a179e3a8bf83ce889b3b8,a706bf9d37897dd17f80265564d24fba090495605599287d1aa077a226e8fb15
6.019766914394381e-20,-6.652767944553207e-34,6.019766914394381e-20,diagnostic_only_not_theorem_gate,4a09b46da042bd99120c3c23c0cc81b0e6b3f33dd2de64fa567151fb2cf15c72,2f4b8aa5a0edfdafeadf5c67ac561b97ec266443615d65a715c735eac6203ef6,169421e73b25e00e379d0a24e476d5f26da19186f48a179e3a8bf83ce889b3b8,a706bf9d37897dd17f80265564d24fba090495605599287d1aa077a226e8fb15
-5.675061115875442e-20,-1.657918987025681e-20,5.912276552772348e-20,diagnostic_only_not_theorem_gate,4a09b46da042bd99120c3c23c0cc81b0e6b3f33dd2de64fa567151fb2cf15c72,2f4b8aa5a0edfdafeadf5c67ac561b97ec266443615d65a715c735eac6203ef6,169421e73b25e00e379d0a24e476d5f26da19186f48a179e3a8bf83ce889b3b8,a706bf9d37897dd17f80265564d24fba090495605599287d1aa077a226e8fb15
1.0465810634220393e-20,-5.2531380386983003e-20,5.3563785504697697e-20,diagnostic_only_not_theorem_gate,4a09b46da042bd99120c3c23c0cc81b0e6b3f33dd2de64fa567151fb2cf15c72,2f4b8aa5a0edfdafeadf5c67ac561b97ec266443615d65a715c735eac6203ef6,169421e73b25e00e379d0a24e476d5f26da19186f48a179e3a8bf83ce889b3b8,a706bf9d37897dd17f80265564d24fba090495605599287d1aa077a226e8fb15
1.046581063419961e-20,5.253138038776004e-20,5.3563785505455695e-20,diagnostic_only_not_theorem_gate,4a09b46da042bd99120c3c23c0cc81b0e6b3f33dd2de64fa567151fb2cf15c72,2f4b8aa5a0edfdafeadf5c67ac561b97ec266443615d65a715c735eac6203ef6,169421e73b25e00e379d0a24e476d5f26da19186f48a179e3a8bf83ce889b3b8,a706bf9d37897dd17f80265564d24fba090495605599287d1aa077a226e8fb15
-5.675061115878261e-20,1.6579189870290533e-20,5.912276552776e-20,diagnostic_only_not_theorem_gate,4a09b46da042bd99120c3c23c0cc81b0e6b3f33dd2de64fa567151fb2cf15c72,2f4b8aa5a0edfdafeadf5c67ac561b97ec266443615d65a715c735eac6203ef6,169421e73b25e00e379d0a24e476d5f26da19186f48a179e3a8bf83ce889b3b8,a706bf9d37897dd17f80265564d24fba090495605599287d1aa077a226e8fb15
1.909704181450411e-20,4.6323819902342736e-20,5.010582098329099e-20,diagnostic_only_not_theorem_gate,4a09b46da042bd99120c3c23c0cc81b0e6b3f33dd2de64fa567151fb2cf15c72,2f4b8aa5a0edfdafeadf5c67ac561b97ec266443615d65a715c735eac6203ef6,169421e73b25e00e379d0a24e476d5f26da19186f48a179e3a8bf83ce889b3b8,a706bf9d37897dd17f80265564d24fba090495605599287d1aa077a226e8fb15
1.9097041814446928e-20,-4.632381990253239e-20,5.0105820983444534e-20,diagnostic_only_not_theorem_gate,4a09b46da042bd99120c3c23c0cc81b0e6b3f33dd2de64fa567151fb2cf15c72,2f4b8aa5a0edfdafeadf5c67ac561b97ec266443615d65a715c735eac6203ef6,169421e73b25e00e379d0a24e476d5f26da19186f48a179e3a8bf83ce889b3b8,a706bf9d37897dd17f80265564d24fba090495605599287d1aa077a226e8fb15
4.2021995443567994e-20,1.948138220081916e-20,4.6318164401384075e-20,diagnostic_only_not_theorem_gate,4a09b46da042bd99120c3c23c0cc81b0e6b3f33dd2de64fa567151fb2cf15c72,2f4b8aa5a0edfdafeadf5c67ac561b97ec266443615d65a715c735eac6203ef6,169421e73b25e00e379d0a24e476d5f26da19186f48a179e3a8bf83ce889b3b8,a706bf9d37897dd17f80265564d24fba090495605599287d1aa077a226e8fb15
4.2021995443532244e-20,-1.948138220081976e-20,4.6318164401351894e-20,diagnostic_only_not_theorem_gate,4a09b46da042bd99120c3c23c0cc81b0e6b3f33dd2de64fa567151fb2cf15c72,2f4b8aa5a0edfdafeadf5c67ac561b97ec266443615d65a715c735eac6203ef6,169421e73b25e00e379d0a24e476d5f26da19186f48a179e3a8bf83ce889b3b8,a706bf9d37897dd17f80265564d24fba090495605599287d1aa077a226e8fb15
-5.581501977112372e-20,-8.803252741965345e-33,5.581501977112372e-20,diagnostic_only_not_theorem_gate,4a09b46da042bd99120c3c23c0cc81b0e6b3f33dd2de64fa567151fb2cf15c72,2f4b8aa5a0edfdafeadf5c67ac561b97ec266443615d65a715c735eac6203ef6,169421e73b25e00e379d0a24e476d5f26da19186f48a179e3a8bf83ce889b3b8,a706bf9d37897dd17f80265564d24fba090495605599287d1aa077a226e8fb15
-1.4579279445236186e-20,4.54799733838076e-20,4.7759641624850307e-20,diagnostic_only_not_theorem_gate,4a09b46da042bd99120c3c23c0cc81b0e6b3f33dd2de64fa567151fb2cf15c72,2f4b8aa5a0edfdafeadf5c67ac561b97ec266443615d65a715c735eac6203ef6,169421e73b25e00e379d0a24e476d5f26da19186f48a179e3a8bf83ce889b3b8,a706bf9d37897dd17f80265564d24fba090495605599287d1aa077a226e8fb15
-1.4579279445226876e-20,-4.54799733836705e-20,4.7759641624716906e-20,diagnostic_only_not_theorem_gate,4a09b46da042bd99120c3c23c0cc81b0e6b3f33dd2de64fa567151fb2cf15c72,2f4b8aa5a0edfdafeadf5c67ac561b97ec266443615d65a715c735eac6203ef6,169421e73b25e00e379d0a24e476d5f26da19186f48a179e3a8bf83ce889b3b8,a706bf9d37897dd17f80265564d24fba090495605599287d1aa077a226e8fb15
4.209486973738011e-20,4.0702499356461855e-21,4.229119285082448e-20,diagnostic_only_not_theorem_gate,4a09b46da042bd99120c3c23c0cc81b0e6b3f33dd2de64fa567151fb2cf15c72,2f4b8aa5a0edfdafeadf5c67ac561b97ec266443615d65a715c735eac6203ef6,169421e73b25e00e379d0a24e476d5f26da19186f48a179e3a8bf83ce889b3b8,a706bf9d37897dd17f80265564d24fba090495605599287d1aa077a226e8fb15
4.2094869737377414e-20,-4.070249935642144e-21,4.229119285082141e-20,diagnostic_only_not_theorem_gate,4a09b46da042bd99120c3c23c0cc81b0e6b3f33dd2de64fa567151fb2cf15c72,2f4b8aa5a0edfdafeadf5c67ac561b97ec266443615d65a715c735eac6203ef6,169421e73b25e00e379d0a24e476d5f26da19186f48a179e3a8bf83ce889b3b8,a706bf9d37897dd17f80265564d24fba090495605599287d1aa077a226e8fb15
-5.334261600660384e-21,-4.055917372457019e-20,4.090844558332845e-20,diagnostic_only_not_theorem_gate,4a09b46da042bd99120c3c23c0cc81b0e6b3f33dd2de64fa567151fb2cf15c72,2f4b8aa5a0edfdafeadf5c67ac561b97ec266443615d65a715c735eac6203ef6,169421e73b25e00e379d0a24e476d5f26da19186f48a179e3a8bf83ce889b3b8,a706bf9d37897dd17f80265564d24fba090495605599287d1aa077a226e8fb15
-5.334261600558691e-21,4.055917372447543e-20,4.0908445583221235e-20,diagnostic_only_not_theorem_gate,4a09b46da042bd99120c3c23c0cc81b0e6b3f33dd2de64fa567151fb2cf15c72,2f4b8aa5a0edfdafeadf5c67ac561b97ec266443615d65a715c735eac6203ef6,169421e73b25e00e379d0a24e476d5f26da19186f48a179e3a8bf83ce889b3b8,a706bf9d37897dd17f80265564d24fba090495605599287d1aa077a226e8fb15
-1.9194693662234982e-20,-3.1496106175062434e-20,3.688415606975236e-20,diagnostic_only_not_theorem_gate,4a09b46da042bd99120c3c23c0cc81b0e6b3f33dd2de64fa567151fb2cf15c72,2f4b8aa5a0edfdafeadf5c67ac561b97ec266443615d65a715c735eac6203ef6,169421e73b25e00e379d0a24e476d5f26da19186f48a179e3a8bf83ce889b3b8,a706bf9d37897dd17f80265564d24fba090495605599287d1aa077a226e8fb15
-1.919469366225469e-20,3.149610617503297e-20,3.688415606973745e-20,diagnostic_only_not_theorem_gate,4a09b46da042bd99120c3c23c0cc81b0e6b3f33dd2de64fa567151fb2cf15c72,2f4b8aa5a0edfdafeadf5c67ac561b97ec266443615d65a715c735eac6203ef6,169421e73b25e00e379d0a24e476d5f26da19186f48a179e3a8bf83ce889b3b8,a706bf9d37897dd17f80265564d24fba090495605599287d1aa077a226e8fb15
5.981718374638547e-21,-3.2778434430179083e-20,3.3319764681147405e-20,diagnostic_only_not_theorem_gate,4a09b46da042bd99120c3c23c0cc81b0e6b3f33dd2de64fa567151fb2cf15c72,2f4b8aa5a0edfdafeadf5c67ac561b97ec266443615d65a715c735eac6203ef6,169421e73b25e00e379d0a24e476d5f26da19186f48a179e3a8bf83ce889b3b8,a706bf9d37897dd17f80265564d24fba090495605599287d1aa077a226e8fb15
5.981718374701073e-21,3.277843443016142e-20,3.3319764681141254e-20,diagnostic_only_not_theorem_gate,4a09b46da042bd99120c3c23c0cc81b0e6b3f33dd2de64fa567151fb2cf15c72,2f4b8aa5a0edfdafeadf5c67ac561b97ec266443615d65a715c735eac6203ef6,169421e73b25e00e379d0a24e476d5f26da19186f48a179e3a8bf83ce889b3b8,a706bf9d37897dd17f80265564d24fba090495605599287d1aa077a226e8fb15
2.1231178597696567e-20,2.5397497885662522e-20,3.31028071845806e-20,diagnostic_only_not_theorem_gate,4a09b46da042bd99120c3c23c0cc81b0e6b3f33dd2de64fa567151fb2cf15c72,2f4b8aa5a0edfdafeadf5c67ac561b97ec266443615d65a715c735eac6203ef6,169421e73b25e00e379d0a24e476d5f26da19186f48a179e3a8bf83ce889b3b8,a706bf9d37897dd17f80265564d24fba090495605599287d1aa077a226e8fb15
2.123117859770027e-20,-2.5397497885662892e-20,3.310280718458326e-20,diagnostic_only_not_theorem_gate,4a09b46da042bd99120c3c23c0cc81b0e6b3f33dd2de64fa567151fb2cf15c72,2f4b8aa5a0edfdafeadf5c67ac561b97ec266443615d65a715c735eac6203ef6,169421e73b25e00e379d0a24e476d5f26da19186f48a179e3a8bf83ce889b3b8,a706bf9d37897dd17f80265564d24fba090495605599287d1aa077a226e8fb15
-3.0315459950359455e-20,-8.825314706119382e-21,3.157393373756104e-20,diagnostic_only_not_theorem_gate,4a09b46da042bd99120c3c23c0cc81b0e6b3f33dd2de64fa567151fb2cf15c72,2f4b8aa5a0edfdafeadf5c67ac561b97ec266443615d65a715c735eac6203ef6,169421e73b25e00e379d0a24e476d5f26da19186f48a179e3a8bf83ce889b3b8,a706bf9d37897dd17f80265564d24fba090495605599287d1aa077a226e8fb15
-3.031545995035578e-20,8.825314706112735e-21,3.157393373755565e-20,diagnostic_only_not_theorem_gate,4a09b46da042bd99120c3c23c0cc81b0e6b3f33dd2de64fa567151fb2cf15c72,2f4b8aa5a0edfdafeadf5c67ac561b97ec266443615d65a715c735eac6203ef6,169421e73b25e00e379d0a24e476d5f26da19186f48a179e3a8bf83ce889b3b8,a706bf9d37897dd17f80265564d24fba090495605599287d1aa077a226e8fb15
-2.4657928101754144e-20,-1.5331204244323905e-20,2.9035482462884135e-20,diagnostic_only_not_theorem_gate,4a09b46da042bd99120c3c23c0cc81b0e6b3f33dd2de64fa567151fb2cf15c72,2f4b8aa5a0edfdafeadf5c67ac561b97ec266443615d65a715c735eac6203ef6,169421e73b25e00e379d0a24e476d5f26da19186f48a179e3a8bf83ce889b3b8,a706bf9d37897dd17f80265564d24fba090495605599287d1aa077a226e8fb15
-2.4657928101669873e-20,1.5331204244339755e-20,2.9035482462820935e-20,diagnostic_only_not_theorem_gate,4a09b46da042bd99120c3c23c0cc81b0e6b3f33dd2de64fa567151fb2cf15c72,2f4b8aa5a0edfdafeadf5c67ac561b97ec266443615d65a715c735eac6203ef6,169421e73b25e00e379d0a24e476d5f26da19186f48a179e3a8bf83ce889b3b8,a706bf9d37897dd17f80265564d24fba090495605599287d1aa077a226e8fb15
3.092820578191824e-20,-1.6503228569859712e-32,3.092820578191824e-20,diagnostic_only_not_theorem_gate,4a09b46da042bd99120c3c23c0cc81b0e6b3f33dd2de64fa567151fb2cf15c72,2f4b8aa5a0edfdafeadf5c67ac561b97ec266443615d65a715c735eac6203ef6,169421e73b25e00e379d0a24e476d5f26da19186f48a179e3a8bf83ce889b3b8,a706bf9d37897dd17f80265564d24fba090495605599287d1aa077a226e8fb15
7.950810643984662e-21,-2.5280420900252316e-20,2.6501227722322864e-20,diagnostic_only_not_theorem_gate,4a09b46da042bd99120c3c23c0cc81b0e6b3f33dd2de64fa567151fb2cf15c72,2f4b8aa5a0edfdafeadf5c67ac561b97ec266443615d65a715c735eac6203ef6,169421e73b25e00e379d0a24e476d5f26da19186f48a179e3a8bf83ce889b3b8,a706bf9d37897dd17f80265564d24fba090495605599287d1aa077a226e8fb15
7.950810643948957e-21,2.5280420900206448e-20,2.6501227722268397e-20,diagnostic_only_not_theorem_gate,4a09b46da042bd99120c3c23c0cc81b0e6b3f33dd2de64fa567151fb2cf15c72,2f4b8aa5a0edfdafeadf5c67ac561b97ec266443615d65a715c735eac6203ef6,169421e73b25e00e379d0a24e476d5f26da19186f48a179e3a8bf83ce889b3b8,a706bf9d37897dd17f80265564d24fba090495605599287d1aa077a226e8fb15
1.905537920451427e-20,1.798898347758929e-20,2.6205171306152827e-20,diagnostic_only_not_theorem_gate,4a09b46da042bd99120c3c23c0cc81b0e6b3f33dd2de64fa567151fb2cf15c72,2f4b8aa5a0edfdafeadf5c67ac561b97ec266443615d65a715c735eac6203ef6,169421e73b25e00e379d0a24e476d5f26da19186f48a179e3a8bf83ce889b3b8,a706bf9d37897dd17f80265564d24fba090495605599287d1aa077a226e8fb15
2.2396919869160226e-20,1.407511032003788e-20,2.6452424277310028e-20,diagnostic_only_not_theorem_gate,4a09b46da042bd99120c3c23c0cc81b0e6b3f33dd2de64fa567151fb2cf15c72,2f4b8aa5a0edfdafeadf5c67ac561b97ec266443615d65a715c735eac6203ef6,169421e73b25e00e379d0a24e476d5f26da19186f48a179e3a8bf83ce889b3b8,a706bf9d37897dd17f80265564d24fba090495605599287d1aa077a226e8fb15
2.2396919869170455e-20,-1.4075110320079708e-20,2.6452424277340945e-20,diagnostic_only_not_theorem_gate,4a09b46da042bd99120c3c23c0cc81b0e6b3f33dd2de64fa567151fb2cf15c72,2f4b8aa5a0edfdafeadf5c67ac561b97ec266443615d65a715c735eac6203ef6,169421e73b25e00e379d0a24e476d5f26da19186f48a179e3a8bf83ce889b3b8,a706bf9d37897dd17f80265564d24fba090495605599287d1aa077a226e8fb15
1.9055379204518288e-20,-1.7988983477568732e-20,2.6205171306141635e-20,diagnostic_only_not_theorem_gate,4a09b46da042bd99120c3c23c0cc81b0e6b3f33dd2de64fa567151fb2cf15c72,2f4b8aa5a0edfdafeadf5c67ac561b97ec266443615d65a715c735eac6203ef6,169421e73b25e00e379d0a24e476d5f26da19186f48a179e3a8bf83ce889b3b8,a706bf9d37897dd17f80265564d24fba090495605599287d1aa077a226e8fb15
2.7015001831533348e-20,5.2627335114269606e-33,2.7015001831533348e-20,diagnostic_only_not_theorem_gate,4a09b46da042bd99120c3c23c0cc81b0e6b3f33dd2de64fa567151fb2cf15c72,2f4b8aa5a0edfdafeadf5c67ac561b97ec266443615d65a715c735eac6203ef6,169421e73b25e00e379d0a24e476d5f26da19186f48a179e3a8bf83ce889b3b8,a706bf9d37897dd17f80265564d24fba090495605599287d1aa077a226e8fb15
1.1607282764103526e-20,2.3015975395802978e-20,2.5777201876582006e-20,diagnostic_only_not_theorem_gate,4a09b46da042bd99120c3c23c0cc81b0e6b3f33dd2de64fa567151fb2cf15c72,2f4b8aa5a0edfdafeadf5c67ac561b97ec266443615d65a715c735eac6203ef6,169421e73b25e00e379d0a24e476d5f26da19186f48a179e3a8bf83ce889b3b8,a706bf9d37897dd17f80265564d24fba090495605599287d1aa077a226e8fb15
1.1607282764090721e-20,-2.301597539580096e-20,2.5777201876574438e-20,diagnostic_only_not_theorem_gate,4a09b46da042bd99120c3c23c0cc81b0e6b3f33dd2de64fa567151fb2cf15c72,2f4b8aa5a0edfdafeadf5c67ac561b97ec266443615d65a715c735eac6203ef6,169421e73b25e00e379d0a24e476d5f26da19186f48a179e3a8bf83ce889b3b8,a706bf9d37897dd17f80265564d24fba090495605599287d1aa077a226e8fb15
2.4028403490513834e-20,7.071698908768637e-21,2.504741702769403e-20,diagnostic_only_not_theorem_gate,4a09b46da042bd99120c3c23c0cc81b0e6b3f33dd2de64fa567151fb2cf15c72,2f4b8aa5a0edfdafeadf5c67ac561b97ec266443615d65a715c735eac6203ef6,169421e73b25e00e379d0a24e476d5f26da19186f48a179e3a8bf83ce889b3b8,a706bf9d37897dd17f80265564d24fba090495605599287d1aa077a226e8fb15
2.402840349050757e-20,-7.071698908762688e-21,2.5047417027686346e-20,diagnostic_only_not_theorem_gate,4a09b46da042bd99120c3c23c0cc81b0e6b3f33dd2de64fa567151fb2cf15c72,2f4b8aa5a0edfdafeadf5c67ac561b97ec266443615d65a715c735eac6203ef6,169421e73b25e00e379d0a24e476d5f26da19186f48a179e3a8bf83ce889b3b8,a706bf9d37897dd17f80265564d24fba090495605599287d1aa077a226e8fb15
-2.6599036260642204e-20,-4.836947077057784e-33,2.6599036260642204e-20,diagnostic_only_not_theorem_gate,4a09b46da042bd99120c3c23c0cc81b0e6b3f33dd2de64fa567151fb2cf15c72,2f4b8aa5a0edfdafeadf5c67ac561b97ec266443615d65a715c735eac6203ef6,169421e73b25e00e379d0a24e476d5f26da19186f48a179e3a8bf83ce889b3b8,a706bf9d37897dd17f80265564d24fba090495605599287d1aa077a226e8fb15
-1.6909451045754617e-20,1.5235897111104873e-20,2.2760977471298232e-20,diagnostic_only_not_theorem_gate,4a09b46da042bd99120c3c23c0cc81b0e6b3f33dd2de64fa567151fb2cf15c72,2f4b8aa5a0edfdafeadf5c67ac561b97ec266443615d65a715c735eac6203ef6,169421e73b25e00e379d0a24e476d5f26da19186f48a179e3a8bf83ce889b3b8,a706bf9d37897dd17f80265564d24fba090495605599287d1aa077a226e8fb15
-1.6909451045713773e-20,-1.523589711111475e-20,2.27609774712745e-20,diagnostic_only_not_theorem_gate,4a09b46da042bd99120c3c23c0cc81b0e6b3f33dd2de64fa567151fb2cf15c72,2f4b8aa5a0edfdafeadf5c67ac561b97ec266443615d65a715c735eac6203ef6,169421e73b25e00e379d0a24e476d5f26da19186f48a179e3a8bf83ce889b3b8,a706bf9d37897dd17f80265564d24fba090495605599287d1aa077a226e8fb15
-7.714847015159138e-21,1.988828892891606e-20,2.1332203378632854e-20,diagnostic_only_not_theorem_gate,4a09b46da042bd99120c3c23c0cc81b0e6b3f33dd2de64fa567151fb2cf15c72,2f4b8aa5a0edfdafeadf5c67ac561b97ec266443615d65a715c735eac6203ef6,169421e73b25e00e379d0a24e476d5f26da19186f48a179e3a8bf83ce889b3b8,a706bf9d37897dd17f80265564d24fba090495605599287d1aa077a226e8fb15
-7.714847015145719e-21,-1.988828892890645e-20,2.1332203378619042e-20,diagnostic_only_not_theorem_gate,4a09b46da042bd99120c3c23c0cc81b0e6b3f33dd2de64fa567151fb2cf15c72,2f4b8aa5a0edfdafeadf5c67ac561b97ec266443615d65a715c735eac6203ef6,169421e73b25e00e379d0a24e476d5f26da19186f48a179e3a8bf83ce889b3b8,a706bf9d37897dd17f80265564d24fba090495605599287d1aa077a226e8fb15
1.6239514022384032e-20,1.0155775168327127e-20,1.9153631116652985e-20,diagnostic_only_not_theorem_gate,4a09b46da042bd99120c3c23c0cc81b0e6b3f33dd2de64fa567151fb2cf15c72,2f4b8aa5a0edfdafeadf5c67ac561b97ec266443615d65a715c735eac6203ef6,169421e73b25e00e379d0a24e476d5f26da19186f48a179e3a8bf83ce889b3b8,a706bf9d37897dd17f80265564d24fba090495605599287d1aa077a226e8fb15
1.623951402238931e-20,-1.0155775168310823e-20,1.9153631116648815e-20,diagnostic_only_not_theorem_gate,4a09b46da042bd99120c3c23c0cc81b0e6b3f33dd2de64fa567151fb2cf15c72,2f4b8aa5a0edfdafeadf5c67ac561b97ec266443615d65a715c735eac6203ef6,169421e73b25e00e379d0a24e476d5f26da19186f48a179e3a8bf83ce889b3b8,a706bf9d37897dd17f80265564d24fba090495605599287d1aa077a226e8fb15
-2.0943693756150658e-20,1.3778002510694532e-33,2.0943693756150658e-20,diagnostic_only_not_theorem_gate,4a09b46da042bd99120c3c23c0cc81b0e6b3f33dd2de64fa567151fb2cf15c72,2f4b8aa5a0edfdafeadf5c67ac561b97ec266443615d65a715c735eac6203ef6,169421e73b25e00e379d0a24e476d5f26da19186f48a179e3a8bf83ce889b3b8,a706bf9d37897dd17f80265564d24fba090495605599287d1aa077a226e8fb15
1.873767118647415e-20,7.3616480919999265e-34,1.873767118647415e-20,diagnostic_only_not_theorem_gate,4a09b46da042bd99120c3c23c0cc81b0e6b3f33dd2de64fa567151fb2cf15c72,2f4b8aa5a0edfdafeadf5c67ac561b97ec266443615d65a715c735eac6203ef6,169421e73b25e00e379d0a24e476d5f26da19186f48a179e3a8bf83ce889b3b8,a706bf9d37897dd17f80265564d24fba090495605599287d1aa077a226e8fb15
-1.128334979252968e-20,-1.456140525349195e-20,1.8421414318585924e-20,diagnostic_only_not_theorem_gate,4a09b46da042bd99120c3c23c0cc81b0e6b3f33dd2de64fa567151fb2cf15c72,2f4b8aa5a0edfdafeadf5c67ac561b97ec266443615d65a715c735eac6203ef6,169421e73b25e00e379d0a24e476d5f26da19186f48a179e3a8bf83ce889b3b8,a706bf9d37897dd17f80265564d24fba090495605599287d1aa077a226e8fb15
-1.1283349792514707e-20,1.4561405253499647e-20,1.8421414318582837e-20,diagnostic_only_not_theorem_gate,4a09b46da042bd99120c3c23c0cc81b0e6b3f33dd2de64fa567151fb2cf15c72,2f4b8aa5a0edfdafeadf5c67ac561b97ec266443615d65a715c735eac6203ef6,169421e73b25e00e379d0a24e476d5f26da19186f48a179e3a8bf83ce889b3b8,a706bf9d37897dd17f80265564d24fba090495605599287d1aa077a226e8fb15
-1.4559595348371015e-20,-1.0131018269473484e-20,1.7737512449177095e-20,diagnostic_only_not_theorem_gate,4a09b46da042bd99120c3c23c0cc81b0e6b3f33dd2de64fa567151fb2cf15c72,2f4b8aa5a0edfdafeadf5c67ac561b97ec266443615d65a715c735eac6203ef6,169421e73b25e00e379d0a24e476d5f26da19186f48a179e3a8bf83ce889b3b8,a706bf9d37897dd17f80265564d24fba090495605599287d1aa077a226e8fb15
-1.4559595348371517e-20,1.0131018269472091e-20,1.773751244917671e-20,diagnostic_only_not_theorem_gate,4a09b46da042bd99120c3c23c0cc81b0e6b3f33dd2de64fa567151fb2cf15c72,2f4b8aa5a0edfdafeadf5c67ac561b97ec266443615d65a715c735eac6203ef6,169421e73b25e00e379d0a24e476d5f26da19186f48a179e3a8bf83ce889b3b8,a706bf9d37897dd17f80265564d24fba090495605599287d1aa077a226e8fb15
1.0475779196630126e-20,-1.356486581426167e-20,1.7139064570024627e-20,diagnostic_only_not_theorem_gate,4a09b46da042bd99120c3c23c0cc81b0e6b3f33dd2de64fa567151fb2cf15c72,2f4b8aa5a0edfdafeadf5c67ac561b97ec266443615d65a715c735eac6203ef6,169421e73b25e00e379d0a24e476d5f26da19186f48a179e3a8bf83ce889b3b8,a706bf9d37897dd17f80265564d24fba090495605599287d1aa077a226e8fb15
1.0475779196627581e-20,1.3564865814258913e-20,1.713906457002089e-20,diagnostic_only_not_theorem_gate,4a09b46da042bd99120c3c23c0cc81b0e6b3f33dd2de64fa567151fb2cf15c72,2f4b8aa5a0edfdafeadf5c67ac561b97ec266443615d65a715c735eac6203ef6,169421e73b25e00e379d0a24e476d5f26da19186f48a179e3a8bf83ce889b3b8,a706bf9d37897dd17f80265564d24fba090495605599287d1aa077a226e8fb15
-7.818452848859462e-21,-1.4574627871295455e-20,1.6539286034668513e-20,diagnostic_only_not_theorem_gate,4a09b46da042bd99120c3c23c0cc81b0e6b3f33dd2de64fa567151fb2cf15c72,2f4b8aa5a0edfdafeadf5c67ac561b97ec266443615d65a715c735eac6203ef6,169421e73b25e00e379d0a24e476d5f26da19186f48a179e3a8bf83ce889b3b8,a706bf9d37897dd17f80265564d24fba090495605599287d1aa077a226e8fb15
-7.818452848857367e-21,1.45746278712972e-20,1.653928603466906e-20,diagnostic_only_not_theorem_gate,4a09b46da042bd99120c3c23c0cc81b0e6b3f33dd2de64fa567151fb2cf15c72,2f4b8aa5a0edfdafeadf5c67ac561b97ec266443615d65a715c735eac6203ef6,169421e73b25e00e379d0a24e476d5f26da19186f48a179e3a8bf83ce889b3b8,a706bf9d37897dd17f80265564d24fba090495605599287d1aa077a226e8fb15
9.541902088500152e-23,1.5631602842786858e-20,1.5631894070270846e-20,diagnostic_only_not_theorem_gate,4a09b46da042bd99120c3c23c0cc81b0e6b3f33dd2de64fa567151fb2cf15c72,2f4b8aa5a0edfdafeadf5c67ac561b97ec266443615d65a715c735eac6203ef6,169421e73b25e00e379d0a24e476d5f26da19186f48a179e3a8bf83ce889b3b8,a706bf9d37897dd17f80265564d24fba090495605599287d1aa077a226e8fb15
9.541902089845339e-23,-1.563160284279164e-20,1.563189407027571e-20,diagnostic_only_not_theorem_gate,4a09b46da042bd99120c3c23c0cc81b0e6b3f33dd2de64fa567151fb2cf15c72,2f4b8aa5a0edfdafeadf5c67ac561b97ec266443615d65a715c735eac6203ef6,169421e73b25e00e379d0a24e476d5f26da19186f48a179e3a8bf83ce889b3b8,a706bf9d37897dd17f80265564d24fba090495605599287d1aa077a226e8fb15
-1.7054870153315534e-20,-2.0978517956396768e-21,1.7183409967259747e-20,diagnostic_only_not_theorem_gate,4a09b46da042bd99120c3c23c0cc81b0e6b3f33dd2de64fa567151fb2cf15c72,2f4b8aa5a0edfdafeadf5c67ac561b97ec266443615d65a715c735eac6203ef6,169421e73b25e00e379d0a24e476d5f26da19186f48a179e3a8bf83ce889b3b8,a706bf9d37897dd17f80265564d24fba090495605599287d1aa077a226e8fb15
-1.705487015331347e-20,2.0978517956436878e-21,1.7183409967258188e-20,diagnostic_only_not_theorem_gate,4a09b46da042bd99120c3c23c0cc81b0e6b3f33dd2de64fa567151fb2cf15c72,2f4b8aa5a0edfdafeadf5c67ac561b97ec266443615d65a715c735eac6203ef6,169421e73b25e00e379d0a24e476d5f26da19186f48a179e3a8bf83ce889b3b8,a706bf9d37897dd17f80265564d24fba090495605599287d1aa077a226e8fb15
1.4579489092845562e-20,-4.1940975622286576e-21,1.517075992064653e-20,diagnostic_only_not_theorem_gate,4a09b46da042bd99120c3c23c0cc81b0e6b3f33dd2de64fa567151fb2cf15c72,2f4b8aa5a0edfdafeadf5c67ac561b97ec266443615d65a715c735eac6203ef6,169421e73b25e00e379d0a24e476d5f26da19186f48a179e3a8bf83ce889b3b8,a706bf9d37897dd17f80265564d24fba090495605599287d1aa077a226e8fb15
1.4579489092844774e-20,4.194097562227926e-21,1.517075992064557e-20,diagnostic_only_not_theorem_gate,4a09b46da042bd99120c3c23c0cc81b0e6b3f33dd2de64fa567151fb2cf15c72,2f4b8aa5a0edfdafeadf5c67ac561b97ec266443615d65a715c735eac6203ef6,169421e73b25e00e379d0a24e476d5f26da19186f48a179e3a8bf83ce889b3b8,a706bf9d37897dd17f80265564d24fba090495605599287d1aa077a226e8fb15
3.739406866193481e-21,-1.387165543684457e-20,1.436683640435411e-20,diagnostic_only_not_theorem_gate,4a09b46da042bd99120c3c23c0cc81b0e6b3f33dd2de64fa567151fb2cf15c72,2f4b8aa5a0edfdafeadf5c67ac561b97ec266443615d65a715c735eac6203ef6,169421e73b25e00e379d0a24e476d5f26da19186f48a179e3a8bf83ce889b3b8,a706bf9d37897dd17f80265564d24fba090495605599287d1aa077a226e8fb15
3.73940686619418e-21,1.3871655436842876e-20,1.4366836404352653e-20,diagnostic_only_not_theorem_gate,4a09b46da042bd99120c3c23c0cc81b0e6b3f33dd2de64fa567151fb2cf15c72,2f4b8aa5a0edfdafeadf5c67ac561b97ec266443615d65a715c735eac6203ef6,169421e73b25e00e379d0a24e476d5f26da19186f48a179e3a8bf83ce889b3b8,a706bf9d37897dd17f80265564d24fba090495605599287d1aa077a226e8fb15
6.084774064097859e-21,1.0477243297439135e-20,1.211598541286887e-20,diagnostic_only_not_theorem_gate,4a09b46da042bd99120c3c23c0cc81b0e6b3f33dd2de64fa567151fb2cf15c72,2f4b8aa5a0edfdafeadf5c67ac561b97ec266443615d65a715c735eac6203ef6,169421e73b25e00e379d0a24e476d5f26da19186f48a179e3a8bf83ce889b3b8,a706bf9d37897dd17f80265564d24fba090495605599287d1aa077a226e8fb15
6.084774064099354e-21,-1.0477243297435775e-20,1.2115985412866716e-20,diagnostic_only_not_theorem_gate,4a09b46da042bd99120c3c23c0cc81b0e6b3f33dd2de64fa567151fb2cf15c72,2f4b8aa5a0edfdafeadf5c67ac561b97ec266443615d65a715c735eac6203ef6,169421e73b25e00e379d0a24e476d5f26da19186f48a179e3a8bf83ce889b3b8,a706bf9d37897dd17f80265564d24fba090495605599287d1aa077a226e8fb15
-8.805501799326462e-21,8.599392379197936e-21,1.2307981606638398e-20,diagnostic_only_not_theorem_gate,4a09b46da042bd99120c3c23c0cc81b0e6b3f33dd2de64fa567151fb2cf15c72,2f4b8aa5a0edfdafeadf5c67ac561b97ec266443615d65a715c735eac6203ef6,169421e73b25e00e379d0a24e476d5f26da19186f48a179e3a8bf83ce889b3b8,a706bf9d37897dd17f80265564d24fba090495605599287d1aa077a226e8fb15
-1.157272846899849e-20,4.442455324019547e-21,1.2396106385598574e-20,diagnostic_only_not_theorem_gate,4a09b46da042bd99120c3c23c0cc81b0e6b3f33dd2de64fa567151fb2cf15c72,2f4b8aa5a0edfdafeadf5c67ac561b97ec266443615d65a715c735eac6203ef6,169421e73b25e00e379d0a24e476d5f26da19186f48a179e3a8bf83ce889b3b8,a706bf9d37897dd17f80265564d24fba090495605599287d1aa077a226e8fb15
-8.805501799326843e-21,-8.599392379198526e-21,1.2307981606639082e-20,diagnostic_only_not_theorem_gate,4a09b46da042bd99120c3c23c0cc81b0e6b3f33dd2de64fa567151fb2cf15c72,2f4b8aa5a0edfdafeadf5c67ac561b97ec266443615d65a715c735eac6203ef6,169421e73b25e00e379d0a24e476d5f26da19186f48a179e3a8bf83ce889b3b8,a706bf9d37897dd17f80265564d24fba090495605599287d1aa077a226e8fb15
-1.1572728468998592e-20,-4.442455324019658e-21,1.239610638559871e-20,diagnostic_only_not_theorem_gate,4a09b46da042bd99120c3c23c0cc81b0e6b3f33dd2de64fa567151fb2cf15c72,2f4b8aa5a0edfdafeadf5c67ac561b97ec266443615d65a715c735eac6203ef6,169421e73b25e00e379d0a24e476d5f26da19186f48a179e3a8bf83ce889b3b8,a706bf9d37897dd17f80265564d24fba090495605599287d1aa077a226e8fb15
1.1781357331684342e-20,-4.5959250570244783e-35,1.1781357331684342e-20,diagnostic_only_not_theorem_gate,4a09b46da042bd99120c3c23c0cc81b0e6b3f33dd2de64fa567151fb2cf15c72,2f4b8aa5a0edfdafeadf5c67ac561b97ec266443615d65a715c735eac6203ef6,169421e73b25e00e379d0a24e476d5f26da19186f48a179e3a8bf83ce889b3b8,a706bf9d37897dd17f80265564d24fba090495605599287d1aa077a226e8fb15
-1.092828271348892e-20,1.4018531357412582e-21,1.101782897308396e-20,diagnostic_only_not_theorem_gate,4a09b46da042bd99120c3c23c0cc81b0e6b3f33dd2de64fa567151fb2cf15c72,2f4b8aa5a0edfdafeadf5c67ac561b97ec266443615d65a715c735eac6203ef6,169421e73b25e00e379d0a24e476d5f26da19186f48a179e3a8bf83ce889b3b8,a706bf9d37897dd17f80265564d24fba090495605599287d1aa077a226e8fb15
-1.0928282713487907e-20,-1.401853135741479e-21,1.1017828973082984e-20,diagnostic_only_not_theorem_gate,4a09b46da042bd99120c3c23c0cc81b0e6b3f33dd2de64fa567151fb2cf15c72,2f4b8aa5a0edfdafeadf5c67ac561b97ec266443615d65a715c735eac6203ef6,169421e73b25e00e379d0a24e476d5f26da19186f48a179e3a8bf83ce889b3b8,a706bf9d37897dd17f80265564d24fba090495605599287d1aa077a226e8fb15
-4.127840924491953e-21,-9.091497443982861e-21,9.98470813153081e-21,diagnostic_only_not_theorem_gate,4a09b46da042bd99120c3c23c0cc81b0e6b3f33dd2de64fa567151fb2cf15c72,2f4b8aa5a0edfdafeadf5c67ac561b97ec266443615d65a715c735eac6203ef6,169421e73b25e00e379d0a24e476d5f26da19186f48a179e3a8bf83ce889b3b8,a706bf9d37897dd17f80265564d24fba090495605599287d1aa077a226e8fb15
3.033070988976776e-22,1.0208071237226149e-20,1.0212576246007934e-20,diagnostic_only_not_theorem_gate,4a09b46da042bd99120c3c23c0cc81b0e6b3f33dd2de64fa567151fb2cf15c72,2f4b8aa5a0edfdafeadf5c67ac561b97ec266443615d65a715c735eac6203ef6,169421e73b25e00e379d0a24e476d5f26da19186f48a179e3a8bf83ce889b3b8,a706bf9d37897dd17f80265564d24fba090495605599287d1aa077a226e8fb15
3.033070988974311e-22,-1.020807123722652e-20,1.0212576246008298e-20,diagnostic_only_not_theorem_gate,4a09b46da042bd99120c3c23c0cc81b0e6b3f33dd2de64fa567151fb2cf15c72,2f4b8aa5a0edfdafeadf5c67ac561b97ec266443615d65a715c735eac6203ef6,169421e73b25e00e379d0a24e476d5f26da19186f48a179e3a8bf83ce889b3b8,a706bf9d37897dd17f80265564d24fba090495605599287d1aa077a226e8fb15
-4.127840924491735e-21,9.091497443983833e-21,9.984708131531605e-21,diagnostic_only_not_theorem_gate,4a09b46da042bd99120c3c23c0cc81b0e6b3f33dd2de64fa567151fb2cf15c72,2f4b8aa5a0edfdafeadf5c67ac561b97ec266443615d65a715c735eac6203ef6,169421e73b25e00e379d0a24e476d5f26da19186f48a179e3a8bf83ce889b3b8,a706bf9d37897dd17f80265564d24fba090495605599287d1aa077a226e8fb15
-9.077779406414877e-21,3.43928966113179e-21,9.707460652750443e-21,diagnostic_only_not_theorem_gate,4a09b46da042bd99120c3c23c0cc81b0e6b3f33dd2de64fa567151fb2cf15c72,2f4b8aa5a0edfdafeadf5c67ac561b97ec266443615d65a715c735eac6203ef6,169421e73b25e00e379d0a24e476d5f26da19186f48a179e3a8bf83ce889b3b8,a706bf9d37897dd17f80265564d24fba090495605599287d1aa077a226e8fb15
-9.077779406415113e-21,-3.439289661132228e-21,9.707460652750819e-21,diagnostic_only_not_theorem_gate,4a09b46da042bd99120c3c23c0cc81b0e6b3f33dd2de64fa567151fb2cf15c72,2f4b8aa5a0edfdafeadf5c67ac561b97ec266443615d65a715c735eac6203ef6,169421e73b25e00e379d0a24e476d5f26da19186f48a179e3a8bf83ce889b3b8,a706bf9d37897dd17f80265564d24fba090495605599287d1aa077a226e8fb15
-3.1069312584969077e-21,-8.28935621280913e-21,8.852482604776047e-21,diagnostic_only_not_theorem_gate,4a09b46da042bd99120c3c23c0cc81b0e6b3f33dd2de64fa567151fb2cf15c72,2f4b8aa5a0edfdafeadf5c67ac561b97ec266443615d65a715c735eac6203ef6,169421e73b25e00e379d0a24e476d5f26da19186f48a179e3a8bf83ce889b3b8,a706bf9d37897dd17f80265564d24fba090495605599287d1aa077a226e8fb15
-3.1069312584972444e-21,8.289356212809369e-21,8.852482604776388e-21,diagnostic_only_not_theorem_gate,4a09b46da042bd99120c3c23c0cc81b0e6b3f33dd2de64fa567151fb2cf15c72,2f4b8aa5a0edfdafeadf5c67ac561b97ec266443615d65a715c735eac6203ef6,169421e73b25e00e379d0a24e476d5f26da19186f48a179e3a8bf83ce889b3b8,a706bf9d37897dd17f80265564d24fba090495605599287d1aa077a226e8fb15
8.295419775982005e-21,-4.877200820920207e-34,8.295419775982005e-21,diagnostic_only_not_theorem_gate,4a09b46da042bd99120c3c23c0cc81b0e6b3f33dd2de64fa567151fb2cf15c72,2f4b8aa5a0edfdafeadf5c67ac561b97ec266443615d65a715c735eac6203ef6,169421e73b25e00e379d0a24e476d5f26da19186f48a179e3a8bf83ce889b3b8,a706bf9d37897dd17f80265564d24fba090495605599287d1aa077a226e8fb15
-4.539591851398345e-21,5.336820581242779e-21,7.006393372745978e-21,diagnostic_only_not_theorem_gate,4a09b46da042bd99120c3c23c0cc81b0e6b3f33dd2de64fa567151fb2cf15c72,2f4b8aa5a0edfdafeadf5c67ac561b97ec266443615d65a715c735eac6203ef6,169421e73b25e00e379d0a24e476d5f26da19186f48a179e3a8bf83ce889b3b8,a706bf9d37897dd17f80265564d24fba090495605599287d1aa077a226e8fb15
-4.539591851398463e-21,-5.336820581242893e-21,7.006393372746141e-21,diagnostic_only_not_theorem_gate,4a09b46da042bd99120c3c23c0cc81b0e6b3f33dd2de64fa567151fb2cf15c72,2f4b8aa5a0edfdafeadf5c67ac561b97ec266443615d65a715c735eac6203ef6,169421e73b25e00e379d0a24e476d5f26da19186f48a179e3a8bf83ce889b3b8,a706bf9d37897dd17f80265564d24fba090495605599287d1aa077a226e8fb15
1.4818320265339215e-21,6.112031011888408e-21,6.289097649515968e-21,diagnostic_only_not_theorem_gate,4a09b46da042bd99120c3c23c0cc81b0e6b3f33dd2de64fa567151fb2cf15c72,2f4b8aa5a0edfdafeadf5c67ac561b97ec266443615d65a715c735eac6203ef6,169421e73b25e00e379d0a24e476d5f26da19186f48a179e3a8bf83ce889b3b8,a706bf9d37897dd17f80265564d24fba090495605599287d1aa077a226e8fb15
1.4818320265336025e-21,-6.112031011888244e-21,6.289097649515733e-21,diagnostic_only_not_theorem_gate,4a09b46da042bd99120c3c23c0cc81b0e6b3f33dd2de64fa567151fb2cf15c72,2f4b8aa5a0edfdafeadf5c67ac561b97ec266443615d65a715c735eac6203ef6,169421e73b25e00e379d0a24e476d5f26da19186f48a179e3a8bf83ce889b3b8,a706bf9d37897dd17f80265564d24fba090495605599287d1aa077a226e8fb15
3.7781718527269725e-21,4.995787421796585e-21,6.263583200734172e-21,diagnostic_only_not_theorem_gate,4a09b46da042bd99120c3c23c0cc81b0e6b3f33dd2de64fa567151fb2cf15c72,2f4b8aa5a0edfdafeadf5c67ac561b97ec266443615d65a715c735eac6203ef6,169421e73b25e00e379d0a24e476d5f26da19186f48a179e3a8bf83ce889b3b8,a706bf9d37897dd17f80265564d24fba090495605599287d1aa077a226e8fb15
3.778171852727035e-21,-4.99578742179664e-21,6.263583200734253e-21,diagnostic_only_not_theorem_gate,4a09b46da042bd99120c3c23c0cc81b0e6b3f33dd2de64fa567151fb2cf15c72,2f4b8aa5a0edfdafeadf5c67ac561b97ec266443615d65a715c735eac6203ef6,169421e73b25e00e379d0a24e476d5f26da19186f48a179e3a8bf83ce889b3b8,a706bf9d37897dd17f80265564d24fba090495605599287d1aa077a226e8fb15
6.372970608657921e-21,4.1174317106594917e-22,6.386257653566536e-21,diagnostic_only_not_theorem_gate,4a09b46da042bd99120c3c23c0cc81b0e6b3f33dd2de64fa567151fb2cf15c72,2f4b8aa5a0edfdafeadf5c67ac561b97ec266443615d65a715c735eac6203ef6,169421e73b25e00e379d0a24e476d5f26da19186f48a179e3a8bf83ce889b3b8,a706bf9d37897dd17f80265564d24fba090495605599287d1aa077a226e8fb15
6.372970608659021e-21,-4.1174317106514804e-22,6.386257653567582e-21,diagnostic_only_not_theorem_gate,4a09b46da042bd99120c3c23c0cc81b0e6b3f33dd2de64fa567151fb2cf15c72,2f4b8aa5a0edfdafeadf5c67ac561b97ec266443615d65a715c735eac6203ef6,169421e73b25e00e379d0a24e476d5f26da19186f48a179e3a8bf83ce889b3b8,a706bf9d37897dd17f80265564d24fba090495605599287d1aa077a226e8fb15
-5.587810054867595e-21,-8.851136688857668e-35,5.587810054867595e-21,diagnostic_only_not_theorem_gate,4a09b46da042bd99120c3c23c0cc81b0e6b3f33dd2de64fa567151fb2cf15c72,2f4b8aa5a0edfdafeadf5c67ac561b97ec266443615d65a715c735eac6203ef6,169421e73b25e00e379d0a24e476d5f26da19186f48a179e3a8bf83ce889b3b8,a706bf9d37897dd17f80265564d24fba090495605599287d1aa077a226e8fb15
5.5782504872796985e-21,-6.8080951121719785e-34,5.5782504872796985e-21,diagnostic_only_not_theorem_gate,4a09b46da042bd99120c3c23c0cc81b0e6b3f33dd2de64fa567151fb2cf15c72,2f4b8aa5a0edfdafeadf5c67ac561b97ec266443615d65a715c735eac6203ef6,169421e73b25e00e379d0a24e476d5f26da19186f48a179e3a8bf83ce889b3b8,a706bf9d37897dd17f80265564d24fba090495605599287d1aa077a226e8fb15
-3.4405355600035546e-21,-4.0514955632600055e-21,5.315251756856347e-21,diagnostic_only_not_theorem_gate,4a09b46da042bd99120c3c23c0cc81b0e6b3f33dd2de64fa567151fb2cf15c72,2f4b8aa5a0edfdafeadf5c67ac561b97ec266443615d65a715c735eac6203ef6,169421e73b25e00e379d0a24e476d5f26da19186f48a179e3a8bf83ce889b3b8,a706bf9d37897dd17f80265564d24fba090495605599287d1aa077a226e8fb15
-3.440535560003504e-21,4.051495563260032e-21,5.315251756856334e-21,diagnostic_only_not_theorem_gate,4a09b46da042bd99120c3c23c0cc81b0e6b3f33dd2de64fa567151fb2cf15c72,2f4b8aa5a0edfdafeadf5c67ac561b97ec266443615d65a715c735eac6203ef6,169421e73b25e00e379d0a24e476d5f26da19186f48a179e3a8bf83ce889b3b8,a706bf9d37897dd17f80265564d24fba090495605599287d1aa077a226e8fb15
-3.2639474429249374e-22,4.59702275853437e-21,4.608595422857675e-21,diagnostic_only_not_theorem_gate,4a09b46da042bd99120c3c23c0cc81b0e6b3f33dd2de64fa567151fb2cf15c72,2f4b8aa5a0edfdafeadf5c67ac561b97ec266443615d65a715c735eac6203ef6,169421e73b25e00e379d0a24e476d5f26da19186f48a179e3a8bf83ce889b3b8,a706bf9d37897dd17f80265564d24fba090495605599287d1aa077a226e8fb15
-3.263947442925169e-22,-4.5970227585343934e-21,4.6085954228577e-21,diagnostic_only_not_theorem_gate,4a09b46da042bd99120c3c23c0cc81b0e6b3f33dd2de64fa567151fb2cf15c72,2f4b8aa5a0edfdafeadf5c67ac561b97ec266443615d65a715c735eac6203ef6,169421e73b25e00e379d0a24e476d5f26da19186f48a179e3a8bf83ce889b3b8,a706bf9d37897dd17f80265564d24fba090495605599287d1aa077a226e8fb15
3.951971550988004e-21,-1.8723944194717535e-21,4.37309272733697e-21,diagnostic_only_not_theorem_gate,4a09b46da042bd99120c3c23c0cc81b0e6b3f33dd2de64fa567151fb2cf15c72,2f4b8aa5a0edfdafeadf5c67ac561b97ec266443615d65a715c735eac6203ef6,169421e73b25e00e379d0a24e476d5f26da19186f48a179e3a8bf83ce889b3b8,a706bf9d37897dd17f80265564d24fba090495605599287d1aa077a226e8fb15
3.951971550987926e-21,1.8723944194717035e-21,4.373092727336877e-21,diagnostic_only_not_theorem_gate,4a09b46da042bd99120c3c23c0cc81b0e6b3f33dd2de64fa567151fb2cf15c72,2f4b8aa5a0edfdafeadf5c67ac561b97ec266443615d65a715c735eac6203ef6,169421e73b25e00e379d0a24e476d5f26da19186f48a179e3a8bf83ce889b3b8,a706bf9d37897dd17f80265564d24fba090495605599287d1aa077a226e8fb15
4.412972051671579e-21,2.075604314005516e-34,4.412972051671579e-21,diagnostic_only_not_theorem_gate,4a09b46da042bd99120c3c23c0cc81b0e6b3f33dd2de64fa567151fb2cf15c72,2f4b8aa5a0edfdafeadf5c67ac561b97ec266443615d65a715c735eac6203ef6,169421e73b25e00e379d0a24e476d5f26da19186f48a179e3a8bf83ce889b3b8,a706bf9d37897dd17f80265564d24fba090495605599287d1aa077a226e8fb15
-3.9338347947273926e-21,-8.83477952008251e-36,3.9338347947273926e-21,diagnostic_only_not_theorem_gate,4a09b46da042bd99120c3c23c0cc81b0e6b3f33dd2de64fa567151fb2cf15c72,2f4b8aa5a0edfdafeadf5c67ac561b97ec266443615d65a715c735eac6203ef6,169421e73b25e00e379d0a24e476d5f26da19186f48a179e3a8bf83ce889b3b8,a706bf9d37897dd17f80265564d24fba090495605599287d1aa077a226e8fb15
1.8332727763948393e-21,-3.306414196108334e-21,3.780643319449372e-21,diagnostic_only_not_theorem_gate,4a09b46da042bd99120c3c23c0cc81b0e6b3f33dd2de64fa567151fb2cf15c72,2f4b8aa5a0edfdafeadf5c67ac561b97ec266443615d65a715c735eac6203ef6,169421e73b25e00e379d0a24e476d5f26da19186f48a179e3a8bf83ce889b3b8,a706bf9d37897dd17f80265564d24fba090495605599287d1aa077a226e8fb15
-3.152902593251039e-21,-2.1322622713694286e-21,3.8062234769433394e-21,diagnostic_only_not_theorem_gate,4a09b46da042bd99120c3c23c0cc81b0e6b3f33dd2de64fa567151fb2cf15c72,2f4b8aa5a0edfdafeadf5c67ac561b97ec266443615d65a715c735eac6203ef6,169421e73b25e00e379d0a24e476d5f26da19186f48a179e3a8bf83ce889b3b8,a706bf9d37897dd17f80265564d24fba090495605599287d1aa077a226e8fb15
-3.152902593251038e-21,2.1322622713694576e-21,3.8062234769433545e-21,diagnostic_only_not_theorem_gate,4a09b46da042bd99120c3c23c0cc81b0e6b3f33dd2de64fa567151fb2cf15c72,2f4b8aa5a0edfdafeadf5c67ac561b97ec266443615d65a715c735eac6203ef6,169421e73b25e00e379d0a24e476d5f26da19186f48a179e3a8bf83ce889b3b8,a706bf9d37897dd17f80265564d24fba090495605599287d1aa077a226e8fb15
1.833272776394829e-21,3.3064141961083268e-21,3.7806433194493606e-21,diagnostic_only_not_theorem_gate,4a09b46da042bd99120c3c23c0cc81b0e6b3f33dd2de64fa567151fb2cf15c72,2f4b8aa5a0edfdafeadf5c67ac561b97ec266443615d65a715c735eac6203ef6,169421e73b25e00e379d0a24e476d5f26da19186f48a179e3a8bf83ce889b3b8,a706bf9d37897dd17f80265564d24fba090495605599287d1aa077a226e8fb15
-1.473340063303248e-21,3.3140593531621862e-21,3.626805803791566e-21,diagnostic_only_not_theorem_gate,4a09b46da042bd99120c3c23c0cc81b0e6b3f33dd2de64fa567151fb2cf15c72,2f4b8aa5a0edfdafeadf5c67ac561b97ec266443615d65a715c735eac6203ef6,169421e73b25e00e379d0a24e476d5f26da19186f48a179e3a8bf83ce889b3b8,a706bf9d37897dd17f80265564d24fba090495605599287d1aa077a226e8fb15
-1.4733400633033398e-21,-3.3140593531621528e-21,3.626805803791573e-21,diagnostic_only_not_theorem_gate,4a09b46da042bd99120c3c23c0cc81b0e6b3f33dd2de64fa567151fb2cf15c72,2f4b8aa5a0edfdafeadf5c67ac561b97ec266443615d65a715c735eac6203ef6,169421e73b25e00e379d0a24e476d5f26da19186f48a179e3a8bf83ce889b3b8,a706bf9d37897dd17f80265564d24fba090495605599287d1aa077a226e8fb15
3.3013131451176496e-21,1.2117996801435387e-21,3.516692614790575e-21,diagnostic_only_not_theorem_gate,4a09b46da042bd99120c3c23c0cc81b0e6b3f33dd2de64fa567151fb2cf15c72,2f4b8aa5a0edfdafeadf5c67ac561b97ec266443615d65a715c735eac6203ef6,169421e73b25e00e379d0a24e476d5f26da19186f48a179e3a8bf83ce889b3b8,a706bf9d37897dd17f80265564d24fba090495605599287d1aa077a226e8fb15
3.3013131451175977e-21,-1.211799680143551e-21,3.5166926147905305e-21,diagnostic_only_not_theorem_gate,4a09b46da042bd99120c3c23c0cc81b0e6b3f33dd2de64fa567151fb2cf15c72,2f4b8aa5a0edfdafeadf5c67ac561b97ec266443615d65a715c735eac6203ef6,169421e73b25e00e379d0a24e476d5f26da19186f48a179e3a8bf83ce889b3b8,a706bf9d37897dd17f80265564d24fba090495605599287d1aa077a226e8fb15
1.9683607296480569e-22,3.234989544780557e-21,3.2409723532390276e-21,diagnostic_only_not_theorem_gate,4a09b46da042bd99120c3c23c0cc81b0e6b3f33dd2de64fa567151fb2cf15c72,2f4b8aa5a0edfdafeadf5c67ac561b97ec266443615d65a715c735eac6203ef6,169421e73b25e00e379d0a24e476d5f26da19186f48a179e3a8bf83ce889b3b8,a706bf9d37897dd17f80265564d24fba090495605599287d1aa077a226e8fb15
1.9683607296483848e-22,-3.234989544780545e-21,3.2409723532390178e-21,diagnostic_only_not_theorem_gate,4a09b46da042bd99120c3c23c0cc81b0e6b3f33dd2de64fa567151fb2cf15c72,2f4b8aa5a0edfdafeadf5c67ac561b97ec266443615d65a715c735eac6203ef6,169421e73b25e00e379d0a24e476d5f26da19186f48a179e3a8bf83ce889b3b8,a706bf9d37897dd17f80265564d24fba090495605599287d1aa077a226e8fb15
-1.8442676856165428e-21,2.628162363905699e-21,3.210694739033873e-21,diagnostic_only_not_theorem_gate,4a09b46da042bd99120c3c23c0cc81b0e6b3f33dd2de64fa567151fb2cf15c72,2f4b8aa5a0edfdafeadf5c67ac561b97ec266443615d65a715c735eac6203ef6,169421e73b25e00e379d0a24e476d5f26da19186f48a179e3a8bf83ce889b3b8,a706bf9d37897dd17f80265564d24fba090495605599287d1aa077a226e8fb15
-1.844267685616538e-21,-2.628162363905721e-21,3.210694739033888e-21,diagnostic_only_not_theorem_gate,4a09b46da042bd99120c3c23c0cc81b0e6b3f33dd2de64fa567151fb2cf15c72,2f4b8aa5a0edfdafeadf5c67ac561b97ec266443615d65a715c735eac6203ef6,169421e73b25e00e379d0a24e476d5f26da19186f48a179e3a8bf83ce889b3b8,a706bf9d37897dd17f80265564d24fba090495605599287d1aa077a226e8fb15
2.545242708009453e-21,2.434601250189425e-22,2.5568600421512187e-21,diagnostic_only_not_theorem_gate,4a09b46da042bd99120c3c23c0cc81b0e6b3f33dd2de64fa567151fb2cf15c72,2f4b8aa5a0edfdafeadf5c67ac561b97ec266443615d65a715c735eac6203ef6,169421e73b25e00e379d0a24e476d5f26da19186f48a179e3a8bf83ce889b3b8,a706bf9d37897dd17f80265564d24fba090495605599287d1aa077a226e8fb15
2.5452427080094398e-21,-2.434601250189684e-22,2.5568600421512082e-21,diagnostic_only_not_theorem_gate,4a09b46da042bd99120c3c23c0cc81b0e6b3f33dd2de64fa567151fb2cf15c72,2f4b8aa5a0edfdafeadf5c67ac561b97ec266443615d65a715c735eac6203ef6,169421e73b25e00e379d0a24e476d5f26da19186f48a179e3a8bf83ce889b3b8,a706bf9d37897dd17f80265564d24fba090495605599287d1aa077a226e8fb15
-2.4332848969023e-21,-3.619347205476426e-37,2.4332848969023e-21,diagnostic_only_not_theorem_gate,4a09b46da042bd99120c3c23c0cc81b0e6b3f33dd2de64fa567151fb2cf15c72,2f4b8aa5a0edfdafeadf5c67ac561b97ec266443615d65a715c735eac6203ef6,169421e73b25e00e379d0a24e476d5f26da19186f48a179e3a8bf83ce889b3b8,a706bf9d37897dd17f80265564d24fba090495605599287d1aa077a226e8fb15
-2.6932615408352764e-22,2.2922653558208143e-21,2.3080331537414596e-21,diagnostic_only_not_theorem_gate,4a09b46da042bd99120c3c23c0cc81b0e6b3f33dd2de64fa567151fb2cf15c72,2f4b8aa5a0edfdafeadf5c67ac561b97ec266443615d65a715c735eac6203ef6,169421e73b25e00e379d0a24e476d5f26da19186f48a179e3a8bf83ce889b3b8,a706bf9d37897dd17f80265564d24fba090495605599287d1aa077a226e8fb15
-2.6932615408353977e-22,-2.2922653558207917e-21,2.3080331537414386e-21,diagnostic_only_not_theorem_gate,4a09b46da042bd99120c3c23c0cc81b0e6b3f33dd2de64fa567151fb2cf15c72,2f4b8aa5a0edfdafeadf5c67ac561b97ec266443615d65a715c735eac6203ef6,169421e73b25e00e379d0a24e476d5f26da19186f48a179e3a8bf83ce889b3b8,a706bf9d37897dd17f80265564d24fba090495605599287d1aa077a226e8fb15
1.0341930737987795e-21,1.752425380981846e-21,2.0348341528986428e-21,diagnostic_only_not_theorem_gate,4a09b46da042bd99120c3c23c0cc81b0e6b3f33dd2de64fa567151fb2cf15c72,2f4b8aa5a0edfdafeadf5c67ac561b97ec266443615d65a715c735eac6203ef6,169421e73b25e00e379d0a24e476d5f26da19186f48a179e3a8bf83ce889b3b8,a706bf9d37897dd17f80265564d24fba090495605599287d1aa077a226e8fb15
-1.427158911367361e-21,1.3746556027867356e-21,1.9815298596206505e-21,diagnostic_only_not_theorem_gate,4a09b46da042bd99120c3c23c0cc81b0e6b3f33dd2de64fa567151fb2cf15c72,2f4b8aa5a0edfdafeadf5c67ac561b97ec266443615d65a715c735eac6203ef6,169421e73b25e00e379d0a24e476d5f26da19186f48a179e3a8bf83ce889b3b8,a706bf9d37897dd17f80265564d24fba090495605599287d1aa077a226e8fb15
-1.4271589113673748e-21,-1.3746556027867287e-21,1.9815298596206554e-21,diagnostic_only_not_theorem_gate,4a09b46da042bd99120c3c23c0cc81b0e6b3f33dd2de64fa567151fb2cf15c72,2f4b8aa5a0edfdafeadf5c67ac561b97ec266443615d65a715c735eac6203ef6,169421e73b25e00e379d0a24e476d5f26da19186f48a179e3a8bf83ce889b3b8,a706bf9d37897dd17f80265564d24fba090495605599287d1aa077a226e8fb15
1.0341930737987799e-21,-1.7524253809818503e-21,2.0348341528986465e-21,diagnostic_only_not_theorem_gate,4a09b46da042bd99120c3c23c0cc81b0e6b3f33dd2de64fa567151fb2cf15c72,2f4b8aa5a0edfdafeadf5c67ac561b97ec266443615d65a715c735eac6203ef6,169421e73b25e00e379d0a24e476d5f26da19186f48a179e3a8bf83ce889b3b8,a706bf9d37897dd17f80265564d24fba090495605599287d1aa077a226e8fb15
1.599903430219872e-21,8.451226646483375e-22,1.8093986029428727e-21,diagnostic_only_not_theorem_gate,4a09b46da042bd99120c3c23c0cc81b0e6b3f33dd2de64fa567151fb2cf15c72,2f4b8aa5a0edfdafeadf5c67ac561b97ec266443615d65a715c735eac6203ef6,169421e73b25e00e379d0a24e476d5f26da19186f48a179e3a8bf83ce889b3b8,a706bf9d37897dd17f80265564d24fba090495605599287d1aa077a226e8fb15
1.5999034302198666e-21,-8.451226646483093e-22,1.8093986029428547e-21,diagnostic_only_not_theorem_gate,4a09b46da042bd99120c3c23c0cc81b0e6b3f33dd2de64fa567151fb2cf15c72,2f4b8aa5a0edfdafeadf5c67ac561b97ec266443615d65a715c735eac6203ef6,169421e73b25e00e379d0a24e476d5f26da19186f48a179e3a8bf83ce889b3b8,a706bf9d37897dd17f80265564d24fba090495605599287d1aa077a226e8fb15
8.042637783669686e-22,1.2803125096669399e-21,1.5119657230250858e-21,diagnostic_only_not_theorem_gate,4a09b46da042bd99120c3c23c0cc81b0e6b3f33dd2de64fa567151fb2cf15c72,2f4b8aa5a0edfdafeadf5c67ac561b97ec266443615d65a715c735eac6203ef6,169421e73b25e00e379d0a24e476d5f26da19186f48a179e3a8bf83ce889b3b8,a706bf9d37897dd17f80265564d24fba090495605599287d1aa077a226e8fb15
8.0426377836697155e-22,-1.2803125096669452e-21,1.5119657230250918e-21,diagnostic_only_not_theorem_gate,4a09b46da042bd99120c3c23c0cc81b0e6b3f33dd2de64fa567151fb2cf15c72,2f4b8aa5a0edfdafeadf5c67ac561b97ec266443615d65a715c735eac6203ef6,169421e73b25e00e379d0a24e476d5f26da19186f48a179e3a8bf83ce889b3b8,a706bf9d37897dd17f80265564d24fba090495605599287d1aa077a226e8fb15
-1.3613618342063139e-21,-5.079348611667727e-22,1.4530326447888525e-21,diagnostic_only_not_theorem_gate,4a09b46da042bd99120c3c23c0cc81b0e6b3f33dd2de64fa567151fb2cf15c72,2f4b8aa5a0edfdafeadf5c67ac561b97ec266443615d65a715c735eac6203ef6,169421e73b25e00e379d0a24e476d5f26da19186f48a179e3a8bf83ce889b3b8,a706bf9d37897dd17f80265564d24fba090495605599287d1aa077a226e8fb15
-1.3613618342063127e-21,5.079348611667814e-22,1.4530326447888546e-21,diagnostic_only_not_theorem_gate,4a09b46da042bd99120c3c23c0cc81b0e6b3f33dd2de64fa567151fb2cf15c72,2f4b8aa5a0edfdafeadf5c67ac561b97ec266443615d65a715c735eac6203ef6,169421e73b25e00e379d0a24e476d5f26da19186f48a179e3a8bf83ce889b3b8,a706bf9d37897dd17f80265564d24fba090495605599287d1aa077a226e8fb15
3.184379710974322e-22,1.3453677283274588e-21,1.3825400774884017e-21,diagnostic_only_not_theorem_gate,4a09b46da042bd99120c3c23c0cc81b0e6b3f33dd2de64fa567151fb2cf15c72,2f4b8aa5a0edfdafeadf5c67ac561b97ec266443615d65a715c735eac6203ef6,169421e73b25e00e379d0a24e476d5f26da19186f48a179e3a8bf83ce889b3b8,a706bf9d37897dd17f80265564d24fba090495605599287d1aa077a226e8fb15
3.184379710974352e-22,-1.3453677283274684e-21,1.3825400774884119e-21,diagnostic_only_not_theorem_gate,4a09b46da042bd99120c3c23c0cc81b0e6b3f33dd2de64fa567151fb2cf15c72,2f4b8aa5a0edfdafeadf5c67ac561b97ec266443615d65a715c735eac6203ef6,169421e73b25e00e379d0a24e476d5f26da19186f48a179e3a8bf83ce889b3b8,a706bf9d37897dd17f80265564d24fba090495605599287d1aa077a226e8fb15
-1.3520413918209767e-21,-4.421061034559232e-37,1.3520413918209767e-21,diagnostic_only_not_theorem_gate,4a09b46da042bd99120c3c23c0cc81b0e6b3f33dd2de64fa567151fb2cf15c72,2f4b8aa5a0edfdafeadf5c67ac561b97ec266443615d65a715c735eac6203ef6,169421e73b25e00e379d0a24e476d5f26da19186f48a179e3a8bf83ce889b3b8,a706bf9d37897dd17f80265564d24fba090495605599287d1aa077a226e8fb15
-1.4886045349110996e-22,1.1010450833804332e-21,1.1110624241012761e-21,diagnostic_only_not_theorem_gate,4a09b46da042bd99120c3c23c0cc81b0e6b3f33dd2de64fa567151fb2cf15c72,2f4b8aa5a0edfdafeadf5c67ac561b97ec266443615d65a715c735eac6203ef6,169421e73b25e00e379d0a24e476d5f26da19186f48a179e3a8bf83ce889b3b8,a706bf9d37897dd17f80265564d24fba090495605599287d1aa077a226e8fb15
-1.48860453491113e-22,-1.101045083380434e-21,1.1110624241012773e-21,diagnostic_only_not_theorem_gate,4a09b46da042bd99120c3c23c0cc81b0e6b3f33dd2de64fa567151fb2cf15c72,2f4b8aa5a0edfdafeadf5c67ac561b97ec266443615d65a715c735eac6203ef6,169421e73b25e00e379d0a24e476d5f26da19186f48a179e3a8bf83ce889b3b8,a706bf9d37897dd17f80265564d24fba090495605599287d1aa077a226e8fb15
-5.311332747350651e-22,-7.241228325124881e-22,8.98029193343236e-22,diagnostic_only_not_theorem_gate,4a09b46da042bd99120c3c23c0cc81b0e6b3f33dd2de64fa567151fb2cf15c72,2f4b8aa5a0edfdafeadf5c67ac561b97ec266443615d65a715c735eac6203ef6,169421e73b25e00e379d0a24e476d5f26da19186f48a179e3a8bf83ce889b3b8,a706bf9d37897dd17f80265564d24fba090495605599287d1aa077a226e8fb15
-5.31133274735065e-22,7.241228325124862e-22,8.980291933432343e-22,diagnostic_only_not_theorem_gate,4a09b46da042bd99120c3c23c0cc81b0e6b3f33dd2de64fa567151fb2cf15c72,2f4b8aa5a0edfdafeadf5c67ac561b97ec266443615d65a715c735eac6203ef6,169421e73b25e00e379d0a24e476d5f26da19186f48a179e3a8bf83ce889b3b8,a706bf9d37897dd17f80265564d24fba090495605599287d1aa077a226e8fb15
-8.722035585115577e-22,2.4108859974480665e-22,9.049103604264545e-22,diagnostic_only_not_theorem_gate,4a09b46da042bd99120c3c23c0cc81b0e6b3f33dd2de64fa567151fb2cf15c72,2f4b8aa5a0edfdafeadf5c67ac561b97ec266443615d65a715c735eac6203ef6,169421e73b25e00e379d0a24e476d5f26da19186f48a179e3a8bf83ce889b3b8,a706bf9d37897dd17f80265564d24fba090495605599287d1aa077a226e8fb15
-8.7220355851155e-22,-2.4108859974480877e-22,9.049103604264478e-22,diagnostic_only_not_theorem_gate,4a09b46da042bd99120c3c23c0cc81b0e6b3f33dd2de64fa567151fb2cf15c72,2f4b8aa5a0edfdafeadf5c67ac561b97ec266443615d65a715c735eac6203ef6,169421e73b25e00e379d0a24e476d5f26da19186f48a179e3a8bf83ce889b3b8,a706bf9d37897dd17f80265564d24fba090495605599287d1aa077a226e8fb15
6.327077456273201e-22,3.643117024197286e-22,7.300973276877314e-22,diagnostic_only_not_theorem_gate,4a09b46da042bd99120c3c23c0cc81b0e6b3f33dd2de64fa567151fb2cf15c72,2f4b8aa5a0edfdafeadf5c67ac561b97ec266443615d65a715c735eac6203ef6,169421e73b25e00e379d0a24e476d5f26da19186f48a179e3a8bf83ce889b3b8,a706bf9d37897dd17f80265564d24fba090495605599287d1aa077a226e8fb15
-8.852466781137972e-22,1.0585794814663941e-36,8.852466781137972e-22,diagnostic_only_not_theorem_gate,4a09b46da042bd99120c3c23c0cc81b0e6b3f33dd2de64fa567151fb2cf15c72,2f4b8aa5a0edfdafeadf5c67ac561b97ec266443615d65a715c735eac6203ef6,169421e73b25e00e379d0a24e476d5f26da19186f48a179e3a8bf83ce889b3b8,a706bf9d37897dd17f80265564d24fba090495605599287d1aa077a226e8fb15
7.790029157766515e-22,-1.3149347691216507e-36,7.790029157766515e-22,diagnostic_only_not_theorem_gate,4a09b46da042bd99120c3c23c0cc81b0e6b3f33dd2de64fa567151fb2cf15c72,2f4b8aa5a0edfdafeadf5c67ac561b97ec266443615d65a715c735eac6203ef6,169421e73b25e00e379d0a24e476d5f26da19186f48a179e3a8bf83ce889b3b8,a706bf9d37897dd17f80265564d24fba090495605599287d1aa077a226e8fb15
6.894858538850481e-22,2.8689832340395314e-22,7.467940751503009e-22,diagnostic_only_not_theorem_gate,4a09b46da042bd99120c3c23c0cc81b0e6b3f33dd2de64fa567151fb2cf15c72,2f4b8aa5a0edfdafeadf5c67ac561b97ec266443615d65a715c735eac6203ef6,169421e73b25e00e379d0a24e476d5f26da19186f48a179e3a8bf83ce889b3b8,a706bf9d37897dd17f80265564d24fba090495605599287d1aa077a226e8fb15
6.327077456273251e-22,-3.6431170241973304e-22,7.3009732768773785e-22,diagnostic_only_not_theorem_gate,4a09b46da042bd99120c3c23c0cc81b0e6b3f33dd2de64fa567151fb2cf15c72,2f4b8aa5a0edfdafeadf5c67ac561b97ec266443615d65a715c735eac6203ef6,169421e73b25e00e379d0a24e476d5f26da19186f48a179e3a8bf83ce889b3b8,a706bf9d37897dd17f80265564d24fba090495605599287d1aa077a226e8fb15
6.8948585388504775e-22,-2.868983234039534e-22,7.467940751503007e-22,diagnostic_only_not_theorem_gate,4a09b46da042bd99120c3c23c0cc81b0e6b3f33dd2de64fa567151fb2cf15c72,2f4b8aa5a0edfdafeadf5c67ac561b97ec266443615d65a715c735eac6203ef6,169421e73b25e00e379d0a24e476d5f26da19186f48a179e3a8bf83ce889b3b8,a706bf9d37897dd17f80265564d24fba090495605599287d1aa077a226e8fb15
9.518124951104944e-23,-6.564639174552256e-22,6.633282333650106e-22,diagnostic_only_not_theorem_gate,4a09b46da042bd99120c3c23c0cc81b0e6b3f33dd2de64fa567151fb2cf15c72,2f4b8aa5a0edfdafeadf5c67ac561b97ec266443615d65a715c735eac6203ef6,169421e73b25e00e379d0a24e476d5f26da19186f48a179e3a8bf83ce889b3b8,a706bf9d37897dd17f80265564d24fba090495605599287d1aa077a226e8fb15
9.518124951104725e-23,6.564639174552267e-22,6.6332823336501135e-22,diagnostic_only_not_theorem_gate,4a09b46da042bd99120c3c23c0cc81b0e6b3f33dd2de64fa567151fb2cf15c72,2f4b8aa5a0edfdafeadf5c67ac561b97ec266443615d65a715c735eac6203ef6,169421e73b25e00e379d0a24e476d5f26da19186f48a179e3a8bf83ce889b3b8,a706bf9d37897dd17f80265564d24fba090495605599287d1aa077a226e8fb15
-6.98198980695895e-22,1.1013427390058949e-36,6.98198980695895e-22,diagnostic_only_not_theorem_gate,4a09b46da042bd99120c3c23c0cc81b0e6b3f33dd2de64fa567151fb2cf15c72,2f4b8aa5a0edfdafeadf5c67ac561b97ec266443615d65a715c735eac6203ef6,169421e73b25e00e379d0a24e476d5f26da19186f48a179e3a8bf83ce889b3b8,a706bf9d37897dd17f80265564d24fba090495605599287d1aa077a226e8fb15
3.2850435437470983e-22,-3.541580177312348e-22,4.830559101868671e-22,diagnostic_only_not_theorem_gate,4a09b46da042bd99120c3c23c0cc81b0e6b3f33dd2de64fa567151fb2cf15c72,2f4b8aa5a0edfdafeadf5c67ac561b97ec266443615d65a715c735eac6203ef6,169421e73b25e00e379d0a24e476d5f26da19186f48a179e3a8bf83ce889b3b8,a706bf9d37897dd17f80265564d24fba090495605599287d1aa077a226e8fb15
3.2850435437471063e-22,3.5415801773123057e-22,4.830559101868645e-22,diagnostic_only_not_theorem_gate,4a09b46da042bd99120c3c23c0cc81b0e6b3f33dd2de64fa567151fb2cf15c72,2f4b8aa5a0edfdafeadf5c67ac561b97ec266443615d65a715c735eac6203ef6,169421e73b25e00e379d0a24e476d5f26da19186f48a179e3a8bf83ce889b3b8,a706bf9d37897dd17f80265564d24fba090495605599287d1aa077a226e8fb15
-4.473880144526364e-22,-2.401947794890562e-22,5.077889005971563e-22,diagnostic_only_not_theorem_gate,4a09b46da042bd99120c3c23c0cc81b0e6b3f33dd2de64fa567151fb2cf15c72,2f4b8aa5a0edfdafeadf5c67ac561b97ec266443615d65a715c735eac6203ef6,169421e73b25e00e379d0a24e476d5f26da19186f48a179e3a8bf83ce889b3b8,a706bf9d37897dd17f80265564d24fba090495605599287d1aa077a226e8fb15
-4.473880144526372e-22,2.40194779489055e-22,5.077889005971564e-22,diagnostic_only_not_theorem_gate,4a09b46da042bd99120c3c23c0cc81b0e6b3f33dd2de64fa567151fb2cf15c72,2f4b8aa5a0edfdafeadf5c67ac561b97ec266443615d65a715c735eac6203ef6,169421e73b25e00e379d0a24e476d5f26da19186f48a179e3a8bf83ce889b3b8,a706bf9d37897dd17f80265564d24fba090495605599287d1aa077a226e8fb15
-8.335687943380572e-23,-4.0155452548198497e-22,4.1011511345475204e-22,diagnostic_only_not_theorem_gate,4a09b46da042bd99120c3c23c0cc81b0e6b3f33dd2de64fa567151fb2cf15c72,2f4b8aa5a0edfdafeadf5c67ac561b97ec266443615d65a715c735eac6203ef6,169421e73b25e00e379d0a24e476d5f26da19186f48a179e3a8bf83ce889b3b8,a706bf9d37897dd17f80265564d24fba090495605599287d1aa077a226e8fb15
-8.335687943380517e-23,4.015545254819866e-22,4.1011511345475354e-22,diagnostic_only_not_theorem_gate,4a09b46da042bd99120c3c23c0cc81b0e6b3f33dd2de64fa567151fb2cf15c72,2f4b8aa5a0edfdafeadf5c67ac561b97ec266443615d65a715c735eac6203ef6,169421e73b25e00e379d0a24e476d5f26da19186f48a179e3a8bf83ce889b3b8,a706bf9d37897dd17f80265564d24fba090495605599287d1aa077a226e8fb15
8.859169112710156e-23,-2.9002211780745595e-22,3.032512432856321e-22,diagnostic_only_not_theorem_gate,4a09b46da042bd99120c3c23c0cc81b0e6b3f33dd2de64fa567151fb2cf15c72,2f4b8aa5a0edfdafeadf5c67ac561b97ec266443615d65a715c735eac6203ef6,169421e73b25e00e379d0a24e476d5f26da19186f48a179e3a8bf83ce889b3b8,a706bf9d37897dd17f80265564d24fba090495605599287d1aa077a226e8fb15
-1.9311531776471966e-22,-2.4838390721174043e-22,3.146237297425913e-22,diagnostic_only_not_theorem_gate,4a09b46da042bd99120c3c23c0cc81b0e6b3f33dd2de64fa567151fb2cf15c72,2f4b8aa5a0edfdafeadf5c67ac561b97ec266443615d65a715c735eac6203ef6,169421e73b25e00e379d0a24e476d5f26da19186f48a179e3a8bf83ce889b3b8,a706bf9d37897dd17f80265564d24fba090495605599287d1aa077a226e8fb15
8.859169112710223e-23,2.900221178074545e-22,3.032512432856309e-22,diagnostic_only_not_theorem_gate,4a09b46da042bd99120c3c23c0cc81b0e6b3f33dd2de64fa567151fb2cf15c72,2f4b8aa5a0edfdafeadf5c67ac561b97ec266443615d65a715c735eac6203ef6,169421e73b25e00e379d0a24e476d5f26da19186f48a179e3a8bf83ce889b3b8,a706bf9d37897dd17f80265564d24fba090495605599287d1aa077a226e8fb15
-1.9311531776471977e-22,2.483839072117428e-22,3.1462372974259325e-22,diagnostic_only_not_theorem_gate,4a09b46da042bd99120c3c23c0cc81b0e6b3f33dd2de64fa567151fb2cf15c72,2f4b8aa5a0edfdafeadf5c67ac561b97ec266443615d65a715c735eac6203ef6,169421e73b25e00e379d0a24e476d5f26da19186f48a179e3a8bf83ce889b3b8,a706bf9d37897dd17f80265564d24fba090495605599287d1aa077a226e8fb15
2.190376210680959e-22,-1.9369827307332178e-22,2.92397846152734e-22,diagnostic_only_not_theorem_gate,4a09b46da042bd99120c3c23c0cc81b0e6b3f33dd2de64fa567151fb2cf15c72,2f4b8aa5a0edfdafeadf5c67ac561b97ec266443615d65a715c735eac6203ef6,169421e73b25e00e379d0a24e476d5f26da19186f48a179e3a8bf83ce889b3b8,a706bf9d37897dd17f80265564d24fba090495605599287d1aa077a226e8fb15
2.1903762106809507e-22,1.9369827307332192e-22,2.9239784615273345e-22,diagnostic_only_not_theorem_gate,4a09b46da042bd99120c3c23c0cc81b0e6b3f33dd2de64fa567151fb2cf15c72,2f4b8aa5a0edfdafeadf5c67ac561b97ec266443615d65a715c735eac6203ef6,169421e73b25e00e379d0a24e476d5f26da19186f48a179e3a8bf83ce889b3b8,a706bf9d37897dd17f80265564d24fba090495605599287d1aa077a226e8fb15
-8.2749911446596e-23,-2.523453457251784e-22,2.655667926409085e-22,diagnostic_only_not_theorem_gate,4a09b46da042bd99120c3c23c0cc81b0e6b3f33dd2de64fa567151fb2cf15c72,2f4b8aa5a0edfdafeadf5c67ac561b97ec266443615d65a715c735eac6203ef6,169421e73b25e00e379d0a24e476d5f26da19186f48a179e3a8bf83ce889b3b8,a706bf9d37897dd17f80265564d24fba090495605599287d1aa077a226e8fb15
-8.27499114465972e-23,2.523453457251791e-22,2.655667926409095e-22,diagnostic_only_not_theorem_gate,4a09b46da042bd99120c3c23c0cc81b0e6b3f33dd2de64fa567151fb2cf15c72,2f4b8aa5a0edfdafeadf5c67ac561b97ec266443615d65a715c735eac6203ef6,169421e73b25e00e379d0a24e476d5f26da19186f48a179e3a8bf83ce889b3b8,a706bf9d37897dd17f80265564d24fba090495605599287d1aa077a226e8fb15
2.4094807984797486e-22,-8.551225808809314e-23,2.556722970244346e-22,diagnostic_only_not_theorem_gate,4a09b46da042bd99120c3c23c0cc81b0e6b3f33dd2de64fa567151fb2cf15c72,2f4b8aa5a0edfdafeadf5c67ac561b97ec266443615d65a715c735eac6203ef6,169421e73b25e00e379d0a24e476d5f26da19186f48a179e3a8bf83ce889b3b8,a706bf9d37897dd17f80265564d24fba090495605599287d1aa077a226e8fb15
2.4094807984797453e-22,8.551225808809532e-23,2.5567229702443504e-22,diagnostic_only_not_theorem_gate,4a09b46da042bd99120c3c23c0cc81b0e6b3f33dd2de64fa567151fb2cf15c72,2f4b8aa5a0edfdafeadf5c67ac561b97ec266443615d65a715c735eac6203ef6,169421e73b25e00e379d0a24e476d5f26da19186f48a179e3a8bf83ce889b3b8,a706bf9d37897dd17f80265564d24fba090495605599287d1aa077a226e8fb15
-2.3002632451848573e-22,-1.8372586169391848e-36,2.3002632451848573e-22,diagnostic_only_not_theorem_gate,4a09b46da042bd99120c3c23c0cc81b0e6b3f33dd2de64fa567151fb2cf15c72,2f4b8aa5a0edfdafeadf5c67ac561b97ec266443615d65a715c735eac6203ef6,169421e73b25e00e379d0a24e476d5f26da19186f48a179e3a8bf83ce889b3b8,a706bf9d37897dd17f80265564d24fba090495605599287d1aa077a226e8fb15
2.301345278984757e-22,-4.6362523196269636e-37,2.301345278984757e-22,diagnostic_only_not_theorem_gate,4a09b46da042bd99120c3c23c0cc81b0e6b3f33dd2de64fa567151fb2cf15c72,2f4b8aa5a0edfdafeadf5c67ac561b97ec266443615d65a715c735eac6203ef6,169421e73b25e00e379d0a24e476d5f26da19186f48a179e3a8bf83ce889b3b8,a706bf9d37897dd17f80265564d24fba090495605599287d1aa077a226e8fb15
-1.971280466552987e-22,-6.962627351387815e-23,2.0906287269996793e-22,diagnostic_only_not_theorem_gate,4a09b46da042bd99120c3c23c0cc81b0e6b3f33dd2de64fa567151fb2cf15c72,2f4b8aa5a0edfdafeadf5c67ac561b97ec266443615d65a715c735eac6203ef6,169421e73b25e00e379d0a24e476d5f26da19186f48a179e3a8bf83ce889b3b8,a706bf9d37897dd17f80265564d24fba090495605599287d1aa077a226e8fb15
-1.9712804665529864e-22,6.962627351387871e-23,2.0906287269996805e-22,diagnostic_only_not_theorem_gate,4a09b46da042bd99120c3c23c0cc81b0e6b3f33dd2de64fa567151fb2cf15c72,2f4b8aa5a0edfdafeadf5c67ac561b97ec266443615d65a715c735eac6203ef6,169421e73b25e00e379d0a24e476d5f26da19186f48a179e3a8bf83ce889b3b8,a706bf9d37897dd17f80265564d24fba090495605599287d1aa077a226e8fb15
1.3253697724092197e-23,-1.7722385140620026e-22,1.7771874974410707e-22,diagnostic_only_not_theorem_gate,4a09b46da042bd99120c3c23c0cc81b0e6b3f33dd2de64fa567151fb2cf15c72,2f4b8aa5a0edfdafeadf5c67ac561b97ec266443615d65a715c735eac6203ef6,169421e73b25e00e379d0a24e476d5f26da19186f48a179e3a8bf83ce889b3b8,a706bf9d37897dd17f80265564d24fba090495605599287d1aa077a226e8fb15
1.3253697724091536e-23,1.7722385140619922e-22,1.7771874974410599e-22,diagnostic_only_not_theorem_gate,4a09b46da042bd99120c3c23c0cc81b0e6b3f33dd2de64fa567151fb2cf15c72,2f4b8aa5a0edfdafeadf5c67ac561b97ec266443615d65a715c735eac6203ef6,169421e73b25e00e379d0a24e476d5f26da19186f48a179e3a8bf83ce889b3b8,a706bf9d37897dd17f80265564d24fba090495605599287d1aa077a226e8fb15
-5.614603825828757e-23,-1.5744656420746825e-22,1.671580036756766e-22,diagnostic_only_not_theorem_gate,4a09b46da042bd99120c3c23c0cc81b0e6b3f33dd2de64fa567151fb2cf15c72,2f4b8aa5a0edfdafeadf5c67ac561b97ec266443615d65a715c735eac6203ef6,169421e73b25e00e379d0a24e476d5f26da19186f48a179e3a8bf83ce889b3b8,a706bf9d37897dd17f80265564d24fba090495605599287d1aa077a226e8fb15
-5.614603825828774e-23,1.5744656420746985e-22,1.6715800367567816e-22,diagnostic_only_not_theorem_gate,4a09b46da042bd99120c3c23c0cc81b0e6b3f33dd2de64fa567151fb2cf15c72,2f4b8aa5a0edfdafeadf5c67ac561b97ec266443615d65a715c735eac6203ef6,169421e73b25e00e379d0a24e476d5f26da19186f48a179e3a8bf83ce889b3b8,a706bf9d37897dd17f80265564d24fba090495605599287d1aa077a226e8fb15
1.0868038974548926e-22,-1.1099751713697746e-36,1.0868038974548926e-22,diagnostic_only_not_theorem_gate,4a09b46da042bd99120c3c23c0cc81b0e6b3f33dd2de64fa567151fb2cf15c72,2f4b8aa5a0edfdafeadf5c67ac561b97ec266443615d65a715c735eac6203ef6,169421e73b25e00e379d0a24e476d5f26da19186f48a179e3a8bf83ce889b3b8,a706bf9d37897dd17f80265564d24fba090495605599287d1aa077a226e8fb15
-1.0414126962591507e-22,-3.4447759863393353e-23,1.096907115434281e-22,diagnostic_only_not_theorem_gate,4a09b46da042bd99120c3c23c0cc81b0e6b3f33dd2de64fa567151fb2cf15c72,2f4b8aa5a0edfdafeadf5c67ac561b97ec266443615d65a715c735eac6203ef6,169421e73b25e00e379d0a24e476d5f26da19186f48a179e3a8bf83ce889b3b8,a706bf9d37897dd17f80265564d24fba090495605599287d1aa077a226e8fb15
-1.2645506566436857e-22,-4.321742605316721e-37,1.2645506566436857e-22,diagnostic_only_not_theorem_gate,4a09b46da042bd99120c3c23c0cc81b0e6b3f33dd2de64fa567151fb2cf15c72,2f4b8aa5a0edfdafeadf5c67ac561b97ec266443615d65a715c735eac6203ef6,169421e73b25e00e379d0a24e476d5f26da19186f48a179e3a8bf83ce889b3b8,a706bf9d37897dd17f80265564d24fba090495605599287d1aa077a226e8fb15
-1.1566985588430106e-22,-1.1830661749844691e-36,1.1566985588430106e-22,diagnostic_only_not_theorem_gate,4a09b46da042bd99120c3c23c0cc81b0e6b3f33dd2de64fa567151fb2cf15c72,2f4b8aa5a0edfdafeadf5c67ac561b97ec266443615d65a715c735eac6203ef6,169421e73b25e00e379d0a24e476d5f26da19186f48a179e3a8bf83ce889b3b8,a706bf9d37897dd17f80265564d24fba090495605599287d1aa077a226e8fb15
-1.041412696259184e-22,3.444775986339705e-23,1.0969071154343243e-22,diagnostic_only_not_theorem_gate,4a09b46da042bd99120c3c23c0cc81b0e6b3f33dd2de64fa567151fb2cf15c72,2f4b8aa5a0edfdafeadf5c67ac561b97ec266443615d65a715c735eac6203ef6,169421e73b25e00e379d0a24e476d5f26da19186f48a179e3a8bf83ce889b3b8,a706bf9d37897dd17f80265564d24fba090495605599287d1aa077a226e8fb15
-5.103391661110741e-24,-8.825018499907617e-23,8.839762303828006e-23,diagnostic_only_not_theorem_gate,4a09b46da042bd99120c3c23c0cc81b0e6b3f33dd2de64fa567151fb2cf15c72,2f4b8aa5a0edfdafeadf5c67ac561b97ec266443615d65a715c735eac6203ef6,169421e73b25e00e379d0a24e476d5f26da19186f48a179e3a8bf83ce889b3b8,a706bf9d37897dd17f80265564d24fba090495605599287d1aa077a226e8fb15
-5.1033916611100135e-24,8.825018499907644e-23,8.83976230382803e-23,diagnostic_only_not_theorem_gate,4a09b46da042bd99120c3c23c0cc81b0e6b3f33dd2de64fa567151fb2cf15c72,2f4b8aa5a0edfdafeadf5c67ac561b97ec266443615d65a715c735eac6203ef6,169421e73b25e00e379d0a24e476d5f26da19186f48a179e3a8bf83ce889b3b8,a706bf9d37897dd17f80265564d24fba090495605599287d1aa077a226e8fb15
2.859521309173409e-23,-7.211141919527345e-23,7.757411288643997e-23,diagnostic_only_not_theorem_gate,4a09b46da042bd99120c3c23c0cc81b0e6b3f33dd2de64fa567151fb2cf15c72,2f4b8aa5a0edfdafeadf5c67ac561b97ec266443615d65a715c735eac6203ef6,169421e73b25e00e379d0a24e476d5f26da19186f48a179e3a8bf83ce889b3b8,a706bf9d37897dd17f80265564d24fba090495605599287d1aa077a226e8fb15
2.859521309173276e-23,7.211141919527245e-23,7.757411288643855e-23,diagnostic_only_not_theorem_gate,4a09b46da042bd99120c3c23c0cc81b0e6b3f33dd2de64fa567151fb2cf15c72,2f4b8aa5a0edfdafeadf5c67ac561b97ec266443615d65a715c735eac6203ef6,169421e73b25e00e379d0a24e476d5f26da19186f48a179e3a8bf83ce889b3b8,a706bf9d37897dd17f80265564d24fba090495605599287d1aa077a226e8fb15
-4.217188541739294e-23,-5.340094242329832e-23,6.804504810310696e-23,diagnostic_only_not_theorem_gate,4a09b46da042bd99120c3c23c0cc81b0e6b3f33dd2de64fa567151fb2cf15c72,2f4b8aa5a0edfdafeadf5c67ac561b97ec266443615d65a715c735eac6203ef6,169421e73b25e00e379d0a24e476d5f26da19186f48a179e3a8bf83ce889b3b8,a706bf9d37897dd17f80265564d24fba090495605599287d1aa077a226e8fb15
-4.2171885417391857e-23,5.340094242329871e-23,6.80450481031066e-23,diagnostic_only_not_theorem_gate,4a09b46da042bd99120c3c23c0cc81b0e6b3f33dd2de64fa567151fb2cf15c72,2f4b8aa5a0edfdafeadf5c67ac561b97ec266443615d65a715c735eac6203ef6,169421e73b25e00e379d0a24e476d5f26da19186f48a179e3a8bf83ce889b3b8,a706bf9d37897dd17f80265564d24fba090495605599287d1aa077a226e8fb15
5.508159264895311e-23,4.4668785331246925e-37,5.508159264895311e-23,diagnostic_only_not_theorem_gate,4a09b46da042bd99120c3c23c0cc81b0e6b3f33dd2de64fa567151fb2cf15c72,2f4b8aa5a0edfdafeadf5c67ac561b97ec266443615d65a715c735eac6203ef6,169421e73b25e00e379d0a24e476d5f26da19186f48a179e3a8bf83ce889b3b8,a706bf9d37897dd17f80265564d24fba090495605599287d1aa077a226e8fb15
2.6257684975400285e-23,-4.5747023132277154e-23,5.274709608814937e-23,diagnostic_only_not_theorem_gate,4a09b46da042bd99120c3c23c0cc81b0e6b3f33dd2de64fa567151fb2cf15c72,2f4b8aa5a0edfdafeadf5c67ac561b97ec266443615d65a715c735eac6203ef6,169421e73b25e00e379d0a24e476d5f26da19186f48a179e3a8bf83ce889b3b8,a706bf9d37897dd17f80265564d24fba090495605599287d1aa077a226e8fb15
2.62576849754002e-23,4.57470231322779e-23,5.2747096088149976e-23,diagnostic_only_not_theorem_gate,4a09b46da042bd99120c3c23c0cc81b0e6b3f33dd2de64fa567151fb2cf15c72,2f4b8aa5a0edfdafeadf5c67ac561b97ec266443615d65a715c735eac6203ef6,169421e73b25e00e379d0a24e476d5f26da19186f48a179e3a8bf83ce889b3b8,a706bf9d37897dd17f80265564d24fba090495605599287d1aa077a226e8fb15
3.750805065693126e-23,1.6401365950842364e-23,4.0937252828400356e-23,diagnostic_only_not_theorem_gate,4a09b46da042bd99120c3c23c0cc81b0e6b3f33dd2de64fa567151fb2cf15c72,2f4b8aa5a0edfdafeadf5c67ac561b97ec266443615d65a715c735eac6203ef6,169421e73b25e00e379d0a24e476d5f26da19186f48a179e3a8bf83ce889b3b8,a706bf9d37897dd17f80265564d24fba090495605599287d1aa077a226e8fb15
3.750805065693093e-23,-1.6401365950842584e-23,4.093725282840014e-23,diagnostic_only_not_theorem_gate,4a09b46da042bd99120c3c23c0cc81b0e6b3f33dd2de64fa567151fb2cf15c72,2f4b8aa5a0edfdafeadf5c67ac561b97ec266443615d65a715c735eac6203ef6,169421e73b25e00e379d0a24e476d5f26da19186f48a179e3a8bf83ce889b3b8,a706bf9d37897dd17f80265564d24fba090495605599287d1aa077a226e8fb15
-3.731806109961525e-23,-1.0288364093447975e-37,3.731806109961525e-23,diagnostic_only_not_theorem_gate,4a09b46da042bd99120c3c23c0cc81b0e6b3f33dd2de64fa567151fb2cf15c72,2f4b8aa5a0edfdafeadf5c67ac561b97ec266443615d65a715c735eac6203ef6,169421e73b25e00e379d0a24e476d5f26da19186f48a179e3a8bf83ce889b3b8,a706bf9d37897dd17f80265564d24fba090495605599287d1aa077a226e8fb15
3.222751553236425e-23,3.0587135126756086e-37,3.222751553236425e-23,diagnostic_only_not_theorem_gate,4a09b46da042bd99120c3c23c0cc81b0e6b3f33dd2de64fa567151fb2cf15c72,2f4b8aa5a0edfdafeadf5c67ac561b97ec266443615d65a715c735eac6203ef6,169421e73b25e00e379d0a24e476d5f26da19186f48a179e3a8bf83ce889b3b8,a706bf9d37897dd17f80265564d24fba090495605599287d1aa077a226e8fb15
-2.9178136156318427e-23,-8.901717492705036e-24,3.050580606829768e-23,diagnostic_only_not_theorem_gate,4a09b46da042bd99120c3c23c0cc81b0e6b3f33dd2de64fa567151fb2cf15c72,2f4b8aa5a0edfdafeadf5c67ac561b97ec266443615d65a715c735eac6203ef6,169421e73b25e00e379d0a24e476d5f26da19186f48a179e3a8bf83ce889b3b8,a706bf9d37897dd17f80265564d24fba090495605599287d1aa077a226e8fb15
-2.917813615631795e-23,8.901717492704313e-24,3.0505806068297015e-23,diagnostic_only_not_theorem_gate,4a09b46da042bd99120c3c23c0cc81b0e6b3f33dd2de64fa567151fb2cf15c72,2f4b8aa5a0edfdafeadf5c67ac561b97ec266443615d65a715c735eac6203ef6,169421e73b25e00e379d0a24e476d5f26da19186f48a179e3a8bf83ce889b3b8,a706bf9d37897dd17f80265564d24fba090495605599287d1aa077a226e8fb15
1.576767377814404e-23,2.2564275545398485e-23,2.75275510582151e-23,diagnostic_only_not_theorem_gate,4a09b46da042bd99120c3c23c0cc81b0e6b3f33dd2de64fa567151fb2cf15c72,2f4b8aa5a0edfdafeadf5c67ac561b97ec266443615d65a715c735eac6203ef6,169421e73b25e00e379d0a24e476d5f26da19186f48a179e3a8bf83ce889b3b8,a706bf9d37897dd17f80265564d24fba090495605599287d1aa077a226e8fb15
1.576767377814361e-23,-2.2564275545398443e-23,2.7527551058214816e-23,diagnostic_only_not_theorem_gate,4a09b46da042bd99120c3c23c0cc81b0e6b3f33dd2de64fa567151fb2cf15c72,2f4b8aa5a0edfdafeadf5c67ac561b97ec266443615d65a715c735eac6203ef6,169421e73b25e00e379d0a24e476d5f26da19186f48a179e3a8bf83ce889b3b8,a706bf9d37897dd17f80265564d24fba090495605599287d1aa077a226e8fb15
-9.829371301318023e-24,-1.4488602719466946e-23,1.7508173775174822e-23,diagnostic_only_not_theorem_gate,4a09b46da042bd99120c3c23c0cc81b0e6b3f33dd2de64fa567151fb2cf15c72,2f4b8aa5a0edfdafeadf5c67ac561b97ec266443615d65a715c735eac6203ef6,169421e73b25e00e379d0a24e476d5f26da19186f48a179e3a8bf83ce889b3b8,a706bf9d37897dd17f80265564d24fba090495605599287d1aa077a226e8fb15
-9.82937130131779e-24,1.448860271946677e-23,1.7508173775174542e-23,diagnostic_only_not_theorem_gate,4a09b46da042bd99120c3c23c0cc81b0e6b3f33dd2de64fa567151fb2cf15c72,2f4b8aa5a0edfdafeadf5c67ac561b97ec266443615d65a715c735eac6203ef6,169421e73b25e00e379d0a24e476d5f26da19186f48a179e3a8bf83ce889b3b8,a706bf9d37897dd17f80265564d24fba090495605599287d1aa077a226e8fb15
-1.6987290990794138e-23,2.533543189788544e-37,1.6987290990794138e-23,diagnostic_only_not_theorem_gate,4a09b46da042bd99120c3c23c0cc81b0e6b3f33dd2de64fa567151fb2cf15c72,2f4b8aa5a0edfdafeadf5c67ac561b97ec266443615d65a715c735eac6203ef6,169421e73b25e00e379d0a24e476d5f26da19186f48a179e3a8bf83ce889b3b8,a706bf9d37897dd17f80265564d24fba090495605599287d1aa077a226e8fb15
7.994256518330251e-24,1.3552443875296724e-23,1.573457569411814e-23,diagnostic_only_not_theorem_gate,4a09b46da042bd99120c3c23c0cc81b0e6b3f33dd2de64fa567151fb2cf15c72,2f4b8aa5a0edfdafeadf5c67ac561b97ec266443615d65a715c735eac6203ef6,169421e73b25e00e379d0a24e476d5f26da19186f48a179e3a8bf83ce889b3b8,a706bf9d37897dd17f80265564d24fba090495605599287d1aa077a226e8fb15
7.994256518330277e-24,-1.3552443875296753e-23,1.573457569411818e-23,diagnostic_only_not_theorem_gate,4a09b46da042bd99120c3c23c0cc81b0e6b3f33dd2de64fa567151fb2cf15c72,2f4b8aa5a0edfdafeadf5c67ac561b97ec266443615d65a715c735eac6203ef6,169421e73b25e00e379d0a24e476d5f26da19186f48a179e3a8bf83ce889b3b8,a706bf9d37897dd17f80265564d24fba090495605599287d1aa077a226e8fb15
-3.2559033188250498e-24,1.2264631245201435e-23,1.2689447821016771e-23,diagnostic_only_not_theorem_gate,4a09b46da042bd99120c3c23c0cc81b0e6b3f33dd2de64fa567151fb2cf15c72,2f4b8aa5a0edfdafeadf5c67ac561b97ec266443615d65a715c735eac6203ef6,169421e73b25e00e379d0a24e476d5f26da19186f48a179e3a8bf83ce889b3b8,a706bf9d37897dd17f80265564d24fba090495605599287d1aa077a226e8fb15
-3.2559033188247776e-24,-1.2264631245201194e-23,1.2689447821016468e-23,diagnostic_only_not_theorem_gate,4a09b46da042bd99120c3c23c0cc81b0e6b3f33dd2de64fa567151fb2cf15c72,2f4b8aa5a0edfdafeadf5c67ac561b97ec266443615d65a715c735eac6203ef6,169421e73b25e00e379d0a24e476d5f26da19186f48a179e3a8bf83ce889b3b8,a706bf9d37897dd17f80265564d24fba090495605599287d1aa077a226e8fb15
9.104973193465394e-24,2.8337446729645415e-38,9.104973193465394e-24,diagnostic_only_not_theorem_gate,4a09b46da042bd99120c3c23c0cc81b0e6b3f33dd2de64fa567151fb2cf15c72,2f4b8aa5a0edfdafeadf5c67ac561b97ec266443615d65a715c735eac6203ef6,169421e73b25e00e379d0a24e476d5f26da19186f48a179e3a8bf83ce889b3b8,a706bf9d37897dd17f80265564d24fba090495605599287d1aa077a226e8fb15
-9.782980309579124e-24,1.1444350129910935e-24,9.849692139177384e-24,diagnostic_only_not_theorem_gate,4a09b46da042bd99120c3c23c0cc81b0e6b3f33dd2de64fa567151fb2cf15c72,2f4b8aa5a0edfdafeadf5c67ac561b97ec266443615d65a715c735eac6203ef6,169421e73b25e00e379d0a24e476d5f26da19186f48a179e3a8bf83ce889b3b8,a706bf9d37897dd17f80265564d24fba090495605599287d1aa077a226e8fb15
-9.782980309579144e-24,-1.1444350129911155e-24,9.849692139177408e-24,diagnostic_only_not_theorem_gate,4a09b46da042bd99120c3c23c0cc81b0e6b3f33dd2de64fa567151fb2cf15c72,2f4b8aa5a0edfdafeadf5c67ac561b97ec266443615d65a715c735eac6203ef6,169421e73b25e00e379d0a24e476d5f26da19186f48a179e3a8bf83ce889b3b8,a706bf9d37897dd17f80265564d24fba090495605599287d1aa077a226e8fb15
3.8937008340169356e-24,5.969205611702183e-24,7.126873214783677e-24,diagnostic_only_not_theorem_gate,4a09b46da042bd99120c3c23c0cc81b0e6b3f33dd2de64fa567151fb2cf15c72,2f4b8aa5a0edfdafeadf5c67ac561b97ec266443615d65a715c735eac6203ef6,169421e73b25e00e379d0a24e476d5f26da19186f48a179e3a8bf83ce889b3b8,a706bf9d37897dd17f80265564d24fba090495605599287d1aa077a226e8fb15
3.893700834016893e-24,-5.969205611702165e-24,7.126873214783637e-24,diagnostic_only_not_theorem_gate,4a09b46da042bd99120c3c23c0cc81b0e6b3f33dd2de64fa567151fb2cf15c72,2f4b8aa5a0edfdafeadf5c67ac561b97ec266443615d65a715c735eac6203ef6,169421e73b25e00e379d0a24e476d5f26da19186f48a179e3a8bf83ce889b3b8,a706bf9d37897dd17f80265564d24fba090495605599287d1aa077a226e8fb15
4.0926960589345343e-25,6.609993334618126e-24,6.622651545567247e-24,diagnostic_only_not_theorem_gate,4a09b46da042bd99120c3c23c0cc81b0e6b3f33dd2de64fa567151fb2cf15c72,2f4b8aa5a0edfdafeadf5c67ac561b97ec266443615d65a715c735eac6203ef6,169421e73b25e00e379d0a24e476d5f26da19186f48a179e3a8bf83ce889b3b8,a706bf9d37897dd17f80265564d24fba090495605599287d1aa077a226e8fb15
4.0926960589344384e-25,-6.609993334618196e-24,6.622651545567316e-24,diagnostic_only_not_theorem_gate,4a09b46da042bd99120c3c23c0cc81b0e6b3f33dd2de64fa567151fb2cf15c72,2f4b8aa5a0edfdafeadf5c67ac561b97ec266443615d65a715c735eac6203ef6,169421e73b25e00e379d0a24e476d5f26da19186f48a179e3a8bf83ce889b3b8,a706bf9d37897dd17f80265564d24fba090495605599287d1aa077a226e8fb15
4.72017721756428e-24,1.3819287259015282e-38,4.72017721756428e-24,diagnostic_only_not_theorem_gate,4a09b46da042bd99120c3c23c0cc81b0e6b3f33dd2de64fa567151fb2cf15c72,2f4b8aa5a0edfdafeadf5c67ac561b97ec266443615d65a715c735eac6203ef6,169421e73b25e00e379d0a24e476d5f26da19186f48a179e3a8bf83ce889b3b8,a706bf9d37897dd17f80265564d24fba090495605599287d1aa077a226e8fb15
-3.445632813558691e-24,-3.252293244852679e-38,3.445632813558691e-24,diagnostic_only_not_theorem_gate,4a09b46da042bd99120c3c23c0cc81b0e6b3f33dd2de64fa567151fb2cf15c72,2f4b8aa5a0edfdafeadf5c67ac561b97ec266443615d65a715c735eac6203ef6,169421e73b25e00e379d0a24e476d5f26da19186f48a179e3a8bf83ce889b3b8,a706bf9d37897dd17f80265564d24fba090495605599287d1aa077a226e8fb15
2.2184125684396812e-25,2.1054699726445565e-24,2.117124783508516e-24,diagnostic_only_not_theorem_gate,4a09b46da042bd99120c3c23c0cc81b0e6b3f33dd2de64fa567151fb2cf15c72,2f4b8aa5a0edfdafeadf5c67ac561b97ec266443615d65a715c735eac6203ef6,169421e73b25e00e379d0a24e476d5f26da19186f48a179e3a8bf83ce889b3b8,a706bf9d37897dd17f80265564d24fba090495605599287d1aa077a226e8fb15
-1.9605109103644823e-24,5.296438037445048e-38,1.9605109103644823e-24,diagnostic_only_not_theorem_gate,4a09b46da042bd99120c3c23c0cc81b0e6b3f33dd2de64fa567151fb2cf15c72,2f4b8aa5a0edfdafeadf5c67ac561b97ec266443615d65a715c735eac6203ef6,169421e73b25e00e379d0a24e476d5f26da19186f48a179e3a8bf83ce889b3b8,a706bf9d37897dd17f80265564d24fba090495605599287d1aa077a226e8fb15
2.2184125684392345e-25,-2.105469972644558e-24,2.1171247835085127e-24,diagnostic_only_not_theorem_gate,4a09b46da042bd99120c3c23c0cc81b0e6b3f33dd2de64fa567151fb2cf15c72,2f4b8aa5a0edfdafeadf5c67ac561b97ec266443615d65a715c735eac6203ef6,169421e73b25e00e379d0a24e476d5f26da19186f48a179e3a8bf83ce889b3b8,a706bf9d37897dd17f80265564d24fba090495605599287d1aa077a226e8fb15
1.2906488246256461e-24,5.177122686078811e-25,1.3906115135344884e-24,diagnostic_only_not_theorem_gate,4a09b46da042bd99120c3c23c0cc81b0e6b3f33dd2de64fa567151fb2cf15c72,2f4b8aa5a0edfdafeadf5c67ac561b97ec266443615d65a715c735eac6203ef6,169421e73b25e00e379d0a24e476d5f26da19186f48a179e3a8bf83ce889b3b8,a706bf9d37897dd17f80265564d24fba090495605599287d1aa077a226e8fb15
1.2906488246256354e-24,-5.177122686078696e-25,1.3906115135344743e-24,diagnostic_only_not_theorem_gate,4a09b46da042bd99120c3c23c0cc81b0e6b3f33dd2de64fa567151fb2cf15c72,2f4b8aa5a0edfdafeadf5c67ac561b97ec266443615d65a715c735eac6203ef6,169421e73b25e00e379d0a24e476d5f26da19186f48a179e3a8bf83ce889b3b8,a706bf9d37897dd17f80265564d24fba090495605599287d1aa077a226e8fb15
-1.933026162728642e-25,-5.396921781135316e-25,5.732656875959542e-25,diagnostic_only_not_theorem_gate,4a09b46da042bd99120c3c23c0cc81b0e6b3f33dd2de64fa567151fb2cf15c72,2f4b8aa5a0edfdafeadf5c67ac561b97ec266443615d65a715c735eac6203ef6,169421e73b25e00e379d0a24e476d5f26da19186f48a179e3a8bf83ce889b3b8,a706bf9d37897dd17f80265564d24fba090495605599287d1aa077a226e8fb15
-1.9330261627292796e-25,5.396921781134868e-25,5.732656875959335e-25,diagnostic_only_not_theorem_gate,4a09b46da042bd99120c3c23c0cc81b0e6b3f33dd2de64fa567151fb2cf15c72,2f4b8aa5a0edfdafeadf5c67ac561b97ec266443615d65a715c735eac6203ef6,169421e73b25e00e379d0a24e476d5f26da19186f48a179e3a8bf83ce889b3b8,a706bf9d37897dd17f80265564d24fba090495605599287d1aa077a226e8fb15
-5.061245722186806e-25,-9.391841215190286e-39,5.061245722186806e-25,diagnostic_only_not_theorem_gate,4a09b46da042bd99120c3c23c0cc81b0e6b3f33dd2de64fa567151fb2cf15c72,2f4b8aa5a0edfdafeadf5c67ac561b97ec266443615d65a715c735eac6203ef6,169421e73b25e00e379d0a24e476d5f26da19186f48a179e3a8bf83ce889b3b8,a706bf9d37897dd17f80265564d24fba090495605599287d1aa077a226e8fb15
8.404027276986368e-25,1.9709001232669046e-39,8.404027276986368e-25,diagnostic_only_not_theorem_gate,4a09b46da042bd99120c3c23c0cc81b0e6b3f33dd2de64fa567151fb2cf15c72,2f4b8aa5a0edfdafeadf5c67ac561b97ec266443615d65a715c735eac6203ef6,169421e73b25e00e379d0a24e476d5f26da19186f48a179e3a8bf83ce889b3b8,a706bf9d37897dd17f80265564d24fba090495605599287d1aa077a226e8fb15
2.702288202717392e-25,1.5993647349068162e-25,3.1401160943202632e-25,diagnostic_only_not_theorem_gate,4a09b46da042bd99120c3c23c0cc81b0e6b3f33dd2de64fa567151fb2cf15c72,2f4b8aa5a0edfdafeadf5c67ac561b97ec266443615d65a715c735eac6203ef6,169421e73b25e00e379d0a24e476d5f26da19186f48a179e3a8bf83ce889b3b8,a706bf9d37897dd17f80265564d24fba090495605599287d1aa077a226e8fb15
2.7022882027173402e-25,-1.5993647349068986e-25,3.1401160943202605e-25,diagnostic_only_not_theorem_gate,4a09b46da042bd99120c3c23c0cc81b0e6b3f33dd2de64fa567151fb2cf15c72,2f4b8aa5a0edfdafeadf5c67ac561b97ec266443615d65a715c735eac6203ef6,169421e73b25e00e379d0a24e476d5f26da19186f48a179e3a8bf83ce889b3b8,a706bf9d37897dd17f80265564d24fba090495605599287d1aa077a226e8fb15
-2.311095995945265e-25,-2.0757813603134284e-39,2.311095995945265e-25,diagnostic_only_not_theorem_gate,4a09b46da042bd99120c3c23c0cc81b0e6b3f33dd2de64fa567151fb2cf15c72,2f4b8aa5a0edfdafeadf5c67ac561b97ec266443615d65a715c735eac6203ef6,169421e73b25e00e379d0a24e476d5f26da19186f48a179e3a8bf83ce889b3b8,a706bf9d37897dd17f80265564d24fba090495605599287d1aa077a226e8fb15
5.060166774896956e-26,-3.2643942161300124e-26,6.021757001745764e-26,diagnostic_only_not_theorem_gate,4a09b46da042bd99120c3c23c0cc81b0e6b3f33dd2de64fa567151fb2cf15c72,2f4b8aa5a0edfdafeadf5c67ac561b97ec266443615d65a715c735eac6203ef6,169421e73b25e00e379d0a24e476d5f26da19186f48a179e3a8bf83ce889b3b8,a706bf9d37897dd17f80265564d24fba090495605599287d1aa077a226e8fb15
5.060166774898507e-26,3.264394216129211e-26,6.021757001746633e-26,diagnostic_only_not_theorem_gate,4a09b46da042bd99120c3c23c0cc81b0e6b3f33dd2de64fa567151fb2cf15c72,2f4b8aa5a0edfdafeadf5c67ac561b97ec266443615d65a715c735eac6203ef6,169421e73b25e00e379d0a24e476d5f26da19186f48a179e3a8bf83ce889b3b8,a706bf9d37897dd17f80265564d24fba090495605599287d1aa077a226e8fb15
-4.4123845389667455e-27,-3.4925662898815216e-26,3.5203282037920705e-26,diagnostic_only_not_theorem_gate,4a09b46da042bd99120c3c23c0cc81b0e6b3f33dd2de64fa567151fb2cf15c72,2f4b8aa5a0edfdafeadf5c67ac561b97ec266443615d65a715c735eac6203ef6,169421e73b25e00e379d0a24e476d5f26da19186f48a179e3a8bf83ce889b3b8,a706bf9d37897dd17f80265564d24fba090495605599287d1aa077a226e8fb15
-2.1827707292118082e-26,2.868327850001409e-38,2.1827707292118082e-26,diagnostic_only_not_theorem_gate,4a09b46da042bd99120c3c23c0cc81b0e6b3f33dd2de64fa567151fb2cf15c72,2f4b8aa5a0edfdafeadf5c67ac561b97ec266443615d65a715c735eac6203ef6,169421e73b25e00e379d0a24e476d5f26da19186f48a179e3a8bf83ce889b3b8,a706bf9d37897dd17f80265564d24fba090495605599287d1aa077a226e8fb15
-8.75513503544247e-27,-1.6662247768395276e-38,8.75513503544247e-27,diagnostic_only_not_theorem_gate,4a09b46da042bd99120c3c23c0cc81b0e6b3f33dd2de64fa567151fb2cf15c72,2f4b8aa5a0edfdafeadf5c67ac561b97ec266443615d65a715c735eac6203ef6,169421e73b25e00e379d0a24e476d5f26da19186f48a179e3a8bf83ce889b3b8,a706bf9d37897dd17f80265564d24fba090495605599287d1aa077a226e8fb15
-4.412384538967752e-27,3.492566289881362e-26,3.5203282037919247e-26,diagnostic_only_not_theorem_gate,4a09b46da042bd99120c3c23c0cc81b0e6b3f33dd2de64fa567151fb2cf15c72,2f4b8aa5a0edfdafeadf5c67ac561b97ec266443615d65a715c735eac6203ef6,169421e73b25e00e379d0a24e476d5f26da19186f48a179e3a8bf83ce889b3b8,a706bf9d37897dd17f80265564d24fba090495605599287d1aa077a226e8fb15
