N,M,map_name,name,family,power,multiplicity,target,target_float,target_real_float,target_imag_float,target_abs_float,error,error_float,selected,gram_error,gram_error_float,m,is_reference_M,reference_error_at_max_M,excess_ratio_to_max_M,log10_excess_ratio_to_max_M
25,10,blaschke_mu_0p3,alpha^1,alpha,1,1,0.65,0.65,0.65,0.0,0.65,0.21798501289641856268929128904872644111562577787661361074790143867124666756330276515260569,0.21798501289641856,['0.43201498710358143731070871095127355888437422212338638925209856132875333243669723484739431'],5.93160313252117836313428123798042893601750042761576421314947061526904908231298903822149927,5.931603132521178,-15,False,2.5770275436851143e-17,8458776990202555.0,15.92730757523733
25,10,blaschke_mu_0p3,alpha^2,alpha,2,1,0.4225,0.4225,0.4225,0.0,0.4225,0.0672038751625170006079523420000116476116442662145649627387684983317270813464508033915821337,0.067203875162517,['0.355296124837482999392047657999988352388355733785435037261231501668272918653549196608417866'],5.93160313252117836313428123798042893601750042761576421314947061526904908231298903822149927,5.931603132521178,-15,False,1.8022102324530408e-15,37289697923334.86,13.571588865239555
25,10,blaschke_mu_0p3,mu^1,mu,1,2,0.3,0.3,0.3,0.0,0.3,0.3,0.3,"['5.22821065499874780765513343945689989572317042172990590338252576977949688710717912435916371e-181', '4.92689322898060528484486487171286229949754905807658072535374601428252061866587828928868348e-181']",5.93160313252117836313428123798042893601750042761576421314947061526904908231298903822149927,5.931603132521178,-15,False,1.1724304465661102e-16,2558787183313597.0,15.408034166717199
25,10,blaschke_mu_0p3,alpha^3,alpha,3,1,0.274625,0.274625,0.274625,0.0,0.274625,0.274625,0.274625,['3.35044866540927526061266309645797140087575752190654953821009570866461586342080695782757276e-181'],5.93160313252117836313428123798042893601750042761576421314947061526904908231298903822149927,5.931603132521178,-15,False,8.057554706811674e-13,340829209347.8909,11.532536807089429
25,10,blaschke_mu_0p3,alpha^4,alpha,4,1,0.17850625,0.17850625,0.17850625,0.0,0.17850625,0.17850625,0.17850625,['2.02053178641109596620227482431928728396690701489205139445419006044748536703473562510699726e-181'],5.93160313252117836313428123798042893601750042761576421314947061526904908231298903822149927,5.931603132521178,-15,False,8.184178948885144e-12,21811137209.349052,10.338678309818478
25,10,blaschke_mu_0p3,alpha^5,alpha,5,1,0.1160290625,0.1160290625,0.1160290625,0.0,0.1160290625,0.1160290625,0.1160290625,['2.22547929132457873296274455070706318897127418750756964415628765624702399812678679555700933e-181'],5.93160313252117836313428123798042893601750042761576421314947061526904908231298903822149927,5.931603132521178,-15,False,6.62355497104339e-09,17517641.660294436,7.243475638198461
25,10,blaschke_mu_0p3,mu^2,mu,2,2,0.09,0.09,0.09,0.0,0.09,0.09,0.09,"['1.17822444881789407227779291713075611300265722579025195257615550702467108305897806370357631e-181', '6.89832820514676050265145563906286191069596980816725479194807288597242505090481367158304197e-182']",5.93160313252117836313428123798042893601750042761576421314947061526904908231298903822149927,5.931603132521178,-15,False,2.1854527107602267e-07,411813.9896456181,5.6147010958582575
25,10,blaschke_mu_0p3,alpha^6,alpha,6,1,0.075418890625,0.075418890625,0.075418890625,0.0,0.075418890625,0.075418890625,0.075418890625,['-3.17495337563842866723193959283065815320022556474153785813101800421303723999771216979302378e-183'],5.93160313252117836313428123798042893601750042761576421314947061526904908231298903822149927,5.931603132521178,-15,False,4.790126681055497e-07,157446.54713052715,5.197133140815041
25,10,blaschke_mu_0p3,alpha^7,alpha,7,1,0.04902227890625,0.04902227890625,0.04902227890625,0.0,0.04902227890625,0.04902227890625,0.04902227890625,['-6.68396505418397353429162168160726076671393858131711814098860450764219802125450422547441568e-182'],5.93160313252117836313428123798042893601750042761576421314947061526904908231298903822149927,5.931603132521178,-15,False,9.815685335661921e-05,499.4279790952995,2.6984728688649944
25,10,blaschke_mu_0p3,alpha^8,alpha,8,1,0.0318644812890625,0.0318644812890625,0.0318644812890625,0.0,0.0318644812890625,0.0318644812890625,0.0318644812890625,['-1.16346333169399221780984373071351859187467159104975697907052948269667735315869835252539262e-181'],5.93160313252117836313428123798042893601750042761576421314947061526904908231298903822149927,5.931603132521178,-15,False,0.0015402777756643807,20.687490134899942,1.3157078040208434
25,10,blaschke_mu_0p3,mu^3,mu,3,2,0.027,0.027,0.027,0.0,0.027,0.027,0.027,"['-1.51495020388094211803379039479472939593758664403882689496387446294527402606743839083789437e-181', '-1.91413924616374628772612464576537512066786211004142987650611522802873923429244908789387999e-181']",5.93160313252117836313428123798042893601750042761576421314947061526904908231298903822149927,5.931603132521178,-15,False,0.006731303012703456,4.011110471337427,0.6032646231961994
25,10,blaschke_mu_0p3,alpha^9,alpha,9,1,0.020711912837890625,0.020711912837890624,0.020711912837890624,0.0,0.020711912837890624,0.020711912837890625,0.020711912837890624,['-2.21256713469005821970079270422433051926894660169189997950988573868433133522531562812220476e-181'],5.93160313252117836313428123798042893601750042761576421314947061526904908231298903822149927,5.931603132521178,-15,False,0.010590862004576913,1.9556399496981294,0.2912889004246055
25,10,blaschke_mu_0p3,alpha^10,alpha,10,1,0.01346274334462890625,0.013462743344628906,0.013462743344628906,0.0,0.013462743344628906,0.01346274334462890625,0.013462743344628906,['-6.18138867659729033482568308152530293503652025281564318242489008066106607508460146120053463e-181'],5.93160313252117836313428123798042893601750042761576421314947061526904908231298903822149927,5.931603132521178,-15,False,0.013409763460758346,1.0039508440268612,0.001712449173035994
25,10,blaschke_mu_0p3,alpha^11,alpha,11,1,0.0087507831740087890625,0.00875078317400879,0.00875078317400879,0.0,0.00875078317400879,0.0087507831740087890625,0.00875078317400879,['-7.46803909565455668869105900320870713461033356719121341789034855634724671877665854514358029e-181'],5.93160313252117836313428123798042893601750042761576421314947061526904908231298903822149927,5.931603132521178,-15,False,0.01343554943815535,0.6513156171460778,-0.18620850825452206
25,10,blaschke_mu_0p3,mu^4,mu,4,2,0.0081,0.0081,0.0081,0.0,0.0081,1.04368857217322789925128891095352340043714306408952637362764012927690979709343188944573919,1.0436885721732279,"['-0.661371067051664217961618495581525173219801852461089174766127590863021749150927596799606626', '1.05178857217322789925128891095352340043714306408952637362764012927690979709343188944573919']",5.93160313252117836313428123798042893601750042761576421314947061526904908231298903822149927,5.931603132521178,-15,False,0.014763984254666167,70.69152568646024,1.849367354840823
25,10,blaschke_mu_0p3,alpha^12,alpha,12,1,0.005688009063105712890625,0.005688009063105713,0.005688009063105713,0.0,0.005688009063105713,1.10712912764749152086089451561164993813111660633562202934440743409013264385538157196171402,1.1071291276474915,['(0.341564687476806282541692020754265890574991483914933443268745879472852563853851568588147072 - 1.05495107099015504230292071617267808456335396956730703031648143415001448961350617864460665j)'],5.93160313252117836313428123798042893601750042761576421314947061526904908231298903822149927,5.931603132521178,-15,False,0.014808333510893418,74.7639244370784,1.8736920898795484
25,10,blaschke_mu_0p3,alpha^13,alpha,13,1,0.00369720589101871337890625,0.0036972058910187135,0.0036972058910187135,0.0,0.0036972058910187135,1.10773471431403540979033821598697287799543411007411626438973546366882040895161522025974424,1.1077347143140355,['(0.341564687476806282541692020754265890574991483914933443268745879472852563853851568588147072 + 1.05495107099015504230292071617267808456335396956730703031648143415001448961350617864460665j)'],5.93160313252117836313428123798042893601750042761576421314947061526904908231298903822149927,5.931603132521178,-15,False,0.014009218779485716,79.07184060371287,1.8980218482540865
25,10,blaschke_mu_0p3,mu^5,mu,5,2,0.00243,0.00243,0.00243,0.0,0.00243,1.20636943201557779112379141832653274315707106161591111722440296727860813191117129328679397,1.2063694320155778,"['(-0.975176265330794664261876365488129195508514396294806597146648639075631183577709418545331117 + 0.706833216881863630295789618173912669908862583874258017872506552398778974489863065190358382j)', '(-0.975176265330794664261876365488129195508514396294806597146648639075631183577709418545331117 - 0.706833216881863630295789618173912669908862583874258017872506552398778974489863065190358382j)']",5.93160313252117836313428123798042893601750042761576421314947061526904908231298903822149927,5.931603132521178,-15,False,0.019085831717152175,63.20759031587971,1.800769233889468
25,10,blaschke_mu_0p3,alpha^14,alpha,14,1,0.0024031838291621636962890625,0.0024031838291621636,0.0024031838291621636,0.0,0.0024031838291621636,1.45024838162602579865231187585670501079478054782020360587082182689206442264215110904665819,1.4502483816260259,['1.45265156545518796234860093835670501079478054782020360587082182689206442264215110904665819'],5.93160313252117836313428123798042893601750042761576421314947061526904908231298903822149927,5.931603132521178,-15,False,0.027420372787403408,52.88944803450129,1.7233690346532982
25,10,blaschke_mu_0p3,alpha^15,alpha,15,1,0.001562069488955406402587890625,0.0015620694889554065,0.0015620694889554065,0.0,0.0015620694889554065,1.46801106195891116570553772582389521215339505447782884337532280873555444689964441835541565,1.468011061958911,['1.46957313144786657210812561644889521215339505447782884337532280873555444689964441835541565'],5.93160313252117836313428123798042893601750042761576421314947061526904908231298903822149927,5.931603132521178,-15,False,0.9984379305110446,1.47030778488906,0.1674082567122692
25,10,blaschke_mu_0p3,alpha^16,alpha,16,1,0.00101534516782101416168212890625,0.0010153451678210142,0.0010153451678210142,0.0,0.0010153451678210142,nan,,[],5.93160313252117836313428123798042893601750042761576421314947061526904908231298903822149927,5.931603132521178,-15,False,,,
25,10,blaschke_mu_0p3,mu^6,mu,6,2,0.000729,0.000729,0.000729,0.0,0.000729,nan,,[],5.93160313252117836313428123798042893601750042761576421314947061526904908231298903822149927,5.931603132521178,-15,False,,,
25,10,blaschke_mu_0p3,alpha^17,alpha,17,1,0.0006599743590836592050933837890625,0.0006599743590836592,0.0006599743590836592,0.0,0.0006599743590836592,nan,,[],5.93160313252117836313428123798042893601750042761576421314947061526904908231298903822149927,5.931603132521178,-15,False,,,
25,10,blaschke_mu_0p3,alpha^18,alpha,18,1,0.000428983333404378483310699462890625,0.0004289833334043785,0.0004289833334043785,0.0,0.0004289833334043785,nan,,[],5.93160313252117836313428123798042893601750042761576421314947061526904908231298903822149927,5.931603132521178,-15,False,,,
25,11,blaschke_mu_0p3,alpha^1,alpha,1,1,0.65,0.65,0.65,0.0,0.65,0.101427692415898331749173321350286044844663476917415264478216504361782884617884404617304946,0.10142769241589833,['0.751427692415898331749173321350286044844663476917415264478216504361782884617884404617304946'],5.48806174249998399199000171896964571230165079047812683211236366903362687621437999116348959,5.488061742499984,-14,False,2.5770275436851143e-17,3935840447823002.5,15.595037484567605
25,11,blaschke_mu_0p3,alpha^2,alpha,2,1,0.4225,0.4225,0.4225,0.0,0.4225,0.407510914676887787012766455484190582781335766272585199783095901977293585617061298777211443,0.40751091467688777,['0.0149890853231122129872335445158094172186642337274148002169040980227064143829387012227885565'],5.48806174249998399199000171896964571230165079047812683211236366903362687621437999116348959,5.488061742499984,-14,False,1.8022102324530408e-15,226117301599277.25,14.354333794108369
25,11,blaschke_mu_0p3,mu^1,mu,1,2,0.3,0.3,0.3,0.0,0.3,0.3,0.3,"['8.55511522750551874833048776643072808746855088238639087956847099164457735960387453008476136e-180', '3.66217208024283404576144359696892776501747666239084391881333581962200374617028374582489249e-180']",5.48806174249998399199000171896964571230165079047812683211236366903362687621437999116348959,5.488061742499984,-14,False,1.1724304465661102e-16,2558787183313597.0,15.408034166717199
25,11,blaschke_mu_0p3,alpha^3,alpha,3,1,0.274625,0.274625,0.274625,0.0,0.274625,0.274625,0.274625,['2.50476830900467119402745111486817602276508817884342086652301863059412964182367983858449243e-181'],5.48806174249998399199000171896964571230165079047812683211236366903362687621437999116348959,5.488061742499984,-14,False,8.057554706811674e-13,340829209347.8909,11.532536807089429
25,11,blaschke_mu_0p3,alpha^4,alpha,4,1,0.17850625,0.17850625,0.17850625,0.0,0.17850625,0.17850625,0.17850625,['1.78464250830876562270646752673599237769469357351208243326485519702279439731588332624224367e-181'],5.48806174249998399199000171896964571230165079047812683211236366903362687621437999116348959,5.488061742499984,-14,False,8.184178948885144e-12,21811137209.349052,10.338678309818478
25,11,blaschke_mu_0p3,alpha^5,alpha,5,1,0.1160290625,0.1160290625,0.1160290625,0.0,0.1160290625,0.1160290625,0.1160290625,['1.20105323067558648850692371532243531130541468437193222447888087978302387036451820162137218e-181'],5.48806174249998399199000171896964571230165079047812683211236366903362687621437999116348959,5.488061742499984,-14,False,6.62355497104339e-09,17517641.660294436,7.243475638198461
25,11,blaschke_mu_0p3,mu^2,mu,2,2,0.09,0.09,0.09,0.0,0.09,0.09,0.09,"['1.8545546629933105488794860974496789781973522334827082044877868584272002080565073961187222e-182', '-3.28116881084919323458497166898625074297162622668542349734082047035826816153553681441124765e-183']",5.48806174249998399199000171896964571230165079047812683211236366903362687621437999116348959,5.488061742499984,-14,False,2.1854527107602267e-07,411813.9896456181,5.6147010958582575
25,11,blaschke_mu_0p3,alpha^6,alpha,6,1,0.075418890625,0.075418890625,0.075418890625,0.0,0.075418890625,0.075418890625,0.075418890625,['-2.04170086127892162100197311210466934009863252572404052784098513725241671039510748865363792e-182'],5.48806174249998399199000171896964571230165079047812683211236366903362687621437999116348959,5.488061742499984,-14,False,4.790126681055497e-07,157446.54713052715,5.197133140815041
25,11,blaschke_mu_0p3,alpha^7,alpha,7,1,0.04902227890625,0.04902227890625,0.04902227890625,0.0,0.04902227890625,0.04902227890625,0.04902227890625,['-1.46894072326699763775902444800769457373404497916244930344142901187984652265757513072500848e-181'],5.48806174249998399199000171896964571230165079047812683211236366903362687621437999116348959,5.488061742499984,-14,False,9.815685335661921e-05,499.4279790952995,2.6984728688649944
25,11,blaschke_mu_0p3,alpha^8,alpha,8,1,0.0318644812890625,0.0318644812890625,0.0318644812890625,0.0,0.0318644812890625,0.0318644812890625,0.0318644812890625,['-1.87478642015693548017966130153686460244712962501166375736121254635892674613282357616739813e-181'],5.48806174249998399199000171896964571230165079047812683211236366903362687621437999116348959,5.488061742499984,-14,False,0.0015402777756643807,20.687490134899942,1.3157078040208434
25,11,blaschke_mu_0p3,mu^3,mu,3,2,0.027,0.027,0.027,0.0,0.027,0.027,0.027,"['-1.95409908853690027925966578757607313102439639747885981353860979856024126971806579437390565e-181', '-6.2073235761899452857712925910647413737413076976016178346028965931883407350691413512371443e-181']",5.48806174249998399199000171896964571230165079047812683211236366903362687621437999116348959,5.488061742499984,-14,False,0.006731303012703456,4.011110471337427,0.6032646231961994
25,11,blaschke_mu_0p3,alpha^9,alpha,9,1,0.020711912837890625,0.020711912837890624,0.020711912837890624,0.0,0.020711912837890624,0.020711912837890625,0.020711912837890624,['-7.26871745164031020720912407537012286402383828544018703642209463938008057187029780810690507e-181'],5.48806174249998399199000171896964571230165079047812683211236366903362687621437999116348959,5.488061742499984,-14,False,0.010590862004576913,1.9556399496981294,0.2912889004246055
25,11,blaschke_mu_0p3,alpha^10,alpha,10,1,0.01346274334462890625,0.013462743344628906,0.013462743344628906,0.0,0.013462743344628906,0.01346274334462890625,0.013462743344628906,['-1.68372946036325684120689507574413384754939787275072099716313318345328071111488515322243104e-180'],5.48806174249998399199000171896964571230165079047812683211236366903362687621437999116348959,5.488061742499984,-14,False,0.013409763460758346,1.0039508440268612,0.001712449173035994
25,11,blaschke_mu_0p3,alpha^11,alpha,11,1,0.0087507831740087890625,0.00875078317400879,0.00875078317400879,0.0,0.00875078317400879,0.103064058284445049882714658511028817533878311971337995214709401341438258602065897337815798,0.10306405828444505,['-0.0943132751104362608202146585110288175338783119713379952147094013414382586020658973378157977'],5.48806174249998399199000171896964571230165079047812683211236366903362687621437999116348959,5.488061742499984,-14,False,0.01343554943815535,7.670996914480883,0.8848518080589693
25,11,blaschke_mu_0p3,mu^4,mu,4,2,0.0081,0.0081,0.0081,0.0,0.0081,0.436392629791343826317032236741523528804335787770552226430275386772392666860340761139720782,0.4363926297913438,"['(-0.331684734540778017587164551075947078965287172823332143135081640809165916945877038915337957 - 0.273833638381514189811197014175649002432719505033485683230278943317117079711695087057315525j)', '(-0.331684734540778017587164551075947078965287172823332143135081640809165916945877038915337957 + 0.273833638381514189811197014175649002432719505033485683230278943317117079711695087057315525j)']",5.48806174249998399199000171896964571230165079047812683211236366903362687621437999116348959,5.488061742499984,-14,False,0.014763984254666167,29.557917582675667,1.4706738338428813
25,11,blaschke_mu_0p3,alpha^12,alpha,12,1,0.005688009063105712890625,0.005688009063105713,0.005688009063105713,0.0,0.005688009063105713,0.91757682421169494272854229886575712592966166568287628401709679304224911692745812691526098,0.917576824211695,['(0.923263409568148994173893224557218402127170246941680261983504617900056747638232260114181404 - 0.0016163905558807622428298711456763548287317482949095536268276574898360129376802231831495101j)'],5.48806174249998399199000171896964571230165079047812683211236366903362687621437999116348959,5.488061742499984,-14,False,0.014808333510893418,61.96354394211207,1.7921362488303667
25,11,blaschke_mu_0p3,alpha^13,alpha,13,1,0.00369720589101871337890625,0.0036972058910187135,0.0036972058910187135,0.0,0.0036972058910187135,0.919567624301551077868895887337261631795625960195877206621070667569719545615353852271710191,0.919567624301551,['(0.923263409568148994173893224557218402127170246941680261983504617900056747638232260114181404 + 0.0016163905558807622428298711456763548287317482949095536268276574898360129376802231831495101j)'],5.48806174249998399199000171896964571230165079047812683211236366903362687621437999116348959,5.488061742499984,-14,False,0.014009218779485716,65.64017871204298,1.8171697547934331
25,11,blaschke_mu_0p3,mu^5,mu,5,2,0.00243,0.00243,0.00243,0.0,0.00243,0.952320593701259074269901461814376123591630407847185379399018977681080726686249991031727353,0.9523205937012591,"['(-0.625425020612444371561006122249072513560924846634363567553503577026767710979079832685430841 + 0.716039514467788025939789049058064980947055482293950668281942475707200465875983092116854627j)', '(-0.625425020612444371561006122249072513560924846634363567553503577026767710979079832685430841 - 0.716039514467788025939789049058064980947055482293950668281942475707200465875983092116854627j)']",5.48806174249998399199000171896964571230165079047812683211236366903362687621437999116348959,5.488061742499984,-14,False,0.019085831717152175,49.89673008828961,1.6980720856806366
25,11,blaschke_mu_0p3,alpha^14,alpha,14,1,0.0024031838291621636962890625,0.0024031838291621636,0.0024031838291621636,0.0,0.0024031838291621636,1.28981934120125586968734752837294723376222595328468475343289659831744527178711342567322597,1.289819341201256,['1.29222252503041803338363659087294723376222595328468475343289659831744527178711342567322597'],5.48806174249998399199000171896964571230165079047812683211236366903362687621437999116348959,5.488061742499984,-14,False,0.027420372787403408,47.038723769422404,1.672455530172326
25,11,blaschke_mu_0p3,alpha^15,alpha,15,1,0.001562069488955406402587890625,0.0015620694889554065,0.0015620694889554065,0.0,0.0015620694889554065,1.43166666288410983118561497455987345120718887024390566449024290370041718749710970351795647,1.43166666288411,['1.43322873237306523758820286518487345120718887024390566449024290370041718749710970351795647'],5.48806174249998399199000171896964571230165079047812683211236366903362687621437999116348959,5.488061742499984,-14,False,0.9984379305110446,1.4339065245160707,0.15652084086452508
25,11,blaschke_mu_0p3,alpha^16,alpha,16,1,0.00101534516782101416168212890625,0.0010153451678210142,0.0010153451678210142,0.0,0.0010153451678210142,nan,,[],5.48806174249998399199000171896964571230165079047812683211236366903362687621437999116348959,5.488061742499984,-14,False,,,
25,11,blaschke_mu_0p3,mu^6,mu,6,2,0.000729,0.000729,0.000729,0.0,0.000729,nan,,[],5.48806174249998399199000171896964571230165079047812683211236366903362687621437999116348959,5.488061742499984,-14,False,,,
25,11,blaschke_mu_0p3,alpha^17,alpha,17,1,0.0006599743590836592050933837890625,0.0006599743590836592,0.0006599743590836592,0.0,0.0006599743590836592,nan,,[],5.48806174249998399199000171896964571230165079047812683211236366903362687621437999116348959,5.488061742499984,-14,False,,,
25,11,blaschke_mu_0p3,alpha^18,alpha,18,1,0.000428983333404378483310699462890625,0.0004289833334043785,0.0004289833334043785,0.0,0.0004289833334043785,nan,,[],5.48806174249998399199000171896964571230165079047812683211236366903362687621437999116348959,5.488061742499984,-14,False,,,
25,12,blaschke_mu_0p3,alpha^1,alpha,1,1,0.65,0.65,0.65,0.0,0.65,0.110877674241936172612845477202454002767556154504980956222686247381094894949448808433354409,0.11087767424193617,['0.539122325758063827387154522797545997232443845495019043777313752618905105050551191566645591'],5.21808941985656841057538557811903778088433668644270407607176326354486910016705773764981963,5.218089419856568,-13,False,2.5770275436851143e-17,4302541294664728.5,15.633725047264319
25,12,blaschke_mu_0p3,alpha^2,alpha,2,1,0.4225,0.4225,0.4225,0.0,0.4225,0.0618667430978269330769052861859277793223508104729654799557353650404827810065432225990623173,0.061866743097826936,['0.484366743097826933076905286185927779322350810472965479955735365040482781006543222599062317'],5.21808941985656841057538557811903778088433668644270407607176326354486910016705773764981963,5.218089419856568,-13,False,1.8022102324530408e-15,34328260923043.54,13.535651802532753
25,12,blaschke_mu_0p3,mu^1,mu,1,2,0.3,0.3,0.3,0.0,0.3,0.3,0.3,"['4.65564950126993412146241203052368948419880060295158369591844701934660348808309360557396098e-181', '4.50061751784697527769632463305459363534079712458532434924219077740969547002206251230328065e-181']",5.21808941985656841057538557811903778088433668644270407607176326354486910016705773764981963,5.218089419856568,-13,False,1.1724304465661102e-16,2558787183313597.0,15.408034166717199
25,12,blaschke_mu_0p3,alpha^3,alpha,3,1,0.274625,0.274625,0.274625,0.0,0.274625,0.274625,0.274625,['9.55847938684594768517941254917832904945223845187876375967913536575646201637066827214887388e-182'],5.21808941985656841057538557811903778088433668644270407607176326354486910016705773764981963,5.218089419856568,-13,False,8.057554706811674e-13,340829209347.8909,11.532536807089429
25,12,blaschke_mu_0p3,alpha^4,alpha,4,1,0.17850625,0.17850625,0.17850625,0.0,0.17850625,0.17850625,0.17850625,['7.8554103258770383519734061536814064479714362006533123420955257348530644013571361801681464e-182'],5.21808941985656841057538557811903778088433668644270407607176326354486910016705773764981963,5.218089419856568,-13,False,8.184178948885144e-12,21811137209.349052,10.338678309818478
25,12,blaschke_mu_0p3,alpha^5,alpha,5,1,0.1160290625,0.1160290625,0.1160290625,0.0,0.1160290625,0.1160290625,0.1160290625,['1.63981684184784635640411674124693841391474034938291605637111347733188285394003444805501918e-182'],5.21808941985656841057538557811903778088433668644270407607176326354486910016705773764981963,5.218089419856568,-13,False,6.62355497104339e-09,17517641.660294436,7.243475638198461
25,12,blaschke_mu_0p3,mu^2,mu,2,2,0.09,0.09,0.09,0.0,0.09,0.09,0.09,"['-3.44834355849679378520354945250042060436206842540646363920875499235895020850944287633166283e-182', '-5.18948062583799454301934904744749596423320464812078164783950233614289294680191919136975018e-182']",5.21808941985656841057538557811903778088433668644270407607176326354486910016705773764981963,5.218089419856568,-13,False,2.1854527107602267e-07,411813.9896456181,5.6147010958582575
25,12,blaschke_mu_0p3,alpha^6,alpha,6,1,0.075418890625,0.075418890625,0.075418890625,0.0,0.075418890625,0.075418890625,0.075418890625,['-8.24526317899911010982673131724766275505409926997580507001735226128856007754021158795606422e-182'],5.21808941985656841057538557811903778088433668644270407607176326354486910016705773764981963,5.218089419856568,-13,False,4.790126681055497e-07,157446.54713052715,5.197133140815041
25,12,blaschke_mu_0p3,alpha^7,alpha,7,1,0.04902227890625,0.04902227890625,0.04902227890625,0.0,0.04902227890625,0.04902227890625,0.04902227890625,['-1.70252128408296312227078110966234621606274722807448847874323856563120868520795178474626837e-181'],5.21808941985656841057538557811903778088433668644270407607176326354486910016705773764981963,5.218089419856568,-13,False,9.815685335661921e-05,499.4279790952995,2.6984728688649944
25,12,blaschke_mu_0p3,alpha^8,alpha,8,1,0.0318644812890625,0.0318644812890625,0.0318644812890625,0.0,0.0318644812890625,0.0318644812890625,0.0318644812890625,['-2.87128946466810840020390299495448425709361808171778853182869119387713013053192560064603799e-181'],5.21808941985656841057538557811903778088433668644270407607176326354486910016705773764981963,5.218089419856568,-13,False,0.0015402777756643807,20.687490134899942,1.3157078040208434
25,12,blaschke_mu_0p3,mu^3,mu,3,2,0.027,0.027,0.027,0.0,0.027,0.027,0.027,"['-3.37358025648879346440291561819597825385558281294705497177030804992307044705595651573741707e-181', '-3.81536408669060417700609847572015714437994754519281936558134647738603627392885659697886033e-181']",5.21808941985656841057538557811903778088433668644270407607176326354486910016705773764981963,5.218089419856568,-13,False,0.006731303012703456,4.011110471337427,0.6032646231961994
25,12,blaschke_mu_0p3,alpha^9,alpha,9,1,0.020711912837890625,0.020711912837890624,0.020711912837890624,0.0,0.020711912837890624,0.020711912837890625,0.020711912837890624,['-7.50157813948923080303947884420752358385532692846884910670763525707154907724857586253181262e-181'],5.21808941985656841057538557811903778088433668644270407607176326354486910016705773764981963,5.218089419856568,-13,False,0.010590862004576913,1.9556399496981294,0.2912889004246055
25,12,blaschke_mu_0p3,alpha^10,alpha,10,1,0.01346274334462890625,0.013462743344628906,0.013462743344628906,0.0,0.013462743344628906,0.642848953300525710710041771616645665319548359748278119477355775019698259685485216918789098,0.6428489533005257,['-0.629386209955896804460041771616645665319548359748278119477355775019698259685485216918789098'],5.21808941985656841057538557811903778088433668644270407607176326354486910016705773764981963,5.218089419856568,-13,False,0.013409763460758346,47.93887343216205,1.6806878238581624
25,12,blaschke_mu_0p3,alpha^11,alpha,11,1,0.0087507831740087890625,0.00875078317400879,0.00875078317400879,0.0,0.00875078317400879,0.819956969823790967645800106643765601715764591843561682026691633386940191139564856085888651,0.819956969823791,['-0.811206186649782178583300106643765601715764591843561682026691633386940191139564856085888651'],5.21808941985656841057538557811903778088433668644270407607176326354486910016705773764981963,5.218089419856568,-13,False,0.01343554943815535,61.028912408688804,1.7855356304987247
25,12,blaschke_mu_0p3,mu^4,mu,4,2,0.0081,0.0081,0.0081,0.0,0.0081,0.867115977055549527724986848503312013313382690576794694133662119187235609625171723661156083,0.8671159770555495,"['(-0.195268850762626007502509349141738824693363216926787712206088592420236717958086265715182434 - 0.842930144320683934443075781678981962935617176522977689677536059864648430626008609199066849j)', '(-0.195268850762626007502509349141738824693363216926787712206088592420236717958086265715182434 + 0.842930144320683934443075781678981962935617176522977689677536059864648430626008609199066849j)']",5.21808941985656841057538557811903778088433668644270407607176326354486910016705773764981963,5.218089419856568,-13,False,0.014763984254666167,58.7318410869679,1.7688736150329532
25,12,blaschke_mu_0p3,alpha^12,alpha,12,1,0.005688009063105712890625,0.005688009063105713,0.005688009063105713,0.0,0.005688009063105713,0.970844198679807519403825199537126015789289204460710940297755004401053670216287953108544306,0.9708441986798075,['(-0.385570749182853073839674126726296576328066137295412643620001459395784538787772199411532503 - 0.888512826134810477959748364437902302780193139354089570497684894368683764569279629022925838j)'],5.21808941985656841057538557811903778088433668644270407607176326354486910016705773764981963,5.218089419856568,-13,False,0.014808333510893418,65.560665416242,1.8166433528474473
25,12,blaschke_mu_0p3,alpha^13,alpha,13,1,0.00369720589101871337890625,0.0036972058910187135,0.0036972058910187135,0.0,0.0036972058910187135,0.970043598532283402234619250172139492010978173693669609998919541709807900293243294764299455,0.9700435985322834,['(-0.385570749182853073839674126726296576328066137295412643620001459395784538787772199411532503 + 0.888512826134810477959748364437902302780193139354089570497684894368683764569279629022925838j)'],5.21808941985656841057538557811903778088433668644270407607176326354486910016705773764981963,5.218089419856568,-13,False,0.014009218779485716,69.24323288838623,1.8403773363958758
25,12,blaschke_mu_0p3,mu^5,mu,5,2,0.00243,0.00243,0.00243,0.0,0.00243,1.13763947357725779699429302803324773663952824951941498477591000950122319345825960987985518,1.1376394735772577,"['0.995023163829647699383847322030232539547386003075539149954189374476146759158293128447813855', '1.14006947357725779699429302803324773663952824951941498477591000950122319345825960987985518']",5.21808941985656841057538557811903778088433668644270407607176326354486910016705773764981963,5.218089419856568,-13,False,0.019085831717152175,59.60649189602131,1.775293562442918
25,12,blaschke_mu_0p3,alpha^14,alpha,14,1,0.0024031838291621636962890625,0.0024031838291621636,0.0024031838291621636,0.0,0.0024031838291621636,1.22231934413228699822848175912877575155210618962164378184899984515135897563251387721623818,1.222319344132287,['1.22472252796144916192477082162877575155210618962164378184899984515135897563251387721623818'],5.21808941985656841057538557811903778088433668644270407607176326354486910016705773764981963,5.218089419856568,-13,False,0.027420372787403408,44.5770505605163,1.6491113300108018
25,12,blaschke_mu_0p3,alpha^15,alpha,15,1,0.001562069488955406402587890625,0.0015620694889554065,0.0015620694889554065,0.0,0.0015620694889554065,1.22515642975049497052652384983071684354332855551912439414817735189746958060846894231276945,1.2251564297504949,['1.22671849923945037692911174045571684354332855551912439414817735189746958060846894231276945'],5.21808941985656841057538557811903778088433668644270407607176326354486910016705773764981963,5.218089419856568,-13,False,0.9984379305110446,1.2270732033621818,0.08887047215482262
25,12,blaschke_mu_0p3,alpha^16,alpha,16,1,0.00101534516782101416168212890625,0.0010153451678210142,0.0010153451678210142,0.0,0.0010153451678210142,nan,,[],5.21808941985656841057538557811903778088433668644270407607176326354486910016705773764981963,5.218089419856568,-13,False,,,
25,12,blaschke_mu_0p3,mu^6,mu,6,2,0.000729,0.000729,0.000729,0.0,0.000729,nan,,[],5.21808941985656841057538557811903778088433668644270407607176326354486910016705773764981963,5.218089419856568,-13,False,,,
25,12,blaschke_mu_0p3,alpha^17,alpha,17,1,0.0006599743590836592050933837890625,0.0006599743590836592,0.0006599743590836592,0.0,0.0006599743590836592,nan,,[],5.21808941985656841057538557811903778088433668644270407607176326354486910016705773764981963,5.218089419856568,-13,False,,,
25,12,blaschke_mu_0p3,alpha^18,alpha,18,1,0.000428983333404378483310699462890625,0.0004289833334043785,0.0004289833334043785,0.0,0.0004289833334043785,nan,,[],5.21808941985656841057538557811903778088433668644270407607176326354486910016705773764981963,5.218089419856568,-13,False,,,
25,13,blaschke_mu_0p3,alpha^1,alpha,1,1,0.65,0.65,0.65,0.0,0.65,0.0129268398758349608890069967830702709892439178692496386860079682808928156265334058583117214,0.01292683987583496,['0.662926839875834960889006996783070270989243917869249638686007968280892815626533405858311721'],4.84220686552120751991200610763317593142760021126766827714630499148129269080750799085068534,4.842206865521208,-12,False,2.5770275436851143e-17,501618227073729.9,14.70037330887075
25,13,blaschke_mu_0p3,alpha^2,alpha,2,1,0.4225,0.4225,0.4225,0.0,0.4225,0.186657102905630095951484099501222065867246494811893685798197405514203813958932405548863098,0.1866571029056301,['0.235842897094369904048515900498777934132753505188106314201802594485796186041067594451136902'],4.84220686552120751991200610763317593142760021126766827714630499148129269080750799085068534,4.842206865521208,-12,False,1.8022102324530408e-15,103571214692064.9,14.015239069719408
25,13,blaschke_mu_0p3,mu^1,mu,1,2,0.3,0.3,0.3,0.0,0.3,0.3,0.3,"['0.0730120003723129751087910725835621438255780419523077259278701133999697289908429816861785834', '9.30431754595518329855883210343406919499432411916213218792296573338086680837734806280548267e-181']",4.84220686552120751991200610763317593142760021126766827714630499148129269080750799085068534,4.842206865521208,-12,False,1.1724304465661102e-16,2558787183313597.0,15.408034166717199
25,13,blaschke_mu_0p3,alpha^3,alpha,3,1,0.274625,0.274625,0.274625,0.0,0.274625,0.274625,0.274625,['4.45789579934554073043985086539228416549554143485667979929883833420512556208151239051462732e-181'],4.84220686552120751991200610763317593142760021126766827714630499148129269080750799085068534,4.842206865521208,-12,False,8.057554706811674e-13,340829209347.8909,11.532536807089429
25,13,blaschke_mu_0p3,alpha^4,alpha,4,1,0.17850625,0.17850625,0.17850625,0.0,0.17850625,0.17850625,0.17850625,['3.22256217994243960995518884007935979897055543692731477471096718646339855790779128569105289e-181'],4.84220686552120751991200610763317593142760021126766827714630499148129269080750799085068534,4.842206865521208,-12,False,8.184178948885144e-12,21811137209.349052,10.338678309818478
25,13,blaschke_mu_0p3,alpha^5,alpha,5,1,0.1160290625,0.1160290625,0.1160290625,0.0,0.1160290625,0.1160290625,0.1160290625,['1.92990284788471363101416011652992531927816448730453245804733809983601161717018418969635449e-181'],4.84220686552120751991200610763317593142760021126766827714630499148129269080750799085068534,4.842206865521208,-12,False,6.62355497104339e-09,17517641.660294436,7.243475638198461
25,13,blaschke_mu_0p3,mu^2,mu,2,2,0.09,0.09,0.09,0.0,0.09,0.09,0.09,"['1.60870769313351225128028605230010904648969469012523792086239221159222157542391973472939984e-181', '1.00746568331971532215853345454402472786808566266123968323635159848660275223874911530699499e-181']",4.84220686552120751991200610763317593142760021126766827714630499148129269080750799085068534,4.842206865521208,-12,False,2.1854527107602267e-07,411813.9896456181,5.6147010958582575
25,13,blaschke_mu_0p3,alpha^6,alpha,6,1,0.075418890625,0.075418890625,0.075418890625,0.0,0.075418890625,0.075418890625,0.075418890625,['-4.24495660498950968053116320247071348788301241821359636252441305222136943963788269933486967e-182'],4.84220686552120751991200610763317593142760021126766827714630499148129269080750799085068534,4.842206865521208,-12,False,4.790126681055497e-07,157446.54713052715,5.197133140815041
25,13,blaschke_mu_0p3,alpha^7,alpha,7,1,0.04902227890625,0.04902227890625,0.04902227890625,0.0,0.04902227890625,0.04902227890625,0.04902227890625,['-5.77782003319210031018697631500449394673856133069665017736010290253703402001169612011253468e-182'],4.84220686552120751991200610763317593142760021126766827714630499148129269080750799085068534,4.842206865521208,-12,False,9.815685335661921e-05,499.4279790952995,2.6984728688649944
25,13,blaschke_mu_0p3,alpha^8,alpha,8,1,0.0318644812890625,0.0318644812890625,0.0318644812890625,0.0,0.0318644812890625,0.0318644812890625,0.0318644812890625,['-1.96334166186793632878959300152935610311463132605762912107301253489246593645744150441716921e-181'],4.84220686552120751991200610763317593142760021126766827714630499148129269080750799085068534,4.842206865521208,-12,False,0.0015402777756643807,20.687490134899942,1.3157078040208434
25,13,blaschke_mu_0p3,mu^3,mu,3,2,0.027,0.027,0.027,0.0,0.027,0.027,0.027,"['-3.0052337042047487382492680896023672041187784396491057750856152651001941497268864300907551e-181', '-3.6708219895558980961700089474888217286231023337420247834420553502714003910582033043119827e-181']",4.84220686552120751991200610763317593142760021126766827714630499148129269080750799085068534,4.842206865521208,-12,False,0.006731303012703456,4.011110471337427,0.6032646231961994
25,13,blaschke_mu_0p3,alpha^9,alpha,9,1,0.020711912837890625,0.020711912837890624,0.020711912837890624,0.0,0.020711912837890624,0.020711912837890625,0.020711912837890624,['-3.24485138497011679310268909461777670747696443074504424436759287332125410724212384250900845e-180'],4.84220686552120751991200610763317593142760021126766827714630499148129269080750799085068534,4.842206865521208,-12,False,0.010590862004576913,1.9556399496981294,0.2912889004246055
25,13,blaschke_mu_0p3,alpha^10,alpha,10,1,0.01346274334462890625,0.013462743344628906,0.013462743344628906,0.0,0.013462743344628906,0.747699709533393626207935161650481538643598580359986692074546651367506320408797973168386246,0.7476997095333936,['-0.734236966188764719957935161650481538643598580359986692074546651367506320408797973168386246'],4.84220686552120751991200610763317593142760021126766827714630499148129269080750799085068534,4.842206865521208,-12,False,0.013409763460758346,55.75785969092029,1.7463060946763425
25,13,blaschke_mu_0p3,alpha^11,alpha,11,1,0.0087507831740087890625,0.00875078317400879,0.00875078317400879,0.0,0.00875078317400879,0.84760122497399570812822785436098848498915753240911290353370968804923210434361501123470547,0.8476012249739957,['0.85635200814800449719072785436098848498915753240911290353370968804923210434361501123470547'],4.84220686552120751991200610763317593142760021126766827714630499148129269080750799085068534,4.842206865521208,-12,False,0.01343554943815535,63.086457972973534,1.7999361443662714
25,13,blaschke_mu_0p3,mu^4,mu,4,2,0.0081,0.0081,0.0081,0.0,0.0081,0.912691605790549983550511355096603729340342048579028984112654954969007360872819170863782343,0.91269160579055,"['(-0.191739520000542614931986273367827387892811742243025031745324305430789515173578010487481074 - 0.890544852057708219981609875659671457303288079749161268368377696715312287890736472688652609j)', '(-0.191739520000542614931986273367827387892811742243025031745324305430789515173578010487481074 + 0.890544852057708219981609875659671457303288079749161268368377696715312287890736472688652609j)']",4.84220686552120751991200610763317593142760021126766827714630499148129269080750799085068534,4.842206865521208,-12,False,0.014763984254666167,61.81878753373048,1.7911204828920524
25,13,blaschke_mu_0p3,alpha^12,alpha,12,1,0.005688009063105712890625,0.005688009063105713,0.005688009063105713,0.0,0.005688009063105713,0.974719249083914022194573295863789294309875631663594093833215257134111612785532396104077573,0.974719249083914,['-0.969031240020808309303948295863789294309875631663594093833215257134111612785532396104077573'],4.84220686552120751991200610763317593142760021126766827714630499148129269080750799085068534,4.842206865521208,-12,False,0.014808333510893418,65.822345800551,1.8183733557778794
25,13,blaschke_mu_0p3,alpha^13,alpha,13,1,0.00369720589101871337890625,0.0036972058910187135,0.0036972058910187135,0.0,0.0036972058910187135,0.99630279410898128662109375,0.9963027941089813,['1.0'],4.84220686552120751991200610763317593142760021126766827714630499148129269080750799085068534,4.842206865521208,-12,False,0.014009218779485716,71.11765543756866,1.8519774306490187
25,13,blaschke_mu_0p3,mu^5,mu,5,2,0.00243,0.00243,0.00243,0.0,0.00243,1.00387404194460633305872070858394832044639091183650595212150359652397373325479547153701753,1.0038740419446064,"['(-0.0747133608623162540791004840021098480008514492896108547681630246223844852515214332610982499 - 1.0009055869386820882757649038447295130718230476411550992861453978506195391602657291006541j)', '(-0.0747133608623162540791004840021098480008514492896108547681630246223844852515214332610982499 + 1.0009055869386820882757649038447295130718230476411550992861453978506195391602657291006541j)']",4.84220686552120751991200610763317593142760021126766827714630499148129269080750799085068534,4.842206865521208,-12,False,0.019085831717152175,52.5978671939373,1.7209681341787684
25,13,blaschke_mu_0p3,alpha^14,alpha,14,1,0.0024031838291621636962890625,0.0024031838291621636,0.0024031838291621636,0.0,0.0024031838291621636,1.15026559856978083159779855843497967062509496087981947886230871809332921216811795886385259,1.1502655985697807,['1.15266878239894299529408762093497967062509496087981947886230871809332921216811795886385259'],4.84220686552120751991200610763317593142760021126766827714630499148129269080750799085068534,4.842206865521208,-12,False,0.027420372787403408,41.949305630819104,1.6227247765306438
25,13,blaschke_mu_0p3,alpha^15,alpha,15,1,0.001562069488955406402587890625,0.0015620694889554065,0.0015620694889554065,0.0,0.0015620694889554065,1.18024254500819556559859969421772573313518301179359249721639934929700198061880544331609105,1.1802425450081955,['1.18180461449715097200118758484272573313518301179359249721639934929700198061880544331609105'],4.84220686552120751991200610763317593142760021126766827714630499148129269080750799085068534,4.842206865521208,-12,False,0.9984379305110446,1.1820890502468144,0.0726501944589868
25,13,blaschke_mu_0p3,alpha^16,alpha,16,1,0.00101534516782101416168212890625,0.0010153451678210142,0.0010153451678210142,0.0,0.0010153451678210142,nan,,[],4.84220686552120751991200610763317593142760021126766827714630499148129269080750799085068534,4.842206865521208,-12,False,,,
25,13,blaschke_mu_0p3,mu^6,mu,6,2,0.000729,0.000729,0.000729,0.0,0.000729,nan,,[],4.84220686552120751991200610763317593142760021126766827714630499148129269080750799085068534,4.842206865521208,-12,False,,,
25,13,blaschke_mu_0p3,alpha^17,alpha,17,1,0.0006599743590836592050933837890625,0.0006599743590836592,0.0006599743590836592,0.0,0.0006599743590836592,nan,,[],4.84220686552120751991200610763317593142760021126766827714630499148129269080750799085068534,4.842206865521208,-12,False,,,
25,13,blaschke_mu_0p3,alpha^18,alpha,18,1,0.000428983333404378483310699462890625,0.0004289833334043785,0.0004289833334043785,0.0,0.0004289833334043785,nan,,[],4.84220686552120751991200610763317593142760021126766827714630499148129269080750799085068534,4.842206865521208,-12,False,,,
25,14,blaschke_mu_0p3,alpha^1,alpha,1,1,0.65,0.65,0.65,0.0,0.65,0.000737306978587883723738812838147903486514886873446121721066040358930042595246082024743769217,0.0007373069785878838,['0.649262693021412116276261187161852096513485113126553878278933959641069957404753917975256231'],4.60433590660997214644198044502390124062562605106013892588537857764728380208651330329784928,4.604335906609972,-11,False,2.5770275436851143e-17,28610752740870.777,13.456529284121444
25,14,blaschke_mu_0p3,alpha^2,alpha,2,1,0.4225,0.4225,0.4225,0.0,0.4225,0.0117050186931390294865935381507272875920976860577765429830348967092491510758532466181122422,0.01170501869313903,['0.410794981306860970513406461849272712407902313942223457016965103290750848924146753381887758'],4.60433590660997214644198044502390124062562605106013892588537857764728380208651330329784928,4.604335906609972,-11,False,1.8022102324530408e-15,6494813136870.823,12.81256666044472
25,14,blaschke_mu_0p3,mu^1,mu,1,2,0.3,0.3,0.3,0.0,0.3,0.3,0.3,"['0.482502875885783278960687646092092271690492909670580886563620169906887841138875760109019899', '1.52839443522986757588043362284968777380754422872165324705483212491965078928874737860415217e-180']",4.60433590660997214644198044502390124062562605106013892588537857764728380208651330329784928,4.604335906609972,-11,False,1.1724304465661102e-16,2558787183313597.0,15.408034166717199
25,14,blaschke_mu_0p3,alpha^3,alpha,3,1,0.274625,0.274625,0.274625,0.0,0.274625,0.274625,0.274625,['1.41745369793949046641380551235388448939124858402375275659532355419642487761693623035482567e-180'],4.60433590660997214644198044502390124062562605106013892588537857764728380208651330329784928,4.604335906609972,-11,False,8.057554706811674e-13,340829209347.8909,11.532536807089429
25,14,blaschke_mu_0p3,alpha^4,alpha,4,1,0.17850625,0.17850625,0.17850625,0.0,0.17850625,0.17850625,0.17850625,['3.14073237851881504165406038634261518199245148419987712653652887909810873925891297706312738e-181'],4.60433590660997214644198044502390124062562605106013892588537857764728380208651330329784928,4.604335906609972,-11,False,8.184178948885144e-12,21811137209.349052,10.338678309818478
25,14,blaschke_mu_0p3,alpha^5,alpha,5,1,0.1160290625,0.1160290625,0.1160290625,0.0,0.1160290625,0.1160290625,0.1160290625,['1.69530878247207980836892759182675048253957372216163106699411149724343285817736278488013474e-181'],4.60433590660997214644198044502390124062562605106013892588537857764728380208651330329784928,4.604335906609972,-11,False,6.62355497104339e-09,17517641.660294436,7.243475638198461
25,14,blaschke_mu_0p3,mu^2,mu,2,2,0.09,0.09,0.09,0.0,0.09,0.09,0.09,"['1.40017850862288513798735675034947659232133425324072666027722562893823364639362958207868716e-181', '9.83441326432258947636067338452325189341465712240997341900552326737623603751289158527665133e-182']",4.60433590660997214644198044502390124062562605106013892588537857764728380208651330329784928,4.604335906609972,-11,False,2.1854527107602267e-07,411813.9896456181,5.6147010958582575
25,14,blaschke_mu_0p3,alpha^6,alpha,6,1,0.075418890625,0.075418890625,0.075418890625,0.0,0.075418890625,0.075418890625,0.075418890625,['-4.86682447281949198539273868459216424892273988362576735314485609237604094954857621612684823e-182'],4.60433590660997214644198044502390124062562605106013892588537857764728380208651330329784928,4.604335906609972,-11,False,4.790126681055497e-07,157446.54713052715,5.197133140815041
25,14,blaschke_mu_0p3,alpha^7,alpha,7,1,0.04902227890625,0.04902227890625,0.04902227890625,0.0,0.04902227890625,0.04902227890625,0.04902227890625,['-6.17138062606948409614966086054362846006615443480349340375603981993103218600377112480103082e-182'],4.60433590660997214644198044502390124062562605106013892588537857764728380208651330329784928,4.604335906609972,-11,False,9.815685335661921e-05,499.4279790952995,2.6984728688649944
25,14,blaschke_mu_0p3,alpha^8,alpha,8,1,0.0318644812890625,0.0318644812890625,0.0318644812890625,0.0,0.0318644812890625,0.0318644812890625,0.0318644812890625,['-3.51307147507134438374345952549605702145883220955511039760074227836826889495819719295022413e-181'],4.60433590660997214644198044502390124062562605106013892588537857764728380208651330329784928,4.604335906609972,-11,False,0.0015402777756643807,20.687490134899942,1.3157078040208434
25,14,blaschke_mu_0p3,mu^3,mu,3,2,0.027,0.027,0.027,0.0,0.027,0.027,0.027,"['-3.63422582799248657982908821734103532565950846411373752219966575283373022839254200864446494e-181', '-8.53076575557358817755780731125555875534829528083592911040922045691991295687910956789136624e-181']",4.60433590660997214644198044502390124062562605106013892588537857764728380208651330329784928,4.604335906609972,-11,False,0.006731303012703456,4.011110471337427,0.6032646231961994
25,14,blaschke_mu_0p3,alpha^9,alpha,9,1,0.020711912837890625,0.020711912837890624,0.020711912837890624,0.0,0.020711912837890624,0.263218183034250955431438729215038790253297267984625481563515302930565230176017212798397944,0.26321818303425093,['(-0.216607177573209221290572760576651047557696662927931877266551577731181893096216800233624485 + 0.113857196550330776620493276305804301310817989063212358984558054524242195658147292653845876j)'],4.60433590660997214644198044502390124062562605106013892588537857764728380208651330329784928,4.604335906609972,-11,False,0.010590862004576913,24.85332949485126,1.3953845775514886
25,14,blaschke_mu_0p3,alpha^10,alpha,10,1,0.01346274334462890625,0.013462743344628906,0.013462743344628906,0.0,0.013462743344628906,0.25670144081683870536041306624962256133739872280573021771565826929204053000386011151563074,0.2567014408168387,['(-0.216607177573209221290572760576651047557696662927931877266551577731181893096216800233624485 - 0.113857196550330776620493276305804301310817989063212358984558054524242195658147292653845876j)'],4.60433590660997214644198044502390124062562605106013892588537857764728380208651330329784928,4.604335906609972,-11,False,0.013409763460758346,19.14287612663988,1.2820071890358942
25,14,blaschke_mu_0p3,alpha^11,alpha,11,1,0.0087507831740087890625,0.00875078317400879,0.00875078317400879,0.0,0.00875078317400879,0.607494933822758318108281483200710124372694278760121994343699195570878361265292496987272388,0.6074949338227583,['(-0.134727387899840269926040025107191835531068499508190608757593231138158166547507133287835502 - 0.590308486340507230482880962455550352438227352151342278517627239115570528006735142016782466j)'],4.60433590660997214644198044502390124062562605106013892588537857764728380208651330329784928,4.604335906609972,-11,False,0.01343554943815535,45.21548870175309,1.655287229179816
25,14,blaschke_mu_0p3,mu^4,mu,4,2,0.0081,0.0081,0.0081,0.0,0.0081,0.626115767826820948040307374712052230666532884271556997961114739621744238341953917703830913,0.626115767826821,"['(-0.134727387899840269926040025107191835531068499508190608757593231138158166547507133287835502 + 0.590308486340507230482880962455550352438227352151342278517627239115570528006735142016782466j)', '(-0.538600025994599701097452447516964124642910882336607876711586488078132952856098898788399473 + 0.305188525830958403828946849296995733633656015325888677933370214570668366247073552539099099j)']",4.60433590660997214644198044502390124062562605106013892588537857764728380208651330329784928,4.604335906609972,-11,False,0.014763984254666167,42.40831993768462,1.6274510676437346
25,14,blaschke_mu_0p3,alpha^12,alpha,12,1,0.005688009063105712890625,0.005688009063105713,0.005688009063105713,0.0,0.005688009063105713,0.624010818340396661646206872003256812565017417902054293126119710523381272822906853909297256,0.6240108183403966,['(-0.538600025994599701097452447516964124642910882336607876711586488078132952856098898788399473 - 0.305188525830958403828946849296995733633656015325888677933370214570668366247073552539099099j)'],4.60433590660997214644198044502390124062562605106013892588537857764728380208651330329784928,4.604335906609972,-11,False,0.014808333510893418,42.13916561788381,1.6246859320519487
25,14,blaschke_mu_0p3,alpha^13,alpha,13,1,0.00369720589101871337890625,0.0036972058910187135,0.0036972058910187135,0.0,0.0036972058910187135,0.753316437694353535783917472254200581855813496014870437686858450673086075544657709270242161,0.7533164376943535,['(-0.0155617268354959065994107189044965475289258129012755821292469674140704487442914802284219591 - 0.753070215060153880747052104888031541740663751532303345037193392892488101180270135831237318j)'],4.60433590660997214644198044502390124062562605106013892588537857764728380208651330329784928,4.604335906609972,-11,False,0.014009218779485716,53.772908364987934,1.7305635263917054
25,14,blaschke_mu_0p3,mu^5,mu,5,2,0.00243,0.00243,0.00243,0.0,0.00243,0.99757,0.99757,"['(-0.0155617268354959065994107189044965475289258129012755821292469674140704487442914802284219591 + 0.753070215060153880747052104888031541740663751532303345037193392892488101180270135831237318j)', '1.0']",4.60433590660997214644198044502390124062562605106013892588537857764728380208651330329784928,4.604335906609972,-11,False,0.019085831717152175,52.26756762732522,1.718232289831628
25,14,blaschke_mu_0p3,alpha^14,alpha,14,1,0.0024031838291621636962890625,0.0024031838291621636,0.0024031838291621636,0.0,0.0024031838291621636,1.04183454314120791723906145000802672699906134029840432323468703229305085282167641614388958,1.041834543141208,['1.04423772697037008093535051250802672699906134029840432323468703229305085282167641614388958'],4.60433590660997214644198044502390124062562605106013892588537857764728380208651330329784928,4.604335906609972,-11,False,0.027420372787403408,37.99490806411699,1.5797253979896695
25,14,blaschke_mu_0p3,alpha^15,alpha,15,1,0.001562069488955406402587890625,0.0015620694889554065,0.0015620694889554065,0.0,0.0015620694889554065,1.10175598341461705313513163940869321489924289095942605062386862957208537188039677304069614,1.1017559834146171,['1.10331805290357245953771953003369321489924289095942605062386862957208537188039677304069614'],4.60433590660997214644198044502390124062562605106013892588537857764728380208651330329784928,4.604335906609972,-11,False,0.9984379305110446,1.1034796953784496,0.042764346318493365
25,14,blaschke_mu_0p3,alpha^16,alpha,16,1,0.00101534516782101416168212890625,0.0010153451678210142,0.0010153451678210142,0.0,0.0010153451678210142,nan,,[],4.60433590660997214644198044502390124062562605106013892588537857764728380208651330329784928,4.604335906609972,-11,False,,,
25,14,blaschke_mu_0p3,mu^6,mu,6,2,0.000729,0.000729,0.000729,0.0,0.000729,nan,,[],4.60433590660997214644198044502390124062562605106013892588537857764728380208651330329784928,4.604335906609972,-11,False,,,
25,14,blaschke_mu_0p3,alpha^17,alpha,17,1,0.0006599743590836592050933837890625,0.0006599743590836592,0.0006599743590836592,0.0,0.0006599743590836592,nan,,[],4.60433590660997214644198044502390124062562605106013892588537857764728380208651330329784928,4.604335906609972,-11,False,,,
25,14,blaschke_mu_0p3,alpha^18,alpha,18,1,0.000428983333404378483310699462890625,0.0004289833334043785,0.0004289833334043785,0.0,0.0004289833334043785,nan,,[],4.60433590660997214644198044502390124062562605106013892588537857764728380208651330329784928,4.604335906609972,-11,False,,,
25,15,blaschke_mu_0p3,alpha^1,alpha,1,1,0.65,0.65,0.65,0.0,0.65,0.00000925074879847957462909665969355117061552175588911796576897299699465895605245967715847798052,9.250748798479574e-06,['0.649990749251201520425370903340306448829384478244110882034231027003005341043947540322841522'],4.3706470659406807313776334911438629771210659141885750070858522853847144034818583534230228,4.37064706594068,-10,False,2.5770275436851143e-17,358969729335.9593,11.555057827584907
25,15,blaschke_mu_0p3,alpha^2,alpha,2,1,0.4225,0.4225,0.4225,0.0,0.4225,0.0399969012480872199278708963005903802688152129745105109531777197715909837523035459548632587,0.03999690124808722,['(0.398033677536311050455359077528057146090091240822580439247424984316056663668613343626671645 + 0.031640973034216733793359077221209440420560871189667112591976485036558278666950341102062117j)'],4.3706470659406807313776334911438629771210659141885750070858522853847144034818583534230228,4.37064706594068,-10,False,1.8022102324530408e-15,22193249448842.754,13.346220894588209
25,15,blaschke_mu_0p3,mu^1,mu,1,2,0.3,0.3,0.3,0.0,0.3,0.0712943509929400766788258930789695570472632823918207057206970490809057578412676409996106618,0.07129435099294007,"['(0.329344950483292124611848814418991409936982527010182352819456944992172891768879065162010634 + 0.0649750595585542268430494978541008169900493841705931538437160866005536044504039714875542764j)', '(0.329344950483292124611848814418991409936982527010182352819456944992172891768879065162010634 - 0.0649750595585542268430494978541008169900493841705931538437160866005536044504039714875542764j)']",4.3706470659406807313776334911438629771210659141885750070858522853847144034818583534230228,4.37064706594068,-10,False,1.1724304465661102e-16,608090238544653.6,14.783968031894469
25,15,blaschke_mu_0p3,alpha^3,alpha,3,1,0.274625,0.274625,0.274625,0.0,0.274625,0.127400364464993718413320689047827487619040664664707473811229479058430236062511766533290031,0.12740036446499373,['(0.398033677536311050455359077528057146090091240822580439247424984316056663668613343626671645 - 0.031640973034216733793359077221209440420560871189667112591976485036558278666950341102062117j)'],4.3706470659406807313776334911438629771210659141885750070858522853847144034818583534230228,4.37064706594068,-10,False,8.057554706811674e-13,158112937610.33026,11.198967407584913
25,15,blaschke_mu_0p3,alpha^4,alpha,4,1,0.17850625,0.17850625,0.17850625,0.0,0.17850625,0.17850625,0.17850625,['5.62325196909337555483240268235589480151817046469199730849528076185426669631428656624366032e-181'],4.3706470659406807313776334911438629771210659141885750070858522853847144034818583534230228,4.37064706594068,-10,False,8.184178948885144e-12,21811137209.349052,10.338678309818478
25,15,blaschke_mu_0p3,alpha^5,alpha,5,1,0.1160290625,0.1160290625,0.1160290625,0.0,0.1160290625,0.1160290625,0.1160290625,['5.23182933782047561491199261440013142106494278432975166744375703801478241106846143558326204e-181'],4.3706470659406807313776334911438629771210659141885750070858522853847144034818583534230228,4.37064706594068,-10,False,6.62355497104339e-09,17517641.660294436,7.243475638198461
25,15,blaschke_mu_0p3,mu^2,mu,2,2,0.09,0.09,0.09,0.0,0.09,0.09,0.09,"['2.61725087080266254526007456767685501782705875262894733961273416562804433359489261553915233e-181', '2.57819343595701248342758685036263515365919940710463279034722103697102517736946984473776312e-181']",4.3706470659406807313776334911438629771210659141885750070858522853847144034818583534230228,4.37064706594068,-10,False,2.1854527107602267e-07,411813.9896456181,5.6147010958582575
25,15,blaschke_mu_0p3,alpha^6,alpha,6,1,0.075418890625,0.075418890625,0.075418890625,0.0,0.075418890625,0.075418890625,0.075418890625,['2.25228856622570993614186581002843250101956230609214932954183793261153610038186102651161679e-181'],4.3706470659406807313776334911438629771210659141885750070858522853847144034818583534230228,4.37064706594068,-10,False,4.790126681055497e-07,157446.54713052715,5.197133140815041
25,15,blaschke_mu_0p3,alpha^7,alpha,7,1,0.04902227890625,0.04902227890625,0.04902227890625,0.0,0.04902227890625,0.04902227890625,0.04902227890625,['2.71378406626091388990357806086784117071603503948876287470177947382813633264214798346641942e-183'],4.3706470659406807313776334911438629771210659141885750070858522853847144034818583534230228,4.37064706594068,-10,False,9.815685335661921e-05,499.4279790952995,2.6984728688649944
25,15,blaschke_mu_0p3,alpha^8,alpha,8,1,0.0318644812890625,0.0318644812890625,0.0318644812890625,0.0,0.0318644812890625,0.0318644812890625,0.0318644812890625,['-5.94881823539407242003919051588721580449291069119743711273469194097323344659555921430393804e-183'],4.3706470659406807313776334911438629771210659141885750070858522853847144034818583534230228,4.37064706594068,-10,False,0.0015402777756643807,20.687490134899942,1.3157078040208434
25,15,blaschke_mu_0p3,mu^3,mu,3,2,0.027,0.027,0.027,0.0,0.027,0.027,0.027,"['-4.84026804609912830564530626214351114386468026495630665905536138999222947919881855183117534e-182', '-2.2544603702650627050964220431054691294158854751041205335680470032943153576619461832796445e-181']",4.3706470659406807313776334911438629771210659141885750070858522853847144034818583534230228,4.37064706594068,-10,False,0.006731303012703456,4.011110471337427,0.6032646231961994
25,15,blaschke_mu_0p3,alpha^9,alpha,9,1,0.020711912837890625,0.020711912837890624,0.020711912837890624,0.0,0.020711912837890624,0.020711912837890625,0.020711912837890624,['-7.88313731262199055194712294989933618948086873386148662716168621053248787107156014598258095e-181'],4.3706470659406807313776334911438629771210659141885750070858522853847144034818583534230228,4.37064706594068,-10,False,0.010590862004576913,1.9556399496981294,0.2912889004246055
25,15,blaschke_mu_0p3,alpha^10,alpha,10,1,0.01346274334462890625,0.013462743344628906,0.013462743344628906,0.0,0.013462743344628906,0.544651575459459936610151839594741752739545706840405648365565738595609966735665396317146653,0.54465157545946,['0.558114318804088842860151839594741752739545706840405648365565738595609966735665396317146653'],4.3706470659406807313776334911438629771210659141885750070858522853847144034818583534230228,4.37064706594068,-10,False,0.013409763460758346,40.61604643909647,1.6086976469553385
25,15,blaschke_mu_0p3,alpha^11,alpha,11,1,0.0087507831740087890625,0.00875078317400879,0.00875078317400879,0.0,0.00875078317400879,0.608498541750422808140074326680311732169659208594722478252173724235339344135392020201389019,0.6084985417504228,['(-0.131012047394083789645484110663191302202336453652319470747578799752252183257474425213220405 - 0.592230382962564405453062415986413109171471868924523017417885872201159934192193121524678402j)'],4.3706470659406807313776334911438629771210659141885750070858522853847144034818583534230228,4.37064706594068,-10,False,0.01343554943815535,45.29018664635775,1.6560041104669319
25,15,blaschke_mu_0p3,mu^4,mu,4,2,0.0081,0.0081,0.0081,0.0,0.0081,0.672299350824631213329230806401905910191756687197043680986920924297976339459877885796712632,0.6722993508246312,"['(-0.131012047394083789645484110663191302202336453652319470747578799752252183257474425213220405 + 0.592230382962564405453062415986413109171471868924523017417885872201159934192193121524678402j)', '(-0.544587242360041070603955180295232034244545492111416431408877402958155969402788697174174841 - 0.382783527926259885102999193633221771159846589919966949533609763027160800256742457111929606j)']",4.3706470659406807313776334911438629771210659141885750070858522853847144034818583534230228,4.37064706594068,-10,False,0.014763984254666167,45.53644458216965,1.658359118535965
25,15,blaschke_mu_0p3,alpha^12,alpha,12,1,0.005688009063105712890625,0.005688009063105713,0.005688009063105713,0.0,0.005688009063105713,0.670317895912440329282713190559095530551909225699353595385265805139502968602501078416839147,0.6703178959124403,['(-0.544587242360041070603955180295232034244545492111416431408877402958155969402788697174174841 + 0.382783527926259885102999193633221771159846589919966949533609763027160800256742457111929606j)'],4.3706470659406807313776334911438629771210659141885750070858522853847144034818583534230228,4.37064706594068,-10,False,0.014808333510893418,45.26626142093139,1.655774627225385
25,15,blaschke_mu_0p3,alpha^13,alpha,13,1,0.00369720589101871337890625,0.0036972058910187135,0.0036972058910187135,0.0,0.0036972058910187135,0.748018724163044140411777178265952720900991655664566006798971322689237064033149352352989763,0.7480187241630442,['(-0.633243447568110436643065358938325855346392086429402376603292376925022020357386557345486508 - 0.392222660831275613455242931178030225152132433866127870024971794497201256683781244914307484j)'],4.3706470659406807313776334911438629771210659141885750070858522853847144034818583534230228,4.37064706594068,-10,False,0.014009218779485716,53.39474926741805,1.727498551479758
25,15,blaschke_mu_0p3,mu^5,mu,5,2,0.00243,0.00243,0.00243,0.0,0.00243,0.886486133805587784661111636084787834596788485955390502711575295189720931872446451827205993,0.8864861338055878,"['(-0.633243447568110436643065358938325855346392086429402376603292376925022020357386557345486508 + 0.392222660831275613455242931178030225152132433866127870024971794497201256683781244914307484j)', '0.888916133805587784661111636084787834596788485955390502711575295189720931872446451827205993']",4.3706470659406807313776334911438629771210659141885750070858522853847144034818583534230228,4.37064706594068,-10,False,0.019085831717152175,46.447340987970406,1.666960856600793
25,15,blaschke_mu_0p3,alpha^14,alpha,14,1,0.0024031838291621636962890625,0.0024031838291621636,0.0024031838291621636,0.0,0.0024031838291621636,0.986606417963147375121873335212577702306779944963497311501729481078330381367065308400094415,0.9866064179631474,['0.989009601792309538818162397712577702306779944963497311501729481078330381367065308400094415'],4.3706470659406807313776334911438629771210659141885750070858522853847144034818583534230228,4.37064706594068,-10,False,0.027420372787403408,35.980780626599746,1.5560705814149527
25,15,blaschke_mu_0p3,alpha^15,alpha,15,1,0.001562069488955406402587890625,0.0015620694889554065,0.0015620694889554065,0.0,0.0015620694889554065,0.998437930511044593597412109375,0.9984379305110446,['1.0'],4.3706470659406807313776334911438629771210659141885750070858522853847144034818583534230228,4.37064706594068,-10,False,0.9984379305110446,1.0,0.0
25,15,blaschke_mu_0p3,alpha^16,alpha,16,1,0.00101534516782101416168212890625,0.0010153451678210142,0.0010153451678210142,0.0,0.0010153451678210142,nan,,[],4.3706470659406807313776334911438629771210659141885750070858522853847144034818583534230228,4.37064706594068,-10,False,,,
25,15,blaschke_mu_0p3,mu^6,mu,6,2,0.000729,0.000729,0.000729,0.0,0.000729,nan,,[],4.3706470659406807313776334911438629771210659141885750070858522853847144034818583534230228,4.37064706594068,-10,False,,,
25,15,blaschke_mu_0p3,alpha^17,alpha,17,1,0.0006599743590836592050933837890625,0.0006599743590836592,0.0006599743590836592,0.0,0.0006599743590836592,nan,,[],4.3706470659406807313776334911438629771210659141885750070858522853847144034818583534230228,4.37064706594068,-10,False,,,
25,15,blaschke_mu_0p3,alpha^18,alpha,18,1,0.000428983333404378483310699462890625,0.0004289833334043785,0.0004289833334043785,0.0,0.0004289833334043785,nan,,[],4.3706470659406807313776334911438629771210659141885750070858522853847144034818583534230228,4.37064706594068,-10,False,,,
25,16,blaschke_mu_0p3,alpha^1,alpha,1,1,0.65,0.65,0.65,0.0,0.65,0.00000281647608352410809684029642820820465859171816756632203402710105960344171761696620671825899,2.816476083524108e-06,['0.650002816476083524108096840296428208204658591718167566322034027101059603441717616966206718'],4.12976702063277911504590264765571255966949973668668164641658055009005269377514044428709724,4.129767020632779,-9,False,2.5770275436851143e-17,109291656211.65948,11.038587007333474
25,16,blaschke_mu_0p3,alpha^2,alpha,2,1,0.4225,0.4225,0.4225,0.0,0.4225,0.00126591242640060444162529837804342564533482551302658106979070033598818579294712359742400692,0.0012659124264006044,['0.423765912426400604441625298378043425645334825513026581069790700335988185792947123597424007'],4.12976702063277911504590264765571255966949973668668164641658055009005269377514044428709724,4.129767020632779,-9,False,1.8022102324530408e-15,702422172288.7091,11.846598211825523
25,16,blaschke_mu_0p3,mu^1,mu,1,2,0.3,0.3,0.3,0.0,0.3,0.0539878727273075190245763294196242963686936392891683786565665923069621908197772796524417032,0.05398787272730752,"['0.318443349990524349226758921586870023032252661194789059507141102847736311490855287368786565', '(0.284455809000809252803708715885374693255224495768708429747488315497472337306017548634796229 + 0.0517017265456448018294048210903124242049974813172843245717063500177549122165064283734281898j)']",4.12976702063277911504590264765571255966949973668668164641658055009005269377514044428709724,4.129767020632779,-9,False,1.1724304465661102e-16,460478255963333.94,14.663209127392598
25,16,blaschke_mu_0p3,alpha^3,alpha,3,1,0.274625,0.274625,0.274625,0.0,0.274625,0.0526280660238529437094293479370403002819006068868432832824852714630864399140261181388468395,0.05262806602385294,['(0.284455809000809252803708715885374693255224495768708429747488315497472337306017548634796229 - 0.0517017265456448018294048210903124242049974813172843245717063500177549122165064283734281898j)'],4.12976702063277911504590264765571255966949973668668164641658055009005269377514044428709724,4.129767020632779,-9,False,8.057554706811674e-13,65315183003.79936,10.81501414801794
25,16,blaschke_mu_0p3,alpha^4,alpha,4,1,0.17850625,0.17850625,0.17850625,0.0,0.17850625,0.0853783644800339363576271794991875481817740052910846531367217076177686737207818310985687536,0.08537836448003394,['(0.238564020989833310378589444203546152940515445194883076312857830054103623429881543088958456 - 0.0606838468211949873083041739478472638562090465295807764118058861583506673893269107675977959j)'],4.12976702063277911504590264765571255966949973668668164641658055009005269377514044428709724,4.129767020632779,-9,False,8.184178948885144e-12,10432123370.379658,10.018372714388448
25,16,blaschke_mu_0p3,alpha^5,alpha,5,1,0.1160290625,0.1160290625,0.1160290625,0.0,0.1160290625,0.0683683872445902903685807143336738682367242141100635769841453438318108046894291196958767932,0.0683683872445903,['0.0476606752554097096314192856663261317632757858899364230158546561681891953105708803041232068'],4.12976702063277911504590264765571255966949973668668164641658055009005269377514044428709724,4.129767020632779,-9,False,6.62355497104339e-09,10322007.976604806,7.013764190346616
25,16,blaschke_mu_0p3,mu^2,mu,2,2,0.09,0.09,0.09,0.0,0.09,0.09,0.09,"['2.07955449817139767743500084363999717396906958450560177966756321155857171745538067183232002e-179', '4.80563197764898374490738873107725299148405695583485771479500072930671645214545196384417493e-181']",4.12976702063277911504590264765571255966949973668668164641658055009005269377514044428709724,4.129767020632779,-9,False,2.1854527107602267e-07,411813.9896456181,5.6147010958582575
25,16,blaschke_mu_0p3,alpha^6,alpha,6,1,0.075418890625,0.075418890625,0.075418890625,0.0,0.075418890625,0.075418890625,0.075418890625,['1.54354051521023750626128680294376008780041483109552189224906702683511546302837713040682944e-181'],4.12976702063277911504590264765571255966949973668668164641658055009005269377514044428709724,4.129767020632779,-9,False,4.790126681055497e-07,157446.54713052715,5.197133140815041
25,16,blaschke_mu_0p3,alpha^7,alpha,7,1,0.04902227890625,0.04902227890625,0.04902227890625,0.0,0.04902227890625,0.04902227890625,0.04902227890625,['5.75175326054779410671216022050850126441343042661661509210852657320894418447928496120864732e-182'],4.12976702063277911504590264765571255966949973668668164641658055009005269377514044428709724,4.129767020632779,-9,False,9.815685335661921e-05,499.4279790952995,2.6984728688649944
25,16,blaschke_mu_0p3,alpha^8,alpha,8,1,0.0318644812890625,0.0318644812890625,0.0318644812890625,0.0,0.0318644812890625,0.0318644812890625,0.0318644812890625,['4.8237231413131196904057919079551329828146308957448228803404019284909641108360754519049597e-182'],4.12976702063277911504590264765571255966949973668668164641658055009005269377514044428709724,4.129767020632779,-9,False,0.0015402777756643807,20.687490134899942,1.3157078040208434
25,16,blaschke_mu_0p3,mu^3,mu,3,2,0.027,0.027,0.027,0.0,0.027,0.027,0.027,"['-6.69780504642046137334464570066211483972740735826755596302884328675757436491186484603274792e-184', '-1.74719657320168435416919664393558712401690611350677791786670789749837446465665954165891271e-181']",4.12976702063277911504590264765571255966949973668668164641658055009005269377514044428709724,4.129767020632779,-9,False,0.006731303012703456,4.011110471337427,0.6032646231961994
25,16,blaschke_mu_0p3,alpha^9,alpha,9,1,0.020711912837890625,0.020711912837890624,0.020711912837890624,0.0,0.020711912837890624,0.020711912837890625,0.020711912837890624,['-2.54233967843302113640663066519751823038688007158504135025481078405203614335765566665271913e-181'],4.12976702063277911504590264765571255966949973668668164641658055009005269377514044428709724,4.129767020632779,-9,False,0.010590862004576913,1.9556399496981294,0.2912889004246055
25,16,blaschke_mu_0p3,alpha^10,alpha,10,1,0.01346274334462890625,0.013462743344628906,0.013462743344628906,0.0,0.013462743344628906,0.01346274334462890625,0.013462743344628906,['-2.80734828696931565394607426938434876213441649889604356552981383906376280521728871308394728e-181'],4.12976702063277911504590264765571255966949973668668164641658055009005269377514044428709724,4.129767020632779,-9,False,0.013409763460758346,1.0039508440268612,0.001712449173035994
25,16,blaschke_mu_0p3,alpha^11,alpha,11,1,0.0087507831740087890625,0.00875078317400879,0.00875078317400879,0.0,0.00875078317400879,0.237690247045205821517610462148543031170724944979270567535065926620972253253046621309052816,0.23769024704520583,['(0.238564020989833310378589444203546152940515445194883076312857830054103623429881543088958456 + 0.0606838468211949873083041739478472638562090465295807764118058861583506673893269107675977959j)'],4.12976702063277911504590264765571255966949973668668164641658055009005269377514044428709724,4.129767020632779,-9,False,0.01343554943815535,17.69114453705883,1.2477559307078956
25,16,blaschke_mu_0p3,mu^4,mu,4,2,0.0081,0.0081,0.0081,0.0,0.0081,0.701887702513806322196533886659969354602655998370129422846970071412907051511955385410452781,0.7018877025138063,"['0.633546058081458316426945907872492305424689222057855577710766714931076010181390899847225623', '(-0.575049819788043097336176406698872406308112245359001778539215269316889442434936700386768814 + 0.390618272257305368634152343813975487296808791202803125257812385847935547098286152702743205j)']",4.12976702063277911504590264765571255966949973668668164641658055009005269377514044428709724,4.129767020632779,-9,False,0.014763984254666167,47.54053447950368,1.6770640600214064
25,16,blaschke_mu_0p3,alpha^12,alpha,12,1,0.005688009063105712890625,0.005688009063105713,0.005688009063105713,0.0,0.005688009063105713,0.699885033759137150222896670450689183761213450372878592363248942276669179076102574034006514,0.6998850337591371,['(-0.575049819788043097336176406698872406308112245359001778539215269316889442434936700386768814 - 0.390618272257305368634152343813975487296808791202803125257812385847935547098286152702743205j)'],4.12976702063277911504590264765571255966949973668668164641658055009005269377514044428709724,4.129767020632779,-9,False,0.014808333510893418,47.26291673835428,1.6745205197568862
25,16,blaschke_mu_0p3,alpha^13,alpha,13,1,0.00369720589101871337890625,0.0036972058910187135,0.0036972058910187135,0.0,0.0036972058910187135,0.739855028267840095905362594173885736530942297923910065472518389517798055030081091098762773,0.7398550282678401,['(0.742677483469003667267466764570255027712667543905754783038326029470212411442423693633434584 - 0.0359668208766187089598058947558066093812160684181557970727791746386401769001939637270436983j)'],4.12976702063277911504590264765571255966949973668668164641658055009005269377514044428709724,4.129767020632779,-9,False,0.014009218779485716,52.812011855453406,1.7227327121027576
25,16,blaschke_mu_0p3,mu^5,mu,5,2,0.00243,0.00243,0.00243,0.0,0.00243,0.815432340436664093591090433883602914706950820767385712567724715374260702567283214331255677,0.8154323404366641,"['(0.742677483469003667267466764570255027712667543905754783038326029470212411442423693633434584 + 0.0359668208766187089598058947558066093812160684181557970727791746386401769001939637270436983j)', '(-0.709703803379895211936063180283332729746231008719310566421504645321295200482327600445157437 - 0.397234625773862259205597677715965839393952982955406979779385945400412610508383514666352358j)']",4.12976702063277911504590264765571255966949973668668164641658055009005269377514044428709724,4.129767020632779,-9,False,0.019085831717152175,42.7244854990441,1.630676841521002
25,16,blaschke_mu_0p3,alpha^14,alpha,14,1,0.0024031838291621636962890625,0.0024031838291621636,0.0024031838291621636,0.0,0.0024031838291621636,0.815408921428789003815944090103115623732241316975058723899187965882101826188060531802661076,0.815408921428789,['(-0.709703803379895211936063180283332729746231008719310566421504645321295200482327600445157437 + 0.397234625773862259205597677715965839393952982955406979779385945400412610508383514666352358j)'],4.12976702063277911504590264765571255966949973668668164641658055009005269377514044428709724,4.129767020632779,-9,False,0.027420372787403408,29.737339012523496,1.47330210393437
25,16,blaschke_mu_0p3,alpha^15,alpha,15,1,0.001562069488955406402587890625,0.0015620694889554065,0.0015620694889554065,0.0,0.0015620694889554065,0.998437930511044593597412109375,0.9984379305110446,['1.0'],4.12976702063277911504590264765571255966949973668668164641658055009005269377514044428709724,4.129767020632779,-9,False,0.9984379305110446,1.0,0.0
25,16,blaschke_mu_0p3,alpha^16,alpha,16,1,0.00101534516782101416168212890625,0.0010153451678210142,0.0010153451678210142,0.0,0.0010153451678210142,nan,,[],4.12976702063277911504590264765571255966949973668668164641658055009005269377514044428709724,4.129767020632779,-9,False,,,
25,16,blaschke_mu_0p3,mu^6,mu,6,2,0.000729,0.000729,0.000729,0.0,0.000729,nan,,[],4.12976702063277911504590264765571255966949973668668164641658055009005269377514044428709724,4.129767020632779,-9,False,,,
25,16,blaschke_mu_0p3,alpha^17,alpha,17,1,0.0006599743590836592050933837890625,0.0006599743590836592,0.0006599743590836592,0.0,0.0006599743590836592,nan,,[],4.12976702063277911504590264765571255966949973668668164641658055009005269377514044428709724,4.129767020632779,-9,False,,,
25,16,blaschke_mu_0p3,alpha^18,alpha,18,1,0.000428983333404378483310699462890625,0.0004289833334043785,0.0004289833334043785,0.0,0.0004289833334043785,nan,,[],4.12976702063277911504590264765571255966949973668668164641658055009005269377514044428709724,4.129767020632779,-9,False,,,
25,17,blaschke_mu_0p3,alpha^1,alpha,1,1,0.65,0.65,0.65,0.0,0.65,0.000000889118905584947253328905317048209241052153578205211243125192508273212997616723986413782626,8.891189055849473e-07,['0.650000889118905584947253328905317048209241052153578205211243125192508273212997616723986414'],3.87680241288249197075929256380794798059223236933743597626642893999626723294686644219540229,3.876802412882492,-8,False,2.5770275436851143e-17,34501723032.169044,10.537840784484217
25,17,blaschke_mu_0p3,alpha^2,alpha,2,1,0.4225,0.4225,0.4225,0.0,0.4225,0.0000917821025861427125203262471859685892405770741582369128393805186696328774702535937095980504,9.178210258614272e-05,['0.422408217897413857287479673752814031410759422925841763087160619481330367122529746406290402'],3.87680241288249197075929256380794798059223236933743597626642893999626723294686644219540229,3.876802412882492,-8,False,1.8022102324530408e-15,50927522734.80071,10.706952551322999
25,17,blaschke_mu_0p3,mu^1,mu,1,2,0.3,0.3,0.3,0.0,0.3,0.00478401641115086153996973104028585293379980291519324026152600073005832826989132449214336033,0.004784016411150862,"['0.304507490001639210163143023057216767234167473662236419985865570015519191290956497773292397', '0.30478401641115086153996973104028585293379980291519324026152600073005832826989132449214336']",3.87680241288249197075929256380794798059223236933743597626642893999626723294686644219540229,3.876802412882492,-8,False,1.1724304465661102e-16,40804266258715.79,13.61070557278977
25,17,blaschke_mu_0p3,alpha^3,alpha,3,1,0.274625,0.274625,0.274625,0.0,0.274625,0.019045722533723818829894215304819543183638159256579772585944771495613595410190125251779733,0.01904572253372382,['(0.280965175066609059246945059215945354893571477249227439473750322313690885531888317517460431 + 0.0179594467330244907081907003472967744658347726921043806052755413805937277834897797915468592j)'],3.87680241288249197075929256380794798059223236933743597626642893999626723294686644219540229,3.876802412882492,-8,False,8.057554706811674e-13,23637099873.021027,10.373594190212279
25,17,blaschke_mu_0p3,alpha^4,alpha,4,1,0.17850625,0.17850625,0.17850625,0.0,0.17850625,0.0699969134936602526143030362991459136573465746715823235486534089656523784983730286650256425,0.06999691349366026,['(0.189206494832549725344225749353427670597753708547386175308397891205145973755514486452687408 - 0.0691742196136859187013110938397788615349391922567457147946365440307857686605814401473511747j)'],3.87680241288249197075929256380794798059223236933743597626642893999626723294686644219540229,3.876802412882492,-8,False,8.184178948885144e-12,8552710532.214755,9.932103773515244
25,17,blaschke_mu_0p3,alpha^5,alpha,5,1,0.1160290625,0.1160290625,0.1160290625,0.0,0.1160290625,0.0171144363174439928123567592241620677109154724006349463812900510667711489288905730033621531,0.01711443631744399,['0.0989146261825560071876432407758379322890845275993650536187099489332288510711094269966378469'],3.87680241288249197075929256380794798059223236933743597626642893999626723294686644219540229,3.876802412882492,-8,False,6.62355497104339e-09,2583874.7307547447,6.412271454732983
25,17,blaschke_mu_0p3,mu^2,mu,2,2,0.09,0.09,0.09,0.0,0.09,0.09,0.09,"['1.60309769110983313806756205150806681286204953050785013561538582208674645076516420961609239e-180', '1.27562968489975693118409870651342887227715441339417810684150928553493839483903267646432786e-180']",3.87680241288249197075929256380794798059223236933743597626642893999626723294686644219540229,3.876802412882492,-8,False,2.1854527107602267e-07,411813.9896456181,5.6147010958582575
25,17,blaschke_mu_0p3,alpha^6,alpha,6,1,0.075418890625,0.075418890625,0.075418890625,0.0,0.075418890625,0.075418890625,0.075418890625,['1.27639011118033549861848387142049382102552223720470881498366478471467760640680894937926257e-180'],3.87680241288249197075929256380794798059223236933743597626642893999626723294686644219540229,3.876802412882492,-8,False,4.790126681055497e-07,157446.54713052715,5.197133140815041
25,17,blaschke_mu_0p3,alpha^7,alpha,7,1,0.04902227890625,0.04902227890625,0.04902227890625,0.0,0.04902227890625,0.04902227890625,0.04902227890625,['1.1980258112790735320257464437780945018276187984888708926321140834783921435332536368464406e-181'],3.87680241288249197075929256380794798059223236933743597626642893999626723294686644219540229,3.876802412882492,-8,False,9.815685335661921e-05,499.4279790952995,2.6984728688649944
25,17,blaschke_mu_0p3,alpha^8,alpha,8,1,0.0318644812890625,0.0318644812890625,0.0318644812890625,0.0,0.0318644812890625,0.0318644812890625,0.0318644812890625,['1.15799929251315115768466143209756609371000131914483428141559364373976874727592474121884599e-181'],3.87680241288249197075929256380794798059223236933743597626642893999626723294686644219540229,3.876802412882492,-8,False,0.0015402777756643807,20.687490134899942,1.3157078040208434
25,17,blaschke_mu_0p3,mu^3,mu,3,2,0.027,0.027,0.027,0.0,0.027,0.027,0.027,"['-1.0624022203725668969593355946689889923710295310788522900780364911830310034533005646758356e-182', '-3.22033308336028537875172380734973584775181420682106075080906166246783337147745763956063228e-181']",3.87680241288249197075929256380794798059223236933743597626642893999626723294686644219540229,3.876802412882492,-8,False,0.006731303012703456,4.011110471337427,0.6032646231961994
25,17,blaschke_mu_0p3,alpha^9,alpha,9,1,0.020711912837890625,0.020711912837890624,0.020711912837890624,0.0,0.020711912837890624,0.020711912837890625,0.020711912837890624,['-1.0035699140885791720135234273628331761145107110826355762442698982902257796121943837607316e-180'],3.87680241288249197075929256380794798059223236933743597626642893999626723294686644219540229,3.876802412882492,-8,False,0.010590862004576913,1.9556399496981294,0.2912889004246055
25,17,blaschke_mu_0p3,alpha^10,alpha,10,1,0.01346274334462890625,0.013462743344628906,0.013462743344628906,0.0,0.013462743344628906,0.152309293108227333955468735321951598327964974648054777532429331015291355760810473144887495,0.15230929310822733,['(0.148742467315309157538740501385505121926981900552924626470678849897818289947086346210975802 + 0.0699822623922981320597885088645286846056231306757818604824866446649675074632762216498931948j)'],3.87680241288249197075929256380794798059223236933743597626642893999626723294686644219540229,3.876802412882492,-8,False,0.013409763460758346,11.35808946622642,1.055305285243322
25,17,blaschke_mu_0p3,alpha^11,alpha,11,1,0.0087507831740087890625,0.00875078317400879,0.00875078317400879,0.0,0.00875078317400879,0.156509388466833115280556661452113747597103694085946297083256504363698595017800624000196917,0.15650938846683313,['(0.148742467315309157538740501385505121926981900552924626470678849897818289947086346210975802 - 0.0699822623922981320597885088645286846056231306757818604824866446649675074632762216498931948j)'],3.87680241288249197075929256380794798059223236933743597626642893999626723294686644219540229,3.876802412882492,-8,False,0.01343554943815535,11.648901236771547,1.066284963189398
25,17,blaschke_mu_0p3,mu^4,mu,4,2,0.0081,0.0081,0.0081,0.0,0.0081,0.273455564015595693406017172824500296885867746205340657338281436411616009697095490678188415,0.2734555640155957,"['(0.189206494832549725344225749353427670597753708547386175308397891205145973755514486452687408 + 0.0691742196136859187013110938397788615349391922567457147946365440307857686605814401473511747j)', '(0.280965175066609059246945059215945354893571477249227439473750322313690885531888317517460431 - 0.0179594467330244907081907003472967744658347726921043806052755413805937277834897797915468592j)']",3.87680241288249197075929256380794798059223236933743597626642893999626723294686644219540229,3.876802412882492,-8,False,0.014763984254666167,18.521800030311592,1.26768319105238
25,17,blaschke_mu_0p3,alpha^12,alpha,12,1,0.005688009063105712890625,0.005688009063105713,0.005688009063105713,0.0,0.005688009063105713,0.572991747595711408915919775476667108045980979930760625062512488701204611022811144175869034,0.5729917475957114,['0.578679756658817121806544775476667108045980979930760625062512488701204611022811144175869034'],3.87680241288249197075929256380794798059223236933743597626642893999626723294686644219540229,3.876802412882492,-8,False,0.014808333510893418,38.69387106754469,1.5876421802039344
25,17,blaschke_mu_0p3,alpha^13,alpha,13,1,0.00369720589101871337890625,0.0036972058910187135,0.0036972058910187135,0.0,0.0036972058910187135,0.651351547665260344334873733589572285259230628292864114473912085222954295965271545286189279,0.6513515476652604,['0.655048753556279057713779983589572285259230628292864114473912085222954295965271545286189279'],3.87680241288249197075929256380794798059223236933743597626642893999626723294686644219540229,3.876802412882492,-8,False,0.014009218779485716,46.49449465512393,1.6674015317620192
25,17,blaschke_mu_0p3,mu^5,mu,5,2,0.00243,0.00243,0.00243,0.0,0.00243,0.756029299773028583081442684382718085096400732802133119197284748548015160116946936821988739,0.7560292997730286,"['(-0.694140995833926249397419156906796014369235661554243494542237016027237368773885617233827959 + 0.293886287325945537814759671405383797894458389397330718531694053110825505524601501859444389j)', '(-0.694140995833926249397419156906796014369235661554243494542237016027237368773885617233827959 - 0.293886287325945537814759671405383797894458389397330718531694053110825505524601501859444389j)']",3.87680241288249197075929256380794798059223236933743597626642893999626723294686644219540229,3.876802412882492,-8,False,0.019085831717152175,39.61206988394409,1.5978275365645596
25,17,blaschke_mu_0p3,alpha^14,alpha,14,1,0.0024031838291621636962890625,0.0024031838291621636,0.0024031838291621636,0.0,0.0024031838291621636,0.980167051639728646759308149054610781249401401610606173449143487767729261457826993628776195,0.9801670516397286,['-0.977763867810566483063019086554610781249401401610606173449143487767729261457826993628776195'],3.87680241288249197075929256380794798059223236933743597626642893999626723294686644219540229,3.876802412882492,-8,False,0.027420372787403408,35.74594186735512,1.553226744748227
25,17,blaschke_mu_0p3,alpha^15,alpha,15,1,0.001562069488955406402587890625,0.0015620694889554065,0.0015620694889554065,0.0,0.0015620694889554065,0.998437930511044593597412109375,0.9984379305110446,['1.0'],3.87680241288249197075929256380794798059223236933743597626642893999626723294686644219540229,3.876802412882492,-8,False,0.9984379305110446,1.0,0.0
25,17,blaschke_mu_0p3,alpha^16,alpha,16,1,0.00101534516782101416168212890625,0.0010153451678210142,0.0010153451678210142,0.0,0.0010153451678210142,nan,,[],3.87680241288249197075929256380794798059223236933743597626642893999626723294686644219540229,3.876802412882492,-8,False,,,
25,17,blaschke_mu_0p3,mu^6,mu,6,2,0.000729,0.000729,0.000729,0.0,0.000729,nan,,[],3.87680241288249197075929256380794798059223236933743597626642893999626723294686644219540229,3.876802412882492,-8,False,,,
25,17,blaschke_mu_0p3,alpha^17,alpha,17,1,0.0006599743590836592050933837890625,0.0006599743590836592,0.0006599743590836592,0.0,0.0006599743590836592,nan,,[],3.87680241288249197075929256380794798059223236933743597626642893999626723294686644219540229,3.876802412882492,-8,False,,,
25,17,blaschke_mu_0p3,alpha^18,alpha,18,1,0.000428983333404378483310699462890625,0.0004289833334043785,0.0004289833334043785,0.0,0.0004289833334043785,nan,,[],3.87680241288249197075929256380794798059223236933743597626642893999626723294686644219540229,3.876802412882492,-8,False,,,
25,18,blaschke_mu_0p3,alpha^1,alpha,1,1,0.65,0.65,0.65,0.0,0.65,0.00000000023301318484644511625284530894428325809014885123648665118760299570350030632575232843009413,2.330131848464451e-10,['0.649999999766986815153554883747154691055716741909851148763513348812397004296499693674247672'],3.60771023222120960374417494165857959710061247156592462312372769172458192793221943366468102,3.60771023222121,-7,False,2.5770275436851143e-17,9041936.141405746,6.956261435508158
25,18,blaschke_mu_0p3,alpha^2,alpha,2,1,0.4225,0.4225,0.4225,0.0,0.4225,0.000000401764573760999038335903561255087530044540714171809261392710433433624378696354627583340236,4.0176457376099905e-07,['0.422500401764573760999038335903561255087530044540714171809261392710433433624378696354627583'],3.60771023222120960374417494165857959710061247156592462312372769172458192793221943366468102,3.60771023222121,-7,False,1.8022102324530408e-15,222928805.1561807,8.348166188319299
25,18,blaschke_mu_0p3,mu^1,mu,1,2,0.3,0.3,0.3,0.0,0.3,0.000518702218067625402859434846521114203999093136248252654011435109425027380167269044982019562,0.0005187022180676254,"['0.299965328649661415649222175372292397902418124953782630725833789493623382880761689855895727', '0.30051870221806762540285943484652111420399909313624825265401143510942502738016726904498202']",3.60771023222120960374417494165857959710061247156592462312372769172458192793221943366468102,3.60771023222121,-7,False,1.1724304465661102e-16,4424161958492.581,12.645831017119463
25,18,blaschke_mu_0p3,alpha^3,alpha,3,1,0.274625,0.274625,0.274625,0.0,0.274625,0.000133531690299078890096232548346445374143785359156529318724762099248401364405002683498695612,0.00013353169029907888,['0.274758531690299078890096232548346445374143785359156529318724762099248401364405002683498696'],3.60771023222120960374417494165857959710061247156592462312372769172458192793221943366468102,3.60771023222121,-7,False,8.057554706811674e-13,165722350.21400997,8.219381083676089
25,18,blaschke_mu_0p3,alpha^4,alpha,4,1,0.17850625,0.17850625,0.17850625,0.0,0.17850625,0.0196788306085066638403535124077656840127242632091262948485627480325870931777196269456346777,0.019678830608506663,['0.198185080608506663840353512407765684012724263209126294848562748032587093177719626945634678'],3.60771023222120960374417494165857959710061247156592462312372769172458192793221943366468102,3.60771023222121,-7,False,8.184178948885144e-12,2404496618.587174,9.381024170667484
25,18,blaschke_mu_0p3,alpha^5,alpha,5,1,0.1160290625,0.1160290625,0.1160290625,0.0,0.1160290625,0.0409806937137552654881518004373429365222732107843354038942897537685597521805658295786245963,0.04098069371375527,['(0.154946457699968591787939196767892169745184320390509162356181945534484346786988119449493693 + 0.0128395330176016115596354170341231787528208552300296572681703891078426535302755776787359391j)'],3.60771023222120960374417494165857959710061247156592462312372769172458192793221943366468102,3.60771023222121,-7,False,6.62355497104339e-09,6187114.607323881,6.791488160769856
25,18,blaschke_mu_0p3,mu^2,mu,2,2,0.09,0.09,0.09,0.0,0.09,0.0578817293803702199086002539881887230134935951600662055821186023919365909543040244024161357,0.05788172938037022,"['0.0546314094238856424527195565677612515442577645683744647364245954470014298339372181951065903', '(0.0678060072858084257180319240419773840967248736696518810231482902004005669126549964439302021 + 0.0534576587914662087597471882012564168071773272445919827824216629228229837943238870982467509j)']",3.60771023222120960374417494165857959710061247156592462312372769172458192793221943366468102,3.60771023222121,-7,False,2.1854527107602267e-07,264850.06559686945,5.423000084835728
25,18,blaschke_mu_0p3,alpha^6,alpha,6,1,0.075418890625,0.075418890625,0.075418890625,0.0,0.075418890625,0.0539970117339928830022029740236717907593554548365239521876480085529842875488924342784028452,0.053997011733992885,['(0.0678060072858084257180319240419773840967248736696518810231482902004005669126549964439302021 - 0.0534576587914662087597471882012564168071773272445919827824216629228229837943238870982467509j)'],3.60771023222120960374417494165857959710061247156592462312372769172458192793221943366468102,3.60771023222121,-7,False,4.790126681055497e-07,112725.64449609655,5.052022727015186
25,18,blaschke_mu_0p3,alpha^7,alpha,7,1,0.04902227890625,0.04902227890625,0.04902227890625,0.0,0.04902227890625,0.04902227890625,0.04902227890625,['3.20796796162786073432999490828342095288408636261236395519294788747718130464849548815104446e-179'],3.60771023222120960374417494165857959710061247156592462312372769172458192793221943366468102,3.60771023222121,-7,False,9.815685335661921e-05,499.4279790952995,2.6984728688649944
25,18,blaschke_mu_0p3,alpha^8,alpha,8,1,0.0318644812890625,0.0318644812890625,0.0318644812890625,0.0,0.0318644812890625,0.0318644812890625,0.0318644812890625,['2.26000260112164224182085978926004776587439132156296265879621762595102865516026847728842238e-181'],3.60771023222120960374417494165857959710061247156592462312372769172458192793221943366468102,3.60771023222121,-7,False,0.0015402777756643807,20.687490134899942,1.3157078040208434
25,18,blaschke_mu_0p3,mu^3,mu,3,2,0.027,0.027,0.027,0.0,0.027,0.027,0.027,"['1.84268291903011979436028181465525790446108899569778391427137503547284639187505035975405504e-181', '1.65067218781681465585479821471389314694785988707350520367511387281308606538891672211113714e-181']",3.60771023222120960374417494165857959710061247156592462312372769172458192793221943366468102,3.60771023222121,-7,False,0.006731303012703456,4.011110471337427,0.6032646231961994
25,18,blaschke_mu_0p3,alpha^9,alpha,9,1,0.020711912837890625,0.020711912837890624,0.020711912837890624,0.0,0.020711912837890624,0.020711912837890625,0.020711912837890624,['-3.95900696873430851771382082534196086963461819023763255615631186251888250686029608645624285e-181'],3.60771023222120960374417494165857959710061247156592462312372769172458192793221943366468102,3.60771023222121,-7,False,0.010590862004576913,1.9556399496981294,0.2912889004246055
25,18,blaschke_mu_0p3,alpha^10,alpha,10,1,0.01346274334462890625,0.013462743344628906,0.013462743344628906,0.0,0.013462743344628906,0.01346274334462890625,0.013462743344628906,['-7.22251042507939494157400267218583191510370512894236044700956695826421258464808498429152286e-181'],3.60771023222120960374417494165857959710061247156592462312372769172458192793221943366468102,3.60771023222121,-7,False,0.013409763460758346,1.0039508440268612,0.001712449173035994
25,18,blaschke_mu_0p3,alpha^11,alpha,11,1,0.0087507831740087890625,0.00875078317400879,0.00875078317400879,0.0,0.00875078317400879,0.0087507831740087890625,0.00875078317400879,['-6.74980169879006535198169505639434282487075223935839905601556332696486426661448109583604744e-179'],3.60771023222120960374417494165857959710061247156592462312372769172458192793221943366468102,3.60771023222121,-7,False,0.01343554943815535,0.6513156171460778,-0.18620850825452206
25,18,blaschke_mu_0p3,mu^4,mu,4,2,0.0081,0.0081,0.0081,0.0,0.0081,0.133124673017801746809033377268153589095590857309667793368741309548057312210920813828314781,0.13312467301780176,"['(0.120213890485081187549717738224093792539099113091830907661860915702932294342919145589144798 + 0.0717819902649393973080582953332639133151166492486394279015541106269956900838144441645193054j)', '(0.120213890485081187549717738224093792539099113091830907661860915702932294342919145589144798 - 0.0717819902649393973080582953332639133151166492486394279015541106269956900838144441645193054j)']",3.60771023222120960374417494165857959710061247156592462312372769172458192793221943366468102,3.60771023222121,-7,False,0.014763984254666167,9.0168528170658,0.9550549807033295
25,18,blaschke_mu_0p3,alpha^12,alpha,12,1,0.005688009063105712890625,0.005688009063105713,0.005688009063105713,0.0,0.005688009063105713,0.149809672910640573686171165134229852885267509760069645822335229002259853425653468626076048,0.14980967291064057,['(0.154946457699968591787939196767892169745184320390509162356181945534484346786988119449493693 - 0.0128395330176016115596354170341231787528208552300296572681703891078426535302755776787359391j)'],3.60771023222120960374417494165857959710061247156592462312372769172458192793221943366468102,3.60771023222121,-7,False,0.014808333510893418,10.116578803444456,1.0050336688288524
25,18,blaschke_mu_0p3,alpha^13,alpha,13,1,0.00369720589101871337890625,0.0036972058910187135,0.0036972058910187135,0.0,0.0036972058910187135,0.266810931530449946878629316222036579889389418140417394824478129294475629327397556455965382,0.26681093153044994,['0.270508137421468660257535566222036579889389418140417394824478129294475629327397556455965382'],3.60771023222120960374417494165857959710061247156592462312372769172458192793221943366468102,3.60771023222121,-7,False,0.014009218779485716,19.045382596290974,1.2797897014805037
25,18,blaschke_mu_0p3,mu^5,mu,5,2,0.00243,0.00243,0.00243,0.0,0.00243,0.808783324097153155491155984018440008577756003576075795494250860913222161490457520684474757,0.8087833240971531,"['0.552452442631960325571481724678280778375495478181179215909981655105376822702346602729973816', '-0.806353324097153155491155984018440008577756003576075795494250860913222161490457520684474757']",3.60771023222120960374417494165857959710061247156592462312372769172458192793221943366468102,3.60771023222121,-7,False,0.019085831717152175,42.376111037922996,1.6271210979088058
25,18,blaschke_mu_0p3,alpha^14,alpha,14,1,0.0024031838291621636962890625,0.0024031838291621636,0.0024031838291621636,0.0,0.0024031838291621636,0.983781739342712897643459685163630191820384677363960515071292186756934688551210200043742546,0.9837817393427128,['-0.981378555513550733947170622663630191820384677363960515071292186756934688551210200043742546'],3.60771023222120960374417494165857959710061247156592462312372769172458192793221943366468102,3.60771023222121,-7,False,0.027420372787403408,35.87776676014596,1.5548254022112311
25,18,blaschke_mu_0p3,alpha^15,alpha,15,1,0.001562069488955406402587890625,0.0015620694889554065,0.0015620694889554065,0.0,0.0015620694889554065,0.998437930511044593597412109375,0.9984379305110446,['1.0'],3.60771023222120960374417494165857959710061247156592462312372769172458192793221943366468102,3.60771023222121,-7,False,0.9984379305110446,1.0,0.0
25,18,blaschke_mu_0p3,alpha^16,alpha,16,1,0.00101534516782101416168212890625,0.0010153451678210142,0.0010153451678210142,0.0,0.0010153451678210142,nan,,[],3.60771023222120960374417494165857959710061247156592462312372769172458192793221943366468102,3.60771023222121,-7,False,,,
25,18,blaschke_mu_0p3,mu^6,mu,6,2,0.000729,0.000729,0.000729,0.0,0.000729,nan,,[],3.60771023222120960374417494165857959710061247156592462312372769172458192793221943366468102,3.60771023222121,-7,False,,,
25,18,blaschke_mu_0p3,alpha^17,alpha,17,1,0.0006599743590836592050933837890625,0.0006599743590836592,0.0006599743590836592,0.0,0.0006599743590836592,nan,,[],3.60771023222120960374417494165857959710061247156592462312372769172458192793221943366468102,3.60771023222121,-7,False,,,
25,18,blaschke_mu_0p3,alpha^18,alpha,18,1,0.000428983333404378483310699462890625,0.0004289833334043785,0.0004289833334043785,0.0,0.0004289833334043785,nan,,[],3.60771023222120960374417494165857959710061247156592462312372769172458192793221943366468102,3.60771023222121,-7,False,,,
25,19,blaschke_mu_0p3,alpha^1,alpha,1,1,0.65,0.65,0.65,0.0,0.65,0.00000000000146108074304580365831282890782295294203463556753502896537827512601601959081845433175995495,1.4610807430458036e-12,['0.650000000001461080743045803658312828907822952942034635567535028965378275126016019590818454'],3.31779986405314311101003873413607197973420453185730391155934498970698163708743298151157688,3.317799864053143,-6,False,2.5770275436851143e-17,56696.35726735299,4.753555156432434
25,19,blaschke_mu_0p3,alpha^2,alpha,2,1,0.4225,0.4225,0.4225,0.0,0.4225,0.00000000532973345686719351780347108046388873245598751820856105707930492002397067700537349038020098,5.329733456867194e-09,['0.42249999467026654313280648219652891953611126754401248179143894292069507997602932299462651'],3.31779986405314311101003873413607197973420453185730391155934498970698163708743298151157688,3.317799864053143,-6,False,1.8022102324530408e-15,2957331.703534242,6.470900039079822
25,19,blaschke_mu_0p3,mu^1,mu,1,2,0.3,0.3,0.3,0.0,0.3,0.00000181126386683930530042227645260870260940743928869211361071690463749314110500867688444881072,1.8112638668393054e-06,"['0.299999144764851386683779844664359403418883638972476687693682742904059014741262622093110014', '0.299998188736133160694699577723547391297390592560711307886389283095362506858894991323115551']",3.31779986405314311101003873413607197973420453185730391155934498970698163708743298151157688,3.317799864053143,-6,False,1.1724304465661102e-16,15448795893.558136,10.188894635400846
25,19,blaschke_mu_0p3,alpha^3,alpha,3,1,0.274625,0.274625,0.274625,0.0,0.274625,0.00000341759410620129946614046461729631424790741082834575007587580502500397088181162763231294183,3.4175941062012996e-06,['0.274628417594106201299466140464617296314247907410828345750075875805025003970881811627632313'],3.31779986405314311101003873413607197973420453185730391155934498970698163708743298151157688,3.317799864053143,-6,False,8.057554706811674e-13,4241478.004874286,6.627517219213082
25,19,blaschke_mu_0p3,alpha^4,alpha,4,1,0.17850625,0.17850625,0.17850625,0.0,0.17850625,0.00228454257667296343757630355765456253308731515647829123718581439470281625202631869063844702,0.0022845425766729634,['0.176221707423327036562423696442345437466912684843521708762814185605297183747973681309361553'],3.31779986405314311101003873413607197973420453185730391155934498970698163708743298151157688,3.317799864053143,-6,False,8.184178948885144e-12,279141327.5468721,8.445824139594489
25,19,blaschke_mu_0p3,alpha^5,alpha,5,1,0.1160290625,0.1160290625,0.1160290625,0.0,0.1160290625,0.00275750740215661380324977996335687285081301876317165193115768567299895732364819635025411347,0.0027575074021566138,['0.118786569902156613803249779963356872850813018763171651931157685672998957323648196350254113'],3.31779986405314311101003873413607197973420453185730391155934498970698163708743298151157688,3.317799864053143,-6,False,6.62355497104339e-09,416318.33874887147,5.619425541902924
25,19,blaschke_mu_0p3,mu^2,mu,2,2,0.09,0.09,0.09,0.0,0.09,0.028448436446063585370362426004894275382224120402932257500876275487753771387620518531314789,0.028448436446063586,"['(0.114339511095282494826568143386118101192493731802149631224468470565542790942377322938805501 - 0.0147275841830335245480142559104408879457943339450579827157858511967399494768284138427084665j)', '(0.114339511095282494826568143386118101192493731802149631224468470565542790942377322938805501 + 0.0147275841830335245480142559104408879457943339450579827157858511967399494768284138427084665j)']",3.31779986405314311101003873413607197973420453185730391155934498970698163708743298151157688,3.317799864053143,-6,False,2.1854527107602267e-07,130171.82346703616,5.114516988555758
25,19,blaschke_mu_0p3,alpha^6,alpha,6,1,0.075418890625,0.075418890625,0.075418890625,0.0,0.075418890625,0.0481790129976024264965986158111008142302017490753835738060668070039934828829783834577821396,0.048179012997602425,['(0.0700244888939190398876496783970800488222361831654281936266776878917877943586094661600711739 + 0.0478760662898159824465670111441408936109467452390667649130776664716931925371366505891455204j)'],3.31779986405314311101003873413607197973420453185730391155934498970698163708743298151157688,3.317799864053143,-6,False,4.790126681055497e-07,100579.83056720799,5.002510899690271
25,19,blaschke_mu_0p3,alpha^7,alpha,7,1,0.04902227890625,0.04902227890625,0.04902227890625,0.0,0.04902227890625,0.04902227890625,0.04902227890625,['1.4485880896985890809647977488091507807450020633740384889655280828563430812479486925910345e-179'],3.31779986405314311101003873413607197973420453185730391155934498970698163708743298151157688,3.317799864053143,-6,False,9.815685335661921e-05,499.4279790952995,2.6984728688649944
25,19,blaschke_mu_0p3,alpha^8,alpha,8,1,0.0318644812890625,0.0318644812890625,0.0318644812890625,0.0,0.0318644812890625,0.0318644812890625,0.0318644812890625,['6.7652706217162398385168357348027271701681448821773152176231418899004078363213950565275208e-181'],3.31779986405314311101003873413607197973420453185730391155934498970698163708743298151157688,3.317799864053143,-6,False,0.0015402777756643807,20.687490134899942,1.3157078040208434
25,19,blaschke_mu_0p3,mu^3,mu,3,2,0.027,0.027,0.027,0.0,0.027,0.027,0.027,"['2.5764402845052945257335913314204469868671328782272538359450415668663970537389321354656231e-181', '-5.51801632426361411844428640826833323032591521178336765504985296537480198790473309452882922e-182']",3.31779986405314311101003873413607197973420453185730391155934498970698163708743298151157688,3.317799864053143,-6,False,0.006731303012703456,4.011110471337427,0.6032646231961994
25,19,blaschke_mu_0p3,alpha^9,alpha,9,1,0.020711912837890625,0.020711912837890624,0.020711912837890624,0.0,0.020711912837890624,0.020711912837890625,0.020711912837890624,['-1.237916403722546048535552407955483085587437508102068903996569715976078905072015528805971e-178'],3.31779986405314311101003873413607197973420453185730391155934498970698163708743298151157688,3.317799864053143,-6,False,0.010590862004576913,1.9556399496981294,0.2912889004246055
25,19,blaschke_mu_0p3,alpha^10,alpha,10,1,0.01346274334462890625,0.013462743344628906,0.013462743344628906,0.0,0.013462743344628906,0.01346274334462890625,0.013462743344628906,['-2.65339859400447327965824925017368604699472458447866672721269634260164536989134821252366253e-178'],3.31779986405314311101003873413607197973420453185730391155934498970698163708743298151157688,3.317799864053143,-6,False,0.013409763460758346,1.0039508440268612,0.001712449173035994
25,19,blaschke_mu_0p3,alpha^11,alpha,11,1,0.0087507831740087890625,0.00875078317400879,0.00875078317400879,0.0,0.00875078317400879,0.0659869945365981196272324042450418819084757589094958210865946386474655187286999467042366874,0.06598699453659812,['-0.0572362113625893305647324042450418819084757589094958210865946386474655187286999467042366874'],3.31779986405314311101003873413607197973420453185730391155934498970698163708743298151157688,3.317799864053143,-6,False,0.01343554943815535,4.911372984062934,0.6912029169801907
25,19,blaschke_mu_0p3,mu^4,mu,4,2,0.0081,0.0081,0.0081,0.0,0.0081,0.0718723846745673837777424465518335022510163896228313544287204300626518107152843422723441401,0.07187238467456739,"['(0.0599162912289931300109158862959267705166920618824444617701867725301004232307446765011594905 + 0.0498067429378910317118249208185596388125237324401152148458502236560759113546513157096882284j)', '(0.0599162912289931300109158862959267705166920618824444617701867725301004232307446765011594905 - 0.0498067429378910317118249208185596388125237324401152148458502236560759113546513157096882284j)']",3.31779986405314311101003873413607197973420453185730391155934498970698163708743298151157688,3.317799864053143,-6,False,0.014763984254666167,4.868088683571447,0.6873584813154009
25,19,blaschke_mu_0p3,alpha^12,alpha,12,1,0.005688009063105712890625,0.005688009063105713,0.005688009063105713,0.0,0.005688009063105713,0.0801953886480232996177515913765881509852540573137451195671775386723897865239984817792609299,0.0801953886480233,['(0.0700244888939190398876496783970800488222361831654281936266776878917877943586094661600711739 - 0.0478760662898159824465670111441408936109467452390667649130776664716931925371366505891455204j)'],3.31779986405314311101003873413607197973420453185730391155934498970698163708743298151157688,3.317799864053143,-6,False,0.014808333510893418,5.4155579754487135,0.7336432094699898
25,19,blaschke_mu_0p3,alpha^13,alpha,13,1,0.00369720589101871337890625,0.0036972058910187135,0.0036972058910187135,0.0,0.0036972058910187135,0.205771539532758267034645501156504484640448826172141470490453318845964516670407621599131179,0.20577153953275826,['0.209468745423776980413551751156504484640448826172141470490453318845964516670407621599131179'],3.31779986405314311101003873413607197973420453185730391155934498970698163708743298151157688,3.317799864053143,-6,False,0.014009218779485716,14.688295098515994,1.1669713892363676
25,19,blaschke_mu_0p3,mu^5,mu,5,2,0.00243,0.00243,0.00243,0.0,0.00243,0.595940825804089549268095521650854544105303129867231911398184677755480305486198399237215323,0.5959408258040896,"['0.399014638007037766983590580594211881461028579202799573889844876271187425541853752849287324', '-0.593510825804089549268095521650854544105303129867231911398184677755480305486198399237215323']",3.31779986405314311101003873413607197973420453185730391155934498970698163708743298151157688,3.317799864053143,-6,False,0.019085831717152175,31.224252347804455,1.4944920481635375
25,19,blaschke_mu_0p3,alpha^14,alpha,14,1,0.0024031838291621636962890625,0.0024031838291621636,0.0024031838291621636,0.0,0.0024031838291621636,0.726026597838653035520495654748168094767044482774083634835605178294133914265684026095935971,0.7260265978386531,['-0.723623414009490871824206592248168094767044482774083634835605178294133914265684026095935971'],3.31779986405314311101003873413607197973420453185730391155934498970698163708743298151157688,3.317799864053143,-6,False,0.027420372787403408,26.477634110510017,1.422879176437815
25,19,blaschke_mu_0p3,alpha^15,alpha,15,1,0.001562069488955406402587890625,0.0015620694889554065,0.0015620694889554065,0.0,0.0015620694889554065,0.998437930511044593597412109375,0.9984379305110446,['1.0'],3.31779986405314311101003873413607197973420453185730391155934498970698163708743298151157688,3.317799864053143,-6,False,0.9984379305110446,1.0,0.0
25,19,blaschke_mu_0p3,alpha^16,alpha,16,1,0.00101534516782101416168212890625,0.0010153451678210142,0.0010153451678210142,0.0,0.0010153451678210142,nan,,[],3.31779986405314311101003873413607197973420453185730391155934498970698163708743298151157688,3.317799864053143,-6,False,,,
25,19,blaschke_mu_0p3,mu^6,mu,6,2,0.000729,0.000729,0.000729,0.0,0.000729,nan,,[],3.31779986405314311101003873413607197973420453185730391155934498970698163708743298151157688,3.317799864053143,-6,False,,,
25,19,blaschke_mu_0p3,alpha^17,alpha,17,1,0.0006599743590836592050933837890625,0.0006599743590836592,0.0006599743590836592,0.0,0.0006599743590836592,nan,,[],3.31779986405314311101003873413607197973420453185730391155934498970698163708743298151157688,3.317799864053143,-6,False,,,
25,19,blaschke_mu_0p3,alpha^18,alpha,18,1,0.000428983333404378483310699462890625,0.0004289833334043785,0.0004289833334043785,0.0,0.0004289833334043785,nan,,[],3.31779986405314311101003873413607197973420453185730391155934498970698163708743298151157688,3.317799864053143,-6,False,,,
25,20,blaschke_mu_0p3,alpha^1,alpha,1,1,0.65,0.65,0.65,0.0,0.65,0.00000000000133842918301656198653689118316641506534677303481121459864550597197435796943459931606485202,1.338429183016562e-12,['0.649999999998661570816983438013463108816833584934653226965188785401354494028025642030565401'],3.00059739229089597382212400386324218836194210793814087145378856087747456494208975522360519,3.000597392290896,-5,False,2.5770275436851143e-17,51936.937433840016,4.715476336999143
25,20,blaschke_mu_0p3,alpha^2,alpha,2,1,0.4225,0.4225,0.4225,0.0,0.4225,0.000000000081921651399619371026088663846595007224832674481092177018493403524621767195398023087685436,8.192165139961937e-11,['0.422499999918078348600380628973911336153404992775167325518907822981506596475378232804601977'],3.00059739229089597382212400386324218836194210793814087145378856087747456494208975522360519,3.000597392290896,-5,False,1.8022102324530408e-15,45456.212557462524,4.657593247184854
25,20,blaschke_mu_0p3,mu^1,mu,1,2,0.3,0.3,0.3,0.0,0.3,0.0000000294277393537646489514456235674245059087087289227991221172127934707078620019313804246757368,2.942773935376465e-08,"['0.300000014902731234019283680812571214637597367665500502254333767767218186758720210001632131', '0.299999970572260646235351048554376432575494091291271077200877882787206529292137998068619575']",3.00059739229089597382212400386324218836194210793814087145378856087747456494208975522360519,3.000597392290896,-5,False,1.1724304465661102e-16,250997740.97435382,8.399669812768737
25,20,blaschke_mu_0p3,alpha^3,alpha,3,1,0.274625,0.274625,0.274625,0.0,0.274625,0.0000000772669142491311538454188435362513002623407378537283698371866716029669727217345635209527366,7.726691424913115e-08,['0.274624922733085750868846154581156463748699737659262146271630162813328397033027278265436479'],3.00059739229089597382212400386324218836194210793814087145378856087747456494208975522360519,3.000597392290896,-5,False,8.057554706811674e-13,95893.75072292273,4.981790305658844
25,20,blaschke_mu_0p3,alpha^4,alpha,4,1,0.17850625,0.17850625,0.17850625,0.0,0.17850625,0.0000395739816786747377210823503125526193943520489811964869406073232899752820638221351300885707,3.957398167867474e-05,['0.178545823981678674737721082350312552619394352048981196486940607323289975282063822135130089'],3.00059739229089597382212400386324218836194210793814087145378856087747456494208975522360519,3.000597392290896,-5,False,8.184178948885144e-12,4835424.778201549,6.684434631619798
25,20,blaschke_mu_0p3,alpha^5,alpha,5,1,0.1160290625,0.1160290625,0.1160290625,0.0,0.1160290625,0.00092285562534820240324431396515378760720489277870825752292848770815647863961740726800720793,0.0009228556253482024,['0.116951918125348202403244313965153787607204892778708257522928487708156478639617407268007208'],3.00059739229089597382212400386324218836194210793814087145378856087747456494208975522360519,3.000597392290896,-5,False,6.62355497104339e-09,139329.3524976705,5.144042618828152
25,20,blaschke_mu_0p3,mu^2,mu,2,2,0.09,0.09,0.09,0.0,0.09,0.017890399547130003812398355147770062421104408332090906160252923809377050250124032898689661,0.017890399547130002,"['0.0986914712566859262608110558704735780389509435583610664179013929857140838867009356602473425', '(0.0947243115025571329836018310440011590622988200730768638211620614894397960785483553201303684 + 0.0172553550175809425440203681510240227435940273788463897855441642423463066348727728722667274j)']",3.00059739229089597382212400386324218836194210793814087145378856087747456494208975522360519,3.000597392290896,-5,False,2.1854527107602267e-07,81861.29793175295,4.9130786262135935
25,20,blaschke_mu_0p3,alpha^6,alpha,6,1,0.075418890625,0.075418890625,0.075418890625,0.0,0.075418890625,0.0215483897832985470351368403744306608642805456164647951034744671213744704708472486005582005,0.02154838978329855,['(0.0830272666562566285686213783838521448539147393877407638335241965340843216942359894841474743 - 0.0201604989129724871645506661325312564568930303492743504949306810972900547152317423444950519j)'],3.00059739229089597382212400386324218836194210793814087145378856087747456494208975522360519,3.000597392290896,-5,False,4.790126681055497e-07,44985.01024726635,4.653067823744423
25,20,blaschke_mu_0p3,alpha^7,alpha,7,1,0.04902227890625,0.04902227890625,0.04902227890625,0.0,0.04902227890625,0.039532074424422325119419374090751894265814631558080099176211452730620253058649875456163024,0.039532074424422324,['(0.0830272666562566285686213783838521448539147393877407638335241965340843216942359894841474743 + 0.0201604989129724871645506661325312564568930303492743504949306810972900547152317423444950519j)'],3.00059739229089597382212400386324218836194210793814087145378856087747456494208975522360519,3.000597392290896,-5,False,9.815685335661921e-05,402.74390501085145,2.6050289766761496
25,20,blaschke_mu_0p3,alpha^8,alpha,8,1,0.0318644812890625,0.0318644812890625,0.0318644812890625,0.0,0.0318644812890625,0.0318644812890625,0.0318644812890625,['7.56728960264011178437042635967183112520938507701828004536487599579046476311639664584961247e-181'],3.00059739229089597382212400386324218836194210793814087145378856087747456494208975522360519,3.000597392290896,-5,False,0.0015402777756643807,20.687490134899942,1.3157078040208434
25,20,blaschke_mu_0p3,mu^3,mu,3,2,0.027,0.027,0.027,0.0,0.027,0.027,0.027,"['7.02691088858562694215838069444819714600571755722407445337307711493386300216368329500370575e-181', '-1.35238922217398875082672679009924005289150737876722502771257751406403338058063348619819125e-181']",3.00059739229089597382212400386324218836194210793814087145378856087747456494208975522360519,3.000597392290896,-5,False,0.006731303012703456,4.011110471337427,0.6032646231961994
25,20,blaschke_mu_0p3,alpha^9,alpha,9,1,0.020711912837890625,0.020711912837890624,0.020711912837890624,0.0,0.020711912837890624,0.020711912837890625,0.020711912837890624,['-4.30632089000080481145700258302838719508884460048608843955133720081550747694154862244351898e-179'],3.00059739229089597382212400386324218836194210793814087145378856087747456494208975522360519,3.000597392290896,-5,False,0.010590862004576913,1.9556399496981294,0.2912889004246055
25,20,blaschke_mu_0p3,alpha^10,alpha,10,1,0.01346274334462890625,0.013462743344628906,0.013462743344628906,0.0,0.013462743344628906,0.01346274334462890625,0.013462743344628906,['-4.81431739141876786741870297087599343400611343635605592935456693578255188847287032604306657e-178'],3.00059739229089597382212400386324218836194210793814087145378856087747456494208975522360519,3.000597392290896,-5,False,0.013409763460758346,1.0039508440268612,0.001712449173035994
25,20,blaschke_mu_0p3,alpha^11,alpha,11,1,0.0087507831740087890625,0.00875078317400879,0.00875078317400879,0.0,0.00875078317400879,0.0516981420063032102323635617137688523415484631665593161282282006667884458614545972719997839,0.05169814200630321,['(0.0345985858481737742286712760994075557848977958768475029439347565046821186953827990614664075 + 0.0447726365520428331746082351336185642675433718438334955524991436227936395442531626237265501j)'],3.00059739229089597382212400386324218836194210793814087145378856087747456494208975522360519,3.000597392290896,-5,False,0.01343554943815535,3.847862139488444,0.5852195038200448
25,20,blaschke_mu_0p3,mu^4,mu,4,2,0.0081,0.0081,0.0081,0.0,0.0081,0.0598301720372649334362988191088600501103941053252857491978005970771532249029528366529141455,0.059830172037264935,"['(0.0345985858481737742286712760994075557848977958768475029439347565046821186953827990614664075 - 0.0447726365520428331746082351336185642675433718438334955524991436227936395442531626237265501j)', '(0.0464410509917351749266287536212560614468915591227981267246390948786465941707986188108172283 - 0.0459305268297445279230790486948373824479838511057722964947746089352781973954839168060455286j)']",3.00059739229089597382212400386324218836194210793814087145378856087747456494208975522360519,3.000597392290896,-5,False,0.014763984254666167,4.052440791404635,0.6077166782635272
25,20,blaschke_mu_0p3,alpha^12,alpha,12,1,0.005688009063105712890625,0.005688009063105713,0.005688009063105713,0.0,0.005688009063105713,0.0614037761159239526570004584667353568243606417999145120106105033434768018314587043070777402,0.06140377611592395,['(0.0464410509917351749266287536212560614468915591227981267246390948786465941707986188108172283 + 0.0459305268297445279230790486948373824479838511057722964947746089352781973954839168060455286j)'],3.00059739229089597382212400386324218836194210793814087145378856087747456494208975522360519,3.000597392290896,-5,False,0.014808333510893418,4.146568962047866,0.6176888925780525
25,20,blaschke_mu_0p3,alpha^13,alpha,13,1,0.00369720589101871337890625,0.0036972058910187135,0.0036972058910187135,0.0,0.0036972058910187135,0.0926481582806529676011850954813524062329102305347433799885002072679629170968669504808601411,0.09264815828065297,['(0.0947243115025571329836018310440011590622988200730768638211620614894397960785483553201303684 - 0.0172553550175809425440203681510240227435940273788463897855441642423463066348727728722667274j)'],3.00059739229089597382212400386324218836194210793814087145378856087747456494208975522360519,3.000597392290896,-5,False,0.014009218779485716,6.613370790976691,0.8204228729173098
25,20,blaschke_mu_0p3,mu^5,mu,5,2,0.00243,0.00243,0.00243,0.0,0.00243,0.632633099516134129484069210379336346726452955744498284137266166735739446326714608071089437,0.6326330995161341,"['0.400522253158321561754079609197310949661640492872851331401960994264205165038095161367135864', '-0.630203099516134129484069210379336346726452955744498284137266166735739446326714608071089437']",3.00059739229089597382212400386324218836194210793814087145378856087747456494208975522360519,3.000597392290896,-5,False,0.019085831717152175,33.14673989017704,1.5204408203024429
25,20,blaschke_mu_0p3,alpha^14,alpha,14,1,0.0024031838291621636962890625,0.0024031838291621636,0.0024031838291621636,0.0,0.0024031838291621636,0.701597786613388512867489966145552213448166698489217726905834317331443065478650817764796952,0.7015977866133886,['-0.699194602784226349171200903645552213448166698489217726905834317331443065478650817764796952'],3.00059739229089597382212400386324218836194210793814087145378856087747456494208975522360519,3.000597392290896,-5,False,0.027420372787403408,25.586734070066846,1.4080148554117575
25,20,blaschke_mu_0p3,alpha^15,alpha,15,1,0.001562069488955406402587890625,0.0015620694889554065,0.0015620694889554065,0.0,0.0015620694889554065,0.998437930511044593597412109375,0.9984379305110446,['1.0'],3.00059739229089597382212400386324218836194210793814087145378856087747456494208975522360519,3.000597392290896,-5,False,0.9984379305110446,1.0,0.0
25,20,blaschke_mu_0p3,alpha^16,alpha,16,1,0.00101534516782101416168212890625,0.0010153451678210142,0.0010153451678210142,0.0,0.0010153451678210142,nan,,[],3.00059739229089597382212400386324218836194210793814087145378856087747456494208975522360519,3.000597392290896,-5,False,,,
25,20,blaschke_mu_0p3,mu^6,mu,6,2,0.000729,0.000729,0.000729,0.0,0.000729,nan,,[],3.00059739229089597382212400386324218836194210793814087145378856087747456494208975522360519,3.000597392290896,-5,False,,,
25,20,blaschke_mu_0p3,alpha^17,alpha,17,1,0.0006599743590836592050933837890625,0.0006599743590836592,0.0006599743590836592,0.0,0.0006599743590836592,nan,,[],3.00059739229089597382212400386324218836194210793814087145378856087747456494208975522360519,3.000597392290896,-5,False,,,
25,20,blaschke_mu_0p3,alpha^18,alpha,18,1,0.000428983333404378483310699462890625,0.0004289833334043785,0.0004289833334043785,0.0,0.0004289833334043785,nan,,[],3.00059739229089597382212400386324218836194210793814087145378856087747456494208975522360519,3.000597392290896,-5,False,,,
25,21,blaschke_mu_0p3,alpha^1,alpha,1,1,0.65,0.65,0.65,0.0,0.65,0.000000000000160550659847300540546304343797505806594370398662960858887041776408769474663660943960400688,1.6055065984730055e-13,['0.649999999999839449340152699459453695656202494193405629601337039141112958223591230525336339'],2.64602158161059148080320333087348710652120531961944501697532260237464938913802681141152216,2.6460215816105914,-4,False,2.5770275436851143e-17,6230.07155048546,3.7944930344284433
25,21,blaschke_mu_0p3,alpha^2,alpha,2,1,0.4225,0.4225,0.4225,0.0,0.4225,0.0000000000804828469246832300192873083893576934261567703900153832434385904113209084476255814208118467,8.048284692468323e-11,['0.422499999919517153075316769980712691610642306573843229609984616756561409588679091552374419'],2.64602158161059148080320333087348710652120531961944501697532260237464938913802681141152216,2.6460215816105914,-4,False,1.8022102324530408e-15,44657.857044311466,4.649897879143842
25,21,blaschke_mu_0p3,mu^1,mu,1,2,0.3,0.3,0.3,0.0,0.3,0.000000000578677512336021250265058457492530920193740252958201566342371002010187960182454939571259268,5.786775123360212e-10,"['0.29999999969775958275653695313495716949232940267840469972621904114174592693324920635462197', '0.30000000057867751233602125026505845749253092019374025295820156634237100201018796018245494']",2.64602158161059148080320333087348710652120531961944501697532260237464938913802681141152216,2.6460215816105914,-4,False,1.1724304465661102e-16,4935708.67279069,6.693349517813416
25,21,blaschke_mu_0p3,alpha^3,alpha,3,1,0.274625,0.274625,0.274625,0.0,0.274625,0.00000000010813520462119602342221374577881747227300283572200364470250085997042857749711259208545365,1.0813520462119602e-10,['0.274624999891864795378803976577786254221182527726997164277996355297499140029571422502887408'],2.64602158161059148080320333087348710652120531961944501697532260237464938913802681141152216,2.6460215816105914,-4,False,8.057554706811674e-13,134.20350038676244,2.127763843544075
25,21,blaschke_mu_0p3,alpha^4,alpha,4,1,0.17850625,0.17850625,0.17850625,0.0,0.17850625,0.00000189472955130159018562159750748626159158706529715038582945584965185940924716075470480629866,1.89472955130159e-06,['0.178504355270448698409814378402492513738408412934702849614170544150348140590752839245295194'],2.64602158161059148080320333087348710652120531961944501697532260237464938913802681141152216,2.6460215816105914,-4,False,8.184178948885144e-12,231511.25642966197,5.364572111926069
25,21,blaschke_mu_0p3,alpha^5,alpha,5,1,0.1160290625,0.1160290625,0.1160290625,0.0,0.1160290625,0.000175895281943983986329059781358880006740279855304222083975656626005853296685465725762761874,0.000175895281943984,['0.115853167218056016013670940218641119993259720144695777916024343373994146703314534274237238'],2.64602158161059148080320333087348710652120531961944501697532260237464938913802681141152216,2.6460215816105914,-4,False,6.62355497104339e-09,26556.02357238015,4.424163045475337
25,21,blaschke_mu_0p3,mu^2,mu,2,2,0.09,0.09,0.09,0.0,0.09,0.00193230151960017931035697609491479376858854371895731835440749636126788753043185757240412442,0.0019323015196001793,"['0.0912260560149603704170723117225308446540184273045537041154018044973732569626417450959241216', '0.0919323015196001793103569760949147937685885437189573183544074963612678875304318575724041244']",2.64602158161059148080320333087348710652120531961944501697532260237464938913802681141152216,2.6460215816105914,-4,False,2.1854527107602267e-07,8841.653310942671,3.946533481832421
25,21,blaschke_mu_0p3,alpha^6,alpha,6,1,0.075418890625,0.075418890625,0.075418890625,0.0,0.075418890625,0.00986020195313803188466035331622675510727550276923329362969947013270042344441850520818887893,0.009860201953138031,['0.0852790925781380318846603533162267551072755027692332936296994701327004234444185052081888789'],2.64602158161059148080320333087348710652120531961944501697532260237464938913802681141152216,2.6460215816105914,-4,False,4.790126681055497e-07,20584.428366235505,4.3135388110548245
25,21,blaschke_mu_0p3,alpha^7,alpha,7,1,0.04902227890625,0.04902227890625,0.04902227890625,0.0,0.04902227890625,0.0221479243274121243566014273641359381874058920272124828678773874906069656466271557678758264,0.022147924327412125,['(0.0565550703188184965158355506573535043117434878094171983907928620604523290369425176464239103 - 0.0208275684021805127275985817617504589425584830840925666300714469555546898063236743901336114j)'],2.64602158161059148080320333087348710652120531961944501697532260237464938913802681141152216,2.6460215816105914,-4,False,9.815685335661921e-05,225.6380840464114,2.353412403357895
25,21,blaschke_mu_0p3,alpha^8,alpha,8,1,0.0318644812890625,0.0318644812890625,0.0318644812890625,0.0,0.0318644812890625,0.0318644812890625,0.0318644812890625,['5.31192297122022733890368062888574579574076581378067373570725378328873305138472945422434652e-178'],2.64602158161059148080320333087348710652120531961944501697532260237464938913802681141152216,2.6460215816105914,-4,False,0.0015402777756643807,20.687490134899942,1.3157078040208434
25,21,blaschke_mu_0p3,mu^3,mu,3,2,0.027,0.027,0.027,0.0,0.027,0.027,0.027,"['8.47407702790306272470329197430755385910836403782903807824209879267021108990255145316426929e-182', '-2.26419240990776267302906218859397482383427404132252170029447603545277761731448363075025022e-180']",2.64602158161059148080320333087348710652120531961944501697532260237464938913802681141152216,2.6460215816105914,-4,False,0.006731303012703456,4.011110471337427,0.6032646231961994
25,21,blaschke_mu_0p3,alpha^9,alpha,9,1,0.020711912837890625,0.020711912837890624,0.020711912837890624,0.0,0.020711912837890624,0.020711912837890625,0.020711912837890624,['-1.26930472210330932109048481445126716027485888677689571870870881337779415729381918246836701e-177'],2.64602158161059148080320333087348710652120531961944501697532260237464938913802681141152216,2.6460215816105914,-4,False,0.010590862004576913,1.9556399496981294,0.2912889004246055
25,21,blaschke_mu_0p3,alpha^10,alpha,10,1,0.01346274334462890625,0.013462743344628906,0.013462743344628906,0.0,0.013462743344628906,0.0369744392294650965105557664900408695493490382919179881440423629106423842512537702517871239,0.0369744392294651,['(0.0182088023326161016611733536340273809576368083261530558194804282865779279883377499783207989 + 0.0366685707441120949711498329137791980277616137415868540212481760642157398435695336640362343j)'],2.64602158161059148080320333087348710652120531961944501697532260237464938913802681141152216,2.6460215816105914,-4,False,0.013409763460758346,2.757277511841669,0.4404804787630865
25,21,blaschke_mu_0p3,alpha^11,alpha,11,1,0.0087507831740087890625,0.00875078317400879,0.00875078317400879,0.0,0.00875078317400879,0.0378686969253041028856433535422591251381747715072333191434486835550719500884449433565863615,0.037868696925304104,['(0.0182088023326161016611733536340273809576368083261530558194804282865779279883377499783207989 - 0.0366685707441120949711498329137791980277616137415868540212481760642157398435695336640362343j)'],2.64602158161059148080320333087348710652120531961944501697532260237464938913802681141152216,2.6460215816105914,-4,False,0.01343554943815535,2.8185447197091578,0.4500249298316886
25,21,blaschke_mu_0p3,mu^4,mu,4,2,0.0081,0.0081,0.0081,0.0,0.0081,0.0438187410929640061819259861972982013193826262153947507205965784899818714925783602335055339,0.043818741092964006,"['(0.0252213925324246970714573672436801246962627114243457289352199571013280184458625564343725009 - 0.0403353441626924046938896814372477920244764369730296027506750561764902046230106643150709779j)', '(0.0252213925324246970714573672436801246962627114243457289352199571013280184458625564343725009 + 0.0403353441626924046938896814372477920244764369730296027506750561764902046230106643150709779j)']",2.64602158161059148080320333087348710652120531961944501697532260237464938913802681141152216,2.6460215816105914,-4,False,0.014763984254666167,2.967948240605517,0.4724563228147325
25,21,blaschke_mu_0p3,alpha^12,alpha,12,1,0.005688009063105712890625,0.005688009063105713,0.005688009063105713,0.0,0.005688009063105713,0.0549658578241069999917445788642006546734211569693870891966818102752377009831543321450328957,0.054965857824107,['(0.0565550703188184965158355506573535043117434878094171983907928620604523290369425176464239103 + 0.0208275684021805127275985817617504589425584830840925666300714469555546898063236743901336114j)'],2.64602158161059148080320333087348710652120531961944501697532260237464938913802681141152216,2.6460215816105914,-4,False,0.014808333510893418,3.7118192795747476,0.5695868232057477
25,21,blaschke_mu_0p3,alpha^13,alpha,13,1,0.00369720589101871337890625,0.0036972058910187135,0.0036972058910187135,0.0,0.0036972058910187135,0.0681772020502366316660644591994127943695951223652255813151539356937362383576311625365643135,0.06817720205023663,['(0.0682942705354666462472725477519445014717770527478825857325099393955098004411992444590994103 + 0.0218025255124218310974777401841504442496344571015134469103255958025191855361824584998703424j)'],2.64602158161059148080320333087348710652120531961944501697532260237464938913802681141152216,2.6460215816105914,-4,False,0.014009218779485716,4.866595569916529,0.6872252564445402
25,21,blaschke_mu_0p3,mu^5,mu,5,2,0.00243,0.00243,0.00243,0.0,0.00243,0.358728870696427637607334555645176361337515231172597416274481322873471225034042206193364145,0.3587288706964276,"['(0.0682942705354666462472725477519445014717770527478825857325099393955098004411992444590994103 - 0.0218025255124218310974777401841504442496344571015134469103255958025191855361824584998703424j)', '-0.356298870696427637607334555645176361337515231172597416274481322873471225034042206193364145']",2.64602158161059148080320333087348710652120531961944501697532260237464938913802681141152216,2.6460215816105914,-4,False,0.019085831717152175,18.79555871668107,1.2740552400772338
25,21,blaschke_mu_0p3,alpha^14,alpha,14,1,0.0024031838291621636962890625,0.0024031838291621636,0.0024031838291621636,0.0,0.0024031838291621636,0.696860333681585310974817358336271064222701015652033842092667535590708462420732326450703613,0.6968603336815853,['-0.694457149852423147278528295836271064222701015652033842092667535590708462420732326450703613'],2.64602158161059148080320333087348710652120531961944501697532260237464938913802681141152216,2.6460215816105914,-4,False,0.027420372787403408,25.41396278907319,1.4050723896958506
25,21,blaschke_mu_0p3,alpha^15,alpha,15,1,0.001562069488955406402587890625,0.0015620694889554065,0.0015620694889554065,0.0,0.0015620694889554065,0.998437930511044593597412109375,0.9984379305110446,['1.0'],2.64602158161059148080320333087348710652120531961944501697532260237464938913802681141152216,2.6460215816105914,-4,False,0.9984379305110446,1.0,0.0
25,21,blaschke_mu_0p3,alpha^16,alpha,16,1,0.00101534516782101416168212890625,0.0010153451678210142,0.0010153451678210142,0.0,0.0010153451678210142,nan,,[],2.64602158161059148080320333087348710652120531961944501697532260237464938913802681141152216,2.6460215816105914,-4,False,,,
25,21,blaschke_mu_0p3,mu^6,mu,6,2,0.000729,0.000729,0.000729,0.0,0.000729,nan,,[],2.64602158161059148080320333087348710652120531961944501697532260237464938913802681141152216,2.6460215816105914,-4,False,,,
25,21,blaschke_mu_0p3,alpha^17,alpha,17,1,0.0006599743590836592050933837890625,0.0006599743590836592,0.0006599743590836592,0.0,0.0006599743590836592,nan,,[],2.64602158161059148080320333087348710652120531961944501697532260237464938913802681141152216,2.6460215816105914,-4,False,,,
25,21,blaschke_mu_0p3,alpha^18,alpha,18,1,0.000428983333404378483310699462890625,0.0004289833334043785,0.0004289833334043785,0.0,0.0004289833334043785,nan,,[],2.64602158161059148080320333087348710652120531961944501697532260237464938913802681141152216,2.6460215816105914,-4,False,,,
25,22,blaschke_mu_0p3,alpha^1,alpha,1,1,0.65,0.65,0.65,0.0,0.65,0.0000000000000020541472974605471255675853191401341991732321572547048692868086924844834307115295034182423,2.0541472974605472e-15,['0.649999999999997945852702539452874432414680859865800826767842745295130713191307515516569288'],2.23616675905482637113507204224184075762369386948518041600421546086313962877000873435159533,2.2361667590548264,-3,False,2.5770275436851143e-17,79.70994731872926,1.9015125220995455
25,22,blaschke_mu_0p3,alpha^2,alpha,2,1,0.4225,0.4225,0.4225,0.0,0.4225,0.00000000000872897928223792917831340917071167888207362282439079450286813061572770648026240936469592757,8.728979282237929e-12,['0.422499999991271020717762070821686590829288321117926377175609205497131869384272293519737591'],2.23616675905482637113507204224184075762369386948518041600421546086313962877000873435159533,2.2361667590548264,-3,False,1.8022102324530408e-15,4843.4855851177035,3.685158011554384
25,22,blaschke_mu_0p3,mu^1,mu,1,2,0.3,0.3,0.3,0.0,0.3,0.0000000000103890165959163985113405014625798168897041805533056971963964578177179707475975739778987085,1.0389016595916398e-11,"['0.300000000003715732838356500878894755785983987567003531732025958558962327517886815915958683', '0.299999999989610983404083601488659498537420183110295819446694302803603542182282029252402426']",2.23616675905482637113507204224184075762369386948518041600421546086313962877000873435159533,2.2361667590548264,-3,False,1.1724304465661102e-16,88610.9417095438,4.9474873520301745
25,22,blaschke_mu_0p3,alpha^3,alpha,3,1,0.274625,0.274625,0.274625,0.0,0.274625,0.000000000188144119894913997789072265729029389157888298307192341315599773107198016496242035338235805,1.88144119894914e-10,['0.274624999811855880105086002210927734270970610842111701692807658684400226892801983503757965'],2.23616675905482637113507204224184075762369386948518041600421546086313962877000873435159533,2.2361667590548264,-3,False,8.057554706811674e-13,233.50026992166895,2.3682873869382064
25,22,blaschke_mu_0p3,alpha^4,alpha,4,1,0.17850625,0.17850625,0.17850625,0.0,0.17850625,0.0000000776552515946905035958090263425247011403390978864723777774669432227716633026243416575017436,7.76552515946905e-08,['0.178506327655251594690503595809026342524701140339097886472377777466943222771663302624341658'],2.23616675905482637113507204224184075762369386948518041600421546086313962877000873435159533,2.2361667590548264,-3,False,8.184178948885144e-12,9488.459634093017,3.9771957143544374
25,22,blaschke_mu_0p3,alpha^5,alpha,5,1,0.1160290625,0.1160290625,0.1160290625,0.0,0.1160290625,0.0000114249061025040098211000295571405492698444316347158001207289430706935846912256759101282834,1.142490610250401e-05,['0.116040487406102504009821100029557140549269844431634715800120728943070693584691225675910128'],2.23616675905482637113507204224184075762369386948518041600421546086313962877000873435159533,2.2361667590548264,-3,False,6.62355497104339e-09,1724.8903575875775,3.2367614944191176
25,22,blaschke_mu_0p3,mu^2,mu,2,2,0.09,0.09,0.09,0.0,0.09,0.000975976014314037227533488269070844237312998099889507666312693336280402852526029229249627149,0.0009759760143140372,"['0.0897772250442460445708498120133460220369364585754659008680554309106690881825415526156474859', '0.0890240239856859627724665117309291557626870019001104923336873066637195971474739707707503729']",2.23616675905482637113507204224184075762369386948518041600421546086313962877000873435159533,2.2361667590548264,-3,False,2.1854527107602267e-07,4465.784180589917,3.6498977309513414
25,22,blaschke_mu_0p3,alpha^6,alpha,6,1,0.075418890625,0.075418890625,0.075418890625,0.0,0.075418890625,0.00352507291696037226197984824757448183169561483747331088759862995583560599185830128599515694,0.0035250729169603724,['0.0789439635419603722619798482475744818316956148374733108875986299558356059918583012859951569'],2.23616675905482637113507204224184075762369386948518041600421546086313962877000873435159533,2.2361667590548264,-3,False,4.790126681055497e-07,7359.039022708326,3.8668211058614963
25,22,blaschke_mu_0p3,alpha^7,alpha,7,1,0.04902227890625,0.04902227890625,0.04902227890625,0.0,0.04902227890625,0.00839963908449397004331956800345243712824285677646706324268277470072479393989092041282602339,0.00839963908449397,['0.0574219179907439700433195680034524371282428567764670632426827747007247939398909204128260234'],2.23616675905482637113507204224184075762369386948518041600421546086313962877000873435159533,2.2361667590548264,-3,False,9.815685335661921e-05,85.5736384903942,1.9323399980721092
25,22,blaschke_mu_0p3,alpha^8,alpha,8,1,0.0318644812890625,0.0318644812890625,0.0318644812890625,0.0,0.0318644812890625,0.0237326564087345827041740735399646799899544342535421369535389573635491824751350694807019214,0.023732656408734582,['(0.0389653753465943786955554537461241378368617614218260649190172330214409966778173064956756685 - 0.0226454473084273412088983766463981179579421839586272464370351325348560836785917785881107823j)'],2.23616675905482637113507204224184075762369386948518041600421546086313962877000873435159533,2.2361667590548264,-3,False,0.0015402777756643807,15.408036643583838,1.1877473026262104
25,22,blaschke_mu_0p3,mu^3,mu,3,2,0.027,0.027,0.027,0.0,0.027,0.027,0.027,"['(0.0389653753465943786955554537461241378368617614218260649190172330214409966778173064956756685 + 0.0226454473084273412088983766463981179579421839586272464370351325348560836785917785881107823j)', '-1.51511255794154933412094875536033948940971255148902731034244782106518930461141786309897873e-182']",2.23616675905482637113507204224184075762369386948518041600421546086313962877000873435159533,2.2361667590548264,-3,False,0.006731303012703456,4.011110471337427,0.6032646231961994
25,22,blaschke_mu_0p3,alpha^9,alpha,9,1,0.020711912837890625,0.020711912837890624,0.020711912837890624,0.0,0.020711912837890624,0.020711912837890625,0.020711912837890624,['-1.1114783241386976676190579523384993278893128079104378672659414205488607656972222259038406e-177'],2.23616675905482637113507204224184075762369386948518041600421546086313962877000873435159533,2.2361667590548264,-3,False,0.010590862004576913,1.9556399496981294,0.2912889004246055
25,22,blaschke_mu_0p3,alpha^10,alpha,10,1,0.01346274334462890625,0.013462743344628906,0.013462743344628906,0.0,0.013462743344628906,0.01346274334462890625,0.013462743344628906,['-1.11174438072508966926237102463394671002206652745989399847785164210185257848493893109339929e-177'],2.23616675905482637113507204224184075762369386948518041600421546086313962877000873435159533,2.2361667590548264,-3,False,0.013409763460758346,1.0039508440268612,0.001712449173035994
25,22,blaschke_mu_0p3,alpha^11,alpha,11,1,0.0087507831740087890625,0.00875078317400879,0.00875078317400879,0.0,0.00875078317400879,0.0306071702574811251957291762245173498074784244741740316834973122107848626389765313451493159,0.030607170257481126,['(0.0080788194068625313487413391199709177929805772839170651702355296831094971272388441997691262 + 0.0305997930690075062401700676470703398849144673744337378496782965270391007947846117025584656j)'],2.23616675905482637113507204224184075762369386948518041600421546086313962877000873435159533,2.2361667590548264,-3,False,0.01343554943815535,2.2780735836943466,0.3575677480469834
25,22,blaschke_mu_0p3,mu^4,mu,4,2,0.0081,0.0081,0.0081,0.0,0.0081,0.0324791897479220161323537223621819022499812159158714898582320023393409752332662736763604341,0.032479189747922015,"['(0.0080788194068625313487413391199709177929805772839170651702355296831094971272388441997691262 - 0.0305997930690075062401700676470703398849144673744337378496782965270391007947846117025584656j)', '(0.0122386749281900906594003471783931873338532700259498136755173176635919515587575959003751253 + 0.0322144243549422025949409434765018783795153094461150146624421295544668841523679313021444382j)']",2.23616675905482637113507204224184075762369386948518041600421546086313962877000873435159533,2.2361667590548264,-3,False,0.014763984254666167,2.1998932800038,0.34240161308145983
25,22,blaschke_mu_0p3,alpha^12,alpha,12,1,0.005688009063105712890625,0.005688009063105713,0.005688009063105713,0.0,0.005688009063105713,0.0328737031652394617335764283081841418100966015247946129097317614686298349367310498257549322,0.032873703165239465,['(0.0122386749281900906594003471783931873338532700259498136755173176635919515587575959003751253 - 0.0322144243549422025949409434765018783795153094461150146624421295544668841523679313021444382j)'],2.23616675905482637113507204224184075762369386948518041600421546086313962877000873435159533,2.2361667590548264,-3,False,0.014808333510893418,2.219946163493459,0.3463424423870253
25,22,blaschke_mu_0p3,alpha^13,alpha,13,1,0.00369720589101871337890625,0.0036972058910187135,0.0036972058910187135,0.0,0.0036972058910187135,0.0472333506884135978984888144034245799488037736491165335958411835461293709236337088359614247,0.0472333506884136,['(0.0460621861363664632985527402969654217151459234976306770378543395427354449070834805821574596 + 0.0208853505133611824076106630860977024228636369702686802758983167016199005495915616260997337j)'],2.23616675905482637113507204224184075762369386948518041600421546086313962877000873435159533,2.2361667590548264,-3,False,0.014009218779485716,3.3715906241381113,0.527834837461914
25,22,blaschke_mu_0p3,mu^5,mu,5,2,0.00243,0.00243,0.00243,0.0,0.00243,0.0532307279029379630336032668373133775987183004583992143783133327806942586644590090326661762,0.053230727902937966,"['(0.0460621861363664632985527402969654217151459234976306770378543395427354449070834805821574596 - 0.0208853505133611824076106630860977024228636369702686802758983167016199005495915616260997337j)', '-0.0508007279029379630336032668373133775987183004583992143783133327806942586644590090326661762']",2.23616675905482637113507204224184075762369386948518041600421546086313962877000873435159533,2.2361667590548264,-3,False,0.019085831717152175,2.7890179842202127,0.44545131470434957
25,22,blaschke_mu_0p3,alpha^14,alpha,14,1,0.0024031838291621636962890625,0.0024031838291621636,0.0024031838291621636,0.0,0.0024031838291621636,0.312917899699996844367733636002292979926117590095098600875195367814101335947164971152337441,0.31291789969999684,['-0.310514715870834680671444573502292979926117590095098600875195367814101335947164971152337441'],2.23616675905482637113507204224184075762369386948518041600421546086313962877000873435159533,2.2361667590548264,-3,False,0.027420372787403408,11.411876203366118,1.0573570517611874
25,22,blaschke_mu_0p3,alpha^15,alpha,15,1,0.001562069488955406402587890625,0.0015620694889554065,0.0015620694889554065,0.0,0.0015620694889554065,0.998437930511044593597412109375,0.9984379305110446,['1.0'],2.23616675905482637113507204224184075762369386948518041600421546086313962877000873435159533,2.2361667590548264,-3,False,0.9984379305110446,1.0,0.0
25,22,blaschke_mu_0p3,alpha^16,alpha,16,1,0.00101534516782101416168212890625,0.0010153451678210142,0.0010153451678210142,0.0,0.0010153451678210142,nan,,[],2.23616675905482637113507204224184075762369386948518041600421546086313962877000873435159533,2.2361667590548264,-3,False,,,
25,22,blaschke_mu_0p3,mu^6,mu,6,2,0.000729,0.000729,0.000729,0.0,0.000729,nan,,[],2.23616675905482637113507204224184075762369386948518041600421546086313962877000873435159533,2.2361667590548264,-3,False,,,
25,22,blaschke_mu_0p3,alpha^17,alpha,17,1,0.0006599743590836592050933837890625,0.0006599743590836592,0.0006599743590836592,0.0,0.0006599743590836592,nan,,[],2.23616675905482637113507204224184075762369386948518041600421546086313962877000873435159533,2.2361667590548264,-3,False,,,
25,22,blaschke_mu_0p3,alpha^18,alpha,18,1,0.000428983333404378483310699462890625,0.0004289833334043785,0.0004289833334043785,0.0,0.0004289833334043785,nan,,[],2.23616675905482637113507204224184075762369386948518041600421546086313962877000873435159533,2.2361667590548264,-3,False,,,
25,23,blaschke_mu_0p3,alpha^1,alpha,1,1,0.65,0.65,0.65,0.0,0.65,0.000000000000000509737194653451724152865362716680976373066726131369461693486423458573230678141684963451818,5.097371946534517e-16,['0.650000000000000509737194653451724152865362716680976373066726131369461693486423458573230678'],1.73207308217126410384839464158043948523907501933047396968707233978838954203196182422092138,1.7320730821712642,-2,False,2.5770275436851143e-17,19.78004448972767,1.2962272640873234
25,23,blaschke_mu_0p3,alpha^2,alpha,2,1,0.4225,0.4225,0.4225,0.0,0.4225,0.0000000000000240495254963252419265250596278609341220870022884197907510063418967636761066372880253036206,2.4049525496325242e-14,['0.422500000000024049525496325241926525059627860934122087002288419790751006341896763676106637'],1.73207308217126410384839464158043948523907501933047396968707233978838954203196182422092138,1.7320730821712642,-2,False,1.8022102324530408e-15,13.344461741064878,1.125301060881129
25,23,blaschke_mu_0p3,mu^1,mu,1,2,0.3,0.3,0.3,0.0,0.3,0.000000000000108562558235710394918344893088298331708098758901984936773982817525373521147208240050711186,1.0856255823571039e-13,"['0.299999999999979743180588467217616317406830162395607326960905993854282483582066542252905372', '0.300000000000108562558235710394918344893088298331708098758901984936773982817525373521147208']",1.73207308217126410384839464158043948523907501933047396968707233978838954203196182422092138,1.7320730821712642,-2,False,1.1724304465661102e-16,925.9616086709058,2.9665929807553506
25,23,blaschke_mu_0p3,alpha^3,alpha,3,1,0.274625,0.274625,0.274625,0.0,0.274625,0.00000000000333455959004207001086329454027443125087638488411810886266039747969976080957810946849163939,3.33455959004207e-12,['0.274625000003334559590042070010863294540274431250876384884118108862660397479699760809578109'],1.73207308217126410384839464158043948523907501933047396968707233978838954203196182422092138,1.7320730821712642,-2,False,8.057554706811674e-13,4.138426248875615,0.6168352200177096
25,23,blaschke_mu_0p3,alpha^4,alpha,4,1,0.17850625,0.17850625,0.17850625,0.0,0.17850625,0.00000000373051396966870652334673207366491377436438545564130709617722247889092338148974505624209535,3.730513969668707e-09,['0.178506246269486030331293476653267926335086225635614544358692903822777521109076618510254944'],1.73207308217126410384839464158043948523907501933047396968707233978838954203196182422092138,1.7320730821712642,-2,False,8.184178948885144e-12,455.8201858693327,2.658793553879783
25,23,blaschke_mu_0p3,alpha^5,alpha,5,1,0.1160290625,0.1160290625,0.1160290625,0.0,0.1160290625,0.000000234950616913385973230258697896198358099284437976322458029200357364292833608027301120884467,2.3495061691338597e-07,['0.116028827549383086614026769741302103801641900715562023677541970799642635707166391972698879'],1.73207308217126410384839464158043948523907501933047396968707233978838954203196182422092138,1.7320730821712642,-2,False,6.62355497104339e-09,35.47198112502037,1.5498854446782366
25,23,blaschke_mu_0p3,mu^2,mu,2,2,0.09,0.09,0.09,0.0,0.09,0.0000671921161091030920064672807551903688140989475645862725275371161896930039846077019738302215,6.719211610910309e-05,"['0.0900057978486411353876543947511708203532108217177830219190022262216748677174160202295496964', '0.0900671921161091030920064672807551903688140989475645862725275371161896930039846077019738302']",1.73207308217126410384839464158043948523907501933047396968707233978838954203196182422092138,1.7320730821712642,-2,False,2.1854527107602267e-07,307.4517045291261,2.4877769051397878
25,23,blaschke_mu_0p3,alpha^6,alpha,6,1,0.075418890625,0.075418890625,0.075418890625,0.0,0.075418890625,0.000443672712538590592423972271407733842085155121718611020976574838671434030691526650359776607,0.00044367271253859057,['0.0749752179124614094075760277285922661579148448782813889790234251613285659693084733496402234'],1.73207308217126410384839464158043948523907501933047396968707233978838954203196182422092138,1.7320730821712642,-2,False,4.790126681055497e-07,926.2233382955708,2.9667157198292053
25,23,blaschke_mu_0p3,alpha^7,alpha,7,1,0.04902227890625,0.04902227890625,0.04902227890625,0.0,0.04902227890625,0.00186892129518493690990273575270533683484122926293927371076402352396442873172993388580454746,0.001868921295184937,['0.0471533576110650630900972642472946631651587707370607262892359764760355712682700661141954525'],1.73207308217126410384839464158043948523907501933047396968707233978838954203196182422092138,1.7320730821712642,-2,False,9.815685335661921e-05,19.040150853194664,1.27967038493346
25,23,blaschke_mu_0p3,alpha^8,alpha,8,1,0.0318644812890625,0.0318644812890625,0.0318644812890625,0.0,0.0318644812890625,0.00839422203006554638518347330267883987965407160589638405450786016288495256896106442575609431,0.008394222030065547,['0.0402587033191280463851834733026788398796540716058963840545078601628849525689610644257560943'],1.73207308217126410384839464158043948523907501933047396968707233978838954203196182422092138,1.7320730821712642,-2,False,0.0015402777756643807,5.449810522939473,0.7363814031441082
25,23,blaschke_mu_0p3,mu^3,mu,3,2,0.027,0.027,0.027,0.0,0.027,0.0180091590651996803054768835485090022263639864494065515338550005836095233605748685036621995,0.01800915906519968,"['(0.0235780381585872255548863859645745040242814926548659195586127176273418854491320495201961062 + 0.0176810629598895641993285960831534459399278642058616307894114819613379372613491839170160817j)', '(0.0235780381585872255548863859645745040242814926548659195586127176273418854491320495201961062 - 0.0176810629598895641993285960831534459399278642058616307894114819613379372613491839170160817j)']",1.73207308217126410384839464158043948523907501933047396968707233978838954203196182422092138,1.7320730821712642,-2,False,0.006731303012703456,2.6754343150519917,0.4273942930188732
25,23,blaschke_mu_0p3,alpha^9,alpha,9,1,0.020711912837890625,0.020711912837890624,0.020711912837890624,0.0,0.020711912837890624,0.020711912837890625,0.020711912837890624,['5.57351780349448113473379263390849059992814538258524010804131815617328668326770803498160736e-177'],1.73207308217126410384839464158043948523907501933047396968707233978838954203196182422092138,1.7320730821712642,-2,False,0.010590862004576913,1.9556399496981294,0.2912889004246055
25,23,blaschke_mu_0p3,alpha^10,alpha,10,1,0.01346274334462890625,0.013462743344628906,0.013462743344628906,0.0,0.013462743344628906,0.01346274334462890625,0.013462743344628906,['-2.3290908549581442344954101010903755236369121135754928809300119899935186068194333717609175e-177'],1.73207308217126410384839464158043948523907501933047396968707233978838954203196182422092138,1.7320730821712642,-2,False,0.013409763460758346,1.0039508440268612,0.001712449173035994
25,23,blaschke_mu_0p3,alpha^11,alpha,11,1,0.0087507831740087890625,0.00875078317400879,0.00875078317400879,0.0,0.00875078317400879,0.0200917638052177970614117330191914826746465262989660434179444399449547387224928361615353891,0.020091763805217797,['(0.00203803317219945242086127318441628078051430873316792655942059770180060386569276624642275912 - 0.0189372109936460464830247580721710133346321378758499852397808605672755796211588011359451269j)'],1.73207308217126410384839464158043948523907501933047396968707233978838954203196182422092138,1.7320730821712642,-2,False,0.01343554943815535,1.4954180994012494,0.17476263271197112
25,23,blaschke_mu_0p3,mu^4,mu,4,2,0.0081,0.0081,0.0081,0.0,0.0081,0.0268362206214520194973825438195934636497996069502617202583380382363253267111344530680661644,0.02683622062145202,"['(0.00203803317219945242086127318441628078051430873316792655942059770180060386569276624642275912 + 0.0189372109936460464830247580721710133346321378758499852397808605672755796211588011359451269j)', '(0.00440226079070175232408490741447022698980459450731703306435148453372195422290487525126540655 + 0.0265802457096104547207178141387105587433192519271458439747017518962893714609564358960455966j)']",1.73207308217126410384839464158043948523907501933047396968707233978838954203196182422092138,1.7320730821712642,-2,False,0.014763984254666167,1.8176814712444855,0.2595177802055249
25,23,blaschke_mu_0p3,alpha^12,alpha,12,1,0.005688009063105712890625,0.005688009063105713,0.005688009063105713,0.0,0.005688009063105713,0.0266113248562196683956044871549462956757312441110699336774138064829105594358978801590704269,0.026611324856219667,['(0.00440226079070175232408490741447022698980459450731703306435148453372195422290487525126540655 - 0.0265802457096104547207178141387105587433192519271458439747017518962893714609564358960455966j)'],1.73207308217126410384839464158043948523907501933047396968707233978838954203196182422092138,1.7320730821712642,-2,False,0.014808333510893418,1.7970506159010833,0.25456030966153786
25,23,blaschke_mu_0p3,alpha^13,alpha,13,1,0.00369720589101871337890625,0.0036972058910187135,0.0036972058910187135,0.0,0.0036972058910187135,0.035330425023028984409909524806382277344924010122522212676668150599193505404281387577317849,0.03533042502302899,['(0.0314521837189762358193775709304430121105569846500437622362991095146348954609528990169569088 - 0.0218609272007721333849120464106187951853140575836674257308160807160872797853547612227881411j)'],1.73207308217126410384839464158043948523907501933047396968707233978838954203196182422092138,1.7320730821712642,-2,False,0.014009218779485716,2.5219411288490123,0.4017349443645678
25,23,blaschke_mu_0p3,mu^5,mu,5,2,0.00243,0.00243,0.00243,0.0,0.00243,0.042054767054786977087406738209543077083546464186278114045419856102284815374100369739421545,0.04205476705478698,"['(0.0314521837189762358193775709304430121105569846500437622362991095146348954609528990169569088 + 0.0218609272007721333849120464106187951853140575836674257308160807160872797853547612227881411j)', '-0.039624767054786977087406738209543077083546464186278114045419856102284815374100369739421545']",1.73207308217126410384839464158043948523907501933047396968707233978838954203196182422092138,1.7320730821712642,-2,False,0.019085831717152175,2.2034547761936376,0.3431041414576449
25,23,blaschke_mu_0p3,alpha^14,alpha,14,1,0.0024031838291621636962890625,0.0024031838291621636,0.0024031838291621636,0.0,0.0024031838291621636,0.0446994722015401520694322180371968812330597734303719367167037883005233576843225992101336128,0.04469947220154015,['0.0471026560307023157657212805371968812330597734303719367167037883005233576843225992101336128'],1.73207308217126410384839464158043948523907501933047396968707233978838954203196182422092138,1.7320730821712642,-2,False,0.027420372787403408,1.6301555251675701,0.21222904029350514
25,23,blaschke_mu_0p3,alpha^15,alpha,15,1,0.001562069488955406402587890625,0.0015620694889554065,0.0015620694889554065,0.0,0.0015620694889554065,0.998437930511044593597412109375,0.9984379305110446,['1.0'],1.73207308217126410384839464158043948523907501933047396968707233978838954203196182422092138,1.7320730821712642,-2,False,0.9984379305110446,1.0,0.0
25,23,blaschke_mu_0p3,alpha^16,alpha,16,1,0.00101534516782101416168212890625,0.0010153451678210142,0.0010153451678210142,0.0,0.0010153451678210142,nan,,[],1.73207308217126410384839464158043948523907501933047396968707233978838954203196182422092138,1.7320730821712642,-2,False,,,
25,23,blaschke_mu_0p3,mu^6,mu,6,2,0.000729,0.000729,0.000729,0.0,0.000729,nan,,[],1.73207308217126410384839464158043948523907501933047396968707233978838954203196182422092138,1.7320730821712642,-2,False,,,
25,23,blaschke_mu_0p3,alpha^17,alpha,17,1,0.0006599743590836592050933837890625,0.0006599743590836592,0.0006599743590836592,0.0,0.0006599743590836592,nan,,[],1.73207308217126410384839464158043948523907501933047396968707233978838954203196182422092138,1.7320730821712642,-2,False,,,
25,23,blaschke_mu_0p3,alpha^18,alpha,18,1,0.000428983333404378483310699462890625,0.0004289833334043785,0.0004289833334043785,0.0,0.0004289833334043785,nan,,[],1.73207308217126410384839464158043948523907501933047396968707233978838954203196182422092138,1.7320730821712642,-2,False,,,
25,24,blaschke_mu_0p3,alpha^1,alpha,1,1,0.65,0.65,0.65,0.0,0.65,0.0000000000000000505415254247020829173132683809945431235647999002260061899891116214599414540838248953259935,5.0541525424702084e-17,['0.650000000000000050541525424702082917313268380994543123564799900226006189989111621459941454'],1.0,1.0,-1,False,2.5770275436851143e-17,1.961233419819347,0.2925292851041564
25,24,blaschke_mu_0p3,alpha^2,alpha,2,1,0.4225,0.4225,0.4225,0.0,0.4225,0.0000000000000389091369435860280075693910486395825600374333450877498221026882983402144763425826494357514,3.8909136943586025e-14,['0.422500000000038909136943586028007569391048639582560037433345087749822102688298340214476343'],1.0,1.0,-1,False,1.8022102324530408e-15,21.589677077033166,1.3342461465161946
25,24,blaschke_mu_0p3,mu^1,mu,1,2,0.3,0.3,0.3,0.0,0.3,0.000000000000000526578465765962508163012136300481414459677461777848379423240770049109862303854845410832634,5.265784657659625e-16,"['0.30000000000000020149798728940271613339419373599684429031157785241646243224623868662018243', '0.299999999999999473421534234037491836987863699518585540322538222151620576759229950890137696']",1.0,1.0,-1,False,1.1724304465661102e-16,4.491340764036275,0.6523760068165046
25,24,blaschke_mu_0p3,alpha^3,alpha,3,1,0.274625,0.274625,0.274625,0.0,0.274625,0.00000000000135215123633920572095020858228944330871003786911690304905586047580840999546279079552661664,1.3521512363392056e-12,['0.274625000001352151236339205720950208582289443308710037869116903049055860475808409995462791'],1.0,1.0,-1,False,8.057554706811674e-13,1.678116110333235,0.2248220067504069
25,24,blaschke_mu_0p3,alpha^4,alpha,4,1,0.17850625,0.17850625,0.17850625,0.0,0.17850625,0.0000000000716546169029540613753442694589137545073406832518876852081012786857108631512557797648814274,7.165461690295406e-11,['0.17850625007165461690295406137534426945891375450734068325188768520810127868571086315125578'],1.0,1.0,-1,False,8.184178948885144e-12,8.75526028334399,0.9422690616632963
25,24,blaschke_mu_0p3,alpha^5,alpha,5,1,0.1160290625,0.1160290625,0.1160290625,0.0,0.1160290625,0.00000000995867104062892363635913125270468067840919853316709111417463879487477791637623767711343928,9.958671040628924e-09,['0.116029072458671040628923636359131252704680678409198533167091114174638794874777916376237677'],1.0,1.0,-1,False,6.62355497104339e-09,1.503523573695073,0.17711024177835727
25,24,blaschke_mu_0p3,mu^2,mu,2,2,0.09,0.09,0.09,0.0,0.09,0.00000153829198382300609492817223165509707645642626078990864252856310392411398847745204683219761,1.538291983823006e-06,"['0.0899996801735434863211713742833324676094934219732256200203507929775363924964694780653285057', '0.0899984617080161769939050718277683449029235435737392100913574714368960758860115225479531678']",1.0,1.0,-1,False,2.1854527107602267e-07,7.0387795455336075,0.8474973633198029
25,24,blaschke_mu_0p3,alpha^6,alpha,6,1,0.075418890625,0.075418890625,0.075418890625,0.0,0.075418890625,0.0000115481370599861632572931930775650330909024355010345776205636281219878079950798732134188898,1.1548137059986163e-05,['0.0754304387620599861632572931930775650330909024355010345776205636281219878079950798732134189'],1.0,1.0,-1,False,4.790126681055497e-07,24.108208047311077,1.3821649306558919
25,24,blaschke_mu_0p3,alpha^7,alpha,7,1,0.04902227890625,0.04902227890625,0.04902227890625,0.0,0.04902227890625,0.000134183046003989625486346479845407551226972796948765371328872452767388204331405060505151543,0.00013418304600398964,['0.0491564619522539896254863464798454075512269727969487653713288724527673882043314050605051515'],1.0,1.0,-1,False,9.815685335661921e-05,1.3670267680289385,0.1357770186595859
25,24,blaschke_mu_0p3,alpha^8,alpha,8,1,0.0318644812890625,0.0318644812890625,0.0318644812890625,0.0,0.0318644812890625,0.00699950298032736648863961878535175422821526250282281840130881570232785548842636340801444257,0.0069995029803273665,['(0.0343756197301286432640554608692400949623975207309344431512404425500889807246123543902008552 + 0.00653354618116468092044241472085904405171749728376167496365131520892785186559835854344509423j)'],1.0,1.0,-1,False,0.0015402777756643807,4.544312130523479,0.6574681536687319
25,24,blaschke_mu_0p3,mu^3,mu,3,2,0.027,0.027,0.027,0.0,0.027,0.00751040325250366263553796084283867651218703015242188830130372523125483095925178530704323978,0.007510403252503663,"['(0.029522018464938937342075421217547795409811691765374461026555407791598361869220764675485053 - 0.00707429006174645347872022114607088492826939978379407134911773201870627561240633605097742871j)', '(0.029522018464938937342075421217547795409811691765374461026555407791598361869220764675485053 + 0.00707429006174645347872022114607088492826939978379407134911773201870627561240633605097742871j)']",1.0,1.0,-1,False,0.006731303012703456,1.1157428566697818,0.047564115034120134
25,24,blaschke_mu_0p3,alpha^9,alpha,9,1,0.020711912837890625,0.020711912837890624,0.020711912837890624,0.0,0.020711912837890624,0.0151454320419856068499718512518327792616870730288624042628861571243832302993168974906316409,0.015145432041985606,['(0.0343756197301286432640554608692400949623975207309344431512404425500889807246123543902008552 - 0.00653354618116468092044241472085904405171749728376167496365131520892785186559835854344509423j)'],1.0,1.0,-1,False,0.010590862004576913,1.4300471515387894,0.15535035726611846
25,24,blaschke_mu_0p3,alpha^10,alpha,10,1,0.01346274334462890625,0.013462743344628906,0.013462743344628906,0.0,0.013462743344628906,0.01346274334462890625,0.013462743344628906,['-2.75131537137158683119174106829970163834684809491539845099117319909386585823568612167489039e-353'],1.0,1.0,-1,False,0.013409763460758346,1.0039508440268612,0.001712449173035994
25,24,blaschke_mu_0p3,alpha^11,alpha,11,1,0.0087507831740087890625,0.00875078317400879,0.00875078317400879,0.0,0.00875078317400879,0.016476389691772223486331287029042143504660729636075004162363763241952567847986199483940543,0.016476389691772224,['(0.0146075205414177626997963143037255744954388740641703857951406219833824551974686607778991266 - 0.0154003261226616039023424352882471768449647955084503497695581408156089847817600285621182122j)'],1.0,1.0,-1,False,0.01343554943815535,1.2263279419731992,0.08860662380749357
25,24,blaschke_mu_0p3,mu^4,mu,4,2,0.0081,0.0081,0.0081,0.0,0.0081,0.0165542308090545161795457749973970157332372900205397241449387486779566526998788159111547137,0.016554230809054517,"['(-0.0015047671298627920771458733624800938195898712964695318508389337778320726685849391988384363 + 0.0134829895075445714267197441186193430035047120643169631546839094528782074425882677966525137j)', '(-0.0015047671298627920771458733624800938195898712964695318508389337778320726685849391988384363 - 0.0134829895075445714267197441186193430035047120643169631546839094528782074425882677966525137j)']",1.0,1.0,-1,False,0.014763984254666167,1.1212576851551803,0.049705432738034114
25,24,blaschke_mu_0p3,alpha^12,alpha,12,1,0.005688009063105712890625,0.005688009063105713,0.005688009063105713,0.0,0.005688009063105713,0.0167686458293688176506411388022956013208077293270560689207585950108796561062517845844889557,0.01676864582936882,['(0.000204750280021431390651993630206370720761366148695110865678123132365406190922935698935010589 - 0.0158468090184913040340938045644574119869464413562174934193668735531069971601376472477952651j)'],1.0,1.0,-1,False,0.014808333510893418,1.1323789957211148,0.05399180512346349
25,24,blaschke_mu_0p3,alpha^13,alpha,13,1,0.00369720589101871337890625,0.0036972058910187135,0.0036972058910187135,0.0,0.0036972058910187135,0.0162270946957033477764861616749627197734260503835346090316152688729806438600329035155490206,0.016227094695703347,['(0.000204750280021431390651993630206370720761366148695110865678123132365406190922935698935010589 + 0.0158468090184913040340938045644574119869464413562174934193668735531069971601376472477952651j)'],1.0,1.0,-1,False,0.014009218779485716,1.158315460064437,0.06382685292134016
25,24,blaschke_mu_0p3,mu^5,mu,5,2,0.00243,0.00243,0.00243,0.0,0.00243,0.0229617456753783417104288603780941906087370384396031296909307482557567510331942989473420921,0.022961745675378342,"['(0.0146075205414177626997963143037255744954388740641703857951406219833824551974686607778991266 + 0.0154003261226616039023424352882471768449647955084503497695581408156089847817600285621182122j)', '(0.0186901694056230507773077187058917718068006540194013433088851321427877440678468607876342792 + 0.016212607913633022337702953839352085371511297548862875708654114676816703732400989673943477j)']",1.0,1.0,-1,False,0.019085831717152175,1.203078074650681,0.08029381211933004
25,24,blaschke_mu_0p3,alpha^14,alpha,14,1,0.0024031838291621636962890625,0.0024031838291621636,0.0024031838291621636,0.0,0.0024031838291621636,0.0229807431239514331713683904451763742976757619951300560342781887952958651101558651946025765,0.022980743123951434,['(0.0186901694056230507773077187058917718068006540194013433088851321427877440678468607876342792 - 0.016212607913633022337702953839352085371511297548862875708654114676816703732400989673943477j)'],1.0,1.0,-1,False,0.027420372787403408,0.8380901055622596,-0.07670928656687731
25,24,blaschke_mu_0p3,alpha^15,alpha,15,1,0.001562069488955406402587890625,0.0015620694889554065,0.0015620694889554065,0.0,0.0015620694889554065,0.998437930511044593597412109375,0.9984379305110446,['1.0'],1.0,1.0,-1,False,0.9984379305110446,1.0,0.0
25,24,blaschke_mu_0p3,alpha^16,alpha,16,1,0.00101534516782101416168212890625,0.0010153451678210142,0.0010153451678210142,0.0,0.0010153451678210142,nan,,[],1.0,1.0,-1,False,,,
25,24,blaschke_mu_0p3,mu^6,mu,6,2,0.000729,0.000729,0.000729,0.0,0.000729,nan,,[],1.0,1.0,-1,False,,,
25,24,blaschke_mu_0p3,alpha^17,alpha,17,1,0.0006599743590836592050933837890625,0.0006599743590836592,0.0006599743590836592,0.0,0.0006599743590836592,nan,,[],1.0,1.0,-1,False,,,
25,24,blaschke_mu_0p3,alpha^18,alpha,18,1,0.000428983333404378483310699462890625,0.0004289833334043785,0.0004289833334043785,0.0,0.0004289833334043785,nan,,[],1.0,1.0,-1,False,,,
25,25,blaschke_mu_0p3,alpha^1,alpha,1,1,0.65,0.65,0.65,0.0,0.65,0.0000000000000000256597713991562638274836050235133138643377766401402005029132026084294961605323476661617804,2.5659771399156262e-17,['0.650000000000000025659771399156263827483605023513313864337776640140200502913202608429496161'],9.53591404809838252898918008779115167852613580043856346221165718511705835784822087262806596e-179,9.535914048098382e-179,0,False,2.5770275436851143e-17,0.9957119574462576,-0.0018662774235607869
25,25,blaschke_mu_0p3,alpha^2,alpha,2,1,0.4225,0.4225,0.4225,0.0,0.4225,0.0000000000000032965963411107400409709451791094101961367382814349252729959806691919105051392220737779258,3.29659634111074e-15,['0.422500000000003296596341110740040970945179109410196136738281434925272995980669191910505139'],9.53591404809838252898918008779115167852613580043856346221165718511705835784822087262806596e-179,9.535914048098382e-179,0,False,1.8022102324530408e-15,1.8291963289009001,0.26226032110374514
25,25,blaschke_mu_0p3,mu^1,mu,1,2,0.3,0.3,0.3,0.0,0.3,0.000000000000000116968391979616955910923793037703260357829010130035033239553216482232684069703187034687004,1.1696839197961696e-16,"['0.300000000000000004794332447648792447186292783477679543649669205304593034217094227345701325', '0.30000000000000011696839197961695591092379303770326035782901013003503323955321648223268407']",9.53591404809838252898918008779115167852613580043856346221165718511705835784822087262806596e-179,9.535914048098382e-179,0,False,1.1724304465661102e-16,0.9976574075008161,-0.0010185685075660108
25,25,blaschke_mu_0p3,alpha^3,alpha,3,1,0.274625,0.274625,0.274625,0.0,0.274625,0.000000000000823305317903622879050737030172676079961661533045795411628275278551467441901478463643279522,8.233053179036229e-13,['0.274625000000823305317903622879050737030172676079961661533045795411628275278551467441901478'],9.53591404809838252898918008779115167852613580043856346221165718511705835784822087262806596e-179,9.535914048098382e-179,0,False,8.057554706811674e-13,1.0217806119362978,0.00935765778158894
25,25,blaschke_mu_0p3,alpha^4,alpha,4,1,0.17850625,0.17850625,0.17850625,0.0,0.17850625,0.0000000000129810451684475474949325631752725535211910946781253996011530121170027889801915761268505,1.2981045168447547e-11,['0.178506250012981045168447547494932563175272553521191094678125399601153012117002788980191576'],9.53591404809838252898918008779115167852613580043856346221165718511705835784822087262806596e-179,9.535914048098382e-179,0,False,8.184178948885144e-12,1.5861145326271042,0.20033454432586134
25,25,blaschke_mu_0p3,alpha^5,alpha,5,1,0.1160290625,0.1160290625,0.1160290625,0.0,0.1160290625,0.00000000660408332033164350963570955321248588847031971037917179495789966893954644559880011387311053,6.604083320331644e-09,['0.116029069104083320331643509635709553212485888470319710379171794957899668939546445598800114'],9.53591404809838252898918008779115167852613580043856346221165718511705835784822087262806596e-179,9.535914048098382e-179,0,False,6.62355497104339e-09,0.9970602416984728,-0.0012786011197916344
25,25,blaschke_mu_0p3,mu^2,mu,2,2,0.09,0.09,0.09,0.0,0.09,0.000000217194171834264525307375455446691327807540334274317430336276885285741086741724809131832493,2.1719417183426453e-07,"['0.0900000763156061528571357703964730962195092254207195778771725235213812068960347711362977184', '0.0899997828058281657354746926245445533086721924596657256825696637231147142589132582751908682']",9.53591404809838252898918008779115167852613580043856346221165718511705835784822087262806596e-179,9.535914048098382e-179,0,False,2.1854527107602267e-07,0.9938177603427156,-0.002693246320696406
25,25,blaschke_mu_0p3,alpha^6,alpha,6,1,0.075418890625,0.075418890625,0.075418890625,0.0,0.075418890625,0.000000693998036586533460003593828945178699146000372998421601386281269544662920067824079816280817,6.939980365865335e-07,['0.0754181966269634134665399964061710548213008539996270015783986137187304553370799321759201837'],9.53591404809838252898918008779115167852613580043856346221165718511705835784822087262806596e-179,9.535914048098382e-179,0,False,4.790126681055497e-07,1.4488093589074185,0.16101124273720063
25,25,blaschke_mu_0p3,alpha^7,alpha,7,1,0.04902227890625,0.04902227890625,0.04902227890625,0.0,0.04902227890625,0.0000974021747838151628169880191157002276937600341539747498654995445890586669702929178675621028,9.740217478381516e-05,['0.0491196810810338151628169880191157002276937600341539747498654995445890586669702929178675621'],9.53591404809838252898918008779115167852613580043856346221165718511705835784822087262806596e-179,9.535914048098382e-179,0,False,9.815685335661921e-05,0.9923115040163096,-0.0033519737741834373
25,25,blaschke_mu_0p3,alpha^8,alpha,8,1,0.0318644812890625,0.0318644812890625,0.0318644812890625,0.0,0.0318644812890625,0.00184651249118202115924478881378468914227368524310136790308545241795526321126573763399076257,0.001846512491182021,['0.0337109937802445211592447888137846891422736852431013679030854524179552632112657376339907626'],9.53591404809838252898918008779115167852613580043856346221165718511705835784822087262806596e-179,9.535914048098382e-179,0,False,0.0015402777756643807,1.198817849842409,0.07875320076538912
25,25,blaschke_mu_0p3,mu^3,mu,3,2,0.027,0.027,0.027,0.0,0.027,0.00684582265652224909671770153571368667718934624628974269346930682628448896617539526913910848,0.006845822656522249,"['(0.0290102005726954187664064141635003861954972373214549518923462681404787103271022382278794324 + 0.00654403403888521610924399548831334349282056104923425423141757561775745614921298298579574088j)', '(0.0290102005726954187664064141635003861954972373214549518923462681404787103271022382278794324 - 0.00654403403888521610924399548831334349282056104923425423141757561775745614921298298579574088j)']",9.53591404809838252898918008779115167852613580043856346221165718511705835784822087262806596e-179,9.535914048098382e-179,0,False,0.006731303012703456,1.0170129978701998,0.007326503431330599
25,25,blaschke_mu_0p3,alpha^9,alpha,9,1,0.020711912837890625,0.020711912837890624,0.020711912837890624,0.0,0.020711912837890624,0.00870984495415714634897107079390531030339520262192327075115568508036122520398081638044572334,0.008709844954157147,['(0.0256379141832345161536707312274896238797997737692686491216770188151718784945336446111694986 - 0.00718302929627374394639046024338306090768041868181772924538644281008312567244602999698534774j)'],9.53591404809838252898918008779115167852613580043856346221165718511705835784822087262806596e-179,9.535914048098382e-179,0,False,0.010590862004576913,0.8223924502456106,-0.08492088525507521
25,25,blaschke_mu_0p3,alpha^10,alpha,10,1,0.01346274334462890625,0.013462743344628906,0.013462743344628906,0.0,0.013462743344628906,0.0139721673755335693074177021801828545370741915178630554614312825380646249813498552392313081,0.01397216737553357,['(0.0111676496104304560803375514536768224159431743386750312465479677486681140562836291625792448 + 0.0137823802705181387592774542076040326919889600426709670415678348048445820815234959599735553j)'],9.53591404809838252898918008779115167852613580043856346221165718511705835784822087262806596e-179,9.535914048098382e-179,0,False,0.013409763460758346,1.0419398833112168,0.01784266224625085
25,25,blaschke_mu_0p3,alpha^11,alpha,11,1,0.0087507831740087890625,0.00875078317400879,0.00875078317400879,0.0,0.00875078317400879,0.0139926855639891090760588988429377584773691514154468499829509363409611791134635389326809162,0.013992685563989108,['(0.0111676496104304560803375514536768224159431743386750312465479677486681140562836291625792448 - 0.0137823802705181387592774542076040326919889600426709670415678348048445820815234959599735553j)'],9.53591404809838252898918008779115167852613580043856346221165718511705835784822087262806596e-179,9.535914048098382e-179,0,False,0.01343554943815535,1.0414673124012002,0.017645643686969335
25,25,blaschke_mu_0p3,mu^4,mu,4,2,0.0081,0.0081,0.0081,0.0,0.0081,0.0151832886397075794091909348789382380974028433104373314060490730397577574620910924666365243,0.01518328863970758,"['(-0.00232421197574416436336833812898524853026770752821053068580010777111282094345417004065867496 - 0.011039386694985604243048024912089317170666525670916205351109799526477873369943848595288162j)', '(-0.00232421197574416436336833812898524853026770752821053068580010777111282094345417004065867496 + 0.011039386694985604243048024912089317170666525670916205351109799526477873369943848595288162j)']",9.53591404809838252898918008779115167852613580043856346221165718511705835784822087262806596e-179,9.535914048098382e-179,0,False,0.014763984254666167,1.028400489854823,0.012162274837018884
25,25,blaschke_mu_0p3,alpha^12,alpha,12,1,0.005688009063105712890625,0.005688009063105713,0.005688009063105713,0.0,0.005688009063105713,0.0147807134833896368681307362985032351404671643204501147434912671972414306445610175426116078,0.014780713483389636,['(-0.00108339340217494403343038479662981704607083903515073564202787351974813737447334567943088155 + 0.0131384017190542341442787916496018686324566922587930411089947971975855495372806223725582449j)'],9.53591404809838252898918008779115167852613580043856346221165718511705835784822087262806596e-179,9.535914048098382e-179,0,False,0.014808333510893418,0.9981348321549172,-0.0008107884665017898
25,25,blaschke_mu_0p3,alpha^13,alpha,13,1,0.00369720589101871337890625,0.0036972058910187135,0.0036972058910187135,0.0,0.0036972058910187135,0.0139811204605829411234306758917894136001826425893053792182243984585100165527908280249033922,0.013981120460582941,['(-0.00108339340217494403343038479662981704607083903515073564202787351974813737447334567943088155 - 0.0131384017190542341442787916496018686324566922587930411089947971975855495372806223725582449j)'],9.53591404809838252898918008779115167852613580043856346221165718511705835784822087262806596e-179,9.535914048098382e-179,0,False,0.014009218779485716,0.9979942979444422,-0.0008719400536495842
25,25,blaschke_mu_0p3,mu^5,mu,5,2,0.00243,0.00243,0.00243,0.0,0.00243,0.0190599680839680896839753732848705062317089269005910020013565115614042483631832252657126072,0.01905996808396809,"['(0.0145616045152330422879196207292927419070444723011697279503243967500178676245395776239281833 - 0.0147005630928838733676033393517453177919073667708057627365231480148399573725724171555746169j)', '(0.0145616045152330422879196207292927419070444723011697279503243967500178676245395776239281833 + 0.0147005630928838733676033393517453177919073667708057627365231480148399573725724171555746169j)']",9.53591404809838252898918008779115167852613580043856346221165718511705835784822087262806596e-179,9.535914048098382e-179,0,False,0.019085831717152175,0.9986448778566541,-0.0005889211894157836
25,25,blaschke_mu_0p3,alpha^14,alpha,14,1,0.0024031838291621636962890625,0.0024031838291621636,0.0024031838291621636,0.0,0.0024031838291621636,0.02431971637370752772201861347354556195013295684940819113845071206416506095831727203931372,0.02431971637370753,['(0.0256379141832345161536707312274896238797997737692686491216770188151718784945336446111694986 + 0.00718302929627374394639046024338306090768041868181772924538644281008312567244602999698534774j)'],9.53591404809838252898918008779115167852613580043856346221165718511705835784822087262806596e-179,9.535914048098382e-179,0,False,0.027420372787403408,0.8869214347399287,-0.052114849131185234
25,25,blaschke_mu_0p3,alpha^15,alpha,15,1,0.001562069488955406402587890625,0.0015620694889554065,0.0015620694889554065,0.0,0.0015620694889554065,0.998437930511044593597412109375,0.9984379305110446,['1.0'],9.53591404809838252898918008779115167852613580043856346221165718511705835784822087262806596e-179,9.535914048098382e-179,0,False,0.9984379305110446,1.0,0.0
25,25,blaschke_mu_0p3,alpha^16,alpha,16,1,0.00101534516782101416168212890625,0.0010153451678210142,0.0010153451678210142,0.0,0.0010153451678210142,nan,,[],9.53591404809838252898918008779115167852613580043856346221165718511705835784822087262806596e-179,9.535914048098382e-179,0,False,,,
25,25,blaschke_mu_0p3,mu^6,mu,6,2,0.000729,0.000729,0.000729,0.0,0.000729,nan,,[],9.53591404809838252898918008779115167852613580043856346221165718511705835784822087262806596e-179,9.535914048098382e-179,0,False,,,
25,25,blaschke_mu_0p3,alpha^17,alpha,17,1,0.0006599743590836592050933837890625,0.0006599743590836592,0.0006599743590836592,0.0,0.0006599743590836592,nan,,[],9.53591404809838252898918008779115167852613580043856346221165718511705835784822087262806596e-179,9.535914048098382e-179,0,False,,,
25,25,blaschke_mu_0p3,alpha^18,alpha,18,1,0.000428983333404378483310699462890625,0.0004289833334043785,0.0004289833334043785,0.0,0.0004289833334043785,nan,,[],9.53591404809838252898918008779115167852613580043856346221165718511705835784822087262806596e-179,9.535914048098382e-179,0,False,,,
25,26,blaschke_mu_0p3,alpha^1,alpha,1,1,0.65,0.65,0.65,0.0,0.65,0.0000000000000000257087633843832697940652197282543397718534346625974393382943861933751621477124119638443879,2.5708763384383268e-17,['0.650000000000000025708763384383269794065219728254339771853434662597439338294386193375162148'],1.08896177937343372600591011040596869842949932943558703512966284007370171438885599031003662e-178,1.0889617793734337e-178,1,False,2.5770275436851143e-17,0.997613061893009,-0.001037873211430329
25,26,blaschke_mu_0p3,alpha^2,alpha,2,1,0.4225,0.4225,0.4225,0.0,0.4225,0.00000000000000177650423950898701490102298143154949875172097265433644756499534466256564685837693647068555,1.776504239508987e-15,['0.422500000000001776504239508987014901022981431549498751720972654336447564995344662565646858'],1.08896177937343372600591011040596869842949932943558703512966284007370171438885599031003662e-178,1.0889617793734337e-178,1,False,1.8022102324530408e-15,0.9857364071731717,-0.006239202923657869
25,26,blaschke_mu_0p3,mu^1,mu,1,2,0.3,0.3,0.3,0.0,0.3,0.000000000000000117236033087974716406585315194548347867826565016321069345243512243205864832335911524803917,1.1723603308797472e-16,"['0.300000000000000002768905871427140714700568792330444972405943396337225167854856917758001932', '0.300000000000000117236033087974716406585315194548347867826565016321069345243512243205864832']",1.08896177937343372600591011040596869842949932943558703512966284007370171438885599031003662e-178,1.0889617793734337e-178,1,False,1.1724304465661102e-16,0.9999401962934618,-2.5973196401368825e-05
25,26,blaschke_mu_0p3,alpha^3,alpha,3,1,0.274625,0.274625,0.274625,0.0,0.274625,0.000000000000805108827320766212594450671923140895726802671415499383253442188764204434673795090350427194,8.051088273207662e-13,['0.274625000000805108827320766212594450671923140895726802671415499383253442188764204434673795'],1.08896177937343372600591011040596869842949932943558703512966284007370171438885599031003662e-178,1.0889617793734337e-178,1,False,8.057554706811674e-13,0.9991974694756282,-0.00034867450798279644
25,26,blaschke_mu_0p3,alpha^4,alpha,4,1,0.17850625,0.17850625,0.17850625,0.0,0.17850625,0.00000000000830982247728112872567171259549751618102492021662472667491338938142382267416959271741322864,8.309822477281128e-12,['0.178506250008309822477281128725671712595497516181024920216624726674913389381423822674169593'],1.08896177937343372600591011040596869842949932943558703512966284007370171438885599031003662e-178,1.0889617793734337e-178,1,False,8.184178948885144e-12,1.015352001609532,0.00661662929822746
25,26,blaschke_mu_0p3,alpha^5,alpha,5,1,0.1160290625,0.1160290625,0.1160290625,0.0,0.1160290625,0.00000000662338191562929808135390618064509154982325483897506945521026530858041798775364015535385022,6.623381915629298e-09,['0.116029069123381915629298081353906180645091549823254838975069455210265308580417987753640155'],1.08896177937343372600591011040596869842949932943558703512966284007370171438885599031003662e-178,1.0889617793734337e-178,1,False,6.62355497104339e-09,0.9999738727292445,-1.1347077751020545e-05
25,26,blaschke_mu_0p3,mu^2,mu,2,2,0.09,0.09,0.09,0.0,0.09,0.000000218532063375705715755076251794205765204120319916564918606488382499213067989436311473007861,2.185320633757057e-07,"['0.0900000513800099426478512050759794454782479372721044001392476918682269653732045002935241664', '0.089999781467936624294284244923748205794234795879680083435081393511617500786932010563688527']",1.08896177937343372600591011040596869842949932943558703512966284007370171438885599031003662e-178,1.0889617793734337e-178,1,False,2.1854527107602267e-07,0.9999395653804269,-2.6247214924714488e-05
25,26,blaschke_mu_0p3,alpha^6,alpha,6,1,0.075418890625,0.075418890625,0.075418890625,0.0,0.075418890625,0.000000475769663841874791764116822499678979949539875175788888582566254317178855374781825080016729,4.757696638418748e-07,['0.07541841485533615812520823588317750032102005046012482421111141743374568282114462521817492'],1.08896177937343372600591011040596869842949932943558703512966284007370171438885599031003662e-178,1.0889617793734337e-178,1,False,4.790126681055497e-07,0.9932298152437165,-0.002950252064037776
25,26,blaschke_mu_0p3,alpha^7,alpha,7,1,0.04902227890625,0.04902227890625,0.04902227890625,0.0,0.04902227890625,0.00009815305550244011827633580951807259943122302970396362424057184131265766936634228874998971,9.815305550244012e-05,['0.0491204319617524401182763358095180725994312230297039636242405718413126576693663422887499897'],1.08896177937343372600591011040596869842949932943558703512966284007370171438885599031003662e-178,1.0889617793734337e-178,1,False,9.815685335661921e-05,0.9999613083136916,-1.6803910947206493e-05
25,26,blaschke_mu_0p3,alpha^8,alpha,8,1,0.0318644812890625,0.0318644812890625,0.0318644812890625,0.0,0.0318644812890625,0.0015317348767964529817548101282653430631056858849836042352762623680271516841159559397330939,0.001531734876796453,['0.0333962161658589529817548101282653430631056858849836042352762623680271516841159559397330939'],1.08896177937343372600591011040596869842949932943558703512966284007370171438885599031003662e-178,1.0889617793734337e-178,1,False,0.0015402777756643807,0.9944536634866119,-0.0024154479954520713
25,26,blaschke_mu_0p3,mu^3,mu,3,2,0.027,0.027,0.027,0.0,0.027,0.0067141744902979918829759542152163288214374146328150375587786827635454949067579098349681604,0.006714174490297992,"['(0.0253075060525965203105901501773171493820367203232158436130244669849439356493921512138491166 + 0.00649735356311867073575730644406948822893412474124928069260979519322064400883474515092877057j)', '(0.0253075060525965203105901501773171493820367203232158436130244669849439356493921512138491166 - 0.00649735356311867073575730644406948822893412474124928069260979519322064400883474515092877057j)']",1.08896177937343372600591011040596869842949932943558703512966284007370171438885599031003662e-178,1.0889617793734337e-178,1,False,0.006731303012703456,0.9974553927563299,-0.001106517308337562
25,26,blaschke_mu_0p3,alpha^9,alpha,9,1,0.020711912837890625,0.020711912837890624,0.020711912837890624,0.0,0.020711912837890624,0.0105908291984797174346090638168858309658379602638335500543372061418513310488876632420550284,0.010590829198479718,['(0.0290276405509225048877369388293227397767011002321709085122772172157326728871997484554828957 - 0.00655853152116265388692446383562665391781044051230289071817365406224418306736837658521032585j)'],1.08896177937343372600591011040596869842949932943558703512966284007370171438885599031003662e-178,1.0889617793734337e-178,1,False,0.010590862004576913,0.9999969024148194,-1.345266234689818e-06
25,26,blaschke_mu_0p3,alpha^10,alpha,10,1,0.01346274334462890625,0.013462743344628906,0.013462743344628906,0.0,0.013462743344628906,0.0133890729891182554150368151089371843905071854170827374187852237344990168703410155336248987,0.013389072989118256,['(0.0111716023575652802031609057233583411414722067733400703481696797574485470765821466295706892 + 0.0131915862763101075141295205689637495941459479650620573823684781480862030800249134362239907j)'],1.08896177937343372600591011040596869842949932943558703512966284007370171438885599031003662e-178,1.0889617793734337e-178,1,False,0.013409763460758346,0.9984570591643441,-0.000670608178344018
25,26,blaschke_mu_0p3,alpha^11,alpha,11,1,0.0087507831740087890625,0.00875078317400879,0.00875078317400879,0.0,0.00875078317400879,0.0134118721290060130284112581214562346344146530584526653019317501825832516319306176569487354,0.013411872129006012,['(0.0111716023575652802031609057233583411414722067733400703481696797574485470765821466295706892 - 0.0131915862763101075141295205689637495941459479650620573823684781480862030800249134362239907j)'],1.08896177937343372600591011040596869842949932943558703512966284007370171438885599031003662e-178,1.0889617793734337e-178,1,False,0.01343554943815535,0.9982377118808333,-0.0007660271844072796
25,26,blaschke_mu_0p3,mu^4,mu,4,2,0.0081,0.0081,0.0081,0.0,0.0081,0.0147408208702262754112737208196378809637006668885224497477858148225903255052011587844263678,0.014740820870226275,"['(-0.00194483822204984586718884607765854504575679016861184050251270387353333635399226092037596174 - 0.0107885599141379855842490414455733832304081607366904765559628197952022468479716271365026553j)', '(-0.00194483822204984586718884607765854504575679016861184050251270387353333635399226092037596174 + 0.0107885599141379855842490414455733832304081607366904765559628197952022468479716271365026553j)']",1.08896177937343372600591011040596869842949932943558703512966284007370171438885599031003662e-178,1.0889617793734337e-178,1,False,0.014763984254666167,0.9984310885164639,-0.0006819046639078931
25,26,blaschke_mu_0p3,alpha^12,alpha,12,1,0.005688009063105712890625,0.005688009063105713,0.005688009063105713,0.0,0.005688009063105713,0.0148084033025593408817831540971116846409411654410395627350459537043304682410870319932000566,0.014808403302559342,['(-0.00109085251136154624651610156448932575144447471240963022359107060864846761076704999890285206 + 0.0131657071259185188677817005801924287038767301546621333512584698691412904162604961647317586j)'],1.08896177937343372600591011040596869842949932943558703512966284007370171438885599031003662e-178,1.0889617793734337e-178,1,False,0.014808333510893418,1.0000047129993306,2.046824779146738e-06
25,26,blaschke_mu_0p3,alpha^13,alpha,13,1,0.00369720589101871337890625,0.0036972058910187135,0.0036972058910187135,0.0,0.0036972058910187135,0.0140093307259863727803779864720033166202603519829511364594565356663891914205342946953674451,0.014009330725986372,['(-0.00109085251136154624651610156448932575144447471240963022359107060864846761076704999890285206 - 0.0131657071259185188677817005801924287038767301546621333512584698691412904162604961647317586j)'],1.08896177937343372600591011040596869842949932943558703512966284007370171438885599031003662e-178,1.0889617793734337e-178,1,False,0.014009218779485716,1.0000079909167254,3.4703971733941715e-06
25,26,blaschke_mu_0p3,mu^5,mu,5,2,0.00243,0.00243,0.00243,0.0,0.00243,0.019085901384143791049916867185564639458359755062169269323032550700176849953680108135196721,0.019085901384143792,"['(0.0145725693696183139489354412048902978217270795776888130948981568922390717449491579926701108 + 0.0147251363575781185652961014067188763479821528137517178337543969178951832666291319874436341j)', '(0.0145725693696183139489354412048902978217270795776888130948981568922390717449491579926701108 - 0.0147251363575781185652961014067188763479821528137517178337543969178951832666291319874436341j)']",1.08896177937343372600591011040596869842949932943558703512966284007370171438885599031003662e-178,1.0889617793734337e-178,1,False,0.019085831717152175,1.0000036501941676,1.585256291616026e-06
25,26,blaschke_mu_0p3,alpha^14,alpha,14,1,0.0024031838291621636962890625,0.0024031838291621636,0.0024031838291621636,0.0,0.0024031838291621636,0.0274203579743768759001007524284383447549045595976507806519851880000600277650454673912257232,0.027420357974376877,['(0.0290276405509225048877369388293227397767011002321709085122772172157326728871997484554828957 + 0.00655853152116265388692446383562665391781044051230289071817365406224418306736837658521032585j)'],1.08896177937343372600591011040596869842949932943558703512966284007370171438885599031003662e-178,1.0889617793734337e-178,1,False,0.027420372787403408,0.9999994597802646,-2.3461451346675562e-07
25,26,blaschke_mu_0p3,alpha^15,alpha,15,1,0.001562069488955406402587890625,0.0015620694889554065,0.0015620694889554065,0.0,0.0015620694889554065,0.998437930511044593597412109375,0.9984379305110446,['1.0'],1.08896177937343372600591011040596869842949932943558703512966284007370171438885599031003662e-178,1.0889617793734337e-178,1,False,0.9984379305110446,1.0,0.0
25,26,blaschke_mu_0p3,alpha^16,alpha,16,1,0.00101534516782101416168212890625,0.0010153451678210142,0.0010153451678210142,0.0,0.0010153451678210142,nan,,[],1.08896177937343372600591011040596869842949932943558703512966284007370171438885599031003662e-178,1.0889617793734337e-178,1,False,,,
25,26,blaschke_mu_0p3,mu^6,mu,6,2,0.000729,0.000729,0.000729,0.0,0.000729,nan,,[],1.08896177937343372600591011040596869842949932943558703512966284007370171438885599031003662e-178,1.0889617793734337e-178,1,False,,,
25,26,blaschke_mu_0p3,alpha^17,alpha,17,1,0.0006599743590836592050933837890625,0.0006599743590836592,0.0006599743590836592,0.0,0.0006599743590836592,nan,,[],1.08896177937343372600591011040596869842949932943558703512966284007370171438885599031003662e-178,1.0889617793734337e-178,1,False,,,
25,26,blaschke_mu_0p3,alpha^18,alpha,18,1,0.000428983333404378483310699462890625,0.0004289833334043785,0.0004289833334043785,0.0,0.0004289833334043785,nan,,[],1.08896177937343372600591011040596869842949932943558703512966284007370171438885599031003662e-178,1.0889617793734337e-178,1,False,,,
25,27,blaschke_mu_0p3,alpha^1,alpha,1,1,0.65,0.65,0.65,0.0,0.65,0.0000000000000000257682578785252780069564567559510492408491769816292366030834227612486486687025493012261501,2.576825787852528e-17,['0.650000000000000025768257878525278006956456755951049240849176981629236603083422761248648669'],2.04079511096693627697652770935443882037020362900491598384381864373849813586641198605717589e-178,2.0407951109669362e-178,2,False,2.5770275436851143e-17,0.9999217098656625,-3.400230437008277e-05
25,27,blaschke_mu_0p3,alpha^2,alpha,2,1,0.4225,0.4225,0.4225,0.0,0.4225,0.00000000000000179768329570782952997376157412108588411392150974991008083120454982932466326550884785412742,1.7976832957078294e-15,['0.422500000000001797683295707829529973761574121085884113921509749910080831204549829324663266'],2.04079511096693627697652770935443882037020362900491598384381864373849813586641198605717589e-178,2.0407951109669362e-178,2,False,1.8022102324530408e-15,0.9974881194969969,-0.0010922682403350474
25,27,blaschke_mu_0p3,mu^1,mu,1,2,0.3,0.3,0.3,0.0,0.3,0.000000000000000117243307338300320587684322246848169689345689431183796939529470505153648538876933855657655,1.1724330733830033e-16,"['0.300000000000000002775163760601378734676275984874911637796120833250578060198554728086545667', '0.300000000000000117243307338300320587684322246848169689345689431183796939529470505153648539']",2.04079511096693627697652770935443882037020362900491598384381864373849813586641198605717589e-178,2.0407951109669362e-178,2,False,1.1724304465661102e-16,1.0000022404884663,9.73030687654548e-07
25,27,blaschke_mu_0p3,alpha^3,alpha,3,1,0.274625,0.274625,0.274625,0.0,0.274625,0.000000000000805692050149898093815238945336756341835265362213908036287103761596410515367701889175426504,8.056920501498981e-13,['0.274625000000805692050149898093815238945336756341835265362213908036287103761596410515367702'],2.04079511096693627697652770935443882037020362900491598384381864373849813586641198605717589e-178,2.0407951109669362e-178,2,False,8.057554706811674e-13,0.9999212905979828,-3.41844043046132e-05
25,27,blaschke_mu_0p3,alpha^4,alpha,4,1,0.17850625,0.17850625,0.17850625,0.0,0.17850625,0.00000000000817635475348641632444362824077830745391499887829593937175182827237321031899924143629775456,8.176354753486416e-12,['0.178506250008176354753486416324443628240778307453914998878295939371751828272373210318999241'],2.04079511096693627697652770935443882037020362900491598384381864373849813586641198605717589e-178,2.0407951109669362e-178,2,False,8.184178948885144e-12,0.9990439852980251,-0.00041539050105192577
25,27,blaschke_mu_0p3,alpha^5,alpha,5,1,0.1160290625,0.1160290625,0.1160290625,0.0,0.1160290625,0.00000000662355418590153797457961995391621157017809102967823597816412302580542823440654136603150108,6.623554185901538e-09,['0.116029069123554185901537974579619953916211570178091029678235978164123025805428234406541366'],2.04079511096693627697652770935443882037020362900491598384381864373849813586641198605717589e-178,2.0407951109669362e-178,2,False,6.62355497104339e-09,0.9999998814621671,-5.148032976892589e-08
25,27,blaschke_mu_0p3,mu^2,mu,2,2,0.09,0.09,0.09,0.0,0.09,0.000000218546330196988738554892274731227707662469799187805436583261118572820463319261236407167176,2.1854633019698874e-07,"['0.0900000516935315918075099330253057119119807640780741597767571800296979074781323751182516598', '0.0899997814536698030112614451077252687722923375302008121945634167388814271795366807387635928']",2.04079511096693627697652770935443882037020362900491598384381864373849813586641198605717589e-178,2.0407951109669362e-178,2,False,2.1854527107602267e-07,1.0000048462314506,2.104686477119719e-06
25,27,blaschke_mu_0p3,alpha^6,alpha,6,1,0.075418890625,0.075418890625,0.075418890625,0.0,0.075418890625,0.000000478992283644200802504416618158724232517566568597170312957293775191294452453084027080086459,4.789922836442008e-07,['0.0754184116327163557991974955833818412757674824334314028296870427062248087055475469159729199'],2.04079511096693627697652770935443882037020362900491598384381864373849813586641198605717589e-178,2.0407951109669362e-178,2,False,4.790126681055497e-07,0.9999574448387147,-1.848186497485406e-05
25,27,blaschke_mu_0p3,alpha^7,alpha,7,1,0.04902227890625,0.04902227890625,0.04902227890625,0.0,0.04902227890625,0.0000981574875762088215404665556378030848528830529242497268141930647448520291333279981915334682,9.815748757620882e-05,['0.0491204363938262088215404665556378030848528830529242497268141930647448520291333279981915335'],2.04079511096693627697652770935443882037020362900491598384381864373849813586641198605717589e-178,2.0407951109669362e-178,2,False,9.815685335661921e-05,1.0000064612868884,2.8060921761589683e-06
25,27,blaschke_mu_0p3,alpha^8,alpha,8,1,0.0318644812890625,0.0318644812890625,0.0318644812890625,0.0,0.0318644812890625,0.00154027402087496433238363294822346750269362264098789174191271876075177918335856148832405571,0.0015402740208749644,['0.0334047553099374643323836329482234675026936226409878917419127187607517791833585614883240557'],2.04079511096693627697652770935443882037020362900491598384381864373849813586641198605717589e-178,2.0407951109669362e-178,2,False,0.0015402777756643807,0.999997562264758,-1.0586962543528816e-06
25,27,blaschke_mu_0p3,mu^3,mu,3,2,0.027,0.027,0.027,0.0,0.027,0.00673129283556799382312458041599690765959489137856230132742030100661072087961941002346894532,0.006731292835567994,"['(0.0253209476244594813080646407558964880723838523746802876317545683455457389014549720701094341 - 0.0065185187242471539683624406357754183826145465019171123901123505983873888333007772370851029j)', '(0.0253209476244594813080646407558964880723838523746802876317545683455457389014549720701094341 + 0.0065185187242471539683624406357754183826145465019171123901123505983873888333007772370851029j)']",2.04079511096693627697652770935443882037020362900491598384381864373849813586641198605717589e-178,2.0407951109669362e-178,2,False,0.006731303012703456,0.9999984880883475,-6.566153841960602e-07
25,27,blaschke_mu_0p3,alpha^9,alpha,9,1,0.020711912837890625,0.020711912837890624,0.020711912837890624,0.0,0.020711912837890624,0.0105908823461446446899438286362164199505721547816769239858899717914989937324192941299616988,0.010590882346144645,['(0.0290276597653494256960391160010499432125160869693226561667933802493008340915133031426568891 + 0.00655859298236579163440978242448061991813741566386166854455058632268437341183268726137134904j)'],2.04079511096693627697652770935443882037020362900491598384381864373849813586641198605717589e-178,2.0407951109669362e-178,2,False,0.010590862004576913,1.0000019206715869,8.341362706822052e-07
25,27,blaschke_mu_0p3,alpha^10,alpha,10,1,0.01346274334462890625,0.013462743344628906,0.013462743344628906,0.0,0.013462743344628906,0.0134097776832949864671405293676499765040779154766450040955803402542402425214751761278029312,0.013409777683294986,['(0.0111803856708847912870963189940556655835584558083041889216426831260949198760346847100085333 + 0.0132141205142263481044571162802360933597693672973950577552590716985006389121628674203476212j)'],2.04079511096693627697652770935443882037020362900491598384381864373849813586641198605717589e-178,2.0407951109669362e-178,2,False,0.013409763460758346,1.000001060610553,4.6061706632202197e-07
25,27,blaschke_mu_0p3,alpha^11,alpha,11,1,0.0087507831740087890625,0.00875078317400879,0.00875078317400879,0.0,0.00875078317400879,0.0134356223993279786895451947691245629306148679792739793224903884370938945280018644864409955,0.013435622399327978,['(0.0111803856708847912870963189940556655835584558083041889216426831260949198760346847100085333 - 0.0132141205142263481044571162802360933597693672973950577552590716985006389121628674203476212j)'],2.04079511096693627697652770935443882037020362900491598384381864373849813586641198605717589e-178,2.0407951109669362e-178,2,False,0.01343554943815535,1.0000054304569355,2.358411077665464e-06
25,27,blaschke_mu_0p3,mu^4,mu,4,2,0.0081,0.0081,0.0081,0.0,0.0081,0.0147640520282451710900572988443060662069556209239145908810885210334764206400240501738772454,0.014764052028245172,"['(-0.00195335004295982273312116305969201055775142839965293874064750125194806631825843890432144988 + 0.0108123718584984895371026752642904656216018380768644845985239962743896742007467988927921874j)', '(-0.00195335004295982273312116305969201055775142839965293874064750125194806631825843890432144988 - 0.0108123718584984895371026752642904656216018380768644845985239962743896742007467988927921874j)']",2.04079511096693627697652770935443882037020362900491598384381864373849813586641198605717589e-178,2.0407951109669362e-178,2,False,0.014763984254666167,1.0000045904667625,1.993609808512774e-06
25,27,blaschke_mu_0p3,alpha^12,alpha,12,1,0.005688009063105712890625,0.005688009063105713,0.005688009063105713,0.0,0.005688009063105713,0.0148083615922365441268179944657363304354624277535186403046516202039042653374455000461569611,0.014808361592236544,['(-0.00109112433420373435205082286625179820857691022716274926199496823511980065253639237508533092 - 0.013165520249041057492731580005860968025615530480945973406363050562053949031187412616426483j)'],2.04079511096693627697652770935443882037020362900491598384381864373849813586641198605717589e-178,2.0407951109669362e-178,2,False,0.014808333510893418,1.0000018963202784,8.235606519461197e-07
25,27,blaschke_mu_0p3,alpha^13,alpha,13,1,0.00369720589101871337890625,0.0036972058910187135,0.0036972058910187135,0.0,0.0036972058910187135,0.0140092480088578974916676196638706020455883046080290619361578701296211316313343088997403452,0.014009248008857897,['(-0.00109112433420373435205082286625179820857691022716274926199496823511980065253639237508533092 + 0.013165520249041057492731580005860968025615530480945973406363050562053949031187412616426483j)'],2.04079511096693627697652770935443882037020362900491598384381864373849813586641198605717589e-178,2.0407951109669362e-178,2,False,0.014009218779485716,1.0000020864384118,9.061277437944841e-07
25,27,blaschke_mu_0p3,mu^5,mu,5,2,0.00243,0.00243,0.00243,0.0,0.00243,0.0190858568274222109855306953819953768819070745025564881445258132239210528710382176299628613,0.019085856827422212,"['(0.0145724360139046431675897255236606542573765747985378613866438316350086084279536870998206656 - 0.0147251885721402748033507251974105243402846018765083022227478469425927119400320072106302333j)', '(0.0145724360139046431675897255236606542573765747985378613866438316350086084279536870998206656 + 0.0147251885721402748033507251974105243402846018765083022227478469425927119400320072106302333j)']",2.04079511096693627697652770935443882037020362900491598384381864373849813586641198605717589e-178,2.0407951109669362e-178,2,False,0.019085831717152175,1.0000013156497662,5.713790577291605e-07
25,27,blaschke_mu_0p3,alpha^14,alpha,14,1,0.0024031838291621636962890625,0.0024031838291621636,0.0024031838291621636,0.0,0.0024031838291621636,0.0274203913317252347073262234170039500738068445502682224166123081988941822913327055295869545,0.027420391331725236,['(0.0290276597653494256960391160010499432125160869693226561667933802493008340915133031426568891 - 0.00655859298236579163440978242448061991813741566386166854455058632268437341183268726137134904j)'],2.04079511096693627697652770935443882037020362900491598384381864373849813586641198605717589e-178,2.0407951109669362e-178,2,False,0.027420372787403408,1.0000006762972178,2.9371205049144357e-07
25,27,blaschke_mu_0p3,alpha^15,alpha,15,1,0.001562069488955406402587890625,0.0015620694889554065,0.0015620694889554065,0.0,0.0015620694889554065,0.998437930511044593597412109375,0.9984379305110446,['1.0'],2.04079511096693627697652770935443882037020362900491598384381864373849813586641198605717589e-178,2.0407951109669362e-178,2,False,0.9984379305110446,1.0,0.0
25,27,blaschke_mu_0p3,alpha^16,alpha,16,1,0.00101534516782101416168212890625,0.0010153451678210142,0.0010153451678210142,0.0,0.0010153451678210142,nan,,[],2.04079511096693627697652770935443882037020362900491598384381864373849813586641198605717589e-178,2.0407951109669362e-178,2,False,,,
25,27,blaschke_mu_0p3,mu^6,mu,6,2,0.000729,0.000729,0.000729,0.0,0.000729,nan,,[],2.04079511096693627697652770935443882037020362900491598384381864373849813586641198605717589e-178,2.0407951109669362e-178,2,False,,,
25,27,blaschke_mu_0p3,alpha^17,alpha,17,1,0.0006599743590836592050933837890625,0.0006599743590836592,0.0006599743590836592,0.0,0.0006599743590836592,nan,,[],2.04079511096693627697652770935443882037020362900491598384381864373849813586641198605717589e-178,2.0407951109669362e-178,2,False,,,
25,27,blaschke_mu_0p3,alpha^18,alpha,18,1,0.000428983333404378483310699462890625,0.0004289833334043785,0.0004289833334043785,0.0,0.0004289833334043785,nan,,[],2.04079511096693627697652770935443882037020362900491598384381864373849813586641198605717589e-178,2.0407951109669362e-178,2,False,,,
25,28,blaschke_mu_0p3,alpha^1,alpha,1,1,0.65,0.65,0.65,0.0,0.65,0.0000000000000000257703357270895667800146812534045698068768096696050502971750551547579542404584541021868123,2.5770335727089567e-17,['0.65000000000000002577033572708956678001468125340456980687680966960505029717505515475795424'],8.69844425726026035551921788813713486903274843264151798568362071988998334625604651268239776e-179,8.69844425726026e-179,3,False,2.5770275436851143e-17,1.0000023395263498,1.0160421954394942e-06
25,28,blaschke_mu_0p3,alpha^2,alpha,2,1,0.4225,0.4225,0.4225,0.0,0.4225,0.00000000000000180210318885265566459659261405194153096992914265706899925341867745873693100295287020654265,1.8021031888526555e-15,['0.422500000000001802103188852655664596592614051941530969929142657068999253418677458736931003'],8.69844425726026035551921788813713486903274843264151798568362071988998334625604651268239776e-179,8.69844425726026e-179,3,False,1.8022102324530408e-15,0.9999406042655525,-2.5796005813064384e-05
25,28,blaschke_mu_0p3,mu^1,mu,1,2,0.3,0.3,0.3,0.0,0.3,0.000000000000000117243052775020756443187021132998019598512205262019714240960715068196793587470471398328931,1.1724305277502075e-16,"['0.300000000000000002775306054315526970098291496483567861440804985770198457264004754748601949', '0.300000000000000117243052775020756443187021132998019598512205262019714240960715068196793587']",8.69844425726026035551921788813713486903274843264151798568362071988998334625604651268239776e-179,8.69844425726026e-179,3,False,1.1724304465661102e-16,1.0000000692442759,3.0072405872009566e-08
25,28,blaschke_mu_0p3,alpha^3,alpha,3,1,0.274625,0.274625,0.274625,0.0,0.274625,0.000000000000805754545213646985620730407365700780163561999138828282315556862974023054621167315176228218,8.05754545213647e-13,['0.274625000000805754545213646985620730407365700780163561999138828282315556862974023054621167'],8.69844425726026035551921788813713486903274843264151798568362071988998334625604651268239776e-179,8.69844425726026e-179,3,False,8.057554706811674e-13,0.9999988514288092,-4.988184167118634e-07
25,28,blaschke_mu_0p3,alpha^4,alpha,4,1,0.17850625,0.17850625,0.17850625,0.0,0.17850625,0.00000000000818361544706138582244479767156098117497036116013463934094254070315728301653640536173657271,8.183615447061385e-12,['0.178506250008183615447061385822444797671560981174970361160134639340942540703157283016536405'],8.69844425726026035551921788813713486903274843264151798568362071988998334625604651268239776e-179,8.69844425726026e-179,3,False,8.184178948885144e-12,0.9999311474214727,-2.9903324391521628e-05
25,28,blaschke_mu_0p3,alpha^5,alpha,5,1,0.1160290625,0.1160290625,0.1160290625,0.0,0.1160290625,0.00000000662355403834145787580144760265978363129405754041882522312585689664522146137650625644402535,6.623554038341458e-09,['0.116029069123554038341457875801447602659783631294057540418825223125856896645221461376506256'],8.69844425726026035551921788813713486903274843264151798568362071988998334625604651268239776e-179,8.69844425726026e-179,3,False,6.62355497104339e-09,0.9999998591840883,-6.115557772518637e-08
25,28,blaschke_mu_0p3,mu^2,mu,2,2,0.09,0.09,0.09,0.0,0.09,0.00000021854529290780963089382683510657253229004760431466263476833641538457121759808016912461387,2.1854529290780963e-07,"['0.09000005169616464088976865023697970172034861495435794332116964744700165177144291204130704', '0.0899997814547070921903691061731648934274677099523956853373652316635846154287824019198308754']",8.69844425726026035551921788813713486903274843264151798568362071988998334625604651268239776e-179,8.69844425726026e-179,3,False,2.1854527107602267e-07,1.0000000998959477,4.338425669931637e-08
25,28,blaschke_mu_0p3,alpha^6,alpha,6,1,0.075418890625,0.075418890625,0.075418890625,0.0,0.075418890625,0.000000479015258652529262257852248453701028373437006440515282228117884157601205692708180146792056,4.790152586525293e-07,['0.0754184116097413474707377421477515462989716265629935594847177718821158423987943072918198532'],8.69844425726026035551921788813713486903274843264151798568362071988998334625604651268239776e-179,8.69844425726026e-179,3,False,4.790126681055497e-07,1.0000054080970129,2.348700339298301e-06
25,28,blaschke_mu_0p3,alpha^7,alpha,7,1,0.04902227890625,0.04902227890625,0.04902227890625,0.0,0.04902227890625,0.0000981568629866275858309095496917974362331039584115023011866922542335684679113807247097119704,9.815686298662758e-05,['0.049120435769236627585830909549691797436233103958411502301186692254233568467911380724709712'],8.69844425726026035551921788813713486903274843264151798568362071988998334625604651268239776e-179,8.69844425726026e-179,3,False,9.815685335661921e-05,1.0000000981083648,4.2607919356127417e-08
25,28,blaschke_mu_0p3,alpha^8,alpha,8,1,0.0318644812890625,0.0318644812890625,0.0318644812890625,0.0,0.0318644812890625,0.00154028505978905265004361030815014389604638303978968495262867986091666581875200203010991482,0.0015402850597890526,['0.0334047663488515526500436103081501438960463830397896849526286798609166658187520020301099148'],8.69844425726026035551921788813713486903274843264151798568362071988998334625604651268239776e-179,8.69844425726026e-179,3,False,0.0015402777756643807,1.0000047290980802,2.0538163442850005e-06
25,28,blaschke_mu_0p3,mu^3,mu,3,2,0.027,0.027,0.027,0.0,0.027,0.00673131755649351993469215170255790275783699911436956295057336170941197700862007771940884908,0.00673131755649352,"['(0.0253209068243249944655527312705171771558749641146865783872166838800266265311902019143077384 - 0.0065185337426264441283073696627701575385612923653683365839025193251650403217093531089815628j)', '(0.0253209068243249944655527312705171771558749641146865783872166838800266265311902019143077384 + 0.0065185337426264441283073696627701575385612923653683365839025193251650403217093531089815628j)']",8.69844425726026035551921788813713486903274843264151798568362071988998334625604651268239776e-179,8.69844425726026e-179,3,False,0.006731303012703456,1.0000021606203193,9.383444684680768e-07
25,28,blaschke_mu_0p3,alpha^9,alpha,9,1,0.020711912837890625,0.020711912837890624,0.020711912837890624,0.0,0.020711912837890624,0.0105908622329833333355022796720539415702408569790929012555051413849998663896554498820581774,0.010590862232983334,['(0.0290276439155806993277709310845241209586448413561138265434957808580446319888111957487604806 - 0.00655858059960935393539604156627889538195043479516078875663363067027237266293689223353197021j)'],8.69844425726026035551921788813713486903274843264151798568362071988998334625604651268239776e-179,8.69844425726026e-179,3,False,0.010590862004576913,1.0000000215663674,9.366154237548546e-09
25,28,blaschke_mu_0p3,alpha^10,alpha,10,1,0.01346274334462890625,0.013462743344628906,0.013462743344628906,0.0,0.013462743344628906,0.0134097816349176066790043701125241370661008070128374858922793329758691690313277382346736162,0.013409781634917607,['(0.0111802281714457789049760899111232174705106504050215754709176578414786250819364568187084899 + 0.0132140973199217175480618773012263459836485331907520852321229833297430042727855325083771211j)'],8.69844425726026035551921788813713486903274843264151798568362071988998334625604651268239776e-179,8.69844425726026e-179,3,False,0.013409763460758346,1.0000013552930531,5.885958954710797e-07
25,28,blaschke_mu_0p3,alpha^11,alpha,11,1,0.0087507831740087890625,0.00875078317400879,0.00875078317400879,0.0,0.00875078317400879,0.0134355711071741916521173268152854148553243354093549948844354873580804078679126553020284275,0.013435571107174192,['(0.0111802281714457789049760899111232174705106504050215754709176578414786250819364568187084899 - 0.0132140973199217175480618773012263459836485331907520852321229833297430042727855325083771211j)'],8.69844425726026035551921788813713486903274843264151798568362071988998334625604651268239776e-179,8.69844425726026e-179,3,False,0.01343554943815535,1.000001612812259,7.004348996284317e-07
25,28,blaschke_mu_0p3,mu^4,mu,4,2,0.0081,0.0081,0.0081,0.0,0.0081,0.0147640067879963126815878970439987157808104090008258896763505594677329928558647545243196103,0.014764006787996312,"['(-0.00195356504602212477997893975717471610865330520441138474787363219922926120531618311467922528 + 0.0108121101687599978787969050663392020604230200109271560061237690411274143386678032904025985j)', '(-0.00195356504602212477997893975717471610865330520441138474787363219922926120531618311467922528 - 0.0108121101687599978787969050663392020604230200109271560061237690411274143386678032904025985j)']",8.69844425726026035551921788813713486903274843264151798568362071988998334625604651268239776e-179,8.69844425726026e-179,3,False,0.014763984254666167,1.0000015262363977,6.628355397830324e-07
25,28,blaschke_mu_0p3,alpha^12,alpha,12,1,0.005688009063105712890625,0.005688009063105713,0.005688009063105713,0.0,0.005688009063105713,0.0148083337864697094755974404671837476858607255892647386749414869860010079474057169018280481,0.014808333786469709,['(-0.00109112155867073881291162099458169751072820500242391301128300912754262553498356969595578113 + 0.0131654904027306610053433192989757306482156073016406520242571196323863875483781991626371763j)'],8.69844425726026035551921788813713486903274843264151798568362071988998334625604651268239776e-179,8.69844425726026e-179,3,False,0.014808333510893418,1.000000018609541,8.08202090022751e-09
25,28,blaschke_mu_0p3,alpha^13,alpha,13,1,0.00369720589101871337890625,0.0036972058910187135,0.0036972058910187135,0.0,0.0036972058910187135,0.0140092190114168261518112116786816246403347133493252941473324224850075986593697555330046196,0.014009219011416826,['(-0.00109112155867073881291162099458169751072820500242391301128300912754262553498356969595578113 - 0.0131654904027306610053433192989757306482156073016406520242571196323863875483781991626371763j)'],8.69844425726026035551921788813713486903274843264151798568362071988998334625604651268239776e-179,8.69844425726026e-179,3,False,0.014009218779485716,1.0000000165556062,7.1900083660749304e-09
25,28,blaschke_mu_0p3,mu^5,mu,5,2,0.00243,0.00243,0.00243,0.0,0.00243,0.0190858318934215967258058492709374304364217403175559691814720781804400426696708247369249021,0.019085831893421598,"['(0.0145724234728791208008394475046718082938777900941049488162189689688250342698770285429936535 + 0.0147251665956356216378028521199300450798857669185617355780772615438144469049223534139787638j)', '(0.0145724234728791208008394475046718082938777900941049488162189689688250342698770285429936535 - 0.0147251665956356216378028521199300450798857669185617355780772615438144469049223534139787638j)']",8.69844425726026035551921788813713486903274843264151798568362071988998334625604651268239776e-179,8.69844425726026e-179,3,False,0.019085831717152175,1.0000000092356165,4.0109772617086776e-09
25,28,blaschke_mu_0p3,alpha^14,alpha,14,1,0.0024031838291621636962890625,0.0024031838291621636,0.0024031838291621636,0.0,0.0024031838291621636,0.0274203729802288774487821588509542907618376439105098511484362898709971640003664444045803167,0.02742037298022888,['(0.0290276439155806993277709310845241209586448413561138265434957808580446319888111957487604806 + 0.00655858059960935393539604156627889538195043479516078875663363067027237266293689223353197021j)'],8.69844425726026035551921788813713486903274843264151798568362071988998334625604651268239776e-179,8.69844425726026e-179,3,False,0.027420372787403408,1.0000000070321973,3.0540444588180163e-09
25,28,blaschke_mu_0p3,alpha^15,alpha,15,1,0.001562069488955406402587890625,0.0015620694889554065,0.0015620694889554065,0.0,0.0015620694889554065,0.998437930511044593597412109375,0.9984379305110446,['1.0'],8.69844425726026035551921788813713486903274843264151798568362071988998334625604651268239776e-179,8.69844425726026e-179,3,False,0.9984379305110446,1.0,0.0
25,28,blaschke_mu_0p3,alpha^16,alpha,16,1,0.00101534516782101416168212890625,0.0010153451678210142,0.0010153451678210142,0.0,0.0010153451678210142,nan,,[],8.69844425726026035551921788813713486903274843264151798568362071988998334625604651268239776e-179,8.69844425726026e-179,3,False,,,
25,28,blaschke_mu_0p3,mu^6,mu,6,2,0.000729,0.000729,0.000729,0.0,0.000729,nan,,[],8.69844425726026035551921788813713486903274843264151798568362071988998334625604651268239776e-179,8.69844425726026e-179,3,False,,,
25,28,blaschke_mu_0p3,alpha^17,alpha,17,1,0.0006599743590836592050933837890625,0.0006599743590836592,0.0006599743590836592,0.0,0.0006599743590836592,nan,,[],8.69844425726026035551921788813713486903274843264151798568362071988998334625604651268239776e-179,8.69844425726026e-179,3,False,,,
25,28,blaschke_mu_0p3,alpha^18,alpha,18,1,0.000428983333404378483310699462890625,0.0004289833334043785,0.0004289833334043785,0.0,0.0004289833334043785,nan,,[],8.69844425726026035551921788813713486903274843264151798568362071988998334625604651268239776e-179,8.69844425726026e-179,3,False,,,
25,29,blaschke_mu_0p3,alpha^1,alpha,1,1,0.65,0.65,0.65,0.0,0.65,0.0000000000000000257702821125726445552045758740880001853057828094982228206613530694547148724519657130096869,2.5770282112572644e-17,['0.650000000000000025770282112572644555204575874088000185305782809498222820661353069454714872'],1.91665134578113481354459807444844451958802568321744413807513006441284147020937807993726365e-178,1.9166513457811348e-178,4,False,2.5770275436851143e-17,1.0000002590473476,1.1250281903074586e-07
25,29,blaschke_mu_0p3,alpha^2,alpha,2,1,0.4225,0.4225,0.4225,0.0,0.4225,0.00000000000000180221625000466642683830658083059668458699124092298400453490966913909761982880194900882515,1.8022162500046663e-15,['0.422500000000001802216250004666426838306580830596684586991240922984004534909669139097619829'],1.91665134578113481354459807444844451958802568321744413807513006441284147020937807993726365e-178,1.9166513457811348e-178,4,False,1.8022102324530408e-15,1.0000033389842744,1.4501000246059748e-06
25,29,blaschke_mu_0p3,mu^1,mu,1,2,0.3,0.3,0.3,0.0,0.3,0.000000000000000117243044361571281090970982302792106549785376818548295341265561442445674628523332820241923,1.1724304436157127e-16,"['0.300000000000000002775300184347286128188573812615194708368491375601309114288842746329701897', '0.300000000000000117243044361571281090970982302792106549785376818548295341265561442445674629']",1.91665134578113481354459807444844451958802568321744413807513006441284147020937807993726365e-178,1.9166513457811348e-178,4,False,1.1724304465661102e-16,0.9999999974835203,-1.0928932451259862e-09
25,29,blaschke_mu_0p3,alpha^3,alpha,3,1,0.274625,0.274625,0.274625,0.0,0.274625,0.000000000000805755576308488874917828260888315800457984818917091374690029039796938185805617265708097286,8.057555763084889e-13,['0.274625000000805755576308488874917828260888315800457984818917091374690029039796938185805617'],1.91665134578113481354459807444844451958802568321744413807513006441284147020937807993726365e-178,1.9166513457811348e-178,4,False,8.057554706811674e-13,1.0000001310910385,5.6932110902351086e-08
25,29,blaschke_mu_0p3,alpha^4,alpha,4,1,0.17850625,0.17850625,0.17850625,0.0,0.17850625,0.00000000000818417568728535947830057437175655256047486057607152455975035412311458706528589748199470385,8.18417568728536e-12,['0.178506250008184175687285359478300574371756552560474860576071524559750354123114587065285897'],1.91665134578113481354459807444844451958802568321744413807513006441284147020937807993726365e-178,1.9166513457811348e-178,4,False,8.184178948885144e-12,0.999999601475016,-1.7307723594534887e-07
25,29,blaschke_mu_0p3,alpha^5,alpha,5,1,0.1160290625,0.1160290625,0.1160290625,0.0,0.1160290625,0.00000000662355494558035763347031132837358784166278884620951897404175514848331539694790758169195795,6.623554945580357e-09,['0.116029069123554945580357633470311328373587841662788846209518974041755148483315396947907582'],1.91665134578113481354459807444844451958802568321744413807513006441284147020937807993726365e-178,1.9166513457811348e-178,4,False,6.62355497104339e-09,0.9999999961556848,-1.6695648810523898e-09
25,29,blaschke_mu_0p3,mu^2,mu,2,2,0.09,0.09,0.09,0.0,0.09,0.000000218545269840895751309133476472253391840865507466850292346738605374274982670568745697850832,2.1854526984089574e-07,"['0.0900000516959269278731657019201145434780164277604904824213029654954884471603439914987427067', '0.0899997814547301591042486908665235277466081591344925331497076532613946257250173294312543021']",1.91665134578113481354459807444844451958802568321744413807513006441284147020937807993726365e-178,1.9166513457811348e-178,4,False,2.1854527107602267e-07,0.9999999943484161,-2.454451694630871e-09
25,29,blaschke_mu_0p3,alpha^6,alpha,6,1,0.075418890625,0.075418890625,0.075418890625,0.0,0.075418890625,0.000000479012708920574817461669734207537482471887197720603909465805768059194511868907384357042193,4.790127089205748e-07,['0.075418411612291079425182538330265792462517528112802279396090534194231940805488131092615643'],1.91665134578113481354459807444844451958802568321744413807513006441284147020937807993726365e-178,1.9166513457811348e-178,4,False,4.790126681055497e-07,1.0000000852065671,3.700474035225091e-08
25,29,blaschke_mu_0p3,alpha^7,alpha,7,1,0.04902227890625,0.04902227890625,0.04902227890625,0.0,0.04902227890625,0.0000981568525675647571639764475235125470169510180171914544943544351187518423431724001698593135,9.815685256756475e-05,['0.0491204357588175647571639764475235125470169510180171914544943544351187518423431724001698593'],1.91665134578113481354459807444844451958802568321744413807513006441284147020937807993726365e-178,1.9166513457811348e-178,4,False,9.815685335661921e-05,0.9999999919612902,-3.491167325668544e-09
25,29,blaschke_mu_0p3,alpha^8,alpha,8,1,0.0318644812890625,0.0318644812890625,0.0318644812890625,0.0,0.0318644812890625,0.0015402778340375416081881747829626816061810126137391589756112368639709360707330225603387692,0.0015402778340375416,['0.0334047591231000416081881747829626816061810126137391589756112368639709360707330225603387692'],1.91665134578113481354459807444844451958802568321744413807513006441284147020937807993726365e-178,1.9166513457811348e-178,4,False,0.0015402777756643807,1.0000000378978142,1.6458811280126952e-08
25,29,blaschke_mu_0p3,mu^3,mu,3,2,0.027,0.027,0.027,0.0,0.027,0.00673130313451463231714649988305640732357638245897897312285017911627661013816102635867956656,0.006731303134514632,"['(0.0253208945250201306150489661194126564520761372361283828832438426962095069724890269490143932 + 0.00651851568170386021367833908169109269982887130507613898050608768200708698708943753481308698j)', '(0.0253208945250201306150489661194126564520761372361283828832438426962095069724890269490143932 - 0.00651851568170386021367833908169109269982887130507613898050608768200708698708943753481308698j)']",1.91665134578113481354459807444844451958802568321744413807513006441284147020937807993726365e-178,1.9166513457811348e-178,4,False,0.006731303012703456,1.0000000180962254,7.859090766449025e-09
25,29,blaschke_mu_0p3,alpha^9,alpha,9,1,0.020711912837890625,0.020711912837890624,0.020711912837890624,0.0,0.020711912837890624,0.0105908619778958836129465697397036954295940126649460021317476659316579385704447374313518194,0.010590861977895884,['(0.0290276437374583886801147013485770759856132238833737727825795308493879680362261691986262595 + 0.00655858041353573858555510776658147014825419760111613464944300392991918677925326857017735475j)'],1.91665134578113481354459807444844451958802568321744413807513006441284147020937807993726365e-178,1.9166513457811348e-178,4,False,0.010590862004576913,0.99999999748075,-1.094096388292661e-09
25,29,blaschke_mu_0p3,alpha^10,alpha,10,1,0.01346274334462890625,0.013462743344628906,0.013462743344628906,0.0,0.013462743344628906,0.0134097636053437480165227474473609947916668306222699975288521199967380906286890535119995359,0.013409763605343747,['(0.0111802179981648944430016181735127174993750163747589858196850109596470979194154995934128495 - 0.0132140772660807117807713280060536158133337373329373028435344914530138350106612459262534456j)'],1.91665134578113481354459807444844451958802568321744413807513006441284147020937807993726365e-178,1.9166513457811348e-178,4,False,0.013409763460758346,1.0000000107820992,4.682606166493926e-09
25,29,blaschke_mu_0p3,alpha^11,alpha,11,1,0.0087507831740087890625,0.00875078317400879,0.00875078317400879,0.0,0.00875078317400879,0.0134355495443533497783175006344403807981320455613039790026990161956631332183994918738470052,0.01343554954435335,['(0.0111802179981648944430016181735127174993750163747589858196850109596470979194154995934128495 + 0.0132140772660807117807713280060536158133337373329373028435344914530138350106612459262534456j)'],1.91665134578113481354459807444844451958802568321744413807513006441284147020937807993726365e-178,1.9166513457811348e-178,4,False,0.01343554943815535,1.0000000079042544,3.43277403947273e-09
25,29,blaschke_mu_0p3,mu^4,mu,4,2,0.0081,0.0081,0.0081,0.0,0.0081,0.0147639844448103323192924242809928148669583871282380115648927618320568339222926271080507434,0.014763984444810332,"['(-0.00195356019842133881295231192129051547608126909800355928191521362038568540526239768254668784 + 0.0108120841664925891940057338568472115991718161710563083258274100434080836027483206619744002j)', '(-0.00195356019842133881295231192129051547608126909800355928191521362038568540526239768254668784 - 0.0108120841664925891940057338568472115991718161710563083258274100434080836027483206619744002j)']",1.91665134578113481354459807444844451958802568321744413807513006441284147020937807993726365e-178,1.9166513457811348e-178,4,False,0.014763984254666167,1.0000000128789195,5.593243629813341e-09
25,29,blaschke_mu_0p3,alpha^12,alpha,12,1,0.005688009063105712890625,0.005688009063105713,0.005688009063105713,0.0,0.005688009063105713,0.0148083334736044300769889292263770603489818073345870557287493460156426972002869482790607943,0.01480833347360443,['(-0.00109112114630518486193998276430472389834553291598204199933465178790514699732463181874455189 - 0.0131654902631586797887349822241937874641772094448878811051828722118130161466627310498843682j)'],1.91665134578113481354459807444844451958802568321744413807513006441284147020937807993726365e-178,1.9166513457811348e-178,4,False,0.014808333510893418,0.9999999974818917,-1.0936005311081103e-09
25,29,blaschke_mu_0p3,alpha^13,alpha,13,1,0.00369720589101871337890625,0.0036972058910187135,0.0036972058910187135,0.0,0.0036972058910187135,0.0140092187393049532743772090864294406495639588699666599746983668067047784095978643691949933,0.014009218739304953,['(-0.00109112114630518486193998276430472389834553291598204199933465178790514699732463181874455189 + 0.0131654902631586797887349822241937874641772094448878811051828722118130161466627310498843682j)'],1.91665134578113481354459807444844451958802568321744413807513006441284147020937807993726365e-178,1.9166513457811348e-178,4,False,0.014009218779485716,0.9999999971318341,-1.2456286370582282e-09
25,29,blaschke_mu_0p3,mu^5,mu,5,2,0.00243,0.00243,0.00243,0.0,0.00243,0.0190858316821575959706251240296551185172144316436964640959640908436443583789189891653706481,0.019085831682157595,"['(0.01457242349277250496298414894134782018571056381878844334756857088975003044581903128145127 + 0.0147251663054043980660508730607148609879814263459756425939268170144205248598537585316048147j)', '(0.01457242349277250496298414894134782018571056381878844334756857088975003044581903128145127 - 0.0147251663054043980660508730607148609879814263459756425939268170144205248598537585316048147j)']",1.91665134578113481354459807444844451958802568321744413807513006441284147020937807993726365e-178,1.9166513457811348e-178,4,False,0.019085831717152175,0.9999999981664629,-7.962950455930883e-10
25,29,blaschke_mu_0p3,alpha^14,alpha,14,1,0.0024031838291621636962890625,0.0024031838291621636,0.0024031838291621636,0.0,0.0024031838291621636,0.027420372762770524535793116036080640127694778955166534379941192219388612424326861597305775,0.027420372762770526,['(0.0290276437374583886801147013485770759856132238833737727825795308493879680362261691986262595 - 0.00655858041353573858555510776658147014825419760111613464944300392991918677925326857017735475j)'],1.91665134578113481354459807444844451958802568321744413807513006441284147020937807993726365e-178,1.9166513457811348e-178,4,False,0.027420372787403408,0.9999999991016576,-3.9014514755833116e-10
25,29,blaschke_mu_0p3,alpha^15,alpha,15,1,0.001562069488955406402587890625,0.0015620694889554065,0.0015620694889554065,0.0,0.0015620694889554065,0.998437930511044593597412109375,0.9984379305110446,['1.0'],1.91665134578113481354459807444844451958802568321744413807513006441284147020937807993726365e-178,1.9166513457811348e-178,4,False,0.9984379305110446,1.0,0.0
25,29,blaschke_mu_0p3,alpha^16,alpha,16,1,0.00101534516782101416168212890625,0.0010153451678210142,0.0010153451678210142,0.0,0.0010153451678210142,nan,,[],1.91665134578113481354459807444844451958802568321744413807513006441284147020937807993726365e-178,1.9166513457811348e-178,4,False,,,
25,29,blaschke_mu_0p3,mu^6,mu,6,2,0.000729,0.000729,0.000729,0.0,0.000729,nan,,[],1.91665134578113481354459807444844451958802568321744413807513006441284147020937807993726365e-178,1.9166513457811348e-178,4,False,,,
25,29,blaschke_mu_0p3,alpha^17,alpha,17,1,0.0006599743590836592050933837890625,0.0006599743590836592,0.0006599743590836592,0.0,0.0006599743590836592,nan,,[],1.91665134578113481354459807444844451958802568321744413807513006441284147020937807993726365e-178,1.9166513457811348e-178,4,False,,,
25,29,blaschke_mu_0p3,alpha^18,alpha,18,1,0.000428983333404378483310699462890625,0.0004289833334043785,0.0004289833334043785,0.0,0.0004289833334043785,nan,,[],1.91665134578113481354459807444844451958802568321744413807513006441284147020937807993726365e-178,1.9166513457811348e-178,4,False,,,
25,30,blaschke_mu_0p3,alpha^1,alpha,1,1,0.65,0.65,0.65,0.0,0.65,0.0000000000000000257702755537956297086550255849612406658638646377012046897440737836123615191402135534338817,2.577027555379563e-17,['0.650000000000000025770275553795629708655025584961240665863864637701204689744073783612361519'],1.55987470939382452674111261206408768167878515419140116251993452115321573008903494464738935e-178,1.5598747093938244e-178,5,False,2.5770275436851143e-17,1.0000000045379602,1.9708110824316996e-09
25,30,blaschke_mu_0p3,alpha^2,alpha,2,1,0.4225,0.4225,0.4225,0.0,0.4225,0.00000000000000180221069083364661635253978306982833881594639855872483989092143888549482670155986754310021,1.8022106908336465e-15,['0.422500000000001802210690833646616352539783069828338815946398558724839890921438885494826702'],1.55987470939382452674111261206408768167878515419140116251993452115321573008903494464738935e-178,1.5598747093938244e-178,5,False,1.8022102324530408e-15,1.0000002543435818,1.1046000001477683e-07
25,30,blaschke_mu_0p3,mu^1,mu,1,2,0.3,0.3,0.3,0.0,0.3,0.000000000000000117243044638382564375522434334186541224467976276145660874305675568990381151984050626384183,1.1724304463838256e-16,"['0.300000000000000002775300031214759031810445703114773047028101784587449458984148989209874689', '0.300000000000000117243044638382564375522434334186541224467976276145660874305675568990381152']",1.55987470939382452674111261206408768167878515419140116251993452115321573008903494464738935e-178,1.5598747093938244e-178,5,False,1.1724304465661102e-16,0.9999999998445243,-6.752225742968353e-11
25,30,blaschke_mu_0p3,alpha^3,alpha,3,1,0.274625,0.274625,0.274625,0.0,0.274625,0.000000000000805755476678592437626058743910571413945980155283777964869708573529125319756175818339703183,8.057554766785924e-13,['0.274625000000805755476678592437626058743910571413945980155283777964869708573529125319756176'],1.55987470939382452674111261206408768167878515419140116251993452115321573008903494464738935e-178,1.5598747093938244e-178,5,False,8.057554706811674e-13,1.000000007443232,3.2325545864385697e-09
25,30,blaschke_mu_0p3,alpha^4,alpha,4,1,0.17850625,0.17850625,0.17850625,0.0,0.17850625,0.00000000000818418007359620982454486443762458657560326798182418635535519864604620831691978094046312432,8.18418007359621e-12,['0.178506250008184180073596209824544864437624586575603267981824186355355198646046208316919781'],1.55987470939382452674111261206408768167878515419140116251993452115321573008903494464738935e-178,1.5598747093938244e-178,5,False,8.184178948885144e-12,1.0000001374250334,5.968292955961897e-08
25,30,blaschke_mu_0p3,alpha^5,alpha,5,1,0.1160290625,0.1160290625,0.1160290625,0.0,0.1160290625,0.00000000662355497312522320087871565467254813461133196120956462466088424830166598088013160485579058,6.6235549731252236e-09,['0.116029069123554973125223200878715654672548134611331961209564624660884248301665980880131605'],1.55987470939382452674111261206408768167878515419140116251993452115321573008903494464738935e-178,1.5598747093938244e-178,5,False,6.62355497104339e-09,1.0000000003143075,1.3650199936036583e-10
25,30,blaschke_mu_0p3,mu^2,mu,2,2,0.09,0.09,0.09,0.0,0.09,0.00000021854527101779667719818021777923789055950946190035580061332178867252785699526612759946261,2.1854527101779667e-07,"['0.0900000516959228344966099387295673371248712662338125618130330588292501951025014234545342772', '0.0899997814547289822033228018197822207621094404905380996441993866782113274721430047338724005']",1.55987470939382452674111261206408768167878515419140116251993452115321573008903494464738935e-178,1.5598747093938244e-178,5,False,2.1854527107602267e-07,0.9999999997335747,-1.1570704904298287e-10
25,30,blaschke_mu_0p3,alpha^6,alpha,6,1,0.075418890625,0.075418890625,0.075418890625,0.0,0.075418890625,0.000000479012664924140901698476389067727939410550655915400435370220319405127332602405067990812653,4.790126649241409e-07,['0.0754184116123350758590983015236109322720605894493440845995646297796805948726673975949320092'],1.55987470939382452674111261206408768167878515419140116251993452115321573008903494464738935e-178,1.5598747093938244e-178,5,False,4.790126681055497e-07,0.9999999933584035,-2.8844087183823954e-09
25,30,blaschke_mu_0p3,alpha^7,alpha,7,1,0.04902227890625,0.04902227890625,0.04902227890625,0.0,0.04902227890625,0.000098156853325632878907298882968786391052038365948447076394439652770804541010538227574616905,9.815685332563288e-05,['0.0491204357595756328789072988829687863910520383659484470763944396527708045410105382275746169'],1.55987470939382452674111261206408768167878515419140116251993452115321573008903494464738935e-178,1.5598747093938244e-178,5,False,9.815685335661921e-05,0.9999999996843182,-1.370988698888806e-10
25,30,blaschke_mu_0p3,alpha^8,alpha,8,1,0.0318644812890625,0.0318644812890625,0.0318644812890625,0.0,0.0318644812890625,0.00154027776580292378218812163960563713555828644415162640201960826574077412514292168212584344,0.0015402777658029237,['0.0334047590548654237821881216396056371355582864441516264020196082657407741251429216821258434'],1.55987470939382452674111261206408768167878515419140116251993452115321573008903494464738935e-178,1.5598747093938244e-178,5,False,0.0015402777756643807,0.9999999935976114,-2.7805220572476747e-09
25,30,blaschke_mu_0p3,mu^3,mu,3,2,0.027,0.027,0.027,0.0,0.027,0.00673130299316236991919192728964367183508190650332102677815313887031710907142760135706503955,0.00673130299316237,"['(0.025320894467369347589387555418366584281878656502277995354461051231758296872721712127521881 - 0.00651851552088708410155356334310940455578251247214235714566720563200737445283518858168028088j)', '(0.025320894467369347589387555418366584281878656502277995354461051231758296872721712127521881 + 0.00651851552088708410155356334310940455578251247214235714566720563200737445283518858168028088j)']",1.55987470939382452674111261206408768167878515419140116251993452115321573008903494464738935e-178,1.5598747093938244e-178,5,False,0.006731303012703456,0.9999999970969832,-1.260764190636817e-09
25,30,blaschke_mu_0p3,alpha^9,alpha,9,1,0.020711912837890625,0.020711912837890624,0.020711912837890624,0.0,0.020711912837890624,0.010590862003667198639033734467063127544462400688767754448770942815687625919190930283758499,0.010590862003667198,['(0.0290276437582239977924797355501459246472537044195598488159130254267344637145865175369988352 + 0.00655858042882246479216523450248742159028414368254061378000865007826803997431272089045748445j)'],1.55987470939382452674111261206408768167878515419140116251993452115321573008903494464738935e-178,1.5598747093938244e-178,5,False,0.010590862004576913,0.9999999999141038,-3.730423658324281e-11
25,30,blaschke_mu_0p3,alpha^10,alpha,10,1,0.01346274334462890625,0.013462743344628906,0.013462743344628906,0.0,0.013462743344628906,0.0134097634364163421236067716977476310865900819567589857838061495338774249622933638909677948,0.013409763436416342,['(0.0111802180892298000136810380694229203378606771554698753352336912596703301596045095910867964 - 0.013214077110381711016639952583902265983243130888447051124716696019683656062969581934570369j)'],1.55987470939382452674111261206408768167878515419140116251993452115321573008903494464738935e-178,1.5598747093938244e-178,5,False,0.013409763460758346,0.9999999981847552,-7.883508194763822e-10
25,30,blaschke_mu_0p3,alpha^11,alpha,11,1,0.0087507831740087890625,0.00875078317400879,0.00875078317400879,0.0,0.00875078317400879,0.0134355494076873830825304952668198012766489010057435580005046471384844432767452973299924493,0.013435549407687384,['(0.0111802180892298000136810380694229203378606771554698753352336912596703301596045095910867964 + 0.013214077110381711016639952583902265983243130888447051124716696019683656062969581934570369j)'],1.55987470939382452674111261206408768167878515419140116251993452115321573008903494464738935e-178,1.5598747093938244e-178,5,False,0.01343554943815535,0.9999999977322872,-9.848551546668647e-10
25,30,blaschke_mu_0p3,mu^4,mu,4,2,0.0081,0.0081,0.0081,0.0,0.0081,0.0147639842247518770063221214455050142716593190061986311111011506836807197071251508453737887,0.014763984224751878,"['(-0.00195355983271230220308085307839836572589950483838090466432233964321647158390658069307782339 - 0.0108120842060537092746923532501884956028399468791418384170760625900803423980413829742641862j)', '(-0.00195355983271230220308085307839836572589950483838090466432233964321647158390658069307782339 + 0.0108120842060537092746923532501884956028399468791418384170760625900803423980413829742641862j)']",1.55987470939382452674111261206408768167878515419140116251993452115321573008903494464738935e-178,1.5598747093938244e-178,5,False,0.014763984254666167,0.9999999979738335,-8.799529125130728e-10
25,30,blaschke_mu_0p3,alpha^12,alpha,12,1,0.005688009063105712890625,0.005688009063105713,0.005688009063105713,0.0,0.005688009063105713,0.0148083335096120648279749634556575859853578616891586203454556886939348220383259229983628428,0.014808333509612064,['(-0.00109112114037781608767440537263870887930082153827544002658603769854154880840408446079463997 + 0.013165490306711593955184062248379149260264018664577827517756509801518868025305216356548569j)'],1.55987470939382452674111261206408768167878515419140116251993452115321573008903494464738935e-178,1.5598747093938244e-178,5,False,0.014808333510893418,0.9999999999134708,-3.757916634398086e-11
25,30,blaschke_mu_0p3,alpha^13,alpha,13,1,0.00369720589101871337890625,0.0036972058910187135,0.0036972058910187135,0.0,0.0036972058910187135,0.0140092187782088563099324969045464406451055330875372085898926068114208101195644330300298519,0.014009218778208857,['(-0.00109112114037781608767440537263870887930082153827544002658603769854154880840408446079463997 - 0.013165490306711593955184062248379149260264018664577827517756509801518868025305216356548569j)'],1.55987470939382452674111261206408768167878515419140116251993452115321573008903494464738935e-178,1.5598747093938244e-178,5,False,0.014009218779485716,0.9999999999088558,-3.9583424550643264e-11
25,30,blaschke_mu_0p3,mu^5,mu,5,2,0.00243,0.00243,0.00243,0.0,0.00243,0.019085831716133770177638919617940720468166718398659494295822094594924002846595141154661982,0.01908583171613377,"['(0.0145724235126404335965397143309960543164613967698065121174134662919345464155537665564191733 - 0.01472516633305900856602836077006980051194716249052411359561194755617568765349337781242611j)', '(0.0145724235126404335965397143309960543164613967698065121174134662919345464155537665564191733 + 0.01472516633305900856602836077006980051194716249052411359561194755617568765349337781242611j)']",1.55987470939382452674111261206408768167878515419140116251993452115321573008903494464738935e-178,1.5598747093938244e-178,5,False,0.019085831717152175,0.9999999999466408,-2.3173608700240323e-11
25,30,blaschke_mu_0p3,alpha^14,alpha,14,1,0.0024031838291621636962890625,0.0024031838291621636,0.0024031838291621636,0.0,0.0024031838291621636,0.0274203727865897612788040352803797207030168335247970948718495790374695104689188062766909951,0.02742037278658976,['(0.0290276437582239977924797355501459246472537044195598488159130254267344637145865175369988352 - 0.00655858042882246479216523450248742159028414368254061378000865007826803997431272089045748445j)'],1.55987470939382452674111261206408768167878515419140116251993452115321573008903494464738935e-178,1.5598747093938244e-178,5,False,0.027420372787403408,0.9999999999703268,-1.2886886532222704e-11
25,30,blaschke_mu_0p3,alpha^15,alpha,15,1,0.001562069488955406402587890625,0.0015620694889554065,0.0015620694889554065,0.0,0.0015620694889554065,0.998437930511044593597412109375,0.9984379305110446,['1.0'],1.55987470939382452674111261206408768167878515419140116251993452115321573008903494464738935e-178,1.5598747093938244e-178,5,False,0.9984379305110446,1.0,0.0
25,30,blaschke_mu_0p3,alpha^16,alpha,16,1,0.00101534516782101416168212890625,0.0010153451678210142,0.0010153451678210142,0.0,0.0010153451678210142,nan,,[],1.55987470939382452674111261206408768167878515419140116251993452115321573008903494464738935e-178,1.5598747093938244e-178,5,False,,,
25,30,blaschke_mu_0p3,mu^6,mu,6,2,0.000729,0.000729,0.000729,0.0,0.000729,nan,,[],1.55987470939382452674111261206408768167878515419140116251993452115321573008903494464738935e-178,1.5598747093938244e-178,5,False,,,
25,30,blaschke_mu_0p3,alpha^17,alpha,17,1,0.0006599743590836592050933837890625,0.0006599743590836592,0.0006599743590836592,0.0,0.0006599743590836592,nan,,[],1.55987470939382452674111261206408768167878515419140116251993452115321573008903494464738935e-178,1.5598747093938244e-178,5,False,,,
25,30,blaschke_mu_0p3,alpha^18,alpha,18,1,0.000428983333404378483310699462890625,0.0004289833334043785,0.0004289833334043785,0.0,0.0004289833334043785,nan,,[],1.55987470939382452674111261206408768167878515419140116251993452115321573008903494464738935e-178,1.5598747093938244e-178,5,False,,,
25,31,blaschke_mu_0p3,alpha^1,alpha,1,1,0.65,0.65,0.65,0.0,0.65,0.0000000000000000257702754265456795630402624474904191755736212181932989947733690396845209131904143373891768,2.577027542654568e-17,['0.650000000000000025770275426545679563040262447490419175573621218193298994773369039684520913'],1.75569894775230581737751044542040822126420935164990235537669015864782773649347852779534811e-178,1.755698947752306e-178,6,False,2.5770275436851143e-17,0.9999999996001027,-1.7367320702417299e-10
25,31,blaschke_mu_0p3,alpha^2,alpha,2,1,0.4225,0.4225,0.4225,0.0,0.4225,0.00000000000000180221023632113369015928448300840926514497219079380095224122678017619068468988829245363621,1.802210236321134e-15,['0.42250000000000180221023632113369015928448300840926514497219079380095224122678017619068469'],1.75569894775230581737751044542040822126420935164990235537669015864782773649347852779534811e-178,1.755698947752306e-178,6,False,1.8022102324530408e-15,1.0000000021463051,9.321284750120101e-10
25,31,blaschke_mu_0p3,mu^1,mu,1,2,0.3,0.3,0.3,0.0,0.3,0.000000000000000117243044656740320729681672519542754424428355877660829431295410627310881527708156800464363,1.1724304465674032e-16,"['0.30000000000000000277530003821552026215539343412697927654196480058855913012221765132301318', '0.300000000000000117243044656740320729681672519542754424428355877660829431295410627310881528']",1.75569894775230581737751044542040822126420935164990235537669015864782773649347852779534811e-178,1.755698947752306e-178,6,False,1.1724304465661102e-16,1.000000000001103,4.789814526367535e-13
25,31,blaschke_mu_0p3,alpha^3,alpha,3,1,0.274625,0.274625,0.274625,0.0,0.274625,0.000000000000805755470673138669950850828084514058478358507935772175934264733928253743784215006130443674,8.057554706731387e-13,['0.274625000000805755470673138669950850828084514058478358507935772175934264733928253743784215'],1.75569894775230581737751044542040822126420935164990235537669015864782773649347852779534811e-178,1.755698947752306e-178,6,False,8.057554706811674e-13,0.9999999999900357,-4.327419506179436e-12
25,31,blaschke_mu_0p3,alpha^4,alpha,4,1,0.17850625,0.17850625,0.17850625,0.0,0.17850625,0.00000000000818417899795427513201887230809247199013919220245417296648963163177204778644762748514871778,8.184178997954276e-12,['0.178506250008184178997954275132018872308092471990139192202454172966489631631772047786447627'],1.75569894775230581737751044542040822126420935164990235537669015864782773649347852779534811e-178,1.755698947752306e-178,6,False,8.184178948885144e-12,1.0000000059956082,2.60385956305418e-09
25,31,blaschke_mu_0p3,alpha^5,alpha,5,1,0.1160290625,0.1160290625,0.1160290625,0.0,0.1160290625,0.00000000662355497118610077454456096631594877269826107573093948446816627082379452504196645333168041,6.6235549711861004e-09,['0.116029069123554971186100774544560966315948772698261075730939484468166270823794525041966453'],1.75569894775230581737751044542040822126420935164990235537669015864782773649347852779534811e-178,1.755698947752306e-178,6,False,6.62355497104339e-09,1.0000000000215459,9.357255138852361e-12
25,31,blaschke_mu_0p3,mu^2,mu,2,2,0.09,0.09,0.09,0.0,0.09,0.000000218545271076882275303745903500428823220660522351986340882923470984196657224908025816769463,2.1854527107688228e-07,"['0.0900000516959231232925564031211190290064546555551935741388491490890208091850209533899053394', '0.0899997814547289231177246962540964995711767793394776480136591170765290158033427750919741832']",1.75569894775230581737751044542040822126420935164990235537669015864782773649347852779534811e-178,1.755698947752306e-178,6,False,2.1854527107602267e-07,1.0000000000039333,1.7082096742491333e-12
25,31,blaschke_mu_0p3,alpha^6,alpha,6,1,0.075418890625,0.075418890625,0.075418890625,0.0,0.075418890625,0.000000479012667978328639727395641772492472594631501909577531831928326139912275635345936769903903,4.790126679783287e-07,['0.0754184116123320216713602726043582275075274053684980904224681680716738600877243646540632301'],1.75569894775230581737751044542040822126420935164990235537669015864782773649347852779534811e-178,1.755698947752306e-178,6,False,4.790126681055497e-07,0.9999999997344098,-1.1534436548271569e-10
25,31,blaschke_mu_0p3,alpha^7,alpha,7,1,0.04902227890625,0.04902227890625,0.04902227890625,0.0,0.04902227890625,0.0000981568533572963773976295764672635106010541932585174911618814713078250919526668398708774884,9.815685335729638e-05,['0.0491204357596072963773976295764672635106010541932585174911618814713078250919526668398708775'],1.75569894775230581737751044542040822126420935164990235537669015864782773649347852779534811e-178,1.755698947752306e-178,6,False,9.815685335661921e-05,1.0000000000068987,2.9960690058240733e-12
25,31,blaschke_mu_0p3,alpha^8,alpha,8,1,0.0318644812890625,0.0318644812890625,0.0318644812890625,0.0,0.0318644812890625,0.00154027777538268488436111531023547244635948859605934018018010144020761464043382923692601147,0.001540277775382685,['0.0334047590644451848843611153102354724463594885960593401801801014402076146404338292369260115'],1.75569894775230581737751044542040822126420935164990235537669015864782773649347852779534811e-178,1.755698947752306e-178,6,False,0.0015402777756643807,0.9999999998171137,-7.94264942753112e-11
25,31,blaschke_mu_0p3,mu^3,mu,3,2,0.027,0.027,0.027,0.0,0.027,0.00673130301213550094500261321091890562399426171442125309338905602534835786381033723596903559,0.006731303012135501,"['(0.0253208944847995062622258392056806066896290910911520562409822507331461276640137777910214006 - 0.00651851554496940296096110525337359558918035645038853281871055087276705742170880953014111859j)', '(0.0253208944847995062622258392056806066896290910911520562409822507331461276640137777910214006 + 0.00651851554496940296096110525337359558918035645038853281871055087276705742170880953014111859j)']",1.75569894775230581737751044542040822126420935164990235537669015864782773649347852779534811e-178,1.755698947752306e-178,6,False,0.006731303012703456,0.9999999999156248,-3.664367226859758e-11
25,31,blaschke_mu_0p3,alpha^9,alpha,9,1,0.020711912837890625,0.020711912837890624,0.020711912837890624,0.0,0.020711912837890624,0.0105908620046026331847459166375343979661113621346916776785562079202157513449653908054479441,0.010590862004602634,['(0.0290276437589379154487596119184428780382979766083190727636796643205257827408654398292537634 - 0.00655858042942782613541472475366262458810191533325150698247567319829348455887938785044268507j)'],1.75569894775230581737751044542040822126420935164990235537669015864782773649347852779534811e-178,1.755698947752306e-178,6,False,0.010590862004576913,1.0000000000024285,1.0546849501680495e-12
25,31,blaschke_mu_0p3,alpha^10,alpha,10,1,0.01346274334462890625,0.013462743344628906,0.013462743344628906,0.0,0.013462743344628906,0.0134097634600502772254528653808433710581982073134121131632848556814277894581762049517891686,0.013409763460050277,['(0.0111802181066371190325685928944470526009392028643945388605177268790406417887288334545877729 + 0.0132140771373724816062928129390518564973899975173185895153287813460811435002336833126463915j)'],1.75569894775230581737751044542040822126420935164990235537669015864782773649347852779534811e-178,1.755698947752306e-178,6,False,0.013409763460758346,0.9999999999471975,-2.2931851804362578e-11
25,31,blaschke_mu_0p3,alpha^11,alpha,11,1,0.0087507831740087890625,0.00875078317400879,0.00875078317400879,0.0,0.00875078317400879,0.0134355494373808522823693953795589027722876219743545129304341767444859346095508699254310035,0.013435549437380852,['(0.0111802181066371190325685928944470526009392028643945388605177268790406417887288334545877729 - 0.0132140771373724816062928129390518564973899975173185895153287813460811435002336833126463915j)'],1.75569894775230581737751044542040822126420935164990235537669015864782773649347852779534811e-178,1.755698947752306e-178,6,False,0.01343554943815535,0.9999999999423546,-2.5035098225404774e-11
25,31,blaschke_mu_0p3,mu^4,mu,4,2,0.0081,0.0081,0.0081,0.0,0.0081,0.0147639842537143453780381381367602970332347658209741201489339494081549202803559265463069987,0.014763984253714346,"['(-0.00195355983131703593553583384931056133341606642257332253965760254972160150277963761455333763 + 0.0108120842468995638038494174053629259297837986057911610988018054135146840339792729960772492j)', '(-0.00195355983131703593553583384931056133341606642257332253965760254972160150277963761455333763 - 0.0108120842468995638038494174053629259297837986057911610988018054135146840339792729960772492j)']",1.75569894775230581737751044542040822126420935164990235537669015864782773649347852779534811e-178,1.755698947752306e-178,6,False,0.014763984254666167,0.9999999999355308,-2.7998621179423953e-11
25,31,blaschke_mu_0p3,alpha^12,alpha,12,1,0.005688009063105712890625,0.005688009063105713,0.005688009063105713,0.0,0.005688009063105713,0.0148083335109268320127047815427349643782026514426599930503361180864279559129073125247028044,0.014808333510926832,['(-0.00109112114089885370515611533308510135027997386943702789013046368833265532182794183997030959 - 0.0131654903079221321681834480290560947401628086723117075059912846178872940081035003935238287j)'],1.75569894775230581737751044542040822126420935164990235537669015864782773649347852779534811e-178,1.755698947752306e-178,6,False,0.014808333510893418,1.0000000000022564,9.799495715103448e-13
25,31,blaschke_mu_0p3,alpha^13,alpha,13,1,0.00369720589101871337890625,0.0036972058910187135,0.0036972058910187135,0.0,0.0036972058910187135,0.0140092187795245776152477838140593266032718994173227672268038760459283399432826228651421212,0.014009218779524577,['(-0.00109112114089885370515611533308510135027997386943702789013046368833265532182794183997030959 + 0.0131654903079221321681834480290560947401628086723117075059912846178872940081035003935238287j)'],1.75569894775230581737751044542040822126420935164990235537669015864782773649347852779534811e-178,1.755698947752306e-178,6,False,0.014009218779485716,1.000000000002774,1.2047343039633506e-12
25,31,blaschke_mu_0p3,mu^5,mu,5,2,0.00243,0.00243,0.00243,0.0,0.00243,0.0190858317171897149729396819703121063245555238938050123389340104938052664586821807087282457,0.019085831717189715,"['(0.0145724235130437157472762250629299722529757771528699361251695082630311921604527025279655157 + 0.0147251663340951097312147547377638995990894865639802938166065195300602687623808743188649554j)', '(0.0145724235130437157472762250629299722529757771528699361251695082630311921604527025279655157 - 0.0147251663340951097312147547377638995990894865639802938166065195300602687623808743188649554j)']",1.75569894775230581737751044542040822126420935164990235537669015864782773649347852779534811e-178,1.755698947752306e-178,6,False,0.019085831717152175,1.0000000000019669,8.542012698720617e-13
25,31,blaschke_mu_0p3,alpha^14,alpha,14,1,0.0024031838291621636962890625,0.0024031838291621636,0.0024031838291621636,0.0,0.0024031838291621636,0.0274203727874277507280867849625290844432748097173150325478343296109622309204860309946345776,0.02742037278742775,['(0.0290276437589379154487596119184428780382979766083190727636796643205257827408654398292537634 + 0.00655858042942782613541472475366262458810191533325150698247567319829348455887938785044268507j)'],1.75569894775230581737751044542040822126420935164990235537669015864782773649347852779534811e-178,1.755698947752306e-178,6,False,0.027420372787403408,1.0000000000008877,3.8553812112783307e-13
25,31,blaschke_mu_0p3,alpha^15,alpha,15,1,0.001562069488955406402587890625,0.0015620694889554065,0.0015620694889554065,0.0,0.0015620694889554065,0.998437930511044593597412109375,0.9984379305110446,['1.0'],1.75569894775230581737751044542040822126420935164990235537669015864782773649347852779534811e-178,1.755698947752306e-178,6,False,0.9984379305110446,1.0,0.0
25,31,blaschke_mu_0p3,alpha^16,alpha,16,1,0.00101534516782101416168212890625,0.0010153451678210142,0.0010153451678210142,0.0,0.0010153451678210142,nan,,[],1.75569894775230581737751044542040822126420935164990235537669015864782773649347852779534811e-178,1.755698947752306e-178,6,False,,,
25,31,blaschke_mu_0p3,mu^6,mu,6,2,0.000729,0.000729,0.000729,0.0,0.000729,nan,,[],1.75569894775230581737751044542040822126420935164990235537669015864782773649347852779534811e-178,1.755698947752306e-178,6,False,,,
25,31,blaschke_mu_0p3,alpha^17,alpha,17,1,0.0006599743590836592050933837890625,0.0006599743590836592,0.0006599743590836592,0.0,0.0006599743590836592,nan,,[],1.75569894775230581737751044542040822126420935164990235537669015864782773649347852779534811e-178,1.755698947752306e-178,6,False,,,
25,31,blaschke_mu_0p3,alpha^18,alpha,18,1,0.000428983333404378483310699462890625,0.0004289833334043785,0.0004289833334043785,0.0,0.0004289833334043785,nan,,[],1.75569894775230581737751044542040822126420935164990235537669015864782773649347852779534811e-178,1.755698947752306e-178,6,False,,,
25,32,blaschke_mu_0p3,alpha^1,alpha,1,1,0.65,0.65,0.65,0.0,0.65,0.0000000000000000257702754362076154003601262177382789695270047997066368037189659743477723764016295419222958,2.5770275436207615e-17,['0.650000000000000025770275436207615400360126217738278969527004799706636803718965974347772376'],1.74566497884022272726436791761409907182790399590423699109018540197309946624904241459911095e-178,1.7456649788402228e-178,7,False,2.5770275436851143e-17,0.9999999999750283,-1.0845067770860315e-11
25,32,blaschke_mu_0p3,alpha^2,alpha,2,1,0.4225,0.4225,0.4225,0.0,0.4225,0.00000000000000180221023158995456345076969686463133672202851812613976728906334270918658792036230239364508,1.8022102315899544e-15,['0.42250000000000180221023158995456345076969686463133672202851812613976728906334270918658792'],1.74566497884022272726436791761409907182790399590423699109018540197309946624904241459911095e-178,1.7456649788402228e-178,7,False,1.8022102324530408e-15,0.9999999995210956,-2.079855212231623e-10
25,32,blaschke_mu_0p3,mu^1,mu,1,2,0.3,0.3,0.3,0.0,0.3,0.000000000000000117243044656647530244557421915217013349622807761956357467520466243659494209192410600310968,1.1724304465664753e-16,"['0.300000000000000002775300038576173914483060595231407272513102040946176306022623533174318433', '0.300000000000000117243044656647530244557421915217013349622807761956357467520466243659494209']",1.74566497884022272726436791761409907182790399590423699109018540197309946624904241459911095e-178,1.7456649788402228e-178,7,False,1.1724304465661102e-16,1.0000000000003113,1.351987108107498e-13
25,32,blaschke_mu_0p3,alpha^3,alpha,3,1,0.274625,0.274625,0.274625,0.0,0.274625,0.000000000000805755470667639691654597738535036338904615441483927710806774761293735469310281131132433935,8.057554706676397e-13,['0.274625000000805755470667639691654597738535036338904615441483927710806774761293735469310281'],1.74566497884022272726436791761409907182790399590423699109018540197309946624904241459911095e-178,1.7456649788402228e-178,7,False,8.057554706811674e-13,0.9999999999832111,-7.291328191043939e-12
25,32,blaschke_mu_0p3,alpha^4,alpha,4,1,0.17850625,0.17850625,0.17850625,0.0,0.17850625,0.00000000000818417894823924611366362287396825909549612748598023516430628234409867129202631062955248596,8.184178948239246e-12,['0.178506250008184178948239246113663622873968259095496127485980235164306282344098671292026311'],1.74566497884022272726436791761409907182790399590423699109018540197309946624904241459911095e-178,1.7456649788402228e-178,7,False,8.184178948885144e-12,0.9999999999210796,-3.427470541406935e-11
25,32,blaschke_mu_0p3,alpha^5,alpha,5,1,0.1160290625,0.1160290625,0.1160290625,0.0,0.1160290625,0.00000000662355497104326287286217839392376452390201153843511879196095576365094527917783649018903293,6.623554971043263e-09,['0.11602906912355497104326287286217839392376452390201153843511879196095576365094527917783649'],1.74566497884022272726436791761409907182790399590423699109018540197309946624904241459911095e-178,1.7456649788402228e-178,7,False,6.62355497104339e-09,0.9999999999999808,-8.341432585686013e-15
25,32,blaschke_mu_0p3,mu^2,mu,2,2,0.09,0.09,0.09,0.0,0.09,0.000000218545271076150303072921444027604464898935337512715613758681682014064966750461195392124975,2.185452710761503e-07,"['0.0900000516959231349540135043334405326345270528548322051153986075992458440414069870652665207', '0.0899997814547289238496969270785559723955351010646624872843862413183179859350332495388046079']",1.74566497884022272726436791761409907182790399590423699109018540197309946624904241459911095e-178,1.7456649788402228e-178,7,False,2.1854527107602267e-07,1.000000000000584,2.5361812370344045e-13
25,32,blaschke_mu_0p3,alpha^6,alpha,6,1,0.075418890625,0.075418890625,0.075418890625,0.0,0.075418890625,0.000000479012668108143612908538527198511534731890142781398509864037308731209787821469780810443133,4.790126681081437e-07,['0.0754184116123318918563870914614728014884652681098572186014901359626912687902121785302191896'],1.74566497884022272726436791761409907182790399590423699109018540197309946624904241459911095e-178,1.7456649788402228e-178,7,False,4.790126681055497e-07,1.0000000000054152,2.3518018254237887e-12
25,32,blaschke_mu_0p3,alpha^7,alpha,7,1,0.04902227890625,0.04902227890625,0.04902227890625,0.0,0.04902227890625,0.0000981568533566931158012334341975863924622786935198569670189838497604951431795811592248352789,9.815685335669312e-05,['0.0491204357596066931158012334341975863924622786935198569670189838497604951431795811592248353'],1.74566497884022272726436791761409907182790399590423699109018540197309946624904241459911095e-178,1.7456649788402228e-178,7,False,9.815685335661921e-05,1.000000000000753,3.2700344390809655e-13
25,32,blaschke_mu_0p3,alpha^8,alpha,8,1,0.0318644812890625,0.0318644812890625,0.0318644812890625,0.0,0.0318644812890625,0.00154027777567531252211184203094254141825571362066441234360314028800065980559751608907328981,0.0015402777756753124,['0.0334047590647378125221118420309425414182557136206644123436031402880006598055975160890732898'],1.74566497884022272726436791761409907182790399590423699109018540197309946624904241459911095e-178,1.7456649788402228e-178,7,False,0.0015402777756643807,1.0000000000070972,3.082279881333334e-12
25,32,blaschke_mu_0p3,mu^3,mu,3,2,0.027,0.027,0.027,0.0,0.027,0.00673130301272483830120211307920608191656385865423202173211864973493992367165864599272600604,0.006731303012724839,"['(0.0253208944852374190179875758108262432774351984710540414055294518653715041265951697491136956 + 0.00651851554569078039907619677890684402808684348196889527342999726908344055194659576999287936j)', '(0.0253208944852374190179875758108262432774351984710540414055294518653715041265951697491136956 - 0.00651851554569078039907619677890684402808684348196889527342999726908344055194659576999287936j)']",1.74566497884022272726436791761409907182790399590423699109018540197309946624904241459911095e-178,1.7456649788402228e-178,7,False,0.006731303012703456,1.0000000000031766,1.3795668736489412e-12
25,32,blaschke_mu_0p3,alpha^9,alpha,9,1,0.020711912837890625,0.020711912837890624,0.020711912837890624,0.0,0.020711912837890624,0.0105908620045792413678334186531467740729533562900739567177945559677052169868690712271573005,0.010590862004579241,['(0.0290276437589181636848731040242051584098123343342801356646181415308031843669820793844572748 + 0.00655858042941509637595544746357817030549068896376712482523955589107763610913698086129296835j)'],1.74566497884022272726436791761409907182790399590423699109018540197309946624904241459911095e-178,1.7456649788402228e-178,7,False,0.010590862004576913,1.0000000000002198,9.546841918876493e-14
25,32,blaschke_mu_0p3,alpha^10,alpha,10,1,0.01346274334462890625,0.013462743344628906,0.013462743344628906,0.0,0.013462743344628906,0.0134097634607845391458582754849131689148118279397747636916317242924616452026618144458381968,0.013409763460784539,['(0.0111802181068571244227181517152883573509402258854020367578225341386057678619996525262827415 - 0.0132140771381556196505335503829838152922830817541332634654804549499090652366200672196773923j)'],1.74566497884022272726436791761409907182790399590423699109018540197309946624904241459911095e-178,1.7456649788402228e-178,7,False,0.013409763460758346,1.0000000000019533,8.483188723260982e-13
25,32,blaschke_mu_0p3,alpha^11,alpha,11,1,0.0087507831740087890625,0.00875078317400879,0.00875078317400879,0.0,0.00875078317400879,0.0134355494381908627219668937386966019049186944443181689463033492484064301902467400170478456,0.013435549438190864,['(0.0111802181068571244227181517152883573509402258854020367578225341386057678619996525262827415 + 0.0132140771381556196505335503829838152922830817541332634654804549499090652366200672196773923j)'],1.74566497884022272726436791761409907182790399590423699109018540197309946624904241459911095e-178,1.7456649788402228e-178,7,False,0.01343554943815535,1.0000000000026432,1.1479354161835159e-12
25,32,blaschke_mu_0p3,mu^4,mu,4,2,0.0081,0.0081,0.0081,0.0,0.0081,0.0147639842546947452279583069538369071109510153176148544088657077183483362423221169536131254,0.014763984254694745,"['(-0.00195355983187253344994818883884991642886234024379767459450482506964064589295982620507949634 + 0.0108120842477217808941213773007303128958784141390339647538086804020714975347983070063212594j)', '(-0.00195355983187253344994818883884991642886234024379767459450482506964064589295982620507949634 - 0.0108120842477217808941213773007303128958784141390339647538086804020714975347983070063212594j)']",1.74566497884022272726436791761409907182790399590423699109018540197309946624904241459911095e-178,1.7456649788402228e-178,7,False,0.014763984254666167,1.0000000000019356,8.406042525936868e-13
25,32,blaschke_mu_0p3,alpha^12,alpha,12,1,0.005688009063105712890625,0.005688009063105713,0.005688009063105713,0.0,0.005688009063105713,0.0148083335108966524139982146472655028826544315196310821115130403931566165633946444294488977,0.014808333510896653,['(-0.00109112114092403862086075797744860422464584960927973942851387964970586524747429331386469389 + 0.0131654903078752185044180555261129229715794631125453669303034437786667384358481257463813134j)'],1.74566497884022272726436791761409907182790399590423699109018540197309946624904241459911095e-178,1.7456649788402228e-178,7,False,0.014808333510893418,1.0000000000002185,9.488982270883308e-14
25,32,blaschke_mu_0p3,alpha^13,alpha,13,1,0.00369720589101871337890625,0.0036972058910187135,0.0036972058910187135,0.0,0.0036972058910187135,0.0140092187794890975659481777640171495524594064828764735163700461427435334134420908687133988,0.014009218779489097,['(-0.00109112114092403862086075797744860422464584960927973942851387964970586524747429331386469389 - 0.0131654903078752185044180555261129229715794631125453669303034437786667384358481257463813134j)'],1.74566497884022272726436791761409907182790399590423699109018540197309946624904241459911095e-178,1.7456649788402228e-178,7,False,0.014009218779485716,1.0000000000002414,1.0482239561432965e-13
25,32,blaschke_mu_0p3,mu^5,mu,5,2,0.00243,0.00243,0.00243,0.0,0.00243,0.0190858317171550243704623921565586197873480384639933882066809745899221915921742345715285943,0.019085831717155024,"['(0.0145724235130182369790410791104744735948177806228810773657276717359804119303007787446024734 - 0.0147251663340711558417615028755659641466341085648805394258828348984568873696755438436950581j)', '(0.0145724235130182369790410791104744735948177806228810773657276717359804119303007787446024734 + 0.0147251663340711558417615028755659641466341085648805394258828348984568873696755438436950581j)']",1.74566497884022272726436791761409907182790399590423699109018540197309946624904241459911095e-178,1.7456649788402228e-178,7,False,0.019085831717152175,1.0000000000001492,6.480280575237606e-14
25,32,blaschke_mu_0p3,alpha^14,alpha,14,1,0.0024031838291621636962890625,0.0024031838291621636,0.0024031838291621636,0.0,0.0024031838291621636,0.0274203727874055275000466823206951009975928342309401230360214361772745862074396144719067404,0.027420372787405528,['(0.0290276437589181636848731040242051584098123343342801356646181415308031843669820793844572748 - 0.00655858042941509637595544746357817030549068896376712482523955589107763610913698086129296835j)'],1.74566497884022272726436791761409907182790399590423699109018540197309946624904241459911095e-178,1.7456649788402228e-178,7,False,0.027420372787403408,1.0000000000000773,3.3558595836053094e-14
25,32,blaschke_mu_0p3,alpha^15,alpha,15,1,0.001562069488955406402587890625,0.0015620694889554065,0.0015620694889554065,0.0,0.0015620694889554065,0.998437930511044593597412109375,0.9984379305110446,['1.0'],1.74566497884022272726436791761409907182790399590423699109018540197309946624904241459911095e-178,1.7456649788402228e-178,7,False,0.9984379305110446,1.0,0.0
25,32,blaschke_mu_0p3,alpha^16,alpha,16,1,0.00101534516782101416168212890625,0.0010153451678210142,0.0010153451678210142,0.0,0.0010153451678210142,nan,,[],1.74566497884022272726436791761409907182790399590423699109018540197309946624904241459911095e-178,1.7456649788402228e-178,7,False,,,
25,32,blaschke_mu_0p3,mu^6,mu,6,2,0.000729,0.000729,0.000729,0.0,0.000729,nan,,[],1.74566497884022272726436791761409907182790399590423699109018540197309946624904241459911095e-178,1.7456649788402228e-178,7,False,,,
25,32,blaschke_mu_0p3,alpha^17,alpha,17,1,0.0006599743590836592050933837890625,0.0006599743590836592,0.0006599743590836592,0.0,0.0006599743590836592,nan,,[],1.74566497884022272726436791761409907182790399590423699109018540197309946624904241459911095e-178,1.7456649788402228e-178,7,False,,,
25,32,blaschke_mu_0p3,alpha^18,alpha,18,1,0.000428983333404378483310699462890625,0.0004289833334043785,0.0004289833334043785,0.0,0.0004289833334043785,nan,,[],1.74566497884022272726436791761409907182790399590423699109018540197309946624904241459911095e-178,1.7456649788402228e-178,7,False,,,
25,33,blaschke_mu_0p3,alpha^1,alpha,1,1,0.65,0.65,0.65,0.0,0.65,0.0000000000000000257702754368497448809801097617151995942916005624826057376839605854937975914445918293161344,2.5770275436849744e-17,['0.650000000000000025770275436849744880980109761715199594291600562482605737683960585493797591'],1.30340689208218202553178228486094272567154204851659799533630610544079292842427271518694229e-178,1.303406892082182e-178,8,False,2.5770275436851143e-17,0.9999999999999457,-2.357780655722851e-14
25,33,blaschke_mu_0p3,alpha^2,alpha,2,1,0.4225,0.4225,0.4225,0.0,0.4225,0.00000000000000180221023241222435991719710878054730666389889719891229987569423932553876814341958769245866,1.8022102324122243e-15,['0.422500000000001802210232412224359917197108780547306663898897198912299875694239325538768143'],1.30340689208218202553178228486094272567154204851659799533630610544079292842427271518694229e-178,1.303406892082182e-178,8,False,1.8022102324530408e-15,0.999999999977352,-9.835899077088271e-12
25,33,blaschke_mu_0p3,mu^1,mu,1,2,0.3,0.3,0.3,0.0,0.3,0.000000000000000117243044656611745056363608317734389579346293883562774598800910741491922173732477853657084,1.1724304465661173e-16,"['0.300000000000000002775300038571379527554248720720803329282995674333752591023350001645475645', '0.300000000000000117243044656611745056363608317734389579346293883562774598800910741491922174']",1.30340689208218202553178228486094272567154204851659799533630610544079292842427271518694229e-178,1.303406892082182e-178,8,False,1.1724304465661102e-16,1.000000000000006,2.6036841596938673e-15
25,33,blaschke_mu_0p3,alpha^3,alpha,3,1,0.274625,0.274625,0.274625,0.0,0.274625,0.000000000000805755470680677163350819065445975670292224569932173914325578238203733735896129808535813425,8.057554706806771e-13,['0.27462500000080575547068067716335081906544597567029222456993217391432557823820373373589613'],1.30340689208218202553178228486094272567154204851659799533630610544079292842427271518694229e-178,1.303406892082182e-178,8,False,8.057554706811674e-13,0.9999999999993915,-2.6427394220900876e-13
25,33,blaschke_mu_0p3,alpha^4,alpha,4,1,0.17850625,0.17850625,0.17850625,0.0,0.17850625,0.00000000000818417894875280993517055261214092962405188947606534793458849768386029695616096403115769666,8.18417894875281e-12,['0.178506250008184178948752809935170552612140929624051889476065347934588497683860296956160964'],1.30340689208218202553178228486094272567154204851659799533630610544079292842427271518694229e-178,1.303406892082182e-178,8,False,8.184178948885144e-12,0.9999999999838305,-7.022329044244466e-12
25,33,blaschke_mu_0p3,alpha^5,alpha,5,1,0.1160290625,0.1160290625,0.1160290625,0.0,0.1160290625,0.0000000066235549710430407187096247870684269430965497775708563608087286105334973449704708120846982,6.62355497104304e-09,['0.116029069123554971043040718709624787068426943096549777570856360808728610533497344970470812'],1.30340689208218202553178228486094272567154204851659799533630610544079292842427271518694229e-178,1.303406892082182e-178,8,False,6.62355497104339e-09,0.9999999999999472,-2.295099370396884e-14
25,33,blaschke_mu_0p3,mu^2,mu,2,2,0.09,0.09,0.09,0.0,0.09,0.000000218545271076024471224505472368006882862899478956563798723476124449772298889633016276558449,2.1854527107602447e-07,"['0.0900000516959231347037601690612717041291187514148978754502609359955889769160925890152403612', '0.0899997814547289239755287754945276319931171371005210434362012765238755502277011103669837234']",1.30340689208218202553178228486094272567154204851659799533630610544079292842427271518694229e-178,1.303406892082182e-178,8,False,2.1854527107602267e-07,1.0000000000000082,3.568011626247148e-15
25,33,blaschke_mu_0p3,alpha^6,alpha,6,1,0.075418890625,0.075418890625,0.075418890625,0.0,0.075418890625,0.000000479012668105845479984435337473616404576238497456143488350052604403865472339255635277616957,4.790126681058454e-07,['0.0754184116123318941545200155646625263835954237615025438565116499473955961345276607443647224'],1.30340689208218202553178228486094272567154204851659799533630610544079292842427271518694229e-178,1.303406892082182e-178,8,False,4.790126681055497e-07,1.0000000000006173,2.6808303570173105e-13
25,33,blaschke_mu_0p3,alpha^7,alpha,7,1,0.04902227890625,0.04902227890625,0.04902227890625,0.0,0.04902227890625,0.0000981568533566199348322699645756045458318616541490271095313963620935565871800803077434386723,9.815685335661993e-05,['0.0491204357596066199348322699645756045458318616541490271095313963620935565871800803077434387'],1.30340689208218202553178228486094272567154204851659799533630610544079292842427271518694229e-178,1.303406892082182e-178,8,False,9.815685335661921e-05,1.0000000000000073,3.1822806396258358e-15
25,33,blaschke_mu_0p3,alpha^8,alpha,8,1,0.0318644812890625,0.0318644812890625,0.0318644812890625,0.0,0.0318644812890625,0.00154027777566516759495565534647403933550995317687860027888440492281497705250274725615070538,0.0015402777756651676,['0.0334047590647276675949556553464740393355099531768786002788844049228149770525027472561507054'],1.30340689208218202553178228486094272567154204851659799533630610544079292842427271518694229e-178,1.303406892082182e-178,8,False,0.0015402777756643807,1.000000000000511,2.2189175005385467e-13
25,33,blaschke_mu_0p3,mu^3,mu,3,2,0.027,0.027,0.027,0.0,0.027,0.006731303012705024172622455448452972955274206606501576847161040516699526067431114735295915,0.006731303012705024,"['(0.0253208944852168870738170930933247447697855417115058154639002515920984731254117068030329995 + 0.00651851554566503064011466004377353330618451925115853612658192601702891267354031552305473632j)', '(0.0253208944852168870738170930933247447697855417115058154639002515920984731254117068030329995 - 0.00651851554566503064011466004377353330618451925115853612658192601702891267354031552305473632j)']",1.30340689208218202553178228486094272567154204851659799533630610544079292842427271518694229e-178,1.303406892082182e-178,8,False,0.006731303012703456,1.000000000000233,1.0115795124142804e-13
25,33,blaschke_mu_0p3,alpha^9,alpha,9,1,0.020711912837890625,0.020711912837890624,0.020711912837890624,0.0,0.020711912837890624,0.0105908620045769283898051813007583023970065568604297536752152425430659845842384514800847435,0.010590862004576929,['(0.029027643758916345433185178948646531141241425681711165022947200290765217762246640431269773 + 0.00655858042941366674656626686660196388778900132034940969871274965739354133806527961563341511j)'],1.30340689208218202553178228486094272567154204851659799533630610544079292842427271518694229e-178,1.303406892082182e-178,8,False,0.010590862004576913,1.0000000000000016,6.750292265873004e-16
25,33,blaschke_mu_0p3,alpha^10,alpha,10,1,0.01346274334462890625,0.013462743344628906,0.013462743344628906,0.0,0.013462743344628906,0.0134097634607602902664072803442024230115891839745226349525584783165019025441689367259854669,0.013409763460760291,['(0.011180218106831467134824915876073017489941140987168050922052551268189987505083309945837068 + 0.013214077138126579775802651978189972718331129125698143690806784833944489126965004899491399j)'],1.30340689208218202553178228486094272567154204851659799533630610544079292842427271518694229e-178,1.303406892082182e-178,8,False,0.013409763460758346,1.000000000000145,6.297058356592509e-14
25,33,blaschke_mu_0p3,alpha^11,alpha,11,1,0.0087507831740087890625,0.00875078317400879,0.00875078317400879,0.0,0.00875078317400879,0.0134355494381576621551930271223819045043220425069847815258314459530878002716297279720220477,0.013435549438157663,['(0.011180218106831467134824915876073017489941140987168050922052551268189987505083309945837068 - 0.013214077138126579775802651978189972718331129125698143690806784833944489126965004899491399j)'],1.30340689208218202553178228486094272567154204851659799533630610544079292842427271518694229e-178,1.303406892082182e-178,8,False,0.01343554943815535,1.000000000000172,7.473537865787331e-14
25,33,blaschke_mu_0p3,mu^4,mu,4,2,0.0081,0.0081,0.0081,0.0,0.0081,0.014763984254668637040297826235480486921695528013994327353019530425724427998839868496267924,0.014763984254668638,"['(-0.00195355983189029952051148657764789633999107651154476516746529182945457400576094446499546463 + 0.0108120842476696102753950785181285447378279202847220156049028859307303351891636860330911704j)', '(-0.00195355983189029952051148657764789633999107651154476516746529182945457400576094446499546463 - 0.0108120842476696102753950785181285447378279202847220156049028859307303351891636860330911704j)']",1.30340689208218202553178228486094272567154204851659799533630610544079292842427271518694229e-178,1.303406892082182e-178,8,False,0.014763984254666167,1.0000000000001674,7.271029097811177e-14
25,33,blaschke_mu_0p3,alpha^12,alpha,12,1,0.005688009063105712890625,0.005688009063105713,0.005688009063105713,0.0,0.005688009063105713,0.0148083335108934470646694754264196228867209903087287837525684758208192931710799978461997537,0.014808333510893447,['(-0.00109112114092383640762991898357836682917400137855943061231651951554213130940897307798442218 + 0.0131654903078717173015778929910579443903565450234782678767795509886522968378069922927740805j)'],1.30340689208218202553178228486094272567154204851659799533630610544079292842427271518694229e-178,1.303406892082182e-178,8,False,0.014808333510893418,1.000000000000002,8.678947198979575e-16
25,33,blaschke_mu_0p3,alpha^13,alpha,13,1,0.00369720589101871337890625,0.0036972058910187135,0.0036972058910187135,0.0,0.0036972058910187135,0.0140092187794857381127282442736712938979716726749538074360225461746231904714636327033194389,0.014009218779485738,['(-0.00109112114092383640762991898357836682917400137855943061231651951554213130940897307798442218 - 0.0131654903078717173015778929910579443903565450234782678767795509886522968378069922927740805j)'],1.30340689208218202553178228486094272567154204851659799533630610544079292842427271518694229e-178,1.303406892082182e-178,8,False,0.014009218779485716,1.0000000000000016,6.750292265873004e-16
25,33,blaschke_mu_0p3,mu^5,mu,5,2,0.00243,0.00243,0.00243,0.0,0.00243,0.0190858317171521819073571017974710469285036010266486150207845989021855665657603075661941044,0.019085831717152182,"['(0.0145724235130168092631601404619223496124497963575222084607831723332207948158504501750675018 - 0.014725166334068648919885736956310342817129437429717858644230391047440507928667165964685937j)', '(0.0145724235130168092631601404619223496124497963575222084607831723332207948158504501750675018 + 0.014725166334068648919885736956310342817129437429717858644230391047440507928667165964685937j)']",1.30340689208218202553178228486094272567154204851659799533630610544079292842427271518694229e-178,1.303406892082182e-178,8,False,0.019085831717152175,1.0000000000000004,1.9286549331065737e-16
25,33,blaschke_mu_0p3,alpha^14,alpha,14,1,0.0024031838291621636962890625,0.0024031838291621636,0.0024031838291621636,0.0,0.0024031838291621636,0.0274203727874034200776207147814522372456235789099983026940307124082691844461335715585846127,0.02742037278740342,['(0.029027643758916345433185178948646531141241425681711165022947200290765217762246640431269773 - 0.00655858042941366674656626686660196388778900132034940969871274965739354133806527961563341511j)'],1.30340689208218202553178228486094272567154204851659799533630610544079292842427271518694229e-178,1.303406892082182e-178,8,False,0.027420372787403408,1.0000000000000004,1.9286549331065737e-16
25,33,blaschke_mu_0p3,alpha^15,alpha,15,1,0.001562069488955406402587890625,0.0015620694889554065,0.0015620694889554065,0.0,0.0015620694889554065,0.998437930511044593597412109375,0.9984379305110446,['1.0'],1.30340689208218202553178228486094272567154204851659799533630610544079292842427271518694229e-178,1.303406892082182e-178,8,False,0.9984379305110446,1.0,0.0
25,33,blaschke_mu_0p3,alpha^16,alpha,16,1,0.00101534516782101416168212890625,0.0010153451678210142,0.0010153451678210142,0.0,0.0010153451678210142,nan,,[],1.30340689208218202553178228486094272567154204851659799533630610544079292842427271518694229e-178,1.303406892082182e-178,8,False,,,
25,33,blaschke_mu_0p3,mu^6,mu,6,2,0.000729,0.000729,0.000729,0.0,0.000729,nan,,[],1.30340689208218202553178228486094272567154204851659799533630610544079292842427271518694229e-178,1.303406892082182e-178,8,False,,,
25,33,blaschke_mu_0p3,alpha^17,alpha,17,1,0.0006599743590836592050933837890625,0.0006599743590836592,0.0006599743590836592,0.0,0.0006599743590836592,nan,,[],1.30340689208218202553178228486094272567154204851659799533630610544079292842427271518694229e-178,1.303406892082182e-178,8,False,,,
25,33,blaschke_mu_0p3,alpha^18,alpha,18,1,0.000428983333404378483310699462890625,0.0004289833334043785,0.0004289833334043785,0.0,0.0004289833334043785,nan,,[],1.30340689208218202553178228486094272567154204851659799533630610544079292842427271518694229e-178,1.303406892082182e-178,8,False,,,
25,34,blaschke_mu_0p3,alpha^1,alpha,1,1,0.65,0.65,0.65,0.0,0.65,0.0000000000000000257702754368525115009890635468109109683178526280469827441667224327414000637546347741228952,2.577027543685251e-17,['0.650000000000000025770275436852511500989063546810910968317852628046982744166722432741400064'],1.4605111744981030185391097751344399228963739058496053223998546283026449674944727011659849e-178,1.460511174498103e-178,9,False,2.5770275436851143e-17,1.000000000000053,2.304742645062295e-14
25,34,blaschke_mu_0p3,alpha^2,alpha,2,1,0.4225,0.4225,0.4225,0.0,0.4225,0.0000000000000018022102324534134157101382110511926529412112999771781366138544878548121728086687866528887,1.8022102324534135e-15,['0.422500000000001802210232453413415710138211051192652941211299977178136613854487854812172809'],1.4605111744981030185391097751344399228963739058496053223998546283026449674944727011659849e-178,1.460511174498103e-178,9,False,1.8022102324530408e-15,1.0000000000002067,8.977888713610176e-14
25,34,blaschke_mu_0p3,mu^1,mu,1,2,0.3,0.3,0.3,0.0,0.3,0.000000000000000117243044656610978731684573504338508826446009955310240701848628183032310849016959924317174,1.1724304465661097e-16,"['0.300000000000000002775300038570608436388095177797924986991638933560349749556266050365592623', '0.300000000000000117243044656610978731684573504338508826446009955310240701848628183032310849']",1.4605111744981030185391097751344399228963739058496053223998546283026449674944727011659849e-178,1.460511174498103e-178,9,False,1.1724304465661102e-16,0.9999999999999996,-1.9286549331065747e-16
25,34,blaschke_mu_0p3,alpha^3,alpha,3,1,0.274625,0.274625,0.274625,0.0,0.274625,0.000000000000805755470681178903979918855113342376738017179412976383758627641382535962019585658159714313,8.057554706811789e-13,['0.274625000000805755470681178903979918855113342376738017179412976383758627641382535962019586'],1.4605111744981030185391097751344399228963739058496053223998546283026449674944727011659849e-178,1.460511174498103e-178,9,False,8.057554706811674e-13,1.0000000000000142,6.171695785940993e-15
25,34,blaschke_mu_0p3,alpha^4,alpha,4,1,0.17850625,0.17850625,0.17850625,0.0,0.17850625,0.00000000000818417894888160852052938791982320181208321653304074316513743100923144070026285777270025969,8.184178948881608e-12,['0.178506250008184178948881608520529387919823201812083216533040743165137431009231440700262858'],1.4605111744981030185391097751344399228963739058496053223998546283026449674944727011659849e-178,1.460511174498103e-178,9,False,8.184178948885144e-12,0.9999999999995679,-1.8765812499131022e-13
25,34,blaschke_mu_0p3,alpha^5,alpha,5,1,0.1160290625,0.1160290625,0.1160290625,0.0,0.1160290625,0.00000000662355497104337753256381009799092940461282713839336021584645176786673799520533528618318611,6.623554971043378e-09,['0.116029069123554971043377532563810097990929404612827138393360215846451767866737995205335286'],1.4605111744981030185391097751344399228963739058496053223998546283026449674944727011659849e-178,1.460511174498103e-178,9,False,6.62355497104339e-09,0.9999999999999981,-8.196783465702949e-16
25,34,blaschke_mu_0p3,mu^2,mu,2,2,0.09,0.09,0.09,0.0,0.09,0.000000218545271076022479317786700165997129875202781530278945784925779680741568616626523771175899,2.1854527107602248e-07,"['0.0900000516959231346765038392448782481504299560280541190123252984201872134092859551533638702', '0.0899997814547289239775206822132998340028701247972184697210542150742203192584313833734762288']",1.4605111744981030185391097751344399228963739058496053223998546283026449674944727011659849e-178,1.460511174498103e-178,9,False,2.1854527107602267e-07,0.9999999999999991,-3.85730986621315e-16
25,34,blaschke_mu_0p3,alpha^6,alpha,6,1,0.075418890625,0.075418890625,0.075418890625,0.0,0.075418890625,0.000000479012668105552912174577248866373897639851967592664477980414803292773783459679046141408539,4.790126681055529e-07,['0.0754184116123318944470878254227511336261023601480324073355220195851967072262165403209538586'],1.4605111744981030185391097751344399228963739058496053223998546283026449674944727011659849e-178,1.460511174498103e-178,9,False,4.790126681055497e-07,1.0000000000000067,2.8929823996598517e-15
25,34,blaschke_mu_0p3,alpha^7,alpha,7,1,0.04902227890625,0.04902227890625,0.04902227890625,0.0,0.04902227890625,0.0000981568533566190913296007773484562925015795983610292938458406562715371076605411327588070448,9.815685335661909e-05,['0.049120435759606619091329600777348456292501579598361029293845840656271537107660541132758807'],1.4605111744981030185391097751344399228963739058496053223998546283026449674944727011659849e-178,1.460511174498103e-178,9,False,9.815685335661921e-05,0.9999999999999988,-5.303801066043082e-16
25,34,blaschke_mu_0p3,alpha^8,alpha,8,1,0.0318644812890625,0.0318644812890625,0.0318644812890625,0.0,0.0318644812890625,0.00154027777566438111099185746944764120778656854479391577258897132099742173892104835032476771,0.001540277775664381,['0.0334047590647268811109918574694476412077865685447939157725889713209974217389210483503247677'],1.4605111744981030185391097751344399228963739058496053223998546283026449674944727011659849e-178,1.460511174498103e-178,9,False,0.0015402777756643807,1.0000000000000002,9.64327466553287e-17
25,34,blaschke_mu_0p3,mu^3,mu,3,2,0.027,0.027,0.027,0.0,0.027,0.00673130301270345746941301401971934361385247211178908219266510372653391812892673596225156681,0.006731303012703457,"['(0.0253208944852155653926373884160304599776946585171002311312779319635385176391846835697509038 + 0.00651851554566307234207856107037314056536381799118404354243434506002901797326341045012771011j)', '(0.0253208944852155653926373884160304599776946585171002311312779319635385176391846835697509038 - 0.00651851554566307234207856107037314056536381799118404354243434506002901797326341045012771011j)']",1.4605111744981030185391097751344399228963739058496053223998546283026449674944727011659849e-178,1.460511174498103e-178,9,False,0.006731303012703456,1.0000000000000002,9.64327466553287e-17
25,34,blaschke_mu_0p3,alpha^9,alpha,9,1,0.020711912837890625,0.020711912837890624,0.020711912837890624,0.0,0.020711912837890624,0.0105908620045769093228234149461981326722917582441260807408005148332728871612650598302387814,0.01059086200457691,['(0.0290276437589163329032198399774259010944727557149775939898373138997476606165582662917784328 - 0.00655858042941365184395836649813755401844186576200341723658090268512938984851833319394646467j)'],1.4605111744981030185391097751344399228963739058496053223998546283026449674944727011659849e-178,1.460511174498103e-178,9,False,0.010590862004576913,0.9999999999999997,-1.4464911998299308e-16
25,34,blaschke_mu_0p3,alpha^10,alpha,10,1,0.01346274334462890625,0.013462743344628906,0.013462743344628906,0.0,0.013462743344628906,0.0134097634607583485902258323737486787131800813382465678158949327111624834697129093502148314,0.013409763460758348,['(0.0111802181068303860668204968524074304697039984897809348769807963267171120820460001532794249 + 0.0132140771381244226078811611244946695555586874856235382907028357500664066984086446089636387j)'],1.4605111744981030185391097751344399228963739058496053223998546283026449674944727011659849e-178,1.460511174498103e-178,9,False,0.013409763460758346,1.0000000000000002,9.64327466553287e-17
25,34,blaschke_mu_0p3,alpha^11,alpha,11,1,0.0087507831740087890625,0.00875078317400879,0.00875078317400879,0.0,0.00875078317400879,0.0134355494381553450659044603397628312120404529439764694650351395612943080577036566591851424,0.013435549438155345,['(0.0111802181068303860668204968524074304697039984897809348769807963267171120820460001532794249 - 0.0132140771381244226078811611244946695555586874856235382907028357500664066984086446089636387j)'],1.4605111744981030185391097751344399228963739058496053223998546283026449674944727011659849e-178,1.460511174498103e-178,9,False,0.01343554943815535,0.9999999999999997,-1.4464911998299308e-16
25,34,blaschke_mu_0p3,mu^4,mu,4,2,0.0081,0.0081,0.0081,0.0,0.0081,0.0147639842546661834956802153535193279039923163776386050510295267903026166885124846615417317,0.014763984254666183,"['(-0.00195355983188981445905114055087122267082703943762112238070844190300300857880261284898345121 + 0.0108120842476667109731911062364863634774370656478356379426778786748382888844093750452189685j)', '(-0.00195355983188981445905114055087122267082703943762112238070844190300300857880261284898345121 - 0.0108120842476667109731911062364863634774370656478356379426778786748382888844093750452189685j)']",1.4605111744981030185391097751344399228963739058496053223998546283026449674944727011659849e-178,1.460511174498103e-178,9,False,0.014763984254666167,1.000000000000001,4.821637332766433e-16
25,34,blaschke_mu_0p3,alpha^12,alpha,12,1,0.005688009063105712890625,0.005688009063105713,0.005688009063105713,0.0,0.005688009063105713,0.0148083335108934129482825169363936927241272863017245882331945143789576353209863221590679558,0.014808333510893413,['(-0.00109112114092378272112792995392893434982559236767358797239758503289347422503189843006037126 - 0.0131654903078717065720839066536089352404504478325294746692604133946421437145413276960590032j)'],1.4605111744981030185391097751344399228963739058496053223998546283026449674944727011659849e-178,1.460511174498103e-178,9,False,0.014808333510893418,0.9999999999999997,-1.4464911998299308e-16
25,34,blaschke_mu_0p3,alpha^13,alpha,13,1,0.00369720589101871337890625,0.0036972058910187135,0.0036972058910187135,0.0,0.0036972058910187135,0.0140092187794857096794812459979588390839489436634713879237449776514026047445603733059929321,0.014009218779485709,['(-0.00109112114092378272112792995392893434982559236767358797239758503289347422503189843006037126 + 0.0131654903078717065720839066536089352404504478325294746692604133946421437145413276960590032j)'],1.4605111744981030185391097751344399228963739058496053223998546283026449674944727011659849e-178,1.460511174498103e-178,9,False,0.014009218779485716,0.9999999999999996,-1.9286549331065747e-16
25,34,blaschke_mu_0p3,mu^5,mu,5,2,0.00243,0.00243,0.00243,0.0,0.00243,0.0190858317171521690178602580401578239776444244709728233994044501838377968043138548669385773,0.01908583171715217,"['(0.0145724235130168176346521906888476099986211102477965354085740803575197542162675907265918041 + 0.0147251663340686253101714762709048618110873869263949979900077761947311443305574934646799237j)', '(0.0145724235130168176346521906888476099986211102477965354085740803575197542162675907265918041 - 0.0147251663340686253101714762709048618110873869263949979900077761947311443305574934646799237j)']",1.4605111744981030185391097751344399228963739058496053223998546283026449674944727011659849e-178,1.460511174498103e-178,9,False,0.019085831717152175,0.9999999999999997,-1.4464911998299308e-16
25,34,blaschke_mu_0p3,alpha^14,alpha,14,1,0.0024031838291621636962890625,0.0024031838291621636,0.0024031838291621636,0.0,0.0024031838291621636,0.0274203727874034043468530860720442993489773765765979815495583555477860674550405436691115359,0.027420372787403405,['(0.0290276437589163329032198399774259010944727557149775939898373138997476606165582662917784328 + 0.00655858042941365184395836649813755401844186576200341723658090268512938984851833319394646467j)'],1.4605111744981030185391097751344399228963739058496053223998546283026449674944727011659849e-178,1.460511174498103e-178,9,False,0.027420372787403408,0.9999999999999999,-4.8216373327664354e-17
25,34,blaschke_mu_0p3,alpha^15,alpha,15,1,0.001562069488955406402587890625,0.0015620694889554065,0.0015620694889554065,0.0,0.0015620694889554065,0.998437930511044593597412109375,0.9984379305110446,['1.0'],1.4605111744981030185391097751344399228963739058496053223998546283026449674944727011659849e-178,1.460511174498103e-178,9,False,0.9984379305110446,1.0,0.0
25,34,blaschke_mu_0p3,alpha^16,alpha,16,1,0.00101534516782101416168212890625,0.0010153451678210142,0.0010153451678210142,0.0,0.0010153451678210142,nan,,[],1.4605111744981030185391097751344399228963739058496053223998546283026449674944727011659849e-178,1.460511174498103e-178,9,False,,,
25,34,blaschke_mu_0p3,mu^6,mu,6,2,0.000729,0.000729,0.000729,0.0,0.000729,nan,,[],1.4605111744981030185391097751344399228963739058496053223998546283026449674944727011659849e-178,1.460511174498103e-178,9,False,,,
25,34,blaschke_mu_0p3,alpha^17,alpha,17,1,0.0006599743590836592050933837890625,0.0006599743590836592,0.0006599743590836592,0.0,0.0006599743590836592,nan,,[],1.4605111744981030185391097751344399228963739058496053223998546283026449674944727011659849e-178,1.460511174498103e-178,9,False,,,
25,34,blaschke_mu_0p3,alpha^18,alpha,18,1,0.000428983333404378483310699462890625,0.0004289833334043785,0.0004289833334043785,0.0,0.0004289833334043785,nan,,[],1.4605111744981030185391097751344399228963739058496053223998546283026449674944727011659849e-178,1.460511174498103e-178,9,False,,,
25,35,blaschke_mu_0p3,alpha^1,alpha,1,1,0.65,0.65,0.65,0.0,0.65,0.0000000000000000257702754368511972160432962983908818455279713439422578134424528312403555470034249732842337,2.57702754368512e-17,['0.650000000000000025770275436851197216043296298390881845527971343942257813442452831240355547'],1.48325358456724454574467605262752952938444300020327289944329790264297905319585448146430649e-178,1.4832535845672445e-178,10,False,2.5770275436851143e-17,1.0000000000000022,9.643274665532861e-16
25,35,blaschke_mu_0p3,alpha^2,alpha,2,1,0.4225,0.4225,0.4225,0.0,0.4225,0.00000000000000180221023245314470520407061442494476417742682691926731362668830507239250075058369507460867,1.8022102324531445e-15,['0.422500000000001802210232453144705204070614424944764177426826919267313626688305072392500751'],1.48325358456724454574467605262752952938444300020327289944329790264297905319585448146430649e-178,1.4832535845672445e-178,10,False,1.8022102324530408e-15,1.0000000000000575,2.497608138372942e-14
25,35,blaschke_mu_0p3,mu^1,mu,1,2,0.3,0.3,0.3,0.0,0.3,0.000000000000000117243044656611026711494673778855997234052094333989329069327967818286895103828712585127905,1.1724304465661102e-16,"['0.300000000000000002775300038570597592727599979293515165346531561876752707585275932971807654', '0.300000000000000117243044656611026711494673778855997234052094333989329069327967818286895104']",1.48325358456724454574467605262752952938444300020327289944329790264297905319585448146430649e-178,1.4832535845672445e-178,10,False,1.1724304465661102e-16,1.0,0.0
25,35,blaschke_mu_0p3,alpha^3,alpha,3,1,0.274625,0.274625,0.274625,0.0,0.274625,0.000000000000805755470681168961445038701604947605304331394602611667477934490759174439798047904211972202,8.05755470681169e-13,['0.274625000000805755470681168961445038701604947605304331394602611667477934490759174439798048'],1.48325358456724454574467605262752952938444300020327289944329790264297905319585448146430649e-178,1.4832535845672445e-178,10,False,8.057554706811674e-13,1.0000000000000018,7.71461973242629e-16
25,35,blaschke_mu_0p3,alpha^4,alpha,4,1,0.17850625,0.17850625,0.17850625,0.0,0.17850625,0.00000000000818417894888530380007682282725729482621020842155287165128168968683167138960456478711519578,8.184178948885304e-12,['0.178506250008184178948885303800076822827257294826210208421552871651281689686831671389604565'],1.48325358456724454574467605262752952938444300020327289944329790264297905319585448146430649e-178,1.4832535845672445e-178,10,False,8.184178948885144e-12,1.0000000000000195,8.486081705668845e-15
25,35,blaschke_mu_0p3,alpha^5,alpha,5,1,0.1160290625,0.1160290625,0.1160290625,0.0,0.1160290625,0.00000000662355497104339025807183753671724068917562425233993286770119050846494230475959017163428576,6.62355497104339e-09,['0.116029069123554971043390258071837536717240689175624252339932867701190508464942304759590172'],1.48325358456724454574467605262752952938444300020327289944329790264297905319585448146430649e-178,1.4832535845672445e-178,10,False,6.62355497104339e-09,1.0,0.0
25,35,blaschke_mu_0p3,mu^2,mu,2,2,0.09,0.09,0.09,0.0,0.09,0.000000218545271076022666557490424701486214382937718473198110845464252161051656560218851378519275,2.1854527107602267e-07,"['0.0900000516959231346762592397020827389785432642876187070913842927329924264577593102501825338', '0.0899997814547289239773334425095752985137856170622815268018891545357478389483434397811486215']",1.48325358456724454574467605262752952938444300020327289944329790264297905319585448146430649e-178,1.4832535845672445e-178,10,False,2.1854527107602267e-07,1.0,0.0
25,35,blaschke_mu_0p3,alpha^6,alpha,6,1,0.075418890625,0.075418890625,0.075418890625,0.0,0.075418890625,0.000000479012668105549215856790705735789271963154267176345860534192000822312013709929175150982589,4.790126681055492e-07,['0.075418411612331894450784143209294264210728036845732823654139465807999177687986290070824849'],1.48325358456724454574467605262752952938444300020327289944329790264297905319585448146430649e-178,1.4832535845672445e-178,10,False,4.790126681055497e-07,0.9999999999999989,-4.821637332766438e-16
25,35,blaschke_mu_0p3,alpha^7,alpha,7,1,0.04902227890625,0.04902227890625,0.04902227890625,0.0,0.04902227890625,0.0000981568533566192093611033913665545716126622619501560366965485950403331031414861874230619085,9.815685335661921e-05,['0.0491204357596066192093611033913665545716126622619501560366965485950403331031414861874230619'],1.48325358456724454574467605262752952938444300020327289944329790264297905319585448146430649e-178,1.4832535845672445e-178,10,False,9.815685335661921e-05,1.0,0.0
25,35,blaschke_mu_0p3,alpha^8,alpha,8,1,0.0318644812890625,0.0318644812890625,0.0318644812890625,0.0,0.0318644812890625,0.00154027777566437920013588862053368868232763776806051400015137759394684387203482702490129473,0.0015402777756643791,['0.0334047590647268792001358886205336886823276377680605140001513775939468438720348270249012947'],1.48325358456724454574467605262752952938444300020327289944329790264297905319585448146430649e-178,1.4832535845672445e-178,10,False,0.0015402777756643807,0.999999999999999,-4.3394735994897945e-16
25,35,blaschke_mu_0p3,mu^3,mu,3,2,0.027,0.027,0.027,0.0,0.027,0.00673130301270345289615391677154383767720201595578561497685843058450630910914407809244347433,0.006731303012703453,"['(0.0253208944852155684583824414406673669404972630306039158060442319322974282748541439653715075 - 0.00651851554566306840923785000083847165355283036871119170732463693498297597928571566770253374j)', '(0.0253208944852155684583824414406673669404972630306039158060442319322974282748541439653715075 + 0.00651851554566306840923785000083847165355283036871119170732463693498297597928571566770253374j)']",1.48325358456724454574467605262752952938444300020327289944329790264297905319585448146430649e-178,1.4832535845672445e-178,10,False,0.006731303012703456,0.9999999999999997,-1.4464911998299308e-16
25,35,blaschke_mu_0p3,alpha^9,alpha,9,1,0.020711912837890625,0.020711912837890624,0.020711912837890624,0.0,0.020711912837890624,0.0105908620045769132660376650191805150444795141522213358930495168388805326245263349069322501,0.010590862004576913,['(0.0290276437589163360760988580476336732127970787171081943809958179806264307261245831004273827 - 0.00655858042941365418855564379931995325400809554198896101402915543824475340535886672174946984j)'],1.48325358456724454574467605262752952938444300020327289944329790264297905319585448146430649e-178,1.4832535845672445e-178,10,False,0.010590862004576913,1.0,0.0
25,35,blaschke_mu_0p3,alpha^10,alpha,10,1,0.01346274334462890625,0.013462743344628906,0.013462743344628906,0.0,0.013462743344628906,0.0134097634607583418825457327664641871658928245651854946351714287943621653100505394117924952,0.013409763460758341,['(0.0111802181068304048945881120166448972960575721329724806021676555524175107184766530670976109 + 0.0132140771381244190530700107016858164629207644397171778265952601827981469685250174591674487j)'],1.48325358456724454574467605262752952938444300020327289944329790264297905319585448146430649e-178,1.4832535845672445e-178,10,False,0.013409763460758346,0.9999999999999997,-1.4464911998299308e-16
25,35,blaschke_mu_0p3,alpha^11,alpha,11,1,0.0087507831740087890625,0.00875078317400879,0.00875078317400879,0.0,0.00875078317400879,0.0134355494381553449741544051969706121453813199200559786618308938038541524667531610636050034,0.013435549438155345,['(0.0111802181068304048945881120166448972960575721329724806021676555524175107184766530670976109 - 0.0132140771381244190530700107016858164629207644397171778265952601827981469685250174591674487j)'],1.48325358456724454574467605262752952938444300020327289944329790264297905319585448146430649e-178,1.4832535845672445e-178,10,False,0.01343554943815535,0.9999999999999997,-1.4464911998299308e-16
25,35,blaschke_mu_0p3,mu^4,mu,4,2,0.0081,0.0081,0.0081,0.0,0.0081,0.0147639842546661637645742569395147339467994739748577147674587089279503532139475178468872757,0.014763984254666164,"['(-0.00195355983188976665869536058370090218574687112546909163071039021665641221644877431832140203 + 0.0108120842476667284771241858539726943284017577876237737622958145919205678593998807538999606j)', '(-0.00195355983188976665869536058370090218574687112546909163071039021665641221644877431832140203 - 0.0108120842476667284771241858539726943284017577876237737622958145919205678593998807538999606j)']",1.48325358456724454574467605262752952938444300020327289944329790264297905319585448146430649e-178,1.4832535845672445e-178,10,False,0.014763984254666167,0.9999999999999998,-9.643274665532873e-17
25,35,blaschke_mu_0p3,alpha^12,alpha,12,1,0.005688009063105712890625,0.005688009063105713,0.005688009063105713,0.0,0.005688009063105713,0.0148083335108934181221599837656176054109669069999493293951116767423407456005268918502333912,0.014808333510893418,['(-0.00109112114092378141371927033575481499457079142666127031965656794013556680937971992388538703 + 0.0131654903078717130647852499239125676973547213336418880162435355864186515102662646233111346j)'],1.48325358456724454574467605262752952938444300020327289944329790264297905319585448146430649e-178,1.4832535845672445e-178,10,False,0.014808333510893418,1.0,0.0
25,35,blaschke_mu_0p3,alpha^13,alpha,13,1,0.00369720589101871337890625,0.0036972058910187135,0.0036972058910187135,0.0,0.0036972058910187135,0.0140092187794857153342788208698388361837129435732556266491512748984124951361588007597247415,0.014009218779485716,['(-0.00109112114092378141371927033575481499457079142666127031965656794013556680937971992388538703 - 0.0131654903078717130647852499239125676973547213336418880162435355864186515102662646233111346j)'],1.48325358456724454574467605262752952938444300020327289944329790264297905319585448146430649e-178,1.4832535845672445e-178,10,False,0.014009218779485716,1.0,0.0
25,35,blaschke_mu_0p3,mu^5,mu,5,2,0.00243,0.00243,0.00243,0.0,0.00243,0.0190858317171521741729454183587423638886178117258159422893620572038045273257412249373296641,0.019085831717152175,"['(0.0145724235130168206735393684775071096389898336935662243277616929595541323089193669491825391 + 0.0147251663340686294859907058424008924359908005826542596374381336665909969531664281839642614j)', '(0.0145724235130168206735393684775071096389898336935662243277616929595541323089193669491825391 - 0.0147251663340686294859907058424008924359908005826542596374381336665909969531664281839642614j)']",1.48325358456724454574467605262752952938444300020327289944329790264297905319585448146430649e-178,1.4832535845672445e-178,10,False,0.019085831717152175,1.0,0.0
25,35,blaschke_mu_0p3,alpha^14,alpha,14,1,0.0024031838291621636962890625,0.0024031838291621636,0.0024031838291621636,0.0,0.0024031838291621636,0.0274203727874034079884308600330005526196307057747368569256195259125403292443618804473349307,0.027420372787403408,['(0.0290276437589163360760988580476336732127970787171081943809958179806264307261245831004273827 + 0.00655858042941365418855564379931995325400809554198896101402915543824475340535886672174946984j)'],1.48325358456724454574467605262752952938444300020327289944329790264297905319585448146430649e-178,1.4832535845672445e-178,10,False,0.027420372787403408,1.0,0.0
25,35,blaschke_mu_0p3,alpha^15,alpha,15,1,0.001562069488955406402587890625,0.0015620694889554065,0.0015620694889554065,0.0,0.0015620694889554065,0.998437930511044593597412109375,0.9984379305110446,['1.0'],1.48325358456724454574467605262752952938444300020327289944329790264297905319585448146430649e-178,1.4832535845672445e-178,10,False,0.9984379305110446,1.0,0.0
25,35,blaschke_mu_0p3,alpha^16,alpha,16,1,0.00101534516782101416168212890625,0.0010153451678210142,0.0010153451678210142,0.0,0.0010153451678210142,nan,,[],1.48325358456724454574467605262752952938444300020327289944329790264297905319585448146430649e-178,1.4832535845672445e-178,10,False,,,
25,35,blaschke_mu_0p3,mu^6,mu,6,2,0.000729,0.000729,0.000729,0.0,0.000729,nan,,[],1.48325358456724454574467605262752952938444300020327289944329790264297905319585448146430649e-178,1.4832535845672445e-178,10,False,,,
25,35,blaschke_mu_0p3,alpha^17,alpha,17,1,0.0006599743590836592050933837890625,0.0006599743590836592,0.0006599743590836592,0.0,0.0006599743590836592,nan,,[],1.48325358456724454574467605262752952938444300020327289944329790264297905319585448146430649e-178,1.4832535845672445e-178,10,False,,,
25,35,blaschke_mu_0p3,alpha^18,alpha,18,1,0.000428983333404378483310699462890625,0.0004289833334043785,0.0004289833334043785,0.0,0.0004289833334043785,nan,,[],1.48325358456724454574467605262752952938444300020327289944329790264297905319585448146430649e-178,1.4832535845672445e-178,10,False,,,
25,36,blaschke_mu_0p3,alpha^1,alpha,1,1,0.65,0.65,0.65,0.0,0.65,0.0000000000000000257702754368511417605147260417215140542300781299213231986630517358992264604664308655034275,2.5770275436851143e-17,['0.65000000000000002577027543685114176051472604172151405423007812992132319866305173589922646'],1.91405920642569921062973945389486347470852398249569698467237063635551609214142139469477457e-178,1.9140592064256993e-178,11,False,2.5770275436851143e-17,1.0,0.0
25,36,blaschke_mu_0p3,alpha^2,alpha,2,1,0.4225,0.4225,0.4225,0.0,0.4225,0.00000000000000180221023245304371639017153034176632116207196633629973777419313343060502763134875525281677,1.8022102324530436e-15,['0.422500000000001802210232453043716390171530341766321162071966336299737774193133430605027631'],1.91405920642569921062973945389486347470852398249569698467237063635551609214142139469477457e-178,1.9140592064256993e-178,11,False,1.8022102324530408e-15,1.0000000000000016,6.750292265873004e-16
25,36,blaschke_mu_0p3,mu^1,mu,1,2,0.3,0.3,0.3,0.0,0.3,0.000000000000000117243044656611029632406657038932505153595732736372357577269178686929374378229594691720365,1.1724304465661102e-16,"['0.300000000000000002775300038570598788381883466379200707707876867813530200071111149623385509', '0.300000000000000117243044656611029632406657038932505153595732736372357577269178686929374378']",1.91405920642569921062973945389486347470852398249569698467237063635551609214142139469477457e-178,1.9140592064256993e-178,11,False,1.1724304465661102e-16,1.0,0.0
25,36,blaschke_mu_0p3,alpha^3,alpha,3,1,0.274625,0.274625,0.274625,0.0,0.274625,0.000000000000805755470681167478415006356718529769581854724493497354303399336325968756986317399112556558,8.057554706811674e-13,['0.274625000000805755470681167478415006356718529769581854724493497354303399336325968756986317'],1.91405920642569921062973945389486347470852398249569698467237063635551609214142139469477457e-178,1.9140592064256993e-178,11,False,8.057554706811674e-13,1.0,0.0
25,36,blaschke_mu_0p3,alpha^4,alpha,4,1,0.17850625,0.17850625,0.17850625,0.0,0.17850625,0.00000000000818417894888515816183491504590454786106535445830001370215965237674457737949200764106514475,8.184178948885157e-12,['0.178506250008184178948885158161834915045904547861065354458300013702159652376744577379492008'],1.91405920642569921062973945389486347470852398249569698467237063635551609214142139469477457e-178,1.9140592064256993e-178,11,False,8.184178948885144e-12,1.0000000000000016,6.750292265873004e-16
25,36,blaschke_mu_0p3,alpha^5,alpha,5,1,0.1160290625,0.1160290625,0.1160290625,0.0,0.1160290625,0.00000000662355497104338993977476792951974149829706037807080355294843122258462775342301888472140071,6.62355497104339e-09,['0.116029069123554971043389939774767929519741498297060378070803552948431222584627753423018885'],1.91405920642569921062973945389486347470852398249569698467237063635551609214142139469477457e-178,1.9140592064256993e-178,11,False,6.62355497104339e-09,1.0,0.0
25,36,blaschke_mu_0p3,mu^2,mu,2,2,0.09,0.09,0.09,0.0,0.09,0.000000218545271076022676031763368109307246966064949087343675834332198063113627721010649178958187,2.1854527107602267e-07,"['0.0900000516959231346763051298589271150467636922666335850047535529386676089221124087465549238', '0.089999781454728923977323968236631890692753033935050912656324165667801936886372278989350821']",1.91405920642569921062973945389486347470852398249569698467237063635551609214142139469477457e-178,1.9140592064256993e-178,11,False,2.1854527107602267e-07,1.0,0.0
25,36,blaschke_mu_0p3,alpha^6,alpha,6,1,0.075418890625,0.075418890625,0.075418890625,0.0,0.075418890625,0.000000479012668105549669016996432503240020676819316691388829272542447860653025052256893728123816,4.790126681055497e-07,['0.0754184116123318944503309830035674967599793231806833086111707274575521393469749477431062719'],1.91405920642569921062973945389486347470852398249569698467237063635551609214142139469477457e-178,1.9140592064256993e-178,11,False,4.790126681055497e-07,1.0,0.0
25,36,blaschke_mu_0p3,alpha^7,alpha,7,1,0.04902227890625,0.04902227890625,0.04902227890625,0.0,0.04902227890625,0.0000981568533566192145504021157499107165716628016203841440541755189773611322111437424259339697,9.815685335661921e-05,['0.049120435759606619214550402115749910716571662801620384144054175518977361132211143742425934'],1.91405920642569921062973945389486347470852398249569698467237063635551609214142139469477457e-178,1.9140592064256993e-178,11,False,9.815685335661921e-05,1.0,0.0
25,36,blaschke_mu_0p3,alpha^8,alpha,8,1,0.0318644812890625,0.0318644812890625,0.0318644812890625,0.0,0.0318644812890625,0.00154027777566438067008659747326254306271809869698185489725178179539236180952743778489834912,0.0015402777756643807,['0.0334047590647268806700865974732625430627180986969818548972517817953923618095274377848983491'],1.91405920642569921062973945389486347470852398249569698467237063635551609214142139469477457e-178,1.9140592064256993e-178,11,False,0.0015402777756643807,1.0,0.0
25,36,blaschke_mu_0p3,mu^3,mu,3,2,0.027,0.027,0.027,0.0,0.027,0.00673130301270345579961806382241139398633950916852434258941520907119375678023547092972824579,0.006731303012703456,"['(0.0253208944852155711125412662021339416124633448623423363687899075347211750964359205239280036 - 0.00651851554566307209116658238822643606229705723860168035418287120947410635845885896140056046j)', '(0.0253208944852155711125412662021339416124633448623423363687899075347211750964359205239280036 + 0.00651851554566307209116658238822643606229705723860168035418287120947410635845885896140056046j)']",1.91405920642569921062973945389486347470852398249569698467237063635551609214142139469477457e-178,1.9140592064256993e-178,11,False,0.006731303012703456,1.0,0.0
25,36,blaschke_mu_0p3,alpha^9,alpha,9,1,0.020711912837890625,0.020711912837890624,0.020711912837890624,0.0,0.020711912837890624,0.0105908620045769134219273097080514200798734713885515140805727989516100823610094916675353479,0.010590862004576913,['(0.0290276437589163361961786598467337574538846703827900875776886074720489302315900047237086638 - 0.00655858042941365428803668257790103453213640917725737771592107141662755756435736730420595799j)'],1.91405920642569921062973945389486347470852398249569698467237063635551609214142139469477457e-178,1.9140592064256993e-178,11,False,0.010590862004576913,1.0,0.0
25,36,blaschke_mu_0p3,alpha^10,alpha,10,1,0.01346274334462890625,0.013462743344628906,0.013462743344628906,0.0,0.013462743344628906,0.0134097634607583454407253428264667260706057091882500521523887463480108144505737006848477617,0.013409763460758346,['(0.0111802181068304075547824731545194189133349302278696967647825037410293349996562620524858643 + 0.0132140771381244231234494345786352070435162295846071354909183403150257860350073546593603281j)'],1.91405920642569921062973945389486347470852398249569698467237063635551609214142139469477457e-178,1.9140592064256993e-178,11,False,0.013409763460758346,1.0,0.0
25,36,blaschke_mu_0p3,alpha^11,alpha,11,1,0.0087507831740087890625,0.00875078317400879,0.00875078317400879,0.0,0.00875078317400879,0.0134355494381553494584575648792789661941971736810029141881040232768035646621846739771348206,0.01343554943815535,['(0.0111802181068304075547824731545194189133349302278696967647825037410293349996562620524858643 - 0.0132140771381244231234494345786352070435162295846071354909183403150257860350073546593603281j)'],1.91405920642569921062973945389486347470852398249569698467237063635551609214142139469477457e-178,1.9140592064256993e-178,11,False,0.01343554943815535,1.0,0.0
25,36,blaschke_mu_0p3,mu^4,mu,4,2,0.0081,0.0081,0.0081,0.0,0.0081,0.0147639842546661678853002638080023349975252547953004998084421270279505237657390967412074971,0.014763984254666167,"['(-0.00195355983188976609880454441637351807305448115556170461912258329851185255101739400786591647 - 0.0108120842476667346246188020938811881242468858536329453544703161435553537449107579836448682j)', '(-0.00195355983188976609880454441637351807305448115556170461912258329851185255101739400786591647 + 0.0108120842476667346246188020938811881242468858536329453544703161435553537449107579836448682j)']",1.91405920642569921062973945389486347470852398249569698467237063635551609214142139469477457e-178,1.9140592064256993e-178,11,False,0.014763984254666167,1.0,0.0
25,36,blaschke_mu_0p3,alpha^12,alpha,12,1,0.005688009063105712890625,0.005688009063105713,0.005688009063105713,0.0,0.005688009063105713,0.0148083335108934183474421064116999098941848685829794240129078431468721981527447696240243261,0.014808333510893418,['(-0.00109112114092378147719949228265441042236334248956330744862897896782970557206850135489227716 - 0.0131654903078717132854919648488492122374087221895366363361532564774753348305372707822547496j)'],1.91405920642569921062973945389486347470852398249569698467237063635551609214142139469477457e-178,1.9140592064256993e-178,11,False,0.014808333510893418,1.0,0.0
25,36,blaschke_mu_0p3,alpha^13,alpha,13,1,0.00369720589101871337890625,0.0036972058910187135,0.0036972058910187135,0.0,0.0036972058910187135,0.0140092187794857155633905386244769541644338157486151978771544689335378845239964026409832431,0.014009218779485716,['(-0.00109112114092378147719949228265441042236334248956330744862897896782970557206850135489227716 + 0.0131654903078717132854919648488492122374087221895366363361532564774753348305372707822547496j)'],1.91405920642569921062973945389486347470852398249569698467237063635551609214142139469477457e-178,1.9140592064256993e-178,11,False,0.014009218779485716,1.0,0.0
25,36,blaschke_mu_0p3,mu^5,mu,5,2,0.00243,0.00243,0.00243,0.0,0.00243,0.019085831717152174353921486963282470272024011396343072814753402942846847404065473615332023,0.019085831717152175,"['(0.0145724235130168207495721875707428308763685812355106060993304382304072101265405028066140882 + 0.0147251663340686296578635419436751930879357340814648187693188292482659747556711300942408219j)', '(0.0145724235130168207495721875707428308763685812355106060993304382304072101265405028066140882 - 0.0147251663340686296578635419436751930879357340814648187693188292482659747556711300942408219j)']",1.91405920642569921062973945389486347470852398249569698467237063635551609214142139469477457e-178,1.9140592064256993e-178,11,False,0.019085831717152175,1.0,0.0
25,36,blaschke_mu_0p3,alpha^14,alpha,14,1,0.0024031838291621636962890625,0.0024031838291621636,0.0024031838291621636,0.0,0.0024031838291621636,0.0274203727874034081288196977504923723322070746880942910543091557685503379036179638525704479,0.027420372787403408,['(0.0290276437589163361961786598467337574538846703827900875776886074720489302315900047237086638 + 0.00655858042941365428803668257790103453213640917725737771592107141662755756435736730420595799j)'],1.91405920642569921062973945389486347470852398249569698467237063635551609214142139469477457e-178,1.9140592064256993e-178,11,False,0.027420372787403408,1.0,0.0
25,36,blaschke_mu_0p3,alpha^15,alpha,15,1,0.001562069488955406402587890625,0.0015620694889554065,0.0015620694889554065,0.0,0.0015620694889554065,0.998437930511044593597412109375,0.9984379305110446,['1.0'],1.91405920642569921062973945389486347470852398249569698467237063635551609214142139469477457e-178,1.9140592064256993e-178,11,False,0.9984379305110446,1.0,0.0
25,36,blaschke_mu_0p3,alpha^16,alpha,16,1,0.00101534516782101416168212890625,0.0010153451678210142,0.0010153451678210142,0.0,0.0010153451678210142,nan,,[],1.91405920642569921062973945389486347470852398249569698467237063635551609214142139469477457e-178,1.9140592064256993e-178,11,False,,,
25,36,blaschke_mu_0p3,mu^6,mu,6,2,0.000729,0.000729,0.000729,0.0,0.000729,nan,,[],1.91405920642569921062973945389486347470852398249569698467237063635551609214142139469477457e-178,1.9140592064256993e-178,11,False,,,
25,36,blaschke_mu_0p3,alpha^17,alpha,17,1,0.0006599743590836592050933837890625,0.0006599743590836592,0.0006599743590836592,0.0,0.0006599743590836592,nan,,[],1.91405920642569921062973945389486347470852398249569698467237063635551609214142139469477457e-178,1.9140592064256993e-178,11,False,,,
25,36,blaschke_mu_0p3,alpha^18,alpha,18,1,0.000428983333404378483310699462890625,0.0004289833334043785,0.0004289833334043785,0.0,0.0004289833334043785,nan,,[],1.91405920642569921062973945389486347470852398249569698467237063635551609214142139469477457e-178,1.9140592064256993e-178,11,False,,,
25,37,blaschke_mu_0p3,alpha^1,alpha,1,1,0.65,0.65,0.65,0.0,0.65,0.0000000000000000257702754368511425880478600126474267280860303477257511222622515372177984823750505719609979,2.5770275436851143e-17,['0.650000000000000025770275436851142588047860012647426728086030347725751122262251537217798482'],1.16003360522669029992217802964137904227343678254466721307889761810264785834282888453942883e-178,1.1600336052266903e-178,12,False,2.5770275436851143e-17,1.0,0.0
25,37,blaschke_mu_0p3,alpha^2,alpha,2,1,0.4225,0.4225,0.4225,0.0,0.4225,0.00000000000000180221023245304051921467658051024607069021445202553847166330719580204525537973104866591929,1.8022102324530404e-15,['0.42250000000000180221023245304051921467658051024607069021445202553847166330719580204525538'],1.16003360522669029992217802964137904227343678254466721307889761810264785834282888453942883e-178,1.1600336052266903e-178,12,False,1.8022102324530408e-15,0.9999999999999998,-9.643274665532873e-17
25,37,blaschke_mu_0p3,mu^1,mu,1,2,0.3,0.3,0.3,0.0,0.3,0.000000000000000117243044656611029624496948632470565777408244926859435232544978794830372749202152371742789,1.1724304465661102e-16,"['0.300000000000000002775300038570598844356522936131416538162983941074351297822713085220770756', '0.300000000000000117243044656611029624496948632470565777408244926859435232544978794830372749']",1.16003360522669029992217802964137904227343678254466721307889761810264785834282888453942883e-178,1.1600336052266903e-178,12,False,1.1724304465661102e-16,1.0,0.0
25,37,blaschke_mu_0p3,alpha^3,alpha,3,1,0.274625,0.274625,0.274625,0.0,0.274625,0.000000000000805755470681167444648719621136203961363927870206138416602574539099529981874572874601439078,8.057554706811674e-13,['0.274625000000805755470681167444648719621136203961363927870206138416602574539099529981874573'],1.16003360522669029992217802964137904227343678254466721307889761810264785834282888453942883e-178,1.1600336052266903e-178,12,False,8.057554706811674e-13,1.0,0.0
25,37,blaschke_mu_0p3,alpha^4,alpha,4,1,0.17850625,0.17850625,0.17850625,0.0,0.17850625,0.00000000000818417894888514452752709461650139451290273854457637414160948721115053303486267885860396189,8.184178948885144e-12,['0.178506250008184178948885144527527094616501394512902738544576374141609487211150533034862679'],1.16003360522669029992217802964137904227343678254466721307889761810264785834282888453942883e-178,1.1600336052266903e-178,12,False,8.184178948885144e-12,1.0,0.0
25,37,blaschke_mu_0p3,alpha^5,alpha,5,1,0.1160290625,0.1160290625,0.1160290625,0.0,0.1160290625,0.00000000662355497104338989889211702180872138101250395542206323532626562676246985044915856176953572,6.62355497104339e-09,['0.116029069123554971043389898892117021808721381012503955422063235326265626762469850449158562'],1.16003360522669029992217802964137904227343678254466721307889761810264785834282888453942883e-178,1.1600336052266903e-178,12,False,6.62355497104339e-09,1.0,0.0
25,37,blaschke_mu_0p3,mu^2,mu,2,2,0.09,0.09,0.09,0.0,0.09,0.000000218545271076022675945246740297386443671716212767257182871297279671098469220785354353022469,2.1854527107602267e-07,"['0.0900000516959231346763069512898009899843351236173946669633721178518727785448314175662939089', '0.089999781454728923977324054753259702613556328283787232742817128702720328901530779214645647']",1.16003360522669029992217802964137904227343678254466721307889761810264785834282888453942883e-178,1.1600336052266903e-178,12,False,2.1854527107602267e-07,1.0,0.0
25,37,blaschke_mu_0p3,alpha^6,alpha,6,1,0.075418890625,0.075418890625,0.075418890625,0.0,0.075418890625,0.000000479012668105549689764451035938583703795301393968859334185593603425825403994943195897141221,4.790126681055497e-07,['0.0754184116123318944503102355489640614162962046986060311406658144063965741745960050568041029'],1.16003360522669029992217802964137904227343678254466721307889761810264785834282888453942883e-178,1.1600336052266903e-178,12,False,4.790126681055497e-07,1.0,0.0
25,37,blaschke_mu_0p3,alpha^7,alpha,7,1,0.04902227890625,0.04902227890625,0.04902227890625,0.0,0.04902227890625,0.0000981568533566192144723913691714166825683194401069563041877703952558773901365372547882628587,9.815685335661921e-05,['0.0491204357596066192144723913691714166825683194401069563041877703952558773901365372547882629'],1.16003360522669029992217802964137904227343678254466721307889761810264785834282888453942883e-178,1.1600336052266903e-178,12,False,9.815685335661921e-05,1.0,0.0
25,37,blaschke_mu_0p3,alpha^8,alpha,8,1,0.0318644812890625,0.0318644812890625,0.0318644812890625,0.0,0.0318644812890625,0.00154027777566438071723480701221462357632662948913615958555211378433501037228100053729307616,0.0015402777756643807,['0.0334047590647268807172348070122146235763266294891361595855521137843350103722810005372930762'],1.16003360522669029992217802964137904227343678254466721307889761810264785834282888453942883e-178,1.1600336052266903e-178,12,False,0.0015402777756643807,1.0,0.0
25,37,blaschke_mu_0p3,mu^3,mu,3,2,0.027,0.027,0.027,0.0,0.027,0.00673130301270345589426730001529016526418688319723648402076831406837773876303984933041682263,0.006731303012703456,"['(0.0253208944852155711853232065399421783824876472919487373337056879562280629688673433837815565 - 0.00651851554566307220765341759080962716199122847621990666049072547471766648708648203452001219j)', '(0.0253208944852155711853232065399421783824876472919487373337056879562280629688673433837815565 + 0.00651851554566307220765341759080962716199122847621990666049072547471766648708648203452001219j)']",1.16003360522669029992217802964137904227343678254466721307889761810264785834282888453942883e-178,1.1600336052266903e-178,12,False,0.006731303012703456,1.0,0.0
25,37,blaschke_mu_0p3,alpha^9,alpha,9,1,0.020711912837890625,0.020711912837890624,0.020711912837890624,0.0,0.020711912837890624,0.0105908620045769134188065405715413557034553771330651221037750602412490594436365161364916049,0.010590862004576913,['(0.0290276437589163361935047932914242834451724861365293850508676213855102419661913220641718079 - 0.00655858042941365428638747196035216152134588099984042904835008442553438070040313555539142539j)'],1.16003360522669029992217802964137904227343678254466721307889761810264785834282888453942883e-178,1.1600336052266903e-178,12,False,0.010590862004576913,1.0,0.0
25,37,blaschke_mu_0p3,alpha^10,alpha,10,1,0.01346274334462890625,0.013462743344628906,0.013462743344628906,0.0,0.013462743344628906,0.0134097634607583455591895708567132905621533229020519554873693781990114015295087786887735978,0.013409763460758346,['(0.0111802181068304075976944800411406764402121429005685082945694778908851287739692101969515281 + 0.01321407713812442325108036919035963879907399051980313667647132639904942223905619183738941j)'],1.16003360522669029992217802964137904227343678254466721307889761810264785834282888453942883e-178,1.1600336052266903e-178,12,False,0.013409763460758346,1.0,0.0
25,37,blaschke_mu_0p3,alpha^11,alpha,11,1,0.0087507831740087890625,0.00875078317400879,0.00875078317400879,0.0,0.00875078317400879,0.0134355494381553495917440338831061339985067737939408632043662953028748915762311748781477316,0.01343554943815535,['(0.0111802181068304075976944800411406764402121429005685082945694778908851287739692101969515281 - 0.01321407713812442325108036919035963879907399051980313667647132639904942223905619183738941j)'],1.16003360522669029992217802964137904227343678254466721307889761810264785834282888453942883e-178,1.1600336052266903e-178,12,False,0.01343554943815535,1.0,0.0
25,37,blaschke_mu_0p3,mu^4,mu,4,2,0.0081,0.0081,0.0081,0.0,0.0081,0.0147639842546661680482180176190740984960495243241044584803764756878894534417329824744187941,0.014763984254666167,"['(-0.00195355983188976617438893117708494193200014530726666152692533403915962456133289156006127694 - 0.010812084247666734776802503194047748255308567328898018114889167194425197404971614950916921j)', '(-0.00195355983188976617438893117708494193200014530726666152692533403915962456133289156006127694 + 0.010812084247666734776802503194047748255308567328898018114889167194425197404971614950916921j)']",1.16003360522669029992217802964137904227343678254466721307889761810264785834282888453942883e-178,1.1600336052266903e-178,12,False,0.014763984254666167,1.0,0.0
25,37,blaschke_mu_0p3,alpha^12,alpha,12,1,0.005688009063105712890625,0.005688009063105713,0.005688009063105713,0.0,0.005688009063105713,0.0148083335108934183441683278942270241631493682736835484869692851480669712016178903471023261,0.014808333510893418,['(-0.00109112114092378148190517048334236314150648201574946760970164731358809798854815862331001914 + 0.0131654903078717132793866389195745389093771574654364083538437686199675401653980597378582051j)'],1.16003360522669029992217802964137904227343678254466721307889761810264785834282888453942883e-178,1.1600336052266903e-178,12,False,0.014808333510893418,1.0,0.0
25,37,blaschke_mu_0p3,alpha^13,alpha,13,1,0.00369720589101871337890625,0.0036972058910187135,0.0036972058910187135,0.0,0.0036972058910187135,0.0140092187794857155592613088560765118344349661876865018855611346731831668564947304327256779,0.014009218779485716,['(-0.00109112114092378148190517048334236314150648201574946760970164731358809798854815862331001914 - 0.0131654903078717132793866389195745389093771574654364083538437686199675401653980597378582051j)'],1.16003360522669029992217802964137904227343678254466721307889761810264785834282888453942883e-178,1.1600336052266903e-178,12,False,0.014009218779485716,1.0,0.0
25,37,blaschke_mu_0p3,mu^5,mu,5,2,0.00243,0.00243,0.00243,0.0,0.00243,0.019085831717152174349155469307757243986983476998639314543221611565230786273289280888792052,0.019085831717152175,"['(0.0145724235130168207458129633103101809698424045654617770726788140132422310815303699002707189 - 0.0147251663340686296547859999413887880574951459225587563711421616393318986788804089947498468j)', '(0.0145724235130168207458129633103101809698424045654617770726788140132422310815303699002707189 + 0.0147251663340686296547859999413887880574951459225587563711421616393318986788804089947498468j)']",1.16003360522669029992217802964137904227343678254466721307889761810264785834282888453942883e-178,1.1600336052266903e-178,12,False,0.019085831717152175,1.0,0.0
25,37,blaschke_mu_0p3,alpha^14,alpha,14,1,0.0024031838291621636962890625,0.0024031838291621636,0.0024031838291621636,0.0,0.0024031838291621636,0.0274203727874034081258289749738400771707173364633182442941159493700394293181486230074052623,0.027420372787403408,['(0.0290276437589163361935047932914242834451724861365293850508676213855102419661913220641718079 + 0.00655858042941365428638747196035216152134588099984042904835008442553438070040313555539142539j)'],1.16003360522669029992217802964137904227343678254466721307889761810264785834282888453942883e-178,1.1600336052266903e-178,12,False,0.027420372787403408,1.0,0.0
25,37,blaschke_mu_0p3,alpha^15,alpha,15,1,0.001562069488955406402587890625,0.0015620694889554065,0.0015620694889554065,0.0,0.0015620694889554065,0.998437930511044593597412109375,0.9984379305110446,['1.0'],1.16003360522669029992217802964137904227343678254466721307889761810264785834282888453942883e-178,1.1600336052266903e-178,12,False,0.9984379305110446,1.0,0.0
25,37,blaschke_mu_0p3,alpha^16,alpha,16,1,0.00101534516782101416168212890625,0.0010153451678210142,0.0010153451678210142,0.0,0.0010153451678210142,nan,,[],1.16003360522669029992217802964137904227343678254466721307889761810264785834282888453942883e-178,1.1600336052266903e-178,12,False,,,
25,37,blaschke_mu_0p3,mu^6,mu,6,2,0.000729,0.000729,0.000729,0.0,0.000729,nan,,[],1.16003360522669029992217802964137904227343678254466721307889761810264785834282888453942883e-178,1.1600336052266903e-178,12,False,,,
25,37,blaschke_mu_0p3,alpha^17,alpha,17,1,0.0006599743590836592050933837890625,0.0006599743590836592,0.0006599743590836592,0.0,0.0006599743590836592,nan,,[],1.16003360522669029992217802964137904227343678254466721307889761810264785834282888453942883e-178,1.1600336052266903e-178,12,False,,,
25,37,blaschke_mu_0p3,alpha^18,alpha,18,1,0.000428983333404378483310699462890625,0.0004289833334043785,0.0004289833334043785,0.0,0.0004289833334043785,nan,,[],1.16003360522669029992217802964137904227343678254466721307889761810264785834282888453942883e-178,1.1600336052266903e-178,12,False,,,
25,38,blaschke_mu_0p3,alpha^1,alpha,1,1,0.65,0.65,0.65,0.0,0.65,0.0000000000000000257702754368511427421027493844266713942571948188362478394949170435832548833808633162363053,2.5770275436851143e-17,['0.650000000000000025770275436851142742102749384426671394257194818836247839494917043583254883'],2.17427971156698001109915260125211047604377664351039645239170349854296549671828869543143539e-178,2.17427971156698e-178,13,False,2.5770275436851143e-17,1.0,0.0
25,38,blaschke_mu_0p3,alpha^2,alpha,2,1,0.4225,0.4225,0.4225,0.0,0.4225,0.00000000000000180221023245304062262378204610131026016824367131816170923439655308625067665312113486177503,1.8022102324530408e-15,['0.422500000000001802210232453040622623782046101310260168243671318161709234396553086250676653'],2.17427971156698001109915260125211047604377664351039645239170349854296549671828869543143539e-178,2.17427971156698e-178,13,False,1.8022102324530408e-15,1.0,0.0
25,38,blaschke_mu_0p3,mu^1,mu,1,2,0.3,0.3,0.3,0.0,0.3,0.000000000000000117243044656611029618300594597466214637306420615312852470963907123762372622643765568195937,1.1724304465661102e-16,"['0.300000000000000002775300038570598843632624301395729270410739832107857668554310807415986699', '0.300000000000000117243044656611029618300594597466214637306420615312852470963907123762372623']",2.17427971156698001109915260125211047604377664351039645239170349854296549671828869543143539e-178,2.17427971156698e-178,13,False,1.1724304465661102e-16,1.0,0.0
25,38,blaschke_mu_0p3,alpha^3,alpha,3,1,0.274625,0.274625,0.274625,0.0,0.274625,0.000000000000805755470681167446664282091699452184315311598251306924594597632416938360900781422604855358,8.057554706811674e-13,['0.274625000000805755470681167446664282091699452184315311598251306924594597632416938360900781'],2.17427971156698001109915260125211047604377664351039645239170349854296549671828869543143539e-178,2.17427971156698e-178,13,False,8.057554706811674e-13,1.0,0.0
25,38,blaschke_mu_0p3,alpha^4,alpha,4,1,0.17850625,0.17850625,0.17850625,0.0,0.17850625,0.00000000000818417894888514433728748265248818108144789405928734207936855687438285006143089857853553676,8.184178948885144e-12,['0.178506250008184178948885144337287482652488181081447894059287342079368556874382850061430899'],2.17427971156698001109915260125211047604377664351039645239170349854296549671828869543143539e-178,2.17427971156698e-178,13,False,8.184178948885144e-12,1.0,0.0
25,38,blaschke_mu_0p3,alpha^5,alpha,5,1,0.1160290625,0.1160290625,0.1160290625,0.0,0.1160290625,0.00000000662355497104338989811766411255127791575221069976007488629628538984317204659416608698380501,6.62355497104339e-09,['0.116029069123554971043389898117664112551277915752210699760074886296285389843172046594166087'],2.17427971156698001109915260125211047604377664351039645239170349854296549671828869543143539e-178,2.17427971156698e-178,13,False,6.62355497104339e-09,1.0,0.0
25,38,blaschke_mu_0p3,mu^2,mu,2,2,0.09,0.09,0.09,0.0,0.09,0.000000218545271076022675923247739901547967074937178103255663894926473534327838045701950375753133,2.1854527107602267e-07,"['0.0900000516959231346763069142425775118763047557464383651563725726589066343132317056118791958', '0.0899997814547289239773240767522600984520329250628218967443361050735264656721619542980496242']",2.17427971156698001109915260125211047604377664351039645239170349854296549671828869543143539e-178,2.17427971156698e-178,13,False,2.1854527107602267e-07,1.0,0.0
25,38,blaschke_mu_0p3,alpha^6,alpha,6,1,0.075418890625,0.075418890625,0.075418890625,0.0,0.075418890625,0.000000479012668105549689505661988367311821492803238322641302959978908366600514104348275319120229,4.790126681055497e-07,['0.0754184116123318944503104943380116326881785071967616773586970400210916333994858956517246809'],2.17427971156698001109915260125211047604377664351039645239170349854296549671828869543143539e-178,2.17427971156698e-178,13,False,4.790126681055497e-07,1.0,0.0
25,38,blaschke_mu_0p3,alpha^7,alpha,7,1,0.04902227890625,0.04902227890625,0.04902227890625,0.0,0.04902227890625,0.0000981568533566192144593447851774988189948623851190758321345194171735703612282134174589453923,9.815685335661921e-05,['0.0491204357596066192144593447851774988189948623851190758321345194171735703612282134174589454'],2.17427971156698001109915260125211047604377664351039645239170349854296549671828869543143539e-178,2.17427971156698e-178,13,False,9.815685335661921e-05,1.0,0.0
25,38,blaschke_mu_0p3,alpha^8,alpha,8,1,0.0318644812890625,0.0318644812890625,0.0318644812890625,0.0,0.0318644812890625,0.00154027777566438071571920088128866413958657307163987442416820174465375143754017647910788623,0.0015402777756643807,['0.0334047590647268807157192008812886641395865730716398744241682017446537514375401764791078862'],2.17427971156698001109915260125211047604377664351039645239170349854296549671828869543143539e-178,2.17427971156698e-178,13,False,0.0015402777756643807,1.0,0.0
25,38,blaschke_mu_0p3,mu^3,mu,3,2,0.027,0.027,0.027,0.0,0.027,0.00673130301270345589132276729342134992888173961169611726553388619739913433950171835162027785,0.006731303012703456,"['(0.0253208944852155711822155295197801930063701039446629822011977523225923812599404505686613182 + 0.00651851554566307220381225783149891621693686843637037336994014559591765573896684152013880498j)', '(0.0253208944852155711822155295197801930063701039446629822011977523225923812599404505686613182 - 0.00651851554566307220381225783149891621693686843637037336994014559591765573896684152013880498j)']",2.17427971156698001109915260125211047604377664351039645239170349854296549671828869543143539e-178,2.17427971156698e-178,13,False,0.006731303012703456,1.0,0.0
25,38,blaschke_mu_0p3,alpha^9,alpha,9,1,0.020711912837890625,0.020711912837890624,0.020711912837890624,0.0,0.020711912837890624,0.010590862004576913418390000722905727703516480928686463218312015397302195047870725061620673,0.010590862004576913,['(0.0290276437589163361931751575272059848403681918487627930699815132682295247147260425007753978 + 0.00655858042941365428613278975326507443915945985498837995914573548216690144828457964468742816j)'],2.17427971156698001109915260125211047604377664351039645239170349854296549671828869543143539e-178,2.17427971156698e-178,13,False,0.010590862004576913,1.0,0.0
25,38,blaschke_mu_0p3,alpha^10,alpha,10,1,0.01346274334462890625,0.013462743344628906,0.013462743344628906,0.0,0.013462743344628906,0.0134097634607583455556782560998918416737312061237317935233832634268479333638695178417438953,0.013409763460758346,['(0.0111802181068304075936572491848641252061779143293015059694242263297733014820102098373911872 - 0.0132140771381244232468196871119207393048272964145851714007625195582564987430758399316623033j)'],2.17427971156698001109915260125211047604377664351039645239170349854296549671828869543143539e-178,2.17427971156698e-178,13,False,0.013409763460758346,1.0,0.0
25,38,blaschke_mu_0p3,alpha^11,alpha,11,1,0.0087507831740087890625,0.00875078317400879,0.00875078317400879,0.0,0.00875078317400879,0.013435549438155349586823567353328246346783439098185685225170140017614434867127146311999975,0.01343554943815535,['(0.0111802181068304075936572491848641252061779143293015059694242263297733014820102098373911872 + 0.0132140771381244232468196871119207393048272964145851714007625195582564987430758399316623033j)'],2.17427971156698001109915260125211047604377664351039645239170349854296549671828869543143539e-178,2.17427971156698e-178,13,False,0.01343554943815535,1.0,0.0
25,38,blaschke_mu_0p3,mu^4,mu,4,2,0.0081,0.0081,0.0081,0.0,0.0081,0.0147639842546661680450837636946108425284207053212558217728584770276477892955173650829602244,0.014763984254666167,"['(-0.00195355983188976617796125667130636684482573845138804240628155866481878935136650692118498889 + 0.0108120842476667347692009472124822256704017002453372872172714096366000003648010693168117789j)', '(-0.00195355983188976617796125667130636684482573845138804240628155866481878935136650692118498889 - 0.0108120842476667347692009472124822256704017002453372872172714096366000003648010693168117789j)']",2.17427971156698001109915260125211047604377664351039645239170349854296549671828869543143539e-178,2.17427971156698e-178,13,False,0.014763984254666167,1.0,0.0
25,38,blaschke_mu_0p3,alpha^12,alpha,12,1,0.005688009063105712890625,0.005688009063105713,0.005688009063105713,0.0,0.005688009063105713,0.0148083335108934183436069157335760791344220012006756980267341135268666815760434562617120131,0.014808333510893418,['(-0.00109112114092378148193364429489911071689962194237603081044896066249132879709353922010733297 + 0.0131654903078717132787405098359617153685044338972678309147605793330333197608798935821425636j)'],2.17427971156698001109915260125211047604377664351039645239170349854296549671828869543143539e-178,2.17427971156698e-178,13,False,0.014808333510893418,1.0,0.0
25,38,blaschke_mu_0p3,alpha^13,alpha,13,1,0.00369720589101871337890625,0.0036972058910187135,0.0036972058910187135,0.0,0.0036972058910187135,0.0140092187794857155586638262699228872751127283420055893152465072871288875047369954432312192,0.014009218779485716,['(-0.00109112114092378148193364429489911071689962194237603081044896066249132879709353922010733297 - 0.0131654903078717132787405098359617153685044338972678309147605793330333197608798935821425636j)'],2.17427971156698001109915260125211047604377664351039645239170349854296549671828869543143539e-178,2.17427971156698e-178,13,False,0.014009218779485716,1.0,0.0
25,38,blaschke_mu_0p3,mu^5,mu,5,2,0.00243,0.00243,0.00243,0.0,0.00243,0.0190858317171521743486347771864113084732881048047367163520737274914405629732967671705045064,0.019085831717152175,"['(0.0145724235130168207455369632284772407821016094074187613015931770566944271942441336745101321 + 0.0147251663340686296543387022897504614260931209666974120791570494349990122407324710215082562j)', '(0.0145724235130168207455369632284772407821016094074187613015931770566944271942441336745101321 - 0.0147251663340686296543387022897504614260931209666974120791570494349990122407324710215082562j)']",2.17427971156698001109915260125211047604377664351039645239170349854296549671828869543143539e-178,2.17427971156698e-178,13,False,0.019085831717152175,1.0,0.0
25,38,blaschke_mu_0p3,alpha^14,alpha,14,1,0.0024031838291621636962890625,0.0024031838291621636,0.0024031838291621636,0.0,0.0024031838291621636,0.0274203727874034081254479908050265761249851936724960340134961694026103894313237661387805132,0.027420372787403408,['(0.0290276437589163361931751575272059848403681918487627930699815132682295247147260425007753978 - 0.00655858042941365428613278975326507443915945985498837995914573548216690144828457964468742816j)'],2.17427971156698001109915260125211047604377664351039645239170349854296549671828869543143539e-178,2.17427971156698e-178,13,False,0.027420372787403408,1.0,0.0
25,38,blaschke_mu_0p3,alpha^15,alpha,15,1,0.001562069488955406402587890625,0.0015620694889554065,0.0015620694889554065,0.0,0.0015620694889554065,0.998437930511044593597412109375,0.9984379305110446,['1.0'],2.17427971156698001109915260125211047604377664351039645239170349854296549671828869543143539e-178,2.17427971156698e-178,13,False,0.9984379305110446,1.0,0.0
25,38,blaschke_mu_0p3,alpha^16,alpha,16,1,0.00101534516782101416168212890625,0.0010153451678210142,0.0010153451678210142,0.0,0.0010153451678210142,nan,,[],2.17427971156698001109915260125211047604377664351039645239170349854296549671828869543143539e-178,2.17427971156698e-178,13,False,,,
25,38,blaschke_mu_0p3,mu^6,mu,6,2,0.000729,0.000729,0.000729,0.0,0.000729,nan,,[],2.17427971156698001109915260125211047604377664351039645239170349854296549671828869543143539e-178,2.17427971156698e-178,13,False,,,
25,38,blaschke_mu_0p3,alpha^17,alpha,17,1,0.0006599743590836592050933837890625,0.0006599743590836592,0.0006599743590836592,0.0,0.0006599743590836592,nan,,[],2.17427971156698001109915260125211047604377664351039645239170349854296549671828869543143539e-178,2.17427971156698e-178,13,False,,,
25,38,blaschke_mu_0p3,alpha^18,alpha,18,1,0.000428983333404378483310699462890625,0.0004289833334043785,0.0004289833334043785,0.0,0.0004289833334043785,nan,,[],2.17427971156698001109915260125211047604377664351039645239170349854296549671828869543143539e-178,2.17427971156698e-178,13,False,,,
25,39,blaschke_mu_0p3,alpha^1,alpha,1,1,0.65,0.65,0.65,0.0,0.65,0.0000000000000000257702754368511427460570957341463309385126683403740503388744466500008778919460013464810873,2.5770275436851143e-17,['0.650000000000000025770275436851142746057095734146330938512668340374050338874446650000877892'],1.85932671126379310356664671719421447383139052268235235926751391825150378383166254435724038e-178,1.859326711263793e-178,14,False,2.5770275436851143e-17,1.0,0.0
25,39,blaschke_mu_0p3,alpha^2,alpha,2,1,0.4225,0.4225,0.4225,0.0,0.4225,0.0000000000000018022102324530406335953620179915273371983374555888969791056436116527794245900030624360567,1.8022102324530408e-15,['0.42250000000000180221023245304063359536201799152733719833745558889697910564361165277942459'],1.85932671126379310356664671719421447383139052268235235926751391825150378383166254435724038e-178,1.859326711263793e-178,14,False,1.8022102324530408e-15,1.0,0.0
25,39,blaschke_mu_0p3,mu^1,mu,1,2,0.3,0.3,0.3,0.0,0.3,0.000000000000000117243044656611029618119293584271898999489507716178323117075222246864414534276342052851711,1.1724304465661102e-16,"['0.300000000000000002775300038570598843496355206226528374142305195596938844531539428542796576', '0.300000000000000117243044656611029618119293584271898999489507716178323117075222246864414534']",1.85932671126379310356664671719421447383139052268235235926751391825150378383166254435724038e-178,1.859326711263793e-178,14,False,1.1724304465661102e-16,1.0,0.0
25,39,blaschke_mu_0p3,alpha^3,alpha,3,1,0.274625,0.274625,0.274625,0.0,0.274625,0.000000000000805755470681167446815027111310045952003490478986570955945643679555721094369805442140310289,8.057554706811674e-13,['0.274625000000805755470681167446815027111310045952003490478986570955945643679555721094369805'],1.85932671126379310356664671719421447383139052268235235926751391825150378383166254435724038e-178,1.859326711263793e-178,14,False,8.057554706811674e-13,1.0,0.0
25,39,blaschke_mu_0p3,alpha^4,alpha,4,1,0.17850625,0.17850625,0.17850625,0.0,0.17850625,0.00000000000818417894888514436032488382683883350518412913784969930960091972000178583987909146044530686,8.184178948885144e-12,['0.178506250008184178948885144360324883826838833505184129137849699309600919720001785839879091'],1.85932671126379310356664671719421447383139052268235235926751391825150378383166254435724038e-178,1.859326711263793e-178,14,False,8.184178948885144e-12,1.0,0.0
25,39,blaschke_mu_0p3,alpha^5,alpha,5,1,0.1160290625,0.1160290625,0.1160290625,0.0,0.1160290625,0.00000000662355497104338989818199520678360995312821819235117448184083108545121864773556765387930018,6.62355497104339e-09,['0.116029069123554971043389898181995206783609953128218192351174481840831085451218647735567654'],1.85932671126379310356664671719421447383139052268235235926751391825150378383166254435724038e-178,1.859326711263793e-178,14,False,6.62355497104339e-09,1.0,0.0
25,39,blaschke_mu_0p3,mu^2,mu,2,2,0.09,0.09,0.09,0.0,0.09,0.000000218545271076022675922720399535288161950320953216320049704301850002432953212002211718007615,2.1854527107602267e-07,"['0.0900000516959231346763069093883011148354486092441238197316295948491302046803392487627749946', '0.089999781454728923977324077279600464711838049679046783679950295698149997567046787997788282']",1.85932671126379310356664671719421447383139052268235235926751391825150378383166254435724038e-178,1.859326711263793e-178,14,False,2.1854527107602267e-07,1.0,0.0
25,39,blaschke_mu_0p3,alpha^6,alpha,6,1,0.075418890625,0.075418890625,0.075418890625,0.0,0.075418890625,0.000000479012668105549689455839393042976718451027690899266450930461168962711000435238096888501504,4.790126681055497e-07,['0.0754184116123318944503105441606069570232815489723091007335490695388310372889995647619031115'],1.85932671126379310356664671719421447383139052268235235926751391825150378383166254435724038e-178,1.859326711263793e-178,14,False,4.790126681055497e-07,1.0,0.0
25,39,blaschke_mu_0p3,alpha^7,alpha,7,1,0.04902227890625,0.04902227890625,0.04902227890625,0.0,0.04902227890625,0.0000981568533566192144590852751055848827982468163390004854028325082468573983158003544480000458,9.815685335661921e-05,['0.049120435759606619214459085275105584882798246816339000485402832508246857398315800354448'],1.85932671126379310356664671719421447383139052268235235926751391825150378383166254435724038e-178,1.859326711263793e-178,14,False,9.815685335661921e-05,1.0,0.0
25,39,blaschke_mu_0p3,alpha^8,alpha,8,1,0.0318644812890625,0.0318644812890625,0.0318644812890625,0.0,0.0318644812890625,0.00154027777566438071557579617138188347136800576253092158559283522661174739710849931679787898,0.0015402777756643807,['0.033404759064726880715575796171381883471368005762530921585592835226611747397108499316797879'],1.85932671126379310356664671719421447383139052268235235926751391825150378383166254435724038e-178,1.859326711263793e-178,14,False,0.0015402777756643807,1.0,0.0
25,39,blaschke_mu_0p3,mu^3,mu,3,2,0.027,0.027,0.027,0.0,0.027,0.00673130301270345589103812362130319759720286961956518669089121776338082769131843969778732682,0.006731303012703456,"['(0.0253208944852155711819695189441203695951013796262256151315200075520750667652948028292135679 + 0.00651851554566307220345495247483512756118463642777581051627758448476813165918132377589335987j)', '(0.0253208944852155711819695189441203695951013796262256151315200075520750667652948028292135679 - 0.00651851554566307220345495247483512756118463642777581051627758448476813165918132377589335987j)']",1.85932671126379310356664671719421447383139052268235235926751391825150378383166254435724038e-178,1.859326711263793e-178,14,False,0.006731303012703456,1.0,0.0
25,39,blaschke_mu_0p3,alpha^9,alpha,9,1,0.020711912837890625,0.020711912837890624,0.020711912837890624,0.0,0.020711912837890624,0.0105908620045769134183829798502850884425316657263109195587102325899069449332286378743473192,0.010590862004576913,['(0.0290276437589163361931700116113123012343666341620197877210875476052025231781501806758300244 - 0.00655858042941365428612797696770842582937703232325790017090028985497082191525426543493012438j)'],1.85932671126379310356664671719421447383139052268235235926751391825150378383166254435724038e-178,1.859326711263793e-178,14,False,0.010590862004576913,1.0,0.0
25,39,blaschke_mu_0p3,alpha^10,alpha,10,1,0.01346274334462890625,0.013462743344628906,0.013462743344628906,0.0,0.013462743344628906,0.0134097634607583455553276141914204841889736275775557049474256746027102334516875123736446702,0.013409763460758346,['(0.0111802181068304075934411843052906881415764176267056731949896284936759219631590685259486272 - 0.0132140771381244232464265307425160848269067038044662103211009510924076746133332196436190418j)'],1.85932671126379310356664671719421447383139052268235235926751391825150378383166254435724038e-178,1.859326711263793e-178,14,False,0.013409763460758346,1.0,0.0
25,39,blaschke_mu_0p3,alpha^11,alpha,11,1,0.0087507831740087890625,0.00875078317400879,0.00875078317400879,0.0,0.00875078317400879,0.0134355494381553495863978226388913948877418928441188578237197146580172952660240932097491678,0.01343554943815535,['(0.0111802181068304075934411843052906881415764176267056731949896284936759219631590685259486272 + 0.0132140771381244232464265307425160848269067038044662103211009510924076746133332196436190418j)'],1.85932671126379310356664671719421447383139052268235235926751391825150378383166254435724038e-178,1.859326711263793e-178,14,False,0.01343554943815535,1.0,0.0
25,39,blaschke_mu_0p3,mu^4,mu,4,2,0.0081,0.0081,0.0081,0.0,0.0081,0.0147639842546661680446559204945035036432857223631321133308218873685685627145138114753680789,0.014763984254666167,"['(-0.00195355983188976617792701205204535037061845279219893240527939173768167155885099562397961587 + 0.0108120842476667347686485662094874815780792018831286330146177136201626105896864443141307585j)', '(-0.00195355983188976617792701205204535037061845279219893240527939173768167155885099562397961587 - 0.0108120842476667347686485662094874815780792018831286330146177136201626105896864443141307585j)']",1.85932671126379310356664671719421447383139052268235235926751391825150378383166254435724038e-178,1.859326711263793e-178,14,False,0.014763984254666167,1.0,0.0
25,39,blaschke_mu_0p3,alpha^12,alpha,12,1,0.005688009063105712890625,0.005688009063105713,0.005688009063105713,0.0,0.005688009063105713,0.0148083335108934183435952963642424060483977720189347413038765192956444554471787893946819074,0.014808333510893418,['(-0.00109112114092378148192495933659786447134703037434091346116525233860025515217998329921480134 - 0.013165490307871713278731912584321881774346179047655683632767807996481915502914128260986167j)'],1.85932671126379310356664671719421447383139052268235235926751391825150378383166254435724038e-178,1.859326711263793e-178,14,False,0.014808333510893418,1.0,0.0
25,39,blaschke_mu_0p3,alpha^13,alpha,13,1,0.00369720589101871337890625,0.0036972058910187135,0.0036972058910187135,0.0,0.0036972058910187135,0.0140092187794857155586527782981423083765850316458721383174688244523536281452444860463591588,0.014009218779485716,['(-0.00109112114092378148192495933659786447134703037434091346116525233860025515217998329921480134 + 0.013165490307871713278731912584321881774346179047655683632767807996481915502914128260986167j)'],1.85932671126379310356664671719421447383139052268235235926751391825150378383166254435724038e-178,1.859326711263793e-178,14,False,0.014009218779485716,1.0,0.0
25,39,blaschke_mu_0p3,mu^5,mu,5,2,0.00243,0.00243,0.00243,0.0,0.00243,0.0190858317171521743486277300630848714763464150080371746067811186516904731318277356663581684,0.019085831717152175,"['(0.0145724235130168207455357288651375942127271385375690331325350233723102760659529637153166147 + 0.0147251663340686296543305861133523071524587448459649372231743822345829547530189856345516292j)', '(0.0145724235130168207455357288651375942127271385375690331325350233723102760659529637153166147 - 0.0147251663340686296543305861133523071524587448459649372231743822345829547530189856345516292j)']",1.85932671126379310356664671719421447383139052268235235926751391825150378383166254435724038e-178,1.859326711263793e-178,14,False,0.019085831717152175,1.0,0.0
25,39,blaschke_mu_0p3,alpha^14,alpha,14,1,0.0024031838291621636962890625,0.0024031838291621636,0.0024031838291621636,0.0,0.0024031838291621636,0.0274203727874034081254418431033164992779569814168775293543077748472792142719898408756486129,0.027420372787403408,['(0.0290276437589163361931700116113123012343666341620197877210875476052025231781501806758300244 + 0.00655858042941365428612797696770842582937703232325790017090028985497082191525426543493012438j)'],1.85932671126379310356664671719421447383139052268235235926751391825150378383166254435724038e-178,1.859326711263793e-178,14,False,0.027420372787403408,1.0,0.0
25,39,blaschke_mu_0p3,alpha^15,alpha,15,1,0.001562069488955406402587890625,0.0015620694889554065,0.0015620694889554065,0.0,0.0015620694889554065,0.998437930511044593597412109375,0.9984379305110446,['1.0'],1.85932671126379310356664671719421447383139052268235235926751391825150378383166254435724038e-178,1.859326711263793e-178,14,False,0.9984379305110446,1.0,0.0
25,39,blaschke_mu_0p3,alpha^16,alpha,16,1,0.00101534516782101416168212890625,0.0010153451678210142,0.0010153451678210142,0.0,0.0010153451678210142,nan,,[],1.85932671126379310356664671719421447383139052268235235926751391825150378383166254435724038e-178,1.859326711263793e-178,14,False,,,
25,39,blaschke_mu_0p3,mu^6,mu,6,2,0.000729,0.000729,0.000729,0.0,0.000729,nan,,[],1.85932671126379310356664671719421447383139052268235235926751391825150378383166254435724038e-178,1.859326711263793e-178,14,False,,,
25,39,blaschke_mu_0p3,alpha^17,alpha,17,1,0.0006599743590836592050933837890625,0.0006599743590836592,0.0006599743590836592,0.0,0.0006599743590836592,nan,,[],1.85932671126379310356664671719421447383139052268235235926751391825150378383166254435724038e-178,1.859326711263793e-178,14,False,,,
25,39,blaschke_mu_0p3,alpha^18,alpha,18,1,0.000428983333404378483310699462890625,0.0004289833334043785,0.0004289833334043785,0.0,0.0004289833334043785,nan,,[],1.85932671126379310356664671719421447383139052268235235926751391825150378383166254435724038e-178,1.859326711263793e-178,14,False,,,
