map_label,target_mode,N,M,map_name,eig_index,eig,eig_re,eig_im,eig_abs,gram_error,gram_error_float
blaschke_mu_0p3,exact,10,10,blaschke_mu_0p3,0,1.0,1.0,3.50880633917925e-182,1.0,3.74450843309529220012902090589489395366560974844887542454596447076272285323339422846345252e-179,3.744508433095292e-179
blaschke_mu_0p3,exact,10,10,blaschke_mu_0p3,1,0.422455401164529277227779466712608246455680362424711640763084984491967430231796131280552703,0.4224554011645293,2.0648803660512177e-181,0.4224554011645293,3.74450843309529220012902090589489395366560974844887542454596447076272285323339422846345252e-179,3.744508433095292e-179
blaschke_mu_0p3,exact,10,10,blaschke_mu_0p3,2,0.303607503810292790770988687282956455028575772476958582383552196822102323498549319283779469,0.3036075038102928,2.1162597053441425e-181,0.3036075038102928,3.74450843309529220012902090589489395366560974844887542454596447076272285323339422846345252e-179,3.744508433095292e-179
blaschke_mu_0p3,exact,10,10,blaschke_mu_0p3,3,(0.188591796363799145143907584385325812278455876441146071822685283189141707089442019953642327 - 0.0651796901772804582943121673826578747033309275109255686666762271704142600596873000210716199j),0.18859179636379914,-0.06517969017728045,0.19953760965625242,3.74450843309529220012902090589489395366560974844887542454596447076272285323339422846345252e-179,3.744508433095292e-179
blaschke_mu_0p3,exact,10,10,blaschke_mu_0p3,4,(0.188591796363799145143907584385325812278455876441146071822685283189141707089442019953642327 + 0.0651796901772804582943121673826578747033309275109255686666762271704142600596873000210716199j),0.18859179636379914,0.06517969017728045,0.19953760965625242,3.74450843309529220012902090589489395366560974844887542454596447076272285323339422846345252e-179,3.744508433095292e-179
blaschke_mu_0p3,exact,10,10,blaschke_mu_0p3,5,0.650000057668884830597328860939683578098010376762231709641590938690082705606758946094165477,0.6500000576688848,9.10154361841542e-183,0.6500000576688848,3.74450843309529220012902090589489395366560974844887542454596447076272285323339422846345252e-179,3.744508433095292e-179
blaschke_mu_0p3,exact,10,10,blaschke_mu_0p3,6,0.292990650434698710277842053499066668111326881320420183578384934392409030646114305919836452,0.2929906504346987,-7.190058294089205e-181,0.2929906504346987,3.74450843309529220012902090589489395366560974844887542454596447076272285323339422846345252e-179,3.744508433095292e-179
blaschke_mu_0p3,exact,10,10,blaschke_mu_0p3,7,0.286956137168477032577006810552063731772087436841322729037036213319512973582671441628317747,0.286956137168477,6.44324491544438e-181,0.286956137168477,3.74450843309529220012902090589489395366560974844887542454596447076272285323339422846345252e-179,3.744508433095292e-179
blaschke_mu_0p3,exact,10,10,blaschke_mu_0p3,8,(0.153521462358657070926512953965762573727309294087662983041355936570757225385242452094637088 - 0.0714056395987669093382000928811487111622700635097366640333340579044347368578924188900153618j),0.15352146235865707,-0.0714056395987669,0.16931510497073068,3.74450843309529220012902090589489395366560974844887542454596447076272285323339422846345252e-179,3.744508433095292e-179
blaschke_mu_0p3,exact,10,10,blaschke_mu_0p3,9,(0.153521462358657070926512953965762573727309294087662983041355936570757225385242452094637088 + 0.0714056395987669093382000928811487111622700635097366640333340579044347368578924188900153618j),0.15352146235865707,0.0714056395987669,0.16931510497073068,3.74450843309529220012902090589489395366560974844887542454596447076272285323339422846345252e-179,3.744508433095292e-179
blaschke_mu_0p3,exact,20,20,blaschke_mu_0p3,0,1.0,1.0,1.5564975643011488e-181,1.0,8.0314757334801923103678227715692411057743351121745827118136539398171143432398397302345444e-179,8.031475733480193e-179
blaschke_mu_0p3,exact,20,20,blaschke_mu_0p3,1,0.422499999990037140786966100364716122482709446277425216785108617655967888612776987698826583,0.4224999999900371,1.4221221825129432e-181,0.4224999999900371,8.0314757334801923103678227715692411057743351121745827118136539398171143432398397302345444e-179,8.031475733480193e-179
blaschke_mu_0p3,exact,20,20,blaschke_mu_0p3,2,0.299999999989529084101199821859665682846091021803326267313735893567820457530898913161749634,0.2999999999895291,-7.401344896694357e-183,0.2999999999895291,8.0314757334801923103678227715692411057743351121745827118136539398171143432398397302345444e-179,8.031475733480193e-179
blaschke_mu_0p3,exact,20,20,blaschke_mu_0p3,3,0.178506318153526410482287713131156983448778972832671999871415400319833013741961319594602734,0.1785063181535264,-7.76951458437988e-182,0.1785063181535264,8.0314757334801923103678227715692411057743351121745827118136539398171143432398397302345444e-179,8.031475733480193e-179
blaschke_mu_0p3,exact,20,20,blaschke_mu_0p3,4,(0.0123521036580644934130958952633150679534361290145892173310075285478752686881413426667878231 - 0.0305848258914523967464792561390631963815881297083194649255203487968559046109182192865863609j),0.012352103658064493,-0.030584825891452398,0.03298493655579812,8.0314757334801923103678227715692411057743351121745827118136539398171143432398397302345444e-179,8.031475733480193e-179
blaschke_mu_0p3,exact,20,20,blaschke_mu_0p3,5,0.0782640575360150133652612487257433944478772250928429645307988319605751464609537227364768857,0.07826405753601501,1.5857466519774154e-181,0.07826405753601501,8.0314757334801923103678227715692411057743351121745827118136539398171143432398397302345444e-179,8.031475733480193e-179
blaschke_mu_0p3,exact,20,20,blaschke_mu_0p3,6,0.0892482078346729355208284570356261278282507617076921887619748187743873791103523133983531336,0.08924820783467294,1.5229235708654524e-182,0.08924820783467294,8.0314757334801923103678227715692411057743351121745827118136539398171143432398397302345444e-179,8.031475733480193e-179
blaschke_mu_0p3,exact,20,20,blaschke_mu_0p3,7,(0.0123521036580644934130958952633150679534361290145892173310075285478752686881413426667878231 + 0.0305848258914523967464792561390631963815881297083194649255203487968559046109182192865863609j),0.012352103658064493,0.030584825891452398,0.03298493655579812,8.0314757334801923103678227715692411057743351121745827118136539398171143432398397302345444e-179,8.031475733480193e-179
blaschke_mu_0p3,exact,20,20,blaschke_mu_0p3,8,(0.0450024508863542930921506768766517387559529803242277453567803893276743306163911460943694307 - 0.019734420287627234310842692768836698563044942317833647665038922558194462349633899819570974j),0.045002450886354295,-0.019734420287627234,0.04913927075026087,8.0314757334801923103678227715692411057743351121745827118136539398171143432398397302345444e-179,8.031475733480193e-179
blaschke_mu_0p3,exact,20,20,blaschke_mu_0p3,9,(0.0450024508863542930921506768766517387559529803242277453567803893276743306163911460943694307 + 0.019734420287627234310842692768836698563044942317833647665038922558194462349633899819570974j),0.045002450886354295,0.019734420287627234,0.04913927075026087,8.0314757334801923103678227715692411057743351121745827118136539398171143432398397302345444e-179,8.031475733480193e-179
blaschke_mu_0p3,exact,20,20,blaschke_mu_0p3,10,0.649999999999995852481158380662320262747127839669310634544219898798775076043230095264042379,0.6499999999999958,1.844663297659374e-181,0.6499999999999958,8.0314757334801923103678227715692411057743351121745827118136539398171143432398397302345444e-179,8.031475733480193e-179
blaschke_mu_0p3,exact,20,20,blaschke_mu_0p3,11,0.300000000004816359865057368465021311320649527441093970795228372717016356053113828009839817,0.30000000000481636,8.425799015013547e-181,0.30000000000481636,8.0314757334801923103678227715692411057743351121745827118136539398171143432398397302345444e-179,8.031475733480193e-179
blaschke_mu_0p3,exact,20,20,blaschke_mu_0p3,12,0.274624999766315513800833082159428606354149577253508535383612470895653413188020120457840309,0.2746249997663155,-8.533011361689106e-181,0.2746249997663155,8.0314757334801923103678227715692411057743351121745827118136539398171143432398397302345444e-179,8.031475733480193e-179
blaschke_mu_0p3,exact,20,20,blaschke_mu_0p3,13,0.116038859843283967354859277122264993714829669583737037573640960590882724748362131748154426,0.11603885984328396,2.462053897148936e-181,0.11603885984328396,8.0314757334801923103678227715692411057743351121745827118136539398171143432398397302345444e-179,8.031475733480193e-179
blaschke_mu_0p3,exact,20,20,blaschke_mu_0p3,14,0.0898261441263216715559588197136356706544854074510010452588713308718353515209339502361784196,0.08982614412632167,-3.895073871301954e-181,0.08982614412632167,8.0314757334801923103678227715692411057743351121745827118136539398171143432398397302345444e-179,8.031475733480193e-179
blaschke_mu_0p3,exact,20,20,blaschke_mu_0p3,15,(0.0074041274400414663188282100755423869431431163162937167565088636987970038637769132023576666 - 0.027293532411049890131874956116871510440874554391665846446133197986463775838385771523039507j),0.007404127440041467,-0.02729353241104989,0.02827999318637481,8.0314757334801923103678227715692411057743351121745827118136539398171143432398397302345444e-179,8.031475733480193e-179
blaschke_mu_0p3,exact,20,20,blaschke_mu_0p3,16,(0.0372000494701469601127069611076993947422584464236747824919664530855400900637399162641959666 - 0.0209835104356133838449416375106423979353054203327579020348411627676394152892005241997256454j),0.03720004947014696,-0.020983510435613383,0.042710085352090754,8.0314757334801923103678227715692411057743351121745827118136539398171143432398397302345444e-179,8.031475733480193e-179
blaschke_mu_0p3,exact,20,20,blaschke_mu_0p3,17,0.0558993215353535524666677629969685785751758901410107900050951473364055712019501925559542925,0.055899321535353555,5.79672943346203e-182,0.055899321535353555,8.0314757334801923103678227715692411057743351121745827118136539398171143432398397302345444e-179,8.031475733480193e-179
blaschke_mu_0p3,exact,20,20,blaschke_mu_0p3,18,(0.0372000494701469601127069611076993947422584464236747824919664530855400900637399162641959666 + 0.0209835104356133838449416375106423979353054203327579020348411627676394152892005241997256454j),0.03720004947014696,0.020983510435613383,0.042710085352090754,8.0314757334801923103678227715692411057743351121745827118136539398171143432398397302345444e-179,8.031475733480193e-179
blaschke_mu_0p3,exact,20,20,blaschke_mu_0p3,19,(0.0074041274400414663188282100755423869431431163162937167565088636987970038637769132023576666 + 0.027293532411049890131874956116871510440874554391665846446133197986463775838385771523039507j),0.007404127440041467,0.02729353241104989,0.02827999318637481,8.0314757334801923103678227715692411057743351121745827118136539398171143432398397302345444e-179,8.031475733480193e-179
blaschke_mu_0p3,exact,30,30,blaschke_mu_0p3,0,1.0,1.0,-1.591342647526305e-182,1.0,1.77436652171873881623401074375944909969734446012688714808256539603539568711992767128056817e-178,1.7743665217187388e-178
blaschke_mu_0p3,exact,30,30,blaschke_mu_0p3,1,0.422499999999999992088981968599023636697496683477792503486470327224336489369229277924065762,0.4225,5.278623386743729e-184,0.4225,1.77436652171873881623401074375944909969734446012688714808256539603539568711992767128056817e-178,1.7743665217187388e-178
blaschke_mu_0p3,exact,30,30,blaschke_mu_0p3,2,0.178506249999966172965012390772777539796926638458802607574140485168772438223132729999339092,0.17850624999996617,6.492215273381297e-182,0.17850624999996617,1.77436652171873881623401074375944909969734446012688714808256539603539568711992767128056817e-178,1.7743665217187388e-178
blaschke_mu_0p3,exact,30,30,blaschke_mu_0p3,3,0.300000000000000000000045967540208247529788484641843863356858776021545046155676481620719726,0.3,4.5775370380153085e-182,0.3,1.77436652171873881623401074375944909969734446012688714808256539603539568711992767128056817e-178,1.7743665217187388e-178
blaschke_mu_0p3,exact,30,30,blaschke_mu_0p3,4,0.0754188901948160065416087207078456183705106142108992694483290687840956118016796248245317129,0.07541889019481601,4.8226933349837385e-182,0.07541889019481601,1.77436652171873881623401074375944909969734446012688714808256539603539568711992767128056817e-178,1.7743665217187388e-178
blaschke_mu_0p3,exact,30,30,blaschke_mu_0p3,5,0.0900000000311151081728024349669639921108266699378621372593294075687222542973585697495071467,0.09000000003111511,7.136195190491928e-182,0.09000000003111511,1.77436652171873881623401074375944909969734446012688714808256539603539568711992767128056817e-178,1.7743665217187388e-178
blaschke_mu_0p3,exact,30,30,blaschke_mu_0p3,6,0.031879707807248842852224225376765720940077645374024820289637132205819441241068708073362759,0.031879707807248844,5.827291164228211e-184,0.031879707807248844,1.77436652171873881623401074375944909969734446012688714808256539603539568711992767128056817e-178,1.7743665217187388e-178
blaschke_mu_0p3,exact,30,30,blaschke_mu_0p3,7,0.0269203165184607443319457824983323844903861861431020670813081641439594316144377317554531259,0.026920316518460743,-3.019655037284388e-182,0.026920316518460743,1.77436652171873881623401074375944909969734446012688714808256539603539568711992767128056817e-178,1.7743665217187388e-178
blaschke_mu_0p3,exact,30,30,blaschke_mu_0p3,8,0.0160411210739567940027319475018180378153704110539100429332036529303220669141884763594891642,0.016041121073956794,-1.3199974072838023e-181,0.016041121073956794,1.77436652171873881623401074375944909969734446012688714808256539603539568711992767128056817e-178,1.7743665217187388e-178
blaschke_mu_0p3,exact,30,30,blaschke_mu_0p3,9,(0.0108412626167327746609061339962980551648688596873029349853639079894871430294595818598898737 - 0.00620317479335628063219584560955108263453061278458225405367320213008343806442459188609231157j),0.010841262616732775,-0.0062031747933562805,0.01249049048844353,1.77436652171873881623401074375944909969734446012688714808256539603539568711992767128056817e-178,1.7743665217187388e-178
blaschke_mu_0p3,exact,30,30,blaschke_mu_0p3,10,(0.0108412626167327746609061339962980551648688596873029349853639079894871430294595818598898737 + 0.00620317479335628063219584560955108263453061278458225405367320213008343806442459188609231157j),0.010841262616732775,0.0062031747933562805,0.01249049048844353,1.77436652171873881623401074375944909969734446012688714808256539603539568711992767128056817e-178,1.7743665217187388e-178
blaschke_mu_0p3,exact,30,30,blaschke_mu_0p3,11,(0.00313270262306455705045942994657280723655276814253110083803189487994958396417471232732218385 - 0.00787061256456437671231894458486287480004882169952779790704262678398123084324580859589270294j),0.003132702623064557,-0.007870612564564377,0.008471149146723495,1.77436652171873881623401074375944909969734446012688714808256539603539568711992767128056817e-178,1.7743665217187388e-178
blaschke_mu_0p3,exact,30,30,blaschke_mu_0p3,12,(-0.00282867683650396091955003220249809248228856073927246606726849518341774766704547151239822484 - 0.00439024105742227142730334602491714278420843238613459577319497607135248264865391853145615657j),-0.0028286768365039607,-0.004390241057422271,0.005222607508481782,1.77436652171873881623401074375944909969734446012688714808256539603539568711992767128056817e-178,1.7743665217187388e-178
blaschke_mu_0p3,exact,30,30,blaschke_mu_0p3,13,(0.00313270262306455705045942994657280723655276814253110083803189487994958396417471232732218385 + 0.00787061256456437671231894458486287480004882169952779790704262678398123084324580859589270294j),0.003132702623064557,0.007870612564564377,0.008471149146723495,1.77436652171873881623401074375944909969734446012688714808256539603539568711992767128056817e-178,1.7743665217187388e-178
blaschke_mu_0p3,exact,30,30,blaschke_mu_0p3,14,(-0.00282867683650396091955003220249809248228856073927246606726849518341774766704547151239822484 + 0.00439024105742227142730334602491714278420843238613459577319497607135248264865391853145615657j),-0.0028286768365039607,0.004390241057422271,0.005222607508481782,1.77436652171873881623401074375944909969734446012688714808256539603539568711992767128056817e-178,1.7743665217187388e-178
blaschke_mu_0p3,exact,30,30,blaschke_mu_0p3,15,0.649999999999999999995322829282196322249273880046784625186960283222980954314446493995874049,0.65,6.1854520949109e-182,0.65,1.77436652171873881623401074375944909969734446012688714808256539603539568711992767128056817e-178,1.7743665217187388e-178
blaschke_mu_0p3,exact,30,30,blaschke_mu_0p3,16,0.299999999999999999999985906163300145410337652498393579224886114596391785383160846893578172,0.3,1.2064151134004536e-181,0.3,1.77436652171873881623401074375944909969734446012688714808256539603539568711992767128056817e-178,1.7743665217187388e-178
blaschke_mu_0p3,exact,30,30,blaschke_mu_0p3,17,0.274624999999999580240168718954975726895288528751099975115263861165594898468582323362892099,0.27462499999999956,-1.1858297598152681e-181,0.27462499999999956,1.77436652171873881623401074375944909969734446012688714808256539603539568711992767128056817e-178,1.7743665217187388e-178
blaschke_mu_0p3,exact,30,30,blaschke_mu_0p3,18,0.116029062499422250257340044076351523922392267500359118969297456238813980539790902693421859,0.11602906249942226,2.868119474688104e-181,0.11602906249942226,1.77436652171873881623401074375944909969734446012688714808256539603539568711992767128056817e-178,1.7743665217187388e-178
blaschke_mu_0p3,exact,30,30,blaschke_mu_0p3,19,0.0900000000050470335048591062508311501555380441414574253106375915677084469704667862492042093,0.09000000000504703,1.9345280828618245e-182,0.09000000000504703,1.77436652171873881623401074375944909969734446012688714808256539603539568711992767128056817e-178,1.7743665217187388e-178
blaschke_mu_0p3,exact,30,30,blaschke_mu_0p3,20,0.0490222628665310116747874222193364696509173053034201562973265130198660237843513861992038739,0.04902226286653101,-8.031893365693214e-181,0.04902226286653101,1.77436652171873881623401074375944909969734446012688714808256539603539568711992767128056817e-178,1.7743665217187388e-178
blaschke_mu_0p3,exact,30,30,blaschke_mu_0p3,21,0.0270190952251974649621733208575951315549752065987434084302517718378471327835675139468157644,0.027019095225197465,4.271528992794101e-180,0.027019095225197465,1.77436652171873881623401074375944909969734446012688714808256539603539568711992767128056817e-178,1.7743665217187388e-178
blaschke_mu_0p3,exact,30,30,blaschke_mu_0p3,22,0.020492536907962754426383770629826043007483098156795837443534471390090727142634805369349893,0.020492536907962756,-5.5420139658679425e-180,0.020492536907962756,1.77436652171873881623401074375944909969734446012688714808256539603539568711992767128056817e-178,1.7743665217187388e-178
blaschke_mu_0p3,exact,30,30,blaschke_mu_0p3,23,0.0136997786369601578903861103104935841946613474867370206979279154175795980391456141344216193,0.013699778636960157,1.8006076389449179e-180,0.013699778636960157,1.77436652171873881623401074375944909969734446012688714808256539603539568711992767128056817e-178,1.7743665217187388e-178
blaschke_mu_0p3,exact,30,30,blaschke_mu_0p3,24,(0.00881315492506097141065575969125132603539206015288312367602446265419635897888919201966950376 - 0.0061739512160225715790113102505760968026631692411191650364062382383776853043722452440717574j),0.00881315492506097,-0.006173951216022572,0.010760547074891363,1.77436652171873881623401074375944909969734446012688714808256539603539568711992767128056817e-178,1.7743665217187388e-178
blaschke_mu_0p3,exact,30,30,blaschke_mu_0p3,25,(0.00881315492506097141065575969125132603539206015288312367602446265419635897888919201966950376 + 0.0061739512160225715790113102505760968026631692411191650364062382383776853043722452440717574j),0.00881315492506097,0.006173951216022572,0.010760547074891363,1.77436652171873881623401074375944909969734446012688714808256539603539568711992767128056817e-178,1.7743665217187388e-178
blaschke_mu_0p3,exact,30,30,blaschke_mu_0p3,26,(0.00195591087467240300343039531791403460151080457807351498055876323057688110787283478923155181 - 0.00699993911254522607704802418587608246920528977070554454486437083601630591945065570435688828j),0.001955910874672403,-0.006999939112545226,0.007268062666832353,1.77436652171873881623401074375944909969734446012688714808256539603539568711992767128056817e-178,1.7743665217187388e-178
blaschke_mu_0p3,exact,30,30,blaschke_mu_0p3,27,(0.00195591087467240300343039531791403460151080457807351498055876323057688110787283478923155181 + 0.00699993911254522607704802418587608246920528977070554454486437083601630591945065570435688828j),0.001955910874672403,0.006999939112545226,0.007268062666832353,1.77436652171873881623401074375944909969734446012688714808256539603539568711992767128056817e-178,1.7743665217187388e-178
blaschke_mu_0p3,exact,30,30,blaschke_mu_0p3,28,(-0.00288918815952608759930202901924780102633475371033751242547444910380405260510975423918829087 - 0.00339823887840470315236805595756467947534142081378453818397595201193265491382104302511227029j),-0.0028891881595260877,-0.003398238878404703,0.004460429990017441,1.77436652171873881623401074375944909969734446012688714808256539603539568711992767128056817e-178,1.7743665217187388e-178
blaschke_mu_0p3,exact,30,30,blaschke_mu_0p3,29,(-0.00288918815952608759930202901924780102633475371033751242547444910380405260510975423918829087 + 0.00339823887840470315236805595756467947534142081378453818397595201193265491382104302511227029j),-0.0028891881595260877,0.003398238878404703,0.004460429990017441,1.77436652171873881623401074375944909969734446012688714808256539603539568711992767128056817e-178,1.7743665217187388e-178
blaschke_mu_0p3,exact,40,40,blaschke_mu_0p3,0,1.0,1.0,-5.248257556452092e-182,1.0,2.00766010980935748415707616255038616793868114750360876631643637253856756585629232299218566e-178,2.0076601098093574e-178
blaschke_mu_0p3,exact,40,40,blaschke_mu_0p3,1,0.422499999999999999999996732547567700528107730096833766512641919077470815232495250863651707,0.4225,-1.3969488211353718e-181,0.4225,2.00766010980935748415707616255038616793868114750360876631643637253856756585629232299218566e-178,2.0076601098093574e-178
blaschke_mu_0p3,exact,40,40,blaschke_mu_0p3,2,0.178506249999999999976972291744773318139793353219001408552973080273296705801128161722398441,0.17850625,1.6630805820746936e-181,0.17850625,2.00766010980935748415707616255038616793868114750360876631643637253856756585629232299218566e-178,2.0076601098093574e-178
blaschke_mu_0p3,exact,40,40,blaschke_mu_0p3,3,0.299999999999999999999999999999999995563337859507396733234745797141654433293225109679767346,0.3,1.2107185724048021e-182,0.3,2.00766010980935748415707616255038616793868114750360876631643637253856756585629232299218566e-178,2.0076601098093574e-178
blaschke_mu_0p3,exact,40,40,blaschke_mu_0p3,4,0.0754188906250000805692307270348895382400569333355853667835031041857558745698704659397492309,0.07541889062500008,1.1755424259598087e-181,0.07541889062500008,2.00766010980935748415707616255038616793868114750360876631643637253856756585629232299218566e-178,2.0076601098093574e-178
blaschke_mu_0p3,exact,40,40,blaschke_mu_0p3,5,0.0899999999999999999838999033858792596116549863512955689764539164057688930928756195262528089,0.09,1.9882264761770427e-182,0.09,2.00766010980935748415707616255038616793868114750360876631643637253856756585629232299218566e-178,2.0076601098093574e-178
blaschke_mu_0p3,exact,40,40,blaschke_mu_0p3,6,0.64999999999999999999999999827802150015331000199364532237017997769211628792479752510445877,0.65,-1.2309833815733405e-181,0.65,2.00766010980935748415707616255038616793868114750360876631643637253856756585629232299218566e-178,2.0076601098093574e-178
blaschke_mu_0p3,exact,40,40,blaschke_mu_0p3,7,0.0318644812878824363217415857415286952581367933611137249661989656072600270124546246049457611,0.03186448128788243,-1.5519220930466567e-181,0.03186448128788243,2.00766010980935748415707616255038616793868114750360876631643637253856756585629232299218566e-178,2.0076601098093574e-178
blaschke_mu_0p3,exact,40,40,blaschke_mu_0p3,8,0.0270000000130720853426292091675939236042711164873339949211066282686129527851214444711558973,0.027000000013072085,8.399398096870742e-182,0.027000000013072085,2.00766010980935748415707616255038616793868114750360876631643637253856756585629232299218566e-178,2.0076601098093574e-178
blaschke_mu_0p3,exact,40,40,blaschke_mu_0p3,9,0.300000000000000000000000000000000001024577499903735931271526408947442588847062917613253164,0.3,-7.45509202379018e-182,0.3,2.00766010980935748415707616255038616793868114750360876631643637253856756585629232299218566e-178,2.0076601098093574e-178
blaschke_mu_0p3,exact,40,40,blaschke_mu_0p3,10,0.0134627179152061297248204142456373095006836101362418968959182900684780245156584008183386095,0.01346271791520613,-1.2720774535403051e-182,0.01346271791520613,2.00766010980935748415707616255038616793868114750360876631643637253856756585629232299218566e-178,2.0076601098093574e-178
blaschke_mu_0p3,exact,40,40,blaschke_mu_0p3,11,0.0081057241188141161901195811363591734524666128574868828547749276465060419228893272819720536,0.008105724118814116,-5.8398029685838836e-182,0.008105724118814116,2.00766010980935748415707616255038616793868114750360876631643637253856756585629232299218566e-178,2.0076601098093574e-178
blaschke_mu_0p3,exact,40,40,blaschke_mu_0p3,12,0.00556076920235466547059397350318923225576128634229175996738832034277035748804881861086130889,0.005560769202354665,8.611449610418025e-182,0.005560769202354665,2.00766010980935748415707616255038616793868114750360876631643637253856756585629232299218566e-178,2.0076601098093574e-178
blaschke_mu_0p3,exact,40,40,blaschke_mu_0p3,13,0.00415525395406579402269040750560758856351494329241458951227846977352815330042371618220231322,0.004155253954065794,-1.8160304037234953e-181,0.004155253954065794,2.00766010980935748415707616255038616793868114750360876631643637253856756585629232299218566e-178,2.0076601098093574e-178
blaschke_mu_0p3,exact,40,40,blaschke_mu_0p3,14,(0.00256998279081220519119107773708658726576550681695932272818834867662284319420619773539204468 - 0.00185787367053441806071910603507049412009212171037176461048588456400350526033912867135306759j),0.0025699827908122054,-0.001857873670534418,0.0031711994766548384,2.00766010980935748415707616255038616793868114750360876631643637253856756585629232299218566e-178,2.0076601098093574e-178
blaschke_mu_0p3,exact,40,40,blaschke_mu_0p3,15,(0.00256998279081220519119107773708658726576550681695932272818834867662284319420619773539204468 + 0.00185787367053441806071910603507049412009212171037176461048588456400350526033912867135306759j),0.0025699827908122054,0.001857873670534418,0.0031711994766548384,2.00766010980935748415707616255038616793868114750360876631643637253856756585629232299218566e-178,2.0076601098093574e-178
blaschke_mu_0p3,exact,40,40,blaschke_mu_0p3,16,(0.000657032995202131989022582227968042634449247139461903064697539568398381723487766337064689143 - 0.00206431610209628116969710607507638741528760596624144624986168270330935768110064095906167823j),0.000657032995202132,-0.002064316102096281,0.002166354847701149,2.00766010980935748415707616255038616793868114750360876631643637253856756585629232299218566e-178,2.0076601098093574e-178
blaschke_mu_0p3,exact,40,40,blaschke_mu_0p3,17,(0.000657032995202131989022582227968042634449247139461903064697539568398381723487766337064689143 + 0.00206431610209628116969710607507638741528760596624144624986168270330935768110064095906167823j),0.000657032995202132,0.002064316102096281,0.002166354847701149,2.00766010980935748415707616255038616793868114750360876631643637253856756585629232299218566e-178,2.0076601098093574e-178
blaschke_mu_0p3,exact,40,40,blaschke_mu_0p3,18,(-0.000681642263224091121531357173223592826352125276817286851332797401299165334808159297047800187 - 0.00122880417408396512109597053934028229326015918802432096529299084274285070453271978039801655j),-0.0006816422632240912,-0.0012288041740839651,0.0014052031430577703,2.00766010980935748415707616255038616793868114750360876631643637253856756585629232299218566e-178,2.0076601098093574e-178
blaschke_mu_0p3,exact,40,40,blaschke_mu_0p3,19,(-0.000681642263224091121531357173223592826352125276817286851332797401299165334808159297047800187 + 0.00122880417408396512109597053934028229326015918802432096529299084274285070453271978039801655j),-0.0006816422632240912,0.0012288041740839651,0.0014052031430577703,2.00766010980935748415707616255038616793868114750360876631643637253856756585629232299218566e-178,2.0076601098093574e-178
blaschke_mu_0p3,exact,40,40,blaschke_mu_0p3,20,-0.000988532399355692649432126524869173048593330722195252395639281438680687576363440511291479083,-0.0009885323993556927,8.57978640471392e-183,0.0009885323993556927,2.00766010980935748415707616255038616793868114750360876631643637253856756585629232299218566e-178,2.0076601098093574e-178
blaschke_mu_0p3,exact,40,40,blaschke_mu_0p3,21,-0.000625826433968368846287763217537729709747828967439904745297055231945438674070396594460719693,-0.0006258264339683688,-1.157896216847531e-182,0.0006258264339683688,2.00766010980935748415707616255038616793868114750360876631643637253856756585629232299218566e-178,2.0076601098093574e-178
blaschke_mu_0p3,exact,40,40,blaschke_mu_0p3,22,0.274624999999999999999664761734486336240937132043870643693634742474528871720903010246931247,0.274625,1.0773317270939631e-181,0.274625,2.00766010980935748415707616255038616793868114750360876631643637253856756585629232299218566e-178,2.0076601098093574e-178
blaschke_mu_0p3,exact,40,40,blaschke_mu_0p3,23,0.116029062499999999135064564836676685315553707110110727521071857584458619196586184473174168,0.1160290625,-1.510005179785544e-182,0.1160290625,2.00766010980935748415707616255038616793868114750360876631643637253856756585629232299218566e-178,2.0076601098093574e-178
blaschke_mu_0p3,exact,40,40,blaschke_mu_0p3,24,0.0899999999999999999980755973608305489077487429382180513248360294880889320191018837384008428,0.09,1.3384770398990785e-182,0.09,2.00766010980935748415707616255038616793868114750360876631643637253856756585629232299218566e-178,2.0076601098093574e-178
blaschke_mu_0p3,exact,40,40,blaschke_mu_0p3,25,0.0490222789062507862774645875933506477150752895639386028862545770244804192057551818383899641,0.049022278906250785,-4.5582379347958937e-182,0.049022278906250785,2.00766010980935748415707616255038616793868114750360876631643637253856756585629232299218566e-178,2.0076601098093574e-178
blaschke_mu_0p3,exact,40,40,blaschke_mu_0p3,26,0.0269999999977257826185857000432019467846742427994850703216454769052877782181028968522692339,0.026999999997725784,-5.520278452782799e-180,0.026999999997725784,2.00766010980935748415707616255038616793868114750360876631643637253856756585629232299218566e-178,2.0076601098093574e-178
blaschke_mu_0p3,exact,40,40,blaschke_mu_0p3,27,0.0207119129101003646277538355367910491436296185332262813421377876126010842958189580533299141,0.020711912910100366,2.7660682998509514e-179,0.020711912910100366,2.00766010980935748415707616255038616793868114750360876631643637253856756585629232299218566e-178,2.0076601098093574e-178
blaschke_mu_0p3,exact,40,40,blaschke_mu_0p3,28,0.00874732461845598291198495457946930060619240827193792654410049293756876489414097198227622438,0.008747324618455983,-4.079448915402543e-177,0.008747324618455983,2.00766010980935748415707616255038616793868114750360876631643637253856756585629232299218566e-178,2.0076601098093574e-178
blaschke_mu_0p3,exact,40,40,blaschke_mu_0p3,29,0.00810727087706285960764569154387219259338461845306952030567273028091550791245492959785143231,0.00810727087706286,5.285158836709117e-177,0.00810727087706286,2.00766010980935748415707616255038616793868114750360876631643637253856756585629232299218566e-178,2.0076601098093574e-178
blaschke_mu_0p3,exact,40,40,blaschke_mu_0p3,30,(0.00377206597291503464766916425544794944709343344960012897629170434681320512894350768882106955 - 0.00072382389525964489935945646543495155623739432378621031818031092744122878519433197575837737j),0.003772065972915035,-0.0007238238952596449,0.0038408856706978784,2.00766010980935748415707616255038616793868114750360876631643637253856756585629232299218566e-178,2.0076601098093574e-178
blaschke_mu_0p3,exact,40,40,blaschke_mu_0p3,31,(0.00377206597291503464766916425544794944709343344960012897629170434681320512894350768882106955 + 0.00072382389525964489935945646543495155623739432378621031818031092744122878519433197575837737j),0.003772065972915035,0.0007238238952596449,0.0038408856706978784,2.00766010980935748415707616255038616793868114750360876631643637253856756585629232299218566e-178,2.0076601098093574e-178
blaschke_mu_0p3,exact,40,40,blaschke_mu_0p3,32,(0.00207581853217517091745650634459423793512978425727441799552875254419186795566803007862601487 - 0.00178804464383305523868140689895863211174288506541143639640559480550597721988118126149253756j),0.002075818532175171,-0.0017880446438330551,0.0027397310500963334,2.00766010980935748415707616255038616793868114750360876631643637253856756585629232299218566e-178,2.0076601098093574e-178
blaschke_mu_0p3,exact,40,40,blaschke_mu_0p3,33,(0.00207581853217517091745650634459423793512978425727441799552875254419186795566803007862601487 + 0.00178804464383305523868140689895863211174288506541143639640559480550597721988118126149253756j),0.002075818532175171,0.0017880446438330551,0.0027397310500963334,2.00766010980935748415707616255038616793868114750360876631643637253856756585629232299218566e-178,2.0076601098093574e-178
blaschke_mu_0p3,exact,40,40,blaschke_mu_0p3,34,(0.000381372557732674459348591269334609657293766078231679279319339011523451587889044847460583549 - 0.00182317174285059345711114508665768024945899044750964317962532277368543877972962896667495447j),0.00038137255773267444,-0.0018231717428505935,0.0018626326078216371,2.00766010980935748415707616255038616793868114750360876631643637253856756585629232299218566e-178,2.0076601098093574e-178
blaschke_mu_0p3,exact,40,40,blaschke_mu_0p3,35,(0.000381372557732674459348591269334609657293766078231679279319339011523451587889044847460583549 + 0.00182317174285059345711114508665768024945899044750964317962532277368543877972962896667495447j),0.00038137255773267444,0.0018231717428505935,0.0018626326078216371,2.00766010980935748415707616255038616793868114750360876631643637253856756585629232299218566e-178,2.0076601098093574e-178
blaschke_mu_0p3,exact,40,40,blaschke_mu_0p3,36,(-0.000713290492563479215629439093264623467579355790878677858510121907001616110882673916079071511 - 0.000979975855111879357495739236810886675737685642756067946042223972475057203685335067807662889j),-0.0007132904925634793,-0.0009799758551118794,0.0012120792067285494,2.00766010980935748415707616255038616793868114750360876631643637253856756585629232299218566e-178,2.0076601098093574e-178
blaschke_mu_0p3,exact,40,40,blaschke_mu_0p3,37,(-0.000713290492563479215629439093264623467579355790878677858510121907001616110882673916079071511 + 0.000979975855111879357495739236810886675737685642756067946042223972475057203685335067807662889j),-0.0007132904925634793,0.0009799758551118794,0.0012120792067285494,2.00766010980935748415707616255038616793868114750360876631643637253856756585629232299218566e-178,2.0076601098093574e-178
blaschke_mu_0p3,exact,40,40,blaschke_mu_0p3,38,-0.000794027011023153070723589287519181316500438446111737957678009164814134622323332233834742613,-0.0007940270110231531,-9.921358125678568e-182,0.0007940270110231531,2.00766010980935748415707616255038616793868114750360876631643637253856756585629232299218566e-178,2.0076601098093574e-178
blaschke_mu_0p3,exact,40,40,blaschke_mu_0p3,39,-0.000552434735056573537786145740958852957222130961428120670530903790125089534193825316553711395,-0.0005524347350565735,2.517234341070465e-183,0.0005524347350565735,2.00766010980935748415707616255038616793868114750360876631643637253856756585629232299218566e-178,2.0076601098093574e-178
blaschke_mu_0p3,exact,50,50,blaschke_mu_0p3,0,1.0,1.0,3.6312303452118414e-182,1.0,5.35023056997474261440439987175510679227200392858999669548585556978575971878518636054337186e-178,5.350230569974743e-178
blaschke_mu_0p3,exact,50,50,blaschke_mu_0p3,1,0.422499999999999999999999999999192890439799175424778404057115179778314755649403749890114845,0.4225,4.719231413540444e-183,0.4225,5.35023056997474261440439987175510679227200392858999669548585556978575971878518636054337186e-178,5.350230569974743e-178
blaschke_mu_0p3,exact,50,50,blaschke_mu_0p3,2,0.178506250000000000000000011803134490814514259806233681974782013981360803130063504400572477,0.17850625,-6.821555497915427e-183,0.17850625,5.35023056997474261440439987175510679227200392858999669548585556978575971878518636054337186e-178,5.350230569974743e-178
blaschke_mu_0p3,exact,50,50,blaschke_mu_0p3,3,0.300000000000000000000000000000000000000000000000027202349742784747513574798381093885559556,0.3,-4.480520352396908e-182,0.3,5.35023056997474261440439987175510679227200392858999669548585556978575971878518636054337186e-178,5.350230569974743e-178
blaschke_mu_0p3,exact,50,50,blaschke_mu_0p3,4,0.0754188906250000000002821845019191326496357996860986318539909556270042353754824589223368262,0.075418890625,-1.914859287260675e-182,0.075418890625,5.35023056997474261440439987175510679227200392858999669548585556978575971878518636054337186e-178,5.350230569974743e-178
blaschke_mu_0p3,exact,50,50,blaschke_mu_0p3,5,0.64999999999999999999999999999999953286633232220526809230947766994978317636278196868352595,0.65,9.617278953283891e-182,0.65,5.35023056997474261440439987175510679227200392858999669548585556978575971878518636054337186e-178,5.350230569974743e-178
blaschke_mu_0p3,exact,50,50,blaschke_mu_0p3,6,0.299999999999999999999999999999999999999999999999994961233387034039482360990159779418993122,0.3,-1.521107350966989e-181,0.3,5.35023056997474261440439987175510679227200392858999669548585556978575971878518636054337186e-178,5.350230569974743e-178
blaschke_mu_0p3,exact,50,50,blaschke_mu_0p3,7,0.0318644812890625004200784043949017555325065339354897994547638467051302541861618434863111125,0.0318644812890625,-4.8262525559632856e-182,0.0318644812890625,5.35023056997474261440439987175510679227200392858999669548585556978575971878518636054337186e-178,5.350230569974743e-178
blaschke_mu_0p3,exact,50,50,blaschke_mu_0p3,8,0.090000000000000000000000000000362959878611531056558005288551643855914841174118546443053201,0.09,-1.8464540791462407e-182,0.09,5.35023056997474261440439987175510679227200392858999669548585556978575971878518636054337186e-178,5.350230569974743e-178
blaschke_mu_0p3,exact,50,50,blaschke_mu_0p3,9,0.274624999999999999999999999852454045483410797007709019774482678789014752168392809314263158,0.274625,-3.302557167642482e-182,0.274625,5.35023056997474261440439987175510679227200392858999669548585556978575971878518636054337186e-178,5.350230569974743e-178
blaschke_mu_0p3,exact,50,50,blaschke_mu_0p3,10,0.0134627433446306217650473664573826299361084970620864905614532431426306808890714402379276773,0.013462743344630622,-3.2630663411186225e-182,0.013462743344630622,5.35023056997474261440439987175510679227200392858999669548585556978575971878518636054337186e-178,5.350230569974743e-178
blaschke_mu_0p3,exact,50,50,blaschke_mu_0p3,11,0.0269999999999999999363039341400732448073429873438403464323225632273559531846389595385502708,0.027,-3.505728443276457e-183,0.027,5.35023056997474261440439987175510679227200392858999669548585556978575971878518636054337186e-178,5.350230569974743e-178
blaschke_mu_0p3,exact,50,50,blaschke_mu_0p3,12,0.11602906249999999999999991737421035646543917178734938013439049835089421023934537690025512,0.1160290625,1.262888385227216e-181,0.1160290625,5.35023056997474261440439987175510679227200392858999669548585556978575971878518636054337186e-178,5.350230569974743e-178
blaschke_mu_0p3,exact,50,50,blaschke_mu_0p3,13,0.0900000000000000000000000000000344277963167630551400515188687998322387516748571174131235928,0.09,-1.1846840994135392e-181,0.09,5.35023056997474261440439987175510679227200392858999669548585556978575971878518636054337186e-178,5.350230569974743e-178
blaschke_mu_0p3,exact,50,50,blaschke_mu_0p3,14,0.00568800917748204997247979612149575288277455117223649671833285730923694170246627786663587097,0.00568800917748205,-3.4932128243651556e-182,0.00568800917748205,5.35023056997474261440439987175510679227200392858999669548585556978575971878518636054337186e-178,5.350230569974743e-178
blaschke_mu_0p3,exact,50,50,blaschke_mu_0p3,15,0.00809999999802739162707859821222762437375499570179757199303287671822717450214721836620443155,0.008099999998027392,2.3858499941911964e-182,0.008099999998027392,5.35023056997474261440439987175510679227200392858999669548585556978575971878518636054337186e-178,5.350230569974743e-178
blaschke_mu_0p3,exact,50,50,blaschke_mu_0p3,16,0.049022278906250000003894856399477832101953784101319412844217817128862303339709208390317949,0.04902227890625,-1.605185206756489e-182,0.04902227890625,5.35023056997474261440439987175510679227200392858999669548585556978575971878518636054337186e-178,5.350230569974743e-178
blaschke_mu_0p3,exact,50,50,blaschke_mu_0p3,17,(0.00241758480056616760450448199373512177503251460622318247688251049292147267276402159029657231 - 0.000018604007831438873928827895360617461157567796777305195476663659658412409929014820351915538j),0.0024175848005661676,-1.8604007831438873e-05,0.002417656381092224,5.35023056997474261440439987175510679227200392858999669548585556978575971878518636054337186e-178,5.350230569974743e-178
blaschke_mu_0p3,exact,50,50,blaschke_mu_0p3,18,(0.00241758480056616760450448199373512177503251460622318247688251049292147267276402159029657231 + 0.000018604007831438873928827895360617461157567796777305195476663659658412409929014820351915538j),0.0024175848005661676,1.8604007831438873e-05,0.002417656381092224,5.35023056997474261440439987175510679227200392858999669548585556978575971878518636054337186e-178,5.350230569974743e-178
blaschke_mu_0p3,exact,50,50,blaschke_mu_0p3,19,(0.00110293160819854839463521077429138886131518290412620006185781755168183311228858861029294189 - 0.000248577371766435495914452483867119342474299456754130741817594372650966644056333498185166821j),0.0011029316081985483,-0.0002485773717664355,0.0011305966752638826,5.35023056997474261440439987175510679227200392858999669548585556978575971878518636054337186e-178,5.350230569974743e-178
blaschke_mu_0p3,exact,50,50,blaschke_mu_0p3,20,(0.00110293160819854839463521077429138886131518290412620006185781755168183311228858861029294189 + 0.000248577371766435495914452483867119342474299456754130741817594372650966644056333498185166821j),0.0011029316081985483,0.0002485773717664355,0.0011305966752638826,5.35023056997474261440439987175510679227200392858999669548585556978575971878518636054337186e-178,5.350230569974743e-178
blaschke_mu_0p3,exact,50,50,blaschke_mu_0p3,21,(0.000606737212780805166747962481266352517318222043098914432567966734087485473455011632584972306 - 0.000546957602452261404883370173417210264757041230404474556295077225815716075733377168116394673j),0.0006067372127808051,-0.0005469576024522614,0.0008168798346472668,5.35023056997474261440439987175510679227200392858999669548585556978575971878518636054337186e-178,5.350230569974743e-178
blaschke_mu_0p3,exact,50,50,blaschke_mu_0p3,22,(0.000606737212780805166747962481266352517318222043098914432567966734087485473455011632584972306 + 0.000546957602452261404883370173417210264757041230404474556295077225815716075733377168116394673j),0.0006067372127808051,0.0005469576024522614,0.0008168798346472668,5.35023056997474261440439987175510679227200392858999669548585556978575971878518636054337186e-178,5.350230569974743e-178
blaschke_mu_0p3,exact,50,50,blaschke_mu_0p3,23,(0.000121132612593479157185882621597219718131513218728116273359839615156632959422153445661533323 - 0.000548779723407605471446336796723817023108782455091712802468367031937847668128969355407148696j),0.00012113261259347916,-0.0005487797234076055,0.0005619895858973277,5.35023056997474261440439987175510679227200392858999669548585556978575971878518636054337186e-178,5.350230569974743e-178
blaschke_mu_0p3,exact,50,50,blaschke_mu_0p3,24,(0.000121132612593479157185882621597219718131513218728116273359839615156632959422153445661533323 + 0.000548779723407605471446336796723817023108782455091712802468367031937847668128969355407148696j),0.00012113261259347916,0.0005487797234076055,0.0005619895858973277,5.35023056997474261440439987175510679227200392858999669548585556978575971878518636054337186e-178,5.350230569974743e-178
blaschke_mu_0p3,exact,50,50,blaschke_mu_0p3,25,(-0.00018682739682174953241742671899002118420682028378313832951126374853073423176482186517862949 - 0.000327629352533349847148431018939361566986511518558047913430444965090557642573272188848278449j),-0.00018682739682174954,-0.00032762935253334986,0.00037715443633160874,5.35023056997474261440439987175510679227200392858999669548585556978575971878518636054337186e-178,5.350230569974743e-178
blaschke_mu_0p3,exact,50,50,blaschke_mu_0p3,26,(-0.00018682739682174953241742671899002118420682028378313832951126374853073423176482186517862949 + 0.000327629352533349847148431018939361566986511518558047913430444965090557642573272188848278449j),-0.00018682739682174954,0.00032762935253334986,0.00037715443633160874,5.35023056997474261440439987175510679227200392858999669548585556978575971878518636054337186e-178,5.350230569974743e-178
blaschke_mu_0p3,exact,50,50,blaschke_mu_0p3,27,(-0.0000659088829150476796571939968104523243749679287940420876954978286437273708887051124967350273 - 0.0000863297100093201509111901260492323341096134204786653462153907065287474837521509448896446662j),-6.590888291504768e-05,-8.632971000932016e-05,0.00010861307323431547,5.35023056997474261440439987175510679227200392858999669548585556978575971878518636054337186e-178,5.350230569974743e-178
blaschke_mu_0p3,exact,50,50,blaschke_mu_0p3,28,-0.000214808811201786666012173672430746800761903427395247445060405997058469511788536188781298753,-0.00021480881120178666,-1.0957031704547954e-181,0.00021480881120178666,5.35023056997474261440439987175510679227200392858999669548585556978575971878518636054337186e-178,5.350230569974743e-178
blaschke_mu_0p3,exact,50,50,blaschke_mu_0p3,29,-0.000235054961082216852076655061764226747750316466051107157287750427083325231494301105162380255,-0.00023505496108221685,1.2753014206027735e-181,0.00023505496108221685,5.35023056997474261440439987175510679227200392858999669548585556978575971878518636054337186e-178,5.350230569974743e-178
blaschke_mu_0p3,exact,50,50,blaschke_mu_0p3,30,(-0.0000659088829150476796571939968104523243749679287940420876954978286437273708887051124967350273 + 0.0000863297100093201509111901260492323341096134204786653462153907065287474837521509448896446662j),-6.590888291504768e-05,8.632971000932016e-05,0.00010861307323431547,5.35023056997474261440439987175510679227200392858999669548585556978575971878518636054337186e-178,5.350230569974743e-178
blaschke_mu_0p3,exact,50,50,blaschke_mu_0p3,31,0.0270000000000000000086259283269941833642664327985239163227367031379102566143775917325545572,0.027,-4.142494783509183e-182,0.027,5.35023056997474261440439987175510679227200392858999669548585556978575971878518636054337186e-178,5.350230569974743e-178
blaschke_mu_0p3,exact,50,50,blaschke_mu_0p3,32,0.0207119128378906283172435852406823741941921785622971155473009050845291709931431420611966922,0.020711912837890627,6.276887640297088e-181,0.020711912837890627,5.35023056997474261440439987175510679227200392858999669548585556978575971878518636054337186e-178,5.350230569974743e-178
blaschke_mu_0p3,exact,50,50,blaschke_mu_0p3,33,0.00875078317470151082019699434007718583153780091824770574292041660423234606089207199456520373,0.00875078317470151,-1.9109522041992108e-178,0.00875078317470151,5.35023056997474261440439987175510679227200392858999669548585556978575971878518636054337186e-178,5.350230569974743e-178
blaschke_mu_0p3,exact,50,50,blaschke_mu_0p3,34,0.00809999999812072702340985212711573050058882385258168823681067127496461965414566143937663559,0.008099999998120727,2.5451553307947096e-178,0.008099999998120727,5.35023056997474261440439987175510679227200392858999669548585556978575971878518636054337186e-178,5.350230569974743e-178
blaschke_mu_0p3,exact,50,50,blaschke_mu_0p3,35,0.00369720943514497647785651281426553604202028572844951060712690505552594842590468143704543441,0.0036972094351449764,-1.9896232973577176e-178,0.0036972094351449764,5.35023056997474261440439987175510679227200392858999669548585556978575971878518636054337186e-178,5.350230569974743e-178
blaschke_mu_0p3,exact,50,50,blaschke_mu_0p3,36,0.00242971921998951864124488866633759471093206923121412090783758307401536022637802482834046119,0.0024297192199895187,-6.163767868433237e-178,0.0024297192199895187,5.35023056997474261440439987175510679227200392858999669548585556978575971878518636054337186e-178,5.350230569974743e-178
blaschke_mu_0p3,exact,50,50,blaschke_mu_0p3,37,0.00157267321189299411015198264475158430158600984534032312855865208526694605601323888294839781,0.0015726732118929942,3.203489549081153e-177,0.0015726732118929942,5.35023056997474261440439987175510679227200392858999669548585556978575971878518636054337186e-178,5.350230569974743e-178
blaschke_mu_0p3,exact,50,50,blaschke_mu_0p3,38,(0.000936270904779240243993775761083967647252655793361750486957086766919010657891460423387814953 - 0.000277522249795863642557233867783735989842508318643550773133181284577258109096613520089736773j),0.0009362709047792403,-0.0002775222497958636,0.0009765356144390715,5.35023056997474261440439987175510679227200392858999669548585556978575971878518636054337186e-178,5.350230569974743e-178
blaschke_mu_0p3,exact,50,50,blaschke_mu_0p3,39,(0.000936270904779240243993775761083967647252655793361750486957086766919010657891460423387814953 + 0.000277522249795863642557233867783735989842508318643550773133181284577258109096613520089736773j),0.0009362709047792403,0.0002775222497958636,0.0009765356144390715,5.35023056997474261440439987175510679227200392858999669548585556978575971878518636054337186e-178,5.350230569974743e-178
blaschke_mu_0p3,exact,50,50,blaschke_mu_0p3,40,(0.000481056558661824273786830635982765138810007449375322703859298562361095003611261653874494846 - 0.000515175046329786341824766105687647056376530957114191098536807010739554562103444561060495293j),0.00048105655866182426,-0.0005151750463297863,0.0007048551205690817,5.35023056997474261440439987175510679227200392858999669548585556978575971878518636054337186e-178,5.350230569974743e-178
blaschke_mu_0p3,exact,50,50,blaschke_mu_0p3,41,(0.000481056558661824273786830635982765138810007449375322703859298562361095003611261653874494846 + 0.000515175046329786341824766105687647056376530957114191098536807010739554562103444561060495293j),0.00048105655866182426,0.0005151750463297863,0.0007048551205690817,5.35023056997474261440439987175510679227200392858999669548585556978575971878518636054337186e-178,5.350230569974743e-178
blaschke_mu_0p3,exact,50,50,blaschke_mu_0p3,42,(0.0000582855165279677046015043623255054451909360381333196243618709719183442575563884317327317845 - 0.000481347656465763015265806626913940957228775845300367666389607793870111539418258432033426078j),5.8285516527967705e-05,-0.000481347656465763,0.00048486365900324416,5.35023056997474261440439987175510679227200392858999669548585556978575971878518636054337186e-178,5.350230569974743e-178
blaschke_mu_0p3,exact,50,50,blaschke_mu_0p3,43,(0.0000582855165279677046015043623255054451909360381333196243618709719183442575563884317327317845 + 0.000481347656465763015265806626913940957228775845300367666389607793870111539418258432033426078j),5.8285516527967705e-05,0.000481347656465763,0.00048486365900324416,5.35023056997474261440439987175510679227200392858999669548585556978575971878518636054337186e-178,5.350230569974743e-178
blaschke_mu_0p3,exact,50,50,blaschke_mu_0p3,44,(-0.000189650761165871455317706777459766967331534488491198117351554932772709026742059425916160186 - 0.00026328431384160568330124216533753693551965507704118958631103497766166214910632173777309749j),-0.00018965076116587146,-0.00026328431384160567,0.00032447810577270007,5.35023056997474261440439987175510679227200392858999669548585556978575971878518636054337186e-178,5.350230569974743e-178
blaschke_mu_0p3,exact,50,50,blaschke_mu_0p3,45,(-0.000189650761165871455317706777459766967331534488491198117351554932772709026742059425916160186 + 0.00026328431384160568330124216533753693551965507704118958631103497766166214910632173777309749j),-0.00018965076116587146,0.00026328431384160567,0.00032447810577270007,5.35023056997474261440439987175510679227200392858999669548585556978575971878518636054337186e-178,5.350230569974743e-178
blaschke_mu_0p3,exact,50,50,blaschke_mu_0p3,46,-0.00023248214328773573814711678830214753690485070034387930931378720528452951549786625079131589,-0.00023248214328773574,-9.427146784013998e-182,0.00023248214328773574,5.35023056997474261440439987175510679227200392858999669548585556978575971878518636054337186e-178,5.350230569974743e-178
blaschke_mu_0p3,exact,50,50,blaschke_mu_0p3,47,-0.000152888913765964733345871981390535009639677874444185767566546506947697608791720766362257437,-0.00015288891376596473,-6.445667250862441e-182,0.00015288891376596473,5.35023056997474261440439987175510679227200392858999669548585556978575971878518636054337186e-178,5.350230569974743e-178
blaschke_mu_0p3,exact,50,50,blaschke_mu_0p3,48,(-0.0000461382341645274720645196398750556241368584649505978726437814492110652411265040137128487086 - 0.0000801986078329121128822332898318988064591396981299482987051990451712284127281520432040647444j),-4.6138234164527474e-05,-8.019860783291212e-05,9.252325842812715e-05,5.35023056997474261440439987175510679227200392858999669548585556978575971878518636054337186e-178,5.350230569974743e-178
blaschke_mu_0p3,exact,50,50,blaschke_mu_0p3,49,(-0.0000461382341645274720645196398750556241368584649505978726437814492110652411265040137128487086 + 0.0000801986078329121128822332898318988064591396981299482987051990451712284127281520432040647444j),-4.6138234164527474e-05,8.019860783291212e-05,9.252325842812715e-05,5.35023056997474261440439987175510679227200392858999669548585556978575971878518636054337186e-178,5.350230569974743e-178
blaschke_mu_0p3,exact,60,60,blaschke_mu_0p3,0,1.0,1.0,-1.0561164001355252e-181,1.0,1.10063862578736550099235201794717254498540291604966137030147477703825050101821707230492961e-177,1.1006386257873655e-177
blaschke_mu_0p3,exact,60,60,blaschke_mu_0p3,1,0.422499999999999999999999999999999999953958230468196309430480669277796634864360860300670012,0.4225,-1.2693839720437877e-181,0.4225,1.10063862578736550099235201794717254498540291604966137030147477703825050101821707230492961e-177,1.1006386257873655e-177
blaschke_mu_0p3,exact,60,60,blaschke_mu_0p3,2,0.17850625000000000000000000000003393862283294902741480416630475600049799118556047128335685,0.17850625,-1.718568792130901e-182,0.17850625,1.10063862578736550099235201794717254498540291604966137030147477703825050101821707230492961e-177,1.1006386257873655e-177
blaschke_mu_0p3,exact,60,60,blaschke_mu_0p3,3,0.649999999999999999999999999999999999999900483266334314002309680434220755123213611404319736,0.65,7.407335965103872e-182,0.65,1.10063862578736550099235201794717254498540291604966137030147477703825050101821707230492961e-177,1.1006386257873655e-177
blaschke_mu_0p3,exact,60,60,blaschke_mu_0p3,4,0.299999999999999999999999999999999999999999999999999999999999999980790747941126665412738601,0.3,-1.2428151569157548e-181,0.3,1.10063862578736550099235201794717254498540291604966137030147477703825050101821707230492961e-177,1.1006386257873655e-177
blaschke_mu_0p3,exact,60,60,blaschke_mu_0p3,5,0.0754188906250000000000000005239198867082721853278077024236931987494860560019918751959915925,0.075418890625,-7.934631833941551e-182,0.075418890625,1.10063862578736550099235201794717254498540291604966137030147477703825050101821707230492961e-177,1.1006386257873655e-177
blaschke_mu_0p3,exact,60,60,blaschke_mu_0p3,6,0.300000000000000000000000000000000000000000000000000000000000000002971367014814440003036096,0.3,-1.6490836183148535e-181,0.3,1.10063862578736550099235201794717254498540291604966137030147477703825050101821707230492961e-177,1.1006386257873655e-177
blaschke_mu_0p3,exact,60,60,blaschke_mu_0p3,7,0.0899999999999999999999999999999999999999992580851677921241983504834900726032861891362442216,0.09,1.3480120773326264e-181,0.09,1.10063862578736550099235201794717254498540291604966137030147477703825050101821707230492961e-177,1.1006386257873655e-177
blaschke_mu_0p3,exact,60,60,blaschke_mu_0p3,8,0.274624999999999999999999999999999971384509767199392003517388904424070924018528420692760192,0.274625,-5.641912556083686e-183,0.274625,1.10063862578736550099235201794717254498540291604966137030147477703825050101821707230492961e-177,1.1006386257873655e-177
blaschke_mu_0p3,exact,60,60,blaschke_mu_0p3,9,0.0318644812890625000000010113986567642448470361941282104514015156300309062783598985688354782,0.0318644812890625,-6.474769787280118e-184,0.0318644812890625,1.10063862578736550099235201794717254498540291604966137030147477703825050101821707230492961e-177,1.1006386257873655e-177
blaschke_mu_0p3,exact,60,60,blaschke_mu_0p3,10,0.116029062500000000000000000001329619246783561353594135461821271001404325258547844236616128,0.1160290625,-6.223363023226366e-182,0.1160290625,1.10063862578736550099235201794717254498540291604966137030147477703825050101821707230492961e-177,1.1006386257873655e-177
blaschke_mu_0p3,exact,60,60,blaschke_mu_0p3,11,0.0899999999999999999999999999999999999999999415922753147026258367057106023936287370189257841,0.09,1.398962601986457e-182,0.09,1.10063862578736550099235201794717254498540291604966137030147477703825050101821707230492961e-177,1.1006386257873655e-177
blaschke_mu_0p3,exact,60,60,blaschke_mu_0p3,12,0.0134627433446289062503426091518859946716869008090281271295855317862456972348470352530083952,0.013462743344628906,1.8449362526646037e-184,0.013462743344628906,1.10063862578736550099235201794717254498540291604966137030147477703825050101821707230492961e-177,1.1006386257873655e-177
blaschke_mu_0p3,exact,60,60,blaschke_mu_0p3,13,0.0270000000000000000000000000217957201997781845565122435196876038682312422168124871501232426,0.027,-3.3515076899216054e-182,0.027,1.10063862578736550099235201794717254498540291604966137030147477703825050101821707230492961e-177,1.1006386257873655e-177
blaschke_mu_0p3,exact,60,60,blaschke_mu_0p3,14,0.0490222789062500000000000115638362182223345540924303859971277433585727479629172574859543221,0.04902227890625,-1.1350130755449089e-181,0.04902227890625,1.10063862578736550099235201794717254498540291604966137030147477703825050101821707230492961e-177,1.1006386257873655e-177
blaschke_mu_0p3,exact,60,60,blaschke_mu_0p3,15,0.00568800906310570697374319748980448461890623484439371249400300061530628683087191199929826068,0.005688009063105707,1.5818741466630342e-182,0.005688009063105707,1.10063862578736550099235201794717254498540291604966137030147477703825050101821707230492961e-177,1.1006386257873655e-177
blaschke_mu_0p3,exact,60,60,blaschke_mu_0p3,16,0.026999999999999999999999999997576912938939011015762569085178193645104234019837031473068235,0.027,-3.9825991199623793e-182,0.027,1.10063862578736550099235201794717254498540291604966137030147477703825050101821707230492961e-177,1.1006386257873655e-177
blaschke_mu_0p3,exact,60,60,blaschke_mu_0p3,17,0.0081000000000000000359760889534940434771388481995378209695264727660253655857410892265587988,0.0081,-3.449955207188872e-182,0.0081,1.10063862578736550099235201794717254498540291604966137030147477703825050101821707230492961e-177,1.1006386257873655e-177
blaschke_mu_0p3,exact,60,60,blaschke_mu_0p3,18,0.0207119128378906250000144903679416816166821321649126197602978526961592171101435018054121446,0.020711912837890624,-8.861965193390504e-182,0.020711912837890624,1.10063862578736550099235201794717254498540291604966137030147477703825050101821707230492961e-177,1.1006386257873655e-177
blaschke_mu_0p3,exact,60,60,blaschke_mu_0p3,19,0.0024031838178201057895757241361270246970781928166127582452181745762808832988051376674597507,0.0024031838178201056,1.4886294114627104e-183,0.0024031838178201056,1.10063862578736550099235201794717254498540291604966137030147477703825050101821707230492961e-177,1.1006386257873655e-177
blaschke_mu_0p3,exact,60,60,blaschke_mu_0p3,20,0.00243000000995434454404313261992242660602249669475904257259708897142185648140347638494187648,0.0024300000099543445,5.147340848591681e-182,0.0024300000099543445,1.10063862578736550099235201794717254498540291604966137030147477703825050101821707230492961e-177,1.1006386257873655e-177
blaschke_mu_0p3,exact,60,60,blaschke_mu_0p3,21,0.00101534967239533158147021421734817713769097719398873333724223109053304404575817415767946193,0.0010153496723953315,4.034343229526471e-183,0.0010153496723953315,1.10063862578736550099235201794717254498540291604966137030147477703825050101821707230492961e-177,1.1006386257873655e-177
blaschke_mu_0p3,exact,60,60,blaschke_mu_0p3,22,0.00875078317400878905882312853083622670075666395296103856716373501880339358541496152362710346,0.00875078317400879,-1.3614347002765274e-180,0.00875078317400879,1.10063862578736550099235201794717254498540291604966137030147477703825050101821707230492961e-177,1.1006386257873655e-177
blaschke_mu_0p3,exact,60,60,blaschke_mu_0p3,23,0.00810000000000000002768399656900291185819935933134927592462012626721251753387559229773961707,0.0081,2.6441100887835294e-180,0.0081,1.10063862578736550099235201794717254498540291604966137030147477703825050101821707230492961e-177,1.1006386257873655e-177
blaschke_mu_0p3,exact,60,60,blaschke_mu_0p3,24,0.00072888223322711562636728136635989210097909159743490193838815682440033180694348105044602037,0.0007288822332271156,-1.317520053465819e-181,0.0007288822332271156,1.10063862578736550099235201794717254498540291604966137030147477703825050101821707230492961e-177,1.1006386257873655e-177
blaschke_mu_0p3,exact,60,60,blaschke_mu_0p3,25,0.000435879135479860787456281569879017312402167910972518887575811787829491501329031671921807102,0.0004358791354798608,4.007481555021111e-182,0.0004358791354798608,1.10063862578736550099235201794717254498540291604966137030147477703825050101821707230492961e-177,1.1006386257873655e-177
blaschke_mu_0p3,exact,60,60,blaschke_mu_0p3,26,(0.000279798903508810146917022414718839206477612031065342429354648576216993118532957851220202652 - 0.0000913843528872951384295355448762805740962737203018777961115433308032323694426565796870241842j),0.00027979890350881013,-9.138435288729514e-05,0.0002943442310584023,1.10063862578736550099235201794717254498540291604966137030147477703825050101821707230492961e-177,1.1006386257873655e-177
blaschke_mu_0p3,exact,60,60,blaschke_mu_0p3,27,(0.000279798903508810146917022414718839206477612031065342429354648576216993118532957851220202652 + 0.0000913843528872951384295355448762805740962737203018777961115433308032323694426565796870241842j),0.00027979890350881013,9.138435288729514e-05,0.0002943442310584023,1.10063862578736550099235201794717254498540291604966137030147477703825050101821707230492961e-177,1.1006386257873655e-177
blaschke_mu_0p3,exact,60,60,blaschke_mu_0p3,28,(0.000140645376319936801344577532584829134306369481725845536558249365771941035038434649156579911 - 0.00015816530425147186729610319694096316576465077874657515801127463813225892592439449108058172j),0.0001406453763199368,-0.00015816530425147188,0.0002116539282629484,1.10063862578736550099235201794717254498540291604966137030147477703825050101821707230492961e-177,1.1006386257873655e-177
blaschke_mu_0p3,exact,60,60,blaschke_mu_0p3,29,(0.000140645376319936801344577532584829134306369481725845536558249365771941035038434649156579911 + 0.00015816530425147186729610319694096316576465077874657515801127463813225892592439449108058172j),0.0001406453763199368,0.00015816530425147188,0.0002116539282629484,1.10063862578736550099235201794717254498540291604966137030147477703825050101821707230492961e-177,1.1006386257873655e-177
blaschke_mu_0p3,exact,60,60,blaschke_mu_0p3,30,(0.0000181565037093356661209308317918273870207652355067507289693075456123412087831039281285389118 - 0.000145391230834539144327639802148252559851762557327198269009561393853463496174650123034505578j),1.8156503709335666e-05,-0.00014539123083453915,0.00014652053996122647,1.10063862578736550099235201794717254498540291604966137030147477703825050101821707230492961e-177,1.1006386257873655e-177
blaschke_mu_0p3,exact,60,60,blaschke_mu_0p3,31,(0.0000181565037093356661209308317918273870207652355067507289693075456123412087831039281285389118 + 0.000145391230834539144327639802148252559851762557327198269009561393853463496174650123034505578j),1.8156503709335666e-05,0.00014539123083453915,0.00014652053996122647,1.10063862578736550099235201794717254498540291604966137030147477703825050101821707230492961e-177,1.1006386257873655e-177
blaschke_mu_0p3,exact,60,60,blaschke_mu_0p3,32,(-0.0000533711071384597003710547949676911355344171998917640270097995883733456643790949648943235733 - 0.0000836485465644764720801372792517260004679972881395079199603555893795070839729453485526620627j),-5.33711071384597e-05,-8.364854656447647e-05,9.922476716795224e-05,1.10063862578736550099235201794717254498540291604966137030147477703825050101821707230492961e-177,1.1006386257873655e-177
blaschke_mu_0p3,exact,60,60,blaschke_mu_0p3,33,(-0.0000533711071384597003710547949676911355344171998917640270097995883733456643790949648943235733 + 0.0000836485465644764720801372792517260004679972881395079199603555893795070839729453485526620627j),-5.33711071384597e-05,8.364854656447647e-05,9.922476716795224e-05,1.10063862578736550099235201794717254498540291604966137030147477703825050101821707230492961e-177,1.1006386257873655e-177
blaschke_mu_0p3,exact,60,60,blaschke_mu_0p3,34,(-0.0000606270607723660625497622616500988056792828247621114407288143428652506427853732216595593118 - 0.0000104806702998265115411072721480989742546805135949886687818191267930641342663834128257214695j),-6.062706077236606e-05,-1.0480670299826511e-05,6.152629476760187e-05,1.10063862578736550099235201794717254498540291604966137030147477703825050101821707230492961e-177,1.1006386257873655e-177
blaschke_mu_0p3,exact,60,60,blaschke_mu_0p3,35,(-0.0000606270607723660625497622616500988056792828247621114407288143428652506427853732216595593118 + 0.0000104806702998265115411072721480989742546805135949886687818191267930641342663834128257214695j),-6.062706077236606e-05,1.0480670299826511e-05,6.152629476760187e-05,1.10063862578736550099235201794717254498540291604966137030147477703825050101821707230492961e-177,1.1006386257873655e-177
blaschke_mu_0p3,exact,60,60,blaschke_mu_0p3,36,(-0.0000244236375817890401775553722150617665603721755555180766421569288928706777155132943327736705 - 0.0000183973680298302961023142160292719540803212383645742151033160841299299658257478992249022424j),-2.442363758178904e-05,-1.8397368029830295e-05,3.057739725927633e-05,1.10063862578736550099235201794717254498540291604966137030147477703825050101821707230492961e-177,1.1006386257873655e-177
blaschke_mu_0p3,exact,60,60,blaschke_mu_0p3,37,(-0.0000244236375817890401775553722150617665603721755555180766421569288928706777155132943327736705 + 0.0000183973680298302961023142160292719540803212383645742151033160841299299658257478992249022424j),-2.442363758178904e-05,1.8397368029830295e-05,3.057739725927633e-05,1.10063862578736550099235201794717254498540291604966137030147477703825050101821707230492961e-177,1.1006386257873655e-177
blaschke_mu_0p3,exact,60,60,blaschke_mu_0p3,38,(0.00000560993215524290362547137227202100202413525153708648640582175093555868262492196359089113861 - 0.0000153031556735069135029117058087984379411816822693912158697388915291880023077049878442823818j),5.609932155242904e-06,-1.5303155673506914e-05,1.629901568666081e-05,1.10063862578736550099235201794717254498540291604966137030147477703825050101821707230492961e-177,1.1006386257873655e-177
blaschke_mu_0p3,exact,60,60,blaschke_mu_0p3,39,(0.00000560993215524290362547137227202100202413525153708648640582175093555868262492196359089113861 + 0.0000153031556735069135029117058087984379411816822693912158697388915291880023077049878442823818j),5.609932155242904e-06,1.5303155673506914e-05,1.629901568666081e-05,1.10063862578736550099235201794717254498540291604966137030147477703825050101821707230492961e-177,1.1006386257873655e-177
blaschke_mu_0p3,exact,60,60,blaschke_mu_0p3,40,0.00369720589101822698274060608909251680345804375817196409623419938564870990754134214664976888,0.003697205891018227,-5.820081366436431e-179,0.003697205891018227,1.10063862578736550099235201794717254498540291604966137030147477703825050101821707230492961e-177,1.1006386257873655e-177
blaschke_mu_0p3,exact,60,60,blaschke_mu_0p3,41,0.00243000000011774879324584335363977727459541371994135378178584550004227871800815057819101798,0.002430000000117749,4.563175144976246e-178,0.002430000000117749,1.10063862578736550099235201794717254498540291604966137030147477703825050101821707230492961e-177,1.1006386257873655e-177
blaschke_mu_0p3,exact,60,60,blaschke_mu_0p3,42,0.00156206947443539850707250411230087334251301487147252281567459247118937959702638999602899828,0.0015620694744353984,-1.6889913451544533e-177,0.0015620694744353984,1.10063862578736550099235201794717254498540291604966137030147477703825050101821707230492961e-177,1.1006386257873655e-177
blaschke_mu_0p3,exact,60,60,blaschke_mu_0p3,43,0.000729115041731254216934719707431878519977881342597577518196462116891595964012763354034872035,0.0007291150417312542,4.342180952443838e-176,0.0007291150417312542,1.10063862578736550099235201794717254498540291604966137030147477703825050101821707230492961e-177,1.1006386257873655e-177
blaschke_mu_0p3,exact,60,60,blaschke_mu_0p3,44,0.000659688364757371736654714800527198872343566331531198497728482987529071916362757303417639612,0.0006596883647573717,-5.3073273079424686e-176,0.0006596883647573717,1.10063862578736550099235201794717254498540291604966137030147477703825050101821707230492961e-177,1.1006386257873655e-177
blaschke_mu_0p3,exact,60,60,blaschke_mu_0p3,45,0.000319430239925566496743835960008344896324985453801225370277326555077639715433496623916322902,0.0003194302399255665,2.948179825881169e-176,0.0003194302399255665,1.10063862578736550099235201794717254498540291604966137030147477703825050101821707230492961e-177,1.1006386257873655e-177
blaschke_mu_0p3,exact,60,60,blaschke_mu_0p3,46,(0.000239476150714204979862238571617032183453211814468810346662617910756309275911609946538307582 - 0.000101251994223959855989519334511228967404387423900110835577377206749466652313785881801452601j),0.00023947615071420497,-0.00010125199422395986,0.0002600015251786447,1.10063862578736550099235201794717254498540291604966137030147477703825050101821707230492961e-177,1.1006386257873655e-177
blaschke_mu_0p3,exact,60,60,blaschke_mu_0p3,47,(0.000239476150714204979862238571617032183453211814468810346662617910756309275911609946538307582 + 0.000101251994223959855989519334511228967404387423900110835577377206749466652313785881801452601j),0.00023947615071420497,0.00010125199422395986,0.0002600015251786447,1.10063862578736550099235201794717254498540291604966137030147477703825050101821707230492961e-177,1.1006386257873655e-177
blaschke_mu_0p3,exact,60,60,blaschke_mu_0p3,48,(0.00010939447677839359195369805388846943889063459260754230338573011264405730874400278738907229 - 0.000146239338767224840200395435505596168853711124630853211834353395800466605516019430136351705j),0.0001093944767783936,-0.00014623933876722485,0.00018262829942999976,1.10063862578736550099235201794717254498540291604966137030147477703825050101821707230492961e-177,1.1006386257873655e-177
blaschke_mu_0p3,exact,60,60,blaschke_mu_0p3,49,(0.00010939447677839359195369805388846943889063459260754230338573011264405730874400278738907229 + 0.000146239338767224840200395435505596168853711124630853211834353395800466605516019430136351705j),0.0001093944767783936,0.00014623933876722485,0.00018262829942999976,1.10063862578736550099235201794717254498540291604966137030147477703825050101821707230492961e-177,1.1006386257873655e-177
blaschke_mu_0p3,exact,60,60,blaschke_mu_0p3,50,(0.00000386976168820645463690289325260589238057332061059947616366054465068833858420122498079733916 - 0.000126368897417161208720195303615006585198829912260332402583871455949846422763792013434715724j),3.869761688206455e-06,-0.00012636889741716122,0.0001264281348828358,1.10063862578736550099235201794717254498540291604966137030147477703825050101821707230492961e-177,1.1006386257873655e-177
blaschke_mu_0p3,exact,60,60,blaschke_mu_0p3,51,(0.00000386976168820645463690289325260589238057332061059947616366054465068833858420122498079733916 + 0.000126368897417161208720195303615006585198829912260332402583871455949846422763792013434715724j),3.869761688206455e-06,0.00012636889741716122,0.0001264281348828358,1.10063862578736550099235201794717254498540291604966137030147477703825050101821707230492961e-177,1.1006386257873655e-177
blaschke_mu_0p3,exact,60,60,blaschke_mu_0p3,52,(-0.0000530244169714674607242298570225487005898576739000161468188703916646048562046982215006011225 - 0.0000670809781839830155922966536420461041134022309625393572791896225216412056940016501166676733j),-5.302441697146746e-05,-6.708097818398302e-05,8.550699637622673e-05,1.10063862578736550099235201794717254498540291604966137030147477703825050101821707230492961e-177,1.1006386257873655e-177
blaschke_mu_0p3,exact,60,60,blaschke_mu_0p3,53,(-0.0000530244169714674607242298570225487005898576739000161468188703916646048562046982215006011225 + 0.0000670809781839830155922966536420461041134022309625393572791896225216412056940016501166676733j),-5.302441697146746e-05,6.708097818398302e-05,8.550699637622673e-05,1.10063862578736550099235201794717254498540291604966137030147477703825050101821707230492961e-177,1.1006386257873655e-177
blaschke_mu_0p3,exact,60,60,blaschke_mu_0p3,54,-0.0000600557512792105816176993377953584412971244724204623427811693908241240706271910240385473433,-6.005575127921058e-05,2.0669177407328944e-182,6.005575127921058e-05,1.10063862578736550099235201794717254498540291604966137030147477703825050101821707230492961e-177,1.1006386257873655e-177
blaschke_mu_0p3,exact,60,60,blaschke_mu_0p3,55,-0.0000436338509691553762873896209449396293800511845457808912023943902105890188992618748950886165,-4.363385096915538e-05,1.018655797131634e-181,4.363385096915538e-05,1.10063862578736550099235201794717254498540291604966137030147477703825050101821707230492961e-177,1.1006386257873655e-177
blaschke_mu_0p3,exact,60,60,blaschke_mu_0p3,56,(-0.0000189013066680510915577992022466462499910421330162034245530768976705048349988445889127752877 - 0.0000181324830810276276819479958184088613584724049974910005960694791183107826689046286740967536j),-1.8901306668051092e-05,-1.813248308102763e-05,2.619248625929707e-05,1.10063862578736550099235201794717254498540291604966137030147477703825050101821707230492961e-177,1.1006386257873655e-177
blaschke_mu_0p3,exact,60,60,blaschke_mu_0p3,57,(-0.0000189013066680510915577992022466462499910421330162034245530768976705048349988445889127752877 + 0.0000181324830810276276819479958184088613584724049974910005960694791183107826689046286740967536j),-1.8901306668051092e-05,1.813248308102763e-05,2.619248625929707e-05,1.10063862578736550099235201794717254498540291604966137030147477703825050101821707230492961e-177,1.1006386257873655e-177
blaschke_mu_0p3,exact,60,60,blaschke_mu_0p3,58,(0.00000648872744381758529897255804436578215865841759077973198366871281270458704392746141994746132 - 0.0000122503702805702012604112944497289367619940452278565851599502959237917647748056697596430978j),6.488727443817585e-06,-1.22503702805702e-05,1.3862725412098053e-05,1.10063862578736550099235201794717254498540291604966137030147477703825050101821707230492961e-177,1.1006386257873655e-177
blaschke_mu_0p3,exact,60,60,blaschke_mu_0p3,59,(0.00000648872744381758529897255804436578215865841759077973198366871281270458704392746141994746132 + 0.0000122503702805702012604112944497289367619940452278565851599502959237917647748056697596430978j),6.488727443817585e-06,1.22503702805702e-05,1.3862725412098053e-05,1.10063862578736550099235201794717254498540291604966137030147477703825050101821707230492961e-177,1.1006386257873655e-177
blaschke_mu_0p3,exact,70,70,blaschke_mu_0p3,0,1.0,1.0,-1.2396494155722845e-181,1.0,1.63180245606285767774043933945408007231097531495897630466759308771361597221825764009874609e-177,1.6318024560628576e-177
blaschke_mu_0p3,exact,70,70,blaschke_mu_0p3,1,0.422500000000000000000000000000000000000000072561295508898458280803569761530826847247353655,0.4225,6.381903253209369e-182,0.4225,1.63180245606285767774043933945408007231097531495897630466759308771361597221825764009874609e-177,1.6318024560628576e-177
blaschke_mu_0p3,exact,70,70,blaschke_mu_0p3,2,0.17850625000000000000000000000000000003248628001075647079181506245663919209794351228879407,0.17850625,-8.651819587199233e-183,0.17850625,1.63180245606285767774043933945408007231097531495897630466759308771361597221825764009874609e-177,1.6318024560628576e-177
blaschke_mu_0p3,exact,70,70,blaschke_mu_0p3,3,0.649999999999999999999999999999999999999999999985253856055359175079140687415993590270004201,0.65,-1.507140993624946e-181,0.65,1.63180245606285767774043933945408007231097531495897630466759308771361597221825764009874609e-177,1.6318024560628576e-177
blaschke_mu_0p3,exact,70,70,blaschke_mu_0p3,4,0.300000000000000000000000000000000000000000000000000000000000000000000000000000002294289237,0.3,4.95243805059731e-182,0.3,1.63180245606285767774043933945408007231097531495897630466759308771361597221825764009874609e-177,1.6318024560628576e-177
blaschke_mu_0p3,exact,70,70,blaschke_mu_0p3,5,0.299999999999999999999999999999999999999999999999999999999999999999999999999999999695119577,0.3,-1.9833529202222714e-182,0.3,1.63180245606285767774043933945408007231097531495897630466759308771361597221825764009874609e-177,1.6318024560628576e-177
blaschke_mu_0p3,exact,70,70,blaschke_mu_0p3,6,0.0754188906250000000000000000000005927433865723466834874783573854212650916321700945904678909,0.075418890625,-4.935312821055012e-183,0.075418890625,1.63180245606285767774043933945408007231097531495897630466759308771361597221825764009874609e-177,1.6318024560628576e-177
blaschke_mu_0p3,exact,70,70,blaschke_mu_0p3,7,0.274625000000000000000000000000000000000011897655676223957307054531257552651861097088836229,0.274625,-1.0766462134676321e-181,0.274625,1.63180245606285767774043933945408007231097531495897630466759308771361597221825764009874609e-177,1.6318024560628576e-177
blaschke_mu_0p3,exact,70,70,blaschke_mu_0p3,8,0.0318644812890625000000000000012421822976938513356210697009525278452628660067398898074428077,0.0318644812890625,2.30696959164313e-182,0.0318644812890625,1.63180245606285767774043933945408007231097531495897630466759308771361597221825764009874609e-177,1.6318024560628576e-177
blaschke_mu_0p3,exact,70,70,blaschke_mu_0p3,9,0.0900000000000000000000000000000000000000000000000000002178794720454082895448768010624240038,0.09,1.3561103448966024e-182,0.09,1.63180245606285767774043933945408007231097531495897630466759308771361597221825764009874609e-177,1.6318024560628576e-177
blaschke_mu_0p3,exact,70,70,blaschke_mu_0p3,10,0.116029062500000000000000000000000002078953193311442560496621531999824277009861878147070467,0.1160290625,-2.043289370804942e-182,0.1160290625,1.63180245606285767774043933945408007231097531495897630466759308771361597221825764009874609e-177,1.6318024560628576e-177
blaschke_mu_0p3,exact,70,70,blaschke_mu_0p3,11,0.0900000000000000000000000000000000000000000000000000000146717185197915713914304159435263877,0.09,9.519228356630175e-182,0.09,1.63180245606285767774043933945408007231097531495897630466759308771361597221825764009874609e-177,1.6318024560628576e-177
blaschke_mu_0p3,exact,70,70,blaschke_mu_0p3,12,0.013462743344628906249999999391708999310027715732204995554748728281531079905516918688245906,0.013462743344628906,1.1360747033031864e-181,0.013462743344628906,1.63180245606285767774043933945408007231097531495897630466759308771361597221825764009874609e-177,1.6318024560628576e-177
blaschke_mu_0p3,exact,70,70,blaschke_mu_0p3,13,0.0269999999999999999999999999999999999990986251607784211475185349247043443186934708326457875,0.027,6.58830709041847e-183,0.027,1.63180245606285767774043933945408007231097531495897630466759308771361597221825764009874609e-177,1.6318024560628576e-177
blaschke_mu_0p3,exact,70,70,blaschke_mu_0p3,14,0.0490222789062500000000000000000194113261664582276556696862646894046011381748794164916134014,0.04902227890625,-2.331058737100972e-181,0.04902227890625,1.63180245606285767774043933945408007231097531495897630466759308771361597221825764009874609e-177,1.6318024560628576e-177
blaschke_mu_0p3,exact,70,70,blaschke_mu_0p3,15,0.00568800906310571289062367521868654763503099016250018349953848829025404153145916657481042554,0.005688009063105713,-3.88774442263823e-183,0.005688009063105713,1.63180245606285767774043933945408007231097531495897630466759308771361597221825764009874609e-177,1.6318024560628576e-177
blaschke_mu_0p3,exact,70,70,blaschke_mu_0p3,16,0.0270000000000000000000000000000000000000851489892910847061387676557907794785996639157094017,0.027,5.9655064175530555e-182,0.027,1.63180245606285767774043933945408007231097531495897630466759308771361597221825764009874609e-177,1.6318024560628576e-177
blaschke_mu_0p3,exact,70,70,blaschke_mu_0p3,17,0.020711912837890625000000000028061465770008384044275879781140631022771485717380044245255858,0.020711912837890624,1.5758715536601727e-181,0.020711912837890624,1.63180245606285767774043933945408007231097531495897630466759308771361597221825764009874609e-177,1.6318024560628576e-177
blaschke_mu_0p3,exact,70,70,blaschke_mu_0p3,18,0.00809999999999999999999999993411024287059915800094582041036321308378605713579423578397889478,0.0081,-1.1119532538923642e-181,0.0081,1.63180245606285767774043933945408007231097531495897630466759308771361597221825764009874609e-177,1.6318024560628576e-177
blaschke_mu_0p3,exact,70,70,blaschke_mu_0p3,19,0.00240318382916216420376550094386427230027171221095034041910651375574021891872964905871766249,0.0024031838291621644,1.7222837477150404e-184,0.0024031838291621644,1.63180245606285767774043933945408007231097531495897630466759308771361597221825764009874609e-177,1.6318024560628576e-177
blaschke_mu_0p3,exact,70,70,blaschke_mu_0p3,20,0.00242999999999999956623142410881008687941703777072520899188414073236354674054276857723988834,0.0024299999999999994,-1.5066902179822912e-182,0.0024299999999999994,1.63180245606285767774043933945408007231097531495897630466759308771361597221825764009874609e-177,1.6318024560628576e-177
blaschke_mu_0p3,exact,70,70,blaschke_mu_0p3,21,0.0087507831740087890624999989102860978297539577545067265377696747177355918761278190027581519,0.00875078317400879,-1.3438847543235582e-182,0.00875078317400879,1.63180245606285767774043933945408007231097531495897630466759308771361597221825764009874609e-177,1.6318024560628576e-177
blaschke_mu_0p3,exact,70,70,blaschke_mu_0p3,22,0.00809999999999999999999999995733266409997133526278846458360503092541483835758650233402746017,0.0081,2.316123655562244e-182,0.0081,1.63180245606285767774043933945408007231097531495897630466759308771361597221825764009874609e-177,1.6318024560628576e-177
blaschke_mu_0p3,exact,70,70,blaschke_mu_0p3,23,0.00101534516781948935036643151082636206202400822601855657152642821639941575661546930736289409,0.0010153451678194894,-3.9451103256719077e-184,0.0010153451678194894,1.63180245606285767774043933945408007231097531495897630466759308771361597221825764009874609e-177,1.6318024560628576e-177
blaschke_mu_0p3,exact,70,70,blaschke_mu_0p3,24,0.0036972058910187133789031444211314814718834517930858837157801693668698472779133503552228118,0.0036972058910187135,1.2304752908401547e-181,0.0036972058910187135,1.63180245606285767774043933945408007231097531495897630466759308771361597221825764009874609e-177,1.6318024560628576e-177
blaschke_mu_0p3,exact,70,70,blaschke_mu_0p3,25,0.000729000000083233149185495923761615971636209260587530248442929046479492768074212539584000197,0.0007290000000832332,7.932785879312845e-182,0.0007290000000832332,1.63180245606285767774043933945408007231097531495897630466759308771361597221825764009874609e-177,1.6318024560628576e-177
blaschke_mu_0p3,exact,70,70,blaschke_mu_0p3,26,0.000428983316011132087528109051487074930209151805200969564098635316918204510275625135505923201,0.0004289833160111321,3.542951922503885e-185,0.0004289833160111321,1.63180245606285767774043933945408007231097531495897630466759308771361597221825764009874609e-177,1.6318024560628576e-177
blaschke_mu_0p3,exact,70,70,blaschke_mu_0p3,27,0.00242999999999999999573780342967720054877380773168651773256391755638412176336596506234920115,0.00243,-2.775157325587295e-180,0.00243,1.63180245606285767774043933945408007231097531495897630466759308771361597221825764009874609e-177,1.6318024560628576e-177
blaschke_mu_0p3,exact,70,70,blaschke_mu_0p3,28,0.00156206948895540790792848113590868616170685155286512195077433507715630832102579128926654874,0.001562069488955408,2.444877006351515e-179,0.001562069488955408,1.63180245606285767774043933945408007231097531495897630466759308771361597221825764009874609e-177,1.6318024560628576e-177
blaschke_mu_0p3,exact,70,70,blaschke_mu_0p3,29,0.000218725766227017940573066087261833539424792705232995154364554135984574946693368733718572638,0.00021872576622701794,6.670405445524407e-182,0.00021872576622701794,1.63180245606285767774043933945408007231097531495897630466759308771361597221825764009874609e-177,1.6318024560628576e-177
blaschke_mu_0p3,exact,70,70,blaschke_mu_0p3,30,0.000181111311200568076945917095750776780664476623337105602134184758087810498666896110905325175,0.00018111131120056808,6.607399250064818e-183,0.00018111131120056808,1.63180245606285767774043933945408007231097531495897630466759308771361597221825764009874609e-177,1.6318024560628576e-177
blaschke_mu_0p3,exact,70,70,blaschke_mu_0p3,31,0.0000943091417910352121384157658114080419672476547896736338336739400545295623289756716452658568,9.43091417910352e-05,7.768908264310501e-182,9.43091417910352e-05,1.63180245606285767774043933945408007231097531495897630466759308771361597221825764009874609e-177,1.6318024560628576e-177
blaschke_mu_0p3,exact,70,70,blaschke_mu_0p3,32,(0.0000705054935220819244042299704182068588127119103444121806434535469945674851843168325975680023 - 0.0000327646120794664338806939139544805423983687464073050618015913206393106128795266091187715194j),7.050549352208193e-05,-3.2764612079466436e-05,7.774666823414527e-05,1.63180245606285767774043933945408007231097531495897630466759308771361597221825764009874609e-177,1.6318024560628576e-177
blaschke_mu_0p3,exact,70,70,blaschke_mu_0p3,33,(0.0000705054935220819244042299704182068588127119103444121806434535469945674851843168325975680023 + 0.0000327646120794664338806939139544805423983687464073050618015913206393106128795266091187715194j),7.050549352208193e-05,3.2764612079466436e-05,7.774666823414527e-05,1.63180245606285767774043933945408007231097531495897630466759308771361597221825764009874609e-177,1.6318024560628576e-177
blaschke_mu_0p3,exact,70,70,blaschke_mu_0p3,34,0.000728999999933279607550976763914599833930682444155183797395754866066250511257993978229790202,0.0007289999999332797,-1.9142884774051844e-177,0.0007289999999332797,1.63180245606285767774043933945408007231097531495897630466759308771361597221825764009874609e-177,1.6318024560628576e-177
blaschke_mu_0p3,exact,70,70,blaschke_mu_0p3,35,(0.0000316405736282784654025038343200208870923695386455357040371301125289804982904438488765277595 - 0.0000448232127558929182202746596517374225427114082897800500986656734574634386476659902866366742j),3.1640573628278465e-05,-4.482321275589292e-05,5.486571152629438e-05,1.63180245606285767774043933945408007231097531495897630466759308771361597221825764009874609e-177,1.6318024560628576e-177
blaschke_mu_0p3,exact,70,70,blaschke_mu_0p3,36,(0.0000316405736282784654025038343200208870923695386455357040371301125289804982904438488765277595 + 0.0000448232127558929182202746596517374225427114082897800500986656734574634386476659902866366742j),3.1640573628278465e-05,4.482321275589292e-05,5.486571152629438e-05,1.63180245606285767774043933945408007231097531495897630466759308771361597221825764009874609e-177,1.6318024560628576e-177
blaschke_mu_0p3,exact,70,70,blaschke_mu_0p3,37,0.00065997435928892075200742547840225532817068460839953305496353215043791654416844677052167611,0.0006599743592889208,2.613070385321067e-177,0.0006599743592889208,1.63180245606285767774043933945408007231097531495897630466759308771361597221825764009874609e-177,1.6318024560628576e-177
blaschke_mu_0p3,exact,70,70,blaschke_mu_0p3,38,(0.000000865834419928353070920307526023877349317281719815962463070518340901638466908143938285761867 - 0.0000381784345518703939086831455768115249658869066665544440769728089039108851298841247099876655j),8.65834419928353e-07,-3.817843455187039e-05,3.818825125708408e-05,1.63180245606285767774043933945408007231097531495897630466759308771361597221825764009874609e-177,1.6318024560628576e-177
blaschke_mu_0p3,exact,70,70,blaschke_mu_0p3,39,(0.000000865834419928353070920307526023877349317281719815962463070518340901638466908143938285761867 + 0.0000381784345518703939086831455768115249658869066665544440769728089039108851298841247099876655j),8.65834419928353e-07,3.817843455187039e-05,3.818825125708408e-05,1.63180245606285767774043933945408007231097531495897630466759308771361597221825764009874609e-177,1.6318024560628576e-177
blaschke_mu_0p3,exact,70,70,blaschke_mu_0p3,40,(-0.0000155644816969916257633001786818549598477754099697813018141944181606765786579571145926776931 - 0.000020895505600670528567937631125846800862516736114046313956654816205149922558862977088311188j),-1.5564481696991626e-05,-2.0895505600670528e-05,2.6055234499110553e-05,1.63180245606285767774043933945408007231097531495897630466759308771361597221825764009874609e-177,1.6318024560628576e-177
blaschke_mu_0p3,exact,70,70,blaschke_mu_0p3,41,(-0.0000155644816969916257633001786818549598477754099697813018141944181606765786579571145926776931 + 0.000020895505600670528567937631125846800862516736114046313956654816205149922558862977088311188j),-1.5564481696991626e-05,2.0895505600670528e-05,2.6055234499110553e-05,1.63180245606285767774043933945408007231097531495897630466759308771361597221825764009874609e-177,1.6318024560628576e-177
blaschke_mu_0p3,exact,70,70,blaschke_mu_0p3,42,(-0.0000162093683837358818527560128830991901209480355078752489290447195265542536659329801534440731 - 0.00000254432383066400676850248698666373089697741466283797663889161072725482058179210188155798744j),-1.6209368383735883e-05,-2.5443238306640067e-06,1.6407839807693795e-05,1.63180245606285767774043933945408007231097531495897630466759308771361597221825764009874609e-177,1.6318024560628576e-177
blaschke_mu_0p3,exact,70,70,blaschke_mu_0p3,43,(-0.0000162093683837358818527560128830991901209480355078752489290447195265542536659329801534440731 + 0.00000254432383066400676850248698666373089697741466283797663889161072725482058179210188155798744j),-1.6209368383735883e-05,2.5443238306640067e-06,1.6407839807693795e-05,1.63180245606285767774043933945408007231097531495897630466759308771361597221825764009874609e-177,1.6318024560628576e-177
blaschke_mu_0p3,exact,70,70,blaschke_mu_0p3,44,(-0.0000070408345332100580249329842665222085963228800436528912332767759883214763463150366273553806 - 0.00000426789278203829034840952071994133529547884582027085497212069349364656980663573278777028156j),-7.040834533210058e-06,-4.267892782038291e-06,8.233362601210871e-06,1.63180245606285767774043933945408007231097531495897630466759308771361597221825764009874609e-177,1.6318024560628576e-177
blaschke_mu_0p3,exact,70,70,blaschke_mu_0p3,45,(-0.0000070408345332100580249329842665222085963228800436528912332767759883214763463150366273553806 + 0.00000426789278203829034840952071994133529547884582027085497212069349364656980663573278777028156j),-7.040834533210058e-06,4.267892782038291e-06,8.233362601210871e-06,1.63180245606285767774043933945408007231097531495897630466759308771361597221825764009874609e-177,1.6318024560628576e-177
blaschke_mu_0p3,exact,70,70,blaschke_mu_0p3,46,(0.0000000932214153344326957392039923888363120314004889721331983179320006793656626722498256140139576 - 0.00000480714628569495671214263230268941874793487841201609168248865025194259364684853839531936003j),9.322141533443269e-08,-4.807146285694957e-06,4.808050087545654e-06,1.63180245606285767774043933945408007231097531495897630466759308771361597221825764009874609e-177,1.6318024560628576e-177
blaschke_mu_0p3,exact,70,70,blaschke_mu_0p3,47,(0.0000000932214153344326957392039923888363120314004889721331983179320006793656626722498256140139576 + 0.00000480714628569495671214263230268941874793487841201609168248865025194259364684853839531936003j),9.322141533443269e-08,4.807146285694957e-06,4.808050087545654e-06,1.63180245606285767774043933945408007231097531495897630466759308771361597221825764009874609e-177,1.6318024560628576e-177
blaschke_mu_0p3,exact,70,70,blaschke_mu_0p3,48,0.00000263377832442138295027561877813779896760730654805511418966915150691199293904288311310078135,2.633778324421383e-06,1.6406807800988477e-182,2.633778324421383e-06,1.63180245606285767774043933945408007231097531495897630466759308771361597221825764009874609e-177,1.6318024560628576e-177
blaschke_mu_0p3,exact,70,70,blaschke_mu_0p3,49,0.00000218360328085722747882765330138827320495414219142331849336836948706195869388442230889501619,2.1836032808572276e-06,-1.2806204837108935e-182,2.1836032808572276e-06,1.63180245606285767774043933945408007231097531495897630466759308771361597221825764009874609e-177,1.6318024560628576e-177
blaschke_mu_0p3,exact,70,70,blaschke_mu_0p3,50,0.000278838430084510910991982193887078179262188770183008159239240296618067453466130510549753874,0.0002788384300845109,-9.989009336401155e-177,0.0002788384300845109,1.63180245606285767774043933945408007231097531495897630466759308771361597221825764009874609e-177,1.6318024560628576e-177
blaschke_mu_0p3,exact,70,70,blaschke_mu_0p3,51,0.000218707879419228195141419412728175768115407562018408617923500729119977399657995161002460416,0.0002187078794192282,1.648015967824733e-176,0.0002187078794192282,1.63180245606285767774043933945408007231097531495897630466759308771361597221825764009874609e-177,1.6318024560628576e-177
blaschke_mu_0p3,exact,70,70,blaschke_mu_0p3,52,0.000116713870293731708494727721391053035301840751782458985657254408868748171657954203573280048,0.00011671387029373171,-2.059647794664497e-176,0.00011671387029373171,1.63180245606285767774043933945408007231097531495897630466759308771361597221825764009874609e-177,1.6318024560628576e-177
blaschke_mu_0p3,exact,70,70,blaschke_mu_0p3,53,0.0000853378619194856582617362931440453519104815777919316048185206602153042203985863091193890865,8.533786191948565e-05,1.143729297745192e-176,8.533786191948565e-05,1.63180245606285767774043933945408007231097531495897630466759308771361597221825764009874609e-177,1.6318024560628576e-177
blaschke_mu_0p3,exact,70,70,blaschke_mu_0p3,54,(0.0000586977265783075634102014857535577937342041365915103119270779131714496070568635059417894127 - 0.0000325549124184823551758183496289218807476732709770538949185806074379251633254920836932249291j),5.869772657830756e-05,-3.2554912418482355e-05,6.712112505044005e-05,1.63180245606285767774043933945408007231097531495897630466759308771361597221825764009874609e-177,1.6318024560628576e-177
blaschke_mu_0p3,exact,70,70,blaschke_mu_0p3,55,(0.0000586977265783075634102014857535577937342041365915103119270779131714496070568635059417894127 + 0.0000325549124184823551758183496289218807476732709770538949185806074379251633254920836932249291j),5.869772657830756e-05,3.2554912418482355e-05,6.712112505044005e-05,1.63180245606285767774043933945408007231097531495897630466759308771361597221825764009874609e-177,1.6318024560628576e-177
blaschke_mu_0p3,exact,70,70,blaschke_mu_0p3,56,(0.0000239188199307159829198839386555756216684464179237406455482726063121413189637977924648512766 - 0.0000408694471994080645156914404898917908860339648041635618144663060590347826105557051771158426j),2.391881993071598e-05,-4.0869447199408063e-05,4.7354214820469994e-05,1.63180245606285767774043933945408007231097531495897630466759308771361597221825764009874609e-177,1.6318024560628576e-177
blaschke_mu_0p3,exact,70,70,blaschke_mu_0p3,57,(0.0000239188199307159829198839386555756216684464179237406455482726063121413189637977924648512766 + 0.0000408694471994080645156914404898917908860339648041635618144663060590347826105557051771158426j),2.391881993071598e-05,4.0869447199408063e-05,4.7354214820469994e-05,1.63180245606285767774043933945408007231097531495897630466759308771361597221825764009874609e-177,1.6318024560628576e-177
blaschke_mu_0p3,exact,70,70,blaschke_mu_0p3,58,(-0.00000228460837879196084318133138972885775839368707321678392616965354704019663921599664727068591 - 0.000032880123062604229865909064199482996405478793924578965853986556878160694626818510408039196j),-2.2846083787919608e-06,-3.288012306260423e-05,3.2959398174973476e-05,1.63180245606285767774043933945408007231097531495897630466759308771361597221825764009874609e-177,1.6318024560628576e-177
blaschke_mu_0p3,exact,70,70,blaschke_mu_0p3,59,(-0.00000228460837879196084318133138972885775839368707321678392616965354704019663921599664727068591 + 0.000032880123062604229865909064199482996405478793924578965853986556878160694626818510408039196j),-2.2846083787919608e-06,3.288012306260423e-05,3.2959398174973476e-05,1.63180245606285767774043933945408007231097531495897630466759308771361597221825764009874609e-177,1.6318024560628576e-177
blaschke_mu_0p3,exact,70,70,blaschke_mu_0p3,60,(-0.0000151260765617437669657489681654902576796175225027793954184751917106645619866247342931682451 - 0.0000166082488582437245416384410963196787758772320111564246025692778294682358112444584864259859j),-1.5126076561743767e-05,-1.6608248858243726e-05,2.2464018391398458e-05,1.63180245606285767774043933945408007231097531495897630466759308771361597221825764009874609e-177,1.6318024560628576e-177
blaschke_mu_0p3,exact,70,70,blaschke_mu_0p3,61,(-0.0000151260765617437669657489681654902576796175225027793954184751917106645619866247342931682451 + 0.0000166082488582437245416384410963196787758772320111564246025692778294682358112444584864259859j),-1.5126076561743767e-05,1.6608248858243726e-05,2.2464018391398458e-05,1.63180245606285767774043933945408007231097531495897630466759308771361597221825764009874609e-177,1.6318024560628576e-177
blaschke_mu_0p3,exact,70,70,blaschke_mu_0p3,62,-0.0000160108354898451106036814324896477948529128176319636011514031953290919393904329032190529941,-1.601083548984511e-05,1.9965748015902563e-179,1.601083548984511e-05,1.63180245606285767774043933945408007231097531495897630466759308771361597221825764009874609e-177,1.6318024560628576e-177
blaschke_mu_0p3,exact,70,70,blaschke_mu_0p3,63,-0.0000115484896777076001941264658472823909540542664915323672781906899147321842477692620402205907,-1.15484896777076e-05,-2.4258722654463855e-179,1.15484896777076e-05,1.63180245606285767774043933945408007231097531495897630466759308771361597221825764009874609e-177,1.6318024560628576e-177
blaschke_mu_0p3,exact,70,70,blaschke_mu_0p3,64,(-0.00000560245330780705536479024648393782157188752877840655894523479674537502544108295810604697164 - 0.00000431806192338194411924025454004260802292094154065846980443122946075756136660710771444086927j),-5.602453307807055e-06,-4.318061923381944e-06,7.073410905660662e-06,1.63180245606285767774043933945408007231097531495897630466759308771361597221825764009874609e-177,1.6318024560628576e-177
blaschke_mu_0p3,exact,70,70,blaschke_mu_0p3,65,(-0.00000560245330780705536479024648393782157188752877840655894523479674537502544108295810604697164 + 0.00000431806192338194411924025454004260802292094154065846980443122946075756136660710771444086927j),-5.602453307807055e-06,4.318061923381944e-06,7.073410905660662e-06,1.63180245606285767774043933945408007231097531495897630466759308771361597221825764009874609e-177,1.6318024560628576e-177
blaschke_mu_0p3,exact,70,70,blaschke_mu_0p3,66,(0.000000598672537143563662292256141508155414718756841301048886141827479224275185686122831745883743 - 0.0000040678449794233959392493076444468920367983470127212168323749345614171601082217706360419061j),5.986725371435637e-07,-4.067844979423396e-06,4.111662873260652e-06,1.63180245606285767774043933945408007231097531495897630466759308771361597221825764009874609e-177,1.6318024560628576e-177
blaschke_mu_0p3,exact,70,70,blaschke_mu_0p3,67,(0.000000598672537143563662292256141508155414718756841301048886141827479224275185686122831745883743 + 0.0000040678449794233959392493076444468920367983470127212168323749345614171601082217706360419061j),5.986725371435637e-07,4.067844979423396e-06,4.111662873260652e-06,1.63180245606285767774043933945408007231097531495897630466759308771361597221825764009874609e-177,1.6318024560628576e-177
blaschke_mu_0p3,exact,70,70,blaschke_mu_0p3,68,0.00000252302297421265413665422088816143048777085617669452796904789992157439745929053877627716364,2.5230229742126543e-06,1.4025507422026228e-183,2.5230229742126543e-06,1.63180245606285767774043933945408007231097531495897630466759308771361597221825764009874609e-177,1.6318024560628576e-177
blaschke_mu_0p3,exact,70,70,blaschke_mu_0p3,69,0.00000163162206150283247210257506532807387429660567556900495664636063255772242234612263955186411,1.6316220615028325e-06,-2.3624777259333648e-182,1.6316220615028325e-06,1.63180245606285767774043933945408007231097531495897630466759308771361597221825764009874609e-177,1.6318024560628576e-177
blaschke_mu_0p3,exact,80,80,blaschke_mu_0p3,0,1.0,1.0,7.470882163752704e-182,1.0,2.14911075601700673054485035186971460047985568690515255534096219453229328005062670634943448e-177,2.149110756017007e-177
blaschke_mu_0p3,exact,80,80,blaschke_mu_0p3,1,0.422500000000000000000000000000000000000000000000047677061321843521525756129393673116407966,0.4225,-8.043502036428798e-183,0.4225,2.14911075601700673054485035186971460047985568690515255534096219453229328005062670634943448e-177,2.149110756017007e-177
blaschke_mu_0p3,exact,80,80,blaschke_mu_0p3,2,0.17850625000000000000000000000000000000000002013794087290485297884687945526167012753114673,0.17850625,5.475449098108416e-182,0.17850625,2.14911075601700673054485035186971460047985568690515255534096219453229328005062670634943448e-177,2.149110756017007e-177
blaschke_mu_0p3,exact,80,80,blaschke_mu_0p3,3,0.649999999999999999999999999999999999999999999999999999776828791950208764577478239008097236,0.65,1.1772848310935141e-181,0.65,2.14911075601700673054485035186971460047985568690515255534096219453229328005062670634943448e-177,2.149110756017007e-177
blaschke_mu_0p3,exact,80,80,blaschke_mu_0p3,4,0.3,0.3,1.611382616256769e-182,0.3,2.14911075601700673054485035186971460047985568690515255534096219453229328005062670634943448e-177,2.149110756017007e-177
blaschke_mu_0p3,exact,80,80,blaschke_mu_0p3,5,0.3,0.3,-4.393074420657353e-182,0.3,2.14911075601700673054485035186971460047985568690515255534096219453229328005062670634943448e-177,2.149110756017007e-177
blaschke_mu_0p3,exact,80,80,blaschke_mu_0p3,6,0.0754188906250000000000000000000000000004186457299080986880817982478073129818052401535572043,0.075418890625,2.283000544273126e-183,0.075418890625,2.14911075601700673054485035186971460047985568690515255534096219453229328005062670634943448e-177,2.149110756017007e-177
blaschke_mu_0p3,exact,80,80,blaschke_mu_0p3,7,0.27462500000000000000000000000000000000000000001475362632867638709661604108265056332377379,0.274625,-9.145038829711105e-182,0.274625,2.14911075601700673054485035186971460047985568690515255534096219453229328005062670634943448e-177,2.149110756017007e-177
blaschke_mu_0p3,exact,80,80,blaschke_mu_0p3,8,0.08999999999999999999999999999999999999999999999999999999999999999998742478025929785664259,0.09,2.4585665633371105e-182,0.09,2.14911075601700673054485035186971460047985568690515255534096219453229328005062670634943448e-177,2.149110756017007e-177
blaschke_mu_0p3,exact,80,80,blaschke_mu_0p3,9,0.0318644812890625000000000000000000001692581854755032459237266159077299938870750115697571486,0.0318644812890625,-5.000739018689109e-183,0.0318644812890625,2.14911075601700673054485035186971460047985568690515255534096219453229328005062670634943448e-177,2.149110756017007e-177
blaschke_mu_0p3,exact,80,80,blaschke_mu_0p3,10,0.0899999999999999999999999999999999999999999999999999999999999999999992598778819879292336473,0.09,1.1015025108055538e-181,0.09,2.14911075601700673054485035186971460047985568690515255534096219453229328005062670634943448e-177,2.149110756017007e-177
blaschke_mu_0p3,exact,80,80,blaschke_mu_0p3,11,0.11602906250000000000000000000000000000000183851405021973390857751810790654072228017241643,0.1160290625,4.115888469799746e-182,0.1160290625,2.14911075601700673054485035186971460047985568690515255534096219453229328005062670634943448e-177,2.149110756017007e-177
blaschke_mu_0p3,exact,80,80,blaschke_mu_0p3,12,0.0270000000000000000000000000000000000000000000000064715699171940492411380074731506147673971,0.027,-8.662990419487771e-183,0.027,2.14911075601700673054485035186971460047985568690515255534096219453229328005062670634943448e-177,2.149110756017007e-177
blaschke_mu_0p3,exact,80,80,blaschke_mu_0p3,13,0.0134627433446289062499999999999942083103507172215362002385532719705255338888272837461758654,0.013462743344628906,2.768981878259801e-183,0.013462743344628906,2.14911075601700673054485035186971460047985568690515255534096219453229328005062670634943448e-177,2.149110756017007e-177
blaschke_mu_0p3,exact,80,80,blaschke_mu_0p3,14,0.0490222789062500000000000000000000000198388883105289066707760907717885288395143595902299493,0.04902227890625,4.136361139419988e-183,0.04902227890625,2.14911075601700673054485035186971460047985568690515255534096219453229328005062670634943448e-177,2.149110756017007e-177
blaschke_mu_0p3,exact,80,80,blaschke_mu_0p3,15,0.0269999999999999999999999999999999999999999999999994679588462634289014978952087513554669418,0.027,-6.847346120062919e-183,0.027,2.14911075601700673054485035186971460047985568690515255534096219453229328005062670634943448e-177,2.149110756017007e-177
blaschke_mu_0p3,exact,80,80,blaschke_mu_0p3,16,0.00568800906310571289062499999139669595575052913048869138744697767615819489301023128954169495,0.005688009063105713,1.8241774975315901e-183,0.005688009063105713,2.14911075601700673054485035186971460047985568690515255534096219453229328005062670634943448e-177,2.149110756017007e-177
blaschke_mu_0p3,exact,80,80,blaschke_mu_0p3,17,0.00810000000000000000000000000000000001838894386059483808390115729194433277150876807985373238,0.0081,-9.212177046407369e-184,0.0081,2.14911075601700673054485035186971460047985568690515255534096219453229328005062670634943448e-177,2.149110756017007e-177
blaschke_mu_0p3,exact,80,80,blaschke_mu_0p3,18,0.0207119128378906250000000000000000190691079203271858114966442137725388698848506504963223771,0.020711912837890624,-2.9876974321035113e-182,0.020711912837890624,2.14911075601700673054485035186971460047985568690515255534096219453229328005062670634943448e-177,2.149110756017007e-177
blaschke_mu_0p3,exact,80,80,blaschke_mu_0p3,19,0.00240318382916216369628905623037175314410093700372416505347630250144409449767664211299981345,0.0024031838291621636,-1.6434071398673508e-184,0.0024031838291621636,2.14911075601700673054485035186971460047985568690515255534096219453229328005062670634943448e-177,2.149110756017007e-177
blaschke_mu_0p3,exact,80,80,blaschke_mu_0p3,20,0.00810000000000000000000000000000000001029870172651966639755461938769742793763841116195308905,0.0081,3.927141769935188e-183,0.0081,2.14911075601700673054485035186971460047985568690515255534096219453229328005062670634943448e-177,2.149110756017007e-177
blaschke_mu_0p3,exact,80,80,blaschke_mu_0p3,21,0.0087507831740087890624999999999305104461860423941855513914716172046480652567942851933641502,0.00875078317400879,-2.481697394032039e-182,0.00875078317400879,2.14911075601700673054485035186971460047985568690515255534096219453229328005062670634943448e-177,2.149110756017007e-177
blaschke_mu_0p3,exact,80,80,blaschke_mu_0p3,22,0.0024300000000000000000000025089122702328609511603151005037112996514147107574775468377764301,0.00243,-1.2902524482242486e-181,0.00243,2.14911075601700673054485035186971460047985568690515255534096219453229328005062670634943448e-177,2.149110756017007e-177
blaschke_mu_0p3,exact,80,80,blaschke_mu_0p3,23,0.00101534516782101416174369669056168237876701780343976277189763803727515627892927141696687955,0.0010153451678210142,7.137974992025245e-183,0.0010153451678210142,2.14911075601700673054485035186971460047985568690515255534096219453229328005062670634943448e-177,2.149110756017007e-177
blaschke_mu_0p3,exact,80,80,blaschke_mu_0p3,24,0.00369720589101871337890624991147673305842395620224419117270065143371840066651181763987523398,0.0036972058910187135,-3.313998132633112e-182,0.0036972058910187135,2.14911075601700673054485035186971460047985568690515255534096219453229328005062670634943448e-177,2.149110756017007e-177
blaschke_mu_0p3,exact,80,80,blaschke_mu_0p3,25,0.000728999999999999993249639722032733832680842154280267483848467197236865518407761129153318762,0.000729,-1.6610172528080525e-181,0.000729,2.14911075601700673054485035186971460047985568690515255534096219453229328005062670634943448e-177,2.149110756017007e-177
blaschke_mu_0p3,exact,80,80,blaschke_mu_0p3,26,0.00243000000000000000000000002114608475395489956195453709374279306566115415342358754574774872,0.00243,-1.6102151248700972e-181,0.00243,2.14911075601700673054485035186971460047985568690515255534096219453229328005062670634943448e-177,2.149110756017007e-177
blaschke_mu_0p3,exact,80,80,blaschke_mu_0p3,27,0.000428983333404382611714242939376446387439757483593789894019216264909106358229234003961278743,0.00042898333340438263,1.1181143321552185e-182,0.00042898333340438263,2.14911075601700673054485035186971460047985568690515255534096219453229328005062670634943448e-177,2.149110756017007e-177
blaschke_mu_0p3,exact,80,80,blaschke_mu_0p3,28,0.00156206948895540640258784171506734504189638120644297373166839513197432410536361544644097122,0.0015620694889554065,6.612113047112463e-181,0.0015620694889554065,2.14911075601700673054485035186971460047985568690515255534096219453229328005062670634943448e-177,2.149110756017007e-177
blaschke_mu_0p3,exact,80,80,blaschke_mu_0p3,29,0.000181245458529198423888078613318814141841778423194213772012824419123522536530732575699008043,0.00018124545852919843,2.8520900640064147e-184,0.00018124545852919843,2.14911075601700673054485035186971460047985568690515255534096219453229328005062670634943448e-177,2.149110756017007e-177
blaschke_mu_0p3,exact,80,80,blaschke_mu_0p3,30,0.000218699999977482373993093103515714200104293866428216151574093959897132013438750406543867315,0.00021869999997748237,-2.2582478059313116e-181,0.00021869999997748237,2.14911075601700673054485035186971460047985568690515255534096219453229328005062670634943448e-177,2.149110756017007e-177
blaschke_mu_0p3,exact,80,80,blaschke_mu_0p3,31,0.000729000000000000004594185712943482991659184365170066760834817713395946330540643475609649373,0.000729,-8.258555348052503e-179,0.000729,2.14911075601700673054485035186971460047985568690515255534096219453229328005062670634943448e-177,2.149110756017007e-177
blaschke_mu_0p3,exact,80,80,blaschke_mu_0p3,32,0.00065997435908365918775734436794294394715426308168481917182738825102639545004575638550281201,0.0006599743590836592,1.29068929551252e-178,0.0006599743590836592,2.14911075601700673054485035186971460047985568690515255534096219453229328005062670634943448e-177,2.149110756017007e-177
blaschke_mu_0p3,exact,80,80,blaschke_mu_0p3,33,0.0000765751261457027161242187615835704114915076011585155466722098651722068940021959549340082057,7.657512614570272e-05,-1.7738064105637613e-182,7.657512614570272e-05,2.14911075601700673054485035186971460047985568690515255534096219453229328005062670634943448e-177,2.149110756017007e-177
blaschke_mu_0p3,exact,80,80,blaschke_mu_0p3,34,0.0000656145993804742602841364712228189770528769385886517768774331719403961504886592572737609837,6.561459938047426e-05,3.965409853058991e-181,6.561459938047426e-05,2.14911075601700673054485035186971460047985568690515255534096219453229328005062670634943448e-177,2.149110756017007e-177
blaschke_mu_0p3,exact,80,80,blaschke_mu_0p3,35,0.000278839166713186510164685789855873866277257941506394774984807383863227446929877503009906252,0.0002788391667131865,-1.7612845261032852e-177,0.0002788391667131865,2.14911075601700673054485035186971460047985568690515255534096219453229328005062670634943448e-177,2.149110756017007e-177
blaschke_mu_0p3,exact,80,80,blaschke_mu_0p3,36,0.000218699999994232501198352293706935853485182303481008385435536426402683771579528624803141209,0.0002186999999942325,4.1263389830060045e-177,0.0002186999999942325,2.14911075601700673054485035186971460047985568690515255534096219453229328005062670634943448e-177,2.149110756017007e-177
blaschke_mu_0p3,exact,80,80,blaschke_mu_0p3,37,0.0000312191316991504976718415451470685419239455308470425030257023154516235446676947186648046338,3.12191316991505e-05,-2.4060469477867415e-181,3.12191316991505e-05,2.14911075601700673054485035186971460047985568690515255534096219453229328005062670634943448e-177,2.149110756017007e-177
blaschke_mu_0p3,exact,80,80,blaschke_mu_0p3,38,0.0000269829151981324719826088832221540311542035849231880472023367180027400607032676418904716988,2.698291519813247e-05,1.3101768292100716e-181,2.698291519813247e-05,2.14911075601700673054485035186971460047985568690515255534096219453229328005062670634943448e-177,2.149110756017007e-177
blaschke_mu_0p3,exact,80,80,blaschke_mu_0p3,39,(0.0000172477222597030052000063950363439399017571287639531290311610700592070236898494131837577125 - 0.0000103305674087481204243222673839496808462220288600035640352522583958817968374320976170803189j),1.7247722259703006e-05,-1.0330567408748121e-05,2.0104838873627995e-05,2.14911075601700673054485035186971460047985568690515255534096219453229328005062670634943448e-177,2.149110756017007e-177
blaschke_mu_0p3,exact,80,80,blaschke_mu_0p3,40,(0.0000172477222597030052000063950363439399017571287639531290311610700592070236898494131837577125 + 0.0000103305674087481204243222673839496808462220288600035640352522583958817968374320976170803189j),1.7247722259703006e-05,1.0330567408748121e-05,2.0104838873627995e-05,2.14911075601700673054485035186971460047985568690515255534096219453229328005062670634943448e-177,2.149110756017007e-177
blaschke_mu_0p3,exact,80,80,blaschke_mu_0p3,41,(0.00000680646639756055222709341750161965275928757938120831784252655609468476908419089648077596256 - 0.0000124785112336423966091507471413698456425234149031451289049219212722253507141638740743843263j),6.806466397560552e-06,-1.2478511233642396e-05,1.4214120705455557e-05,2.14911075601700673054485035186971460047985568690515255534096219453229328005062670634943448e-177,2.149110756017007e-177
blaschke_mu_0p3,exact,80,80,blaschke_mu_0p3,42,(0.00000680646639756055222709341750161965275928757938120831784252655609468476908419089648077596256 + 0.0000124785112336423966091507471413698456425234149031451289049219212722253507141638740743843263j),6.806466397560552e-06,1.2478511233642396e-05,1.4214120705455557e-05,2.14911075601700673054485035186971460047985568690515255534096219453229328005062670634943448e-177,2.149110756017007e-177
blaschke_mu_0p3,exact,80,80,blaschke_mu_0p3,43,0.000117809550230114454743002040813349418463407471627617901239296683981628464514633618034602023,0.00011780955023011445,-1.189997092317584e-176,0.00011780955023011445,2.14911075601700673054485035186971460047985568690515255534096219453229328005062670634943448e-177,2.149110756017007e-177
blaschke_mu_0p3,exact,80,80,blaschke_mu_0p3,44,(-0.000000853611075535844334323825513819058087646379167826831479045125495864592846393870846479606843 - 0.00000990080434846429610079197188185169892771902295986600395746949229236213537878558990164396824j),-8.536110755358444e-07,-9.900804348464295e-06,9.937533829620253e-06,2.14911075601700673054485035186971460047985568690515255534096219453229328005062670634943448e-177,2.149110756017007e-177
blaschke_mu_0p3,exact,80,80,blaschke_mu_0p3,45,(-0.000000853611075535844334323825513819058087646379167826831479045125495864592846393870846479606843 + 0.00000990080434846429610079197188185169892771902295986600395746949229236213537878558990164396824j),-8.536110755358444e-07,9.900804348464295e-06,9.937533829620253e-06,2.14911075601700673054485035186971460047985568690515255534096219453229328005062670634943448e-177,2.149110756017007e-177
blaschke_mu_0p3,exact,80,80,blaschke_mu_0p3,46,(-0.00000455705703648566400304567700543673962991305957186176505877202696813012177387269348845678499 - 0.00000509194301829879056973595630597498284663227673080538243503136548220499071901710458388285178j),-4.557057036485664e-06,-5.09194301829879e-06,6.833348559482774e-06,2.14911075601700673054485035186971460047985568690515255534096219453229328005062670634943448e-177,2.149110756017007e-177
blaschke_mu_0p3,exact,80,80,blaschke_mu_0p3,47,(-0.00000455705703648566400304567700543673962991305957186176505877202696813012177387269348845678499 + 0.00000509194301829879056973595630597498284663227673080538243503136548220499071901710458388285178j),-4.557057036485664e-06,5.09194301829879e-06,6.833348559482774e-06,2.14911075601700673054485035186971460047985568690515255534096219453229328005062670634943448e-177,2.149110756017007e-177
blaschke_mu_0p3,exact,80,80,blaschke_mu_0p3,48,-0.00000428100259242375856966644096779529667444041621510074741250833781664070698539790101445369536,-4.281002592423759e-06,2.7625771027138184e-180,4.281002592423759e-06,2.14911075601700673054485035186971460047985568690515255534096219453229328005062670634943448e-177,2.149110756017007e-177
blaschke_mu_0p3,exact,80,80,blaschke_mu_0p3,49,-0.00000431103769573840584337945685838429669168563492044309597830473898397842726530112755007042381,-4.311037695738406e-06,-2.4546468233034952e-180,4.311037695738406e-06,2.14911075601700673054485035186971460047985568690515255534096219453229328005062670634943448e-177,2.149110756017007e-177
blaschke_mu_0p3,exact,80,80,blaschke_mu_0p3,50,(-0.00000191105072235275001824868747051938832127639105295418843031173858145984002252683615263874965 - 0.00000109103581222145388820004924035005560335753292711194655758605167044709854174085732049019612j),-1.91105072235275e-06,-1.091035812221454e-06,2.200562202473426e-06,2.14911075601700673054485035186971460047985568690515255534096219453229328005062670634943448e-177,2.149110756017007e-177
blaschke_mu_0p3,exact,80,80,blaschke_mu_0p3,51,(-0.00000191105072235275001824868747051938832127639105295418843031173858145984002252683615263874965 + 0.00000109103581222145388820004924035005560335753292711194655758605167044709854174085732049019612j),-1.91105072235275e-06,1.091035812221454e-06,2.200562202473426e-06,2.14911075601700673054485035186971460047985568690515255534096219453229328005062670634943448e-177,2.149110756017007e-177
blaschke_mu_0p3,exact,80,80,blaschke_mu_0p3,52,(-0.000000167092056101441688365825735306688482517154506643810835266730444694967144816467273231921844 - 0.00000133826438689644255121564536661923694930073851300192400780922662972483380935672336318345015j),-1.670920561014417e-07,-1.3382643868964427e-06,1.348655376457425e-06,2.14911075601700673054485035186971460047985568690515255534096219453229328005062670634943448e-177,2.149110756017007e-177
blaschke_mu_0p3,exact,80,80,blaschke_mu_0p3,53,(-0.000000167092056101441688365825735306688482517154506643810835266730444694967144816467273231921844 + 0.00000133826438689644255121564536661923694930073851300192400780922662972483380935672336318345015j),-1.670920561014417e-07,1.3382643868964427e-06,1.348655376457425e-06,2.14911075601700673054485035186971460047985568690515255534096219453229328005062670634943448e-177,2.149110756017007e-177
blaschke_mu_0p3,exact,80,80,blaschke_mu_0p3,54,(0.0000006419748205642386210578791257204736706551226889587872218603323997046612874470288731541895 - 0.000000438841956906712953477758303193317102376001157258231408199382247542070139806693561032707824j),6.419748205642386e-07,-4.3884195690671296e-07,7.776335469745371e-07,2.14911075601700673054485035186971460047985568690515255534096219453229328005062670634943448e-177,2.149110756017007e-177
blaschke_mu_0p3,exact,80,80,blaschke_mu_0p3,55,(0.0000006419748205642386210578791257204736706551226889587872218603323997046612874470288731541895 + 0.000000438841956906712953477758303193317102376001157258231408199382247542070139806693561032707824j),6.419748205642386e-07,4.3884195690671296e-07,7.776335469745371e-07,2.14911075601700673054485035186971460047985568690515255534096219453229328005062670634943448e-177,2.149110756017007e-177
blaschke_mu_0p3,exact,80,80,blaschke_mu_0p3,56,(0.00000023281154294936647366567709916072935864412480580907303962812626588225780868590781423994837 - 0.000000225003962006201220647869591596699850309576768189130625311790837628184960930015980073968385j),2.3281154294936648e-07,-2.2500396200620122e-07,3.2377152044142603e-07,2.14911075601700673054485035186971460047985568690515255534096219453229328005062670634943448e-177,2.149110756017007e-177
blaschke_mu_0p3,exact,80,80,blaschke_mu_0p3,57,(0.00000023281154294936647366567709916072935864412480580907303962812626588225780868590781423994837 + 0.000000225003962006201220647869591596699850309576768189130625311790837628184960930015980073968385j),2.3281154294936648e-07,2.2500396200620122e-07,3.2377152044142603e-07,2.14911075601700673054485035186971460047985568690515255534096219453229328005062670634943448e-177,2.149110756017007e-177
blaschke_mu_0p3,exact,80,80,blaschke_mu_0p3,58,0.0000656089091338060375449380406197992665306505604562566494861848453510310126138510325909877736,6.560890913380604e-05,6.079129781554492e-176,6.560890913380604e-05,2.14911075601700673054485035186971460047985568690515255534096219453229328005062670634943448e-177,2.149110756017007e-177
blaschke_mu_0p3,exact,80,80,blaschke_mu_0p3,59,0.0000497866820617554216808864396738436661297203283377287277749963127400659409198742739489955586,4.9786682061755424e-05,-8.115710010971308e-176,4.9786682061755424e-05,2.14911075601700673054485035186971460047985568690515255534096219453229328005062670634943448e-177,2.149110756017007e-177
blaschke_mu_0p3,exact,80,80,blaschke_mu_0p3,60,(0.0000235106923514695158699465588213203136979580338836909190012929045859052386377402414903538313 - 0.00000431205288637232646826028987909652997336163019707901484820844417623833826442451633424424031j),2.3510692351469515e-05,-4.312052886372326e-06,2.3902854535396375e-05,2.14911075601700673054485035186971460047985568690515255534096219453229328005062670634943448e-177,2.149110756017007e-177
blaschke_mu_0p3,exact,80,80,blaschke_mu_0p3,61,(0.0000235106923514695158699465588213203136979580338836909190012929045859052386377402414903538313 + 0.00000431205288637232646826028987909652997336163019707901484820844417623833826442451633424424031j),2.3510692351469515e-05,4.312052886372326e-06,2.3902854535396375e-05,2.14911075601700673054485035186971460047985568690515255534096219453229328005062670634943448e-177,2.149110756017007e-177
blaschke_mu_0p3,exact,80,80,blaschke_mu_0p3,62,(0.0000142197180715118972253945323977516300428471920164683924619220871905806542739635940521855983 - 0.000010033280653883990581583060272110961626247060671115036252776387466673996611931081096209643j),1.4219718071511898e-05,-1.003328065388399e-05,1.7403077392027102e-05,2.14911075601700673054485035186971460047985568690515255534096219453229328005062670634943448e-177,2.149110756017007e-177
blaschke_mu_0p3,exact,80,80,blaschke_mu_0p3,63,(0.0000142197180715118972253945323977516300428471920164683924619220871905806542739635940521855983 + 0.000010033280653883990581583060272110961626247060671115036252776387466673996611931081096209643j),1.4219718071511898e-05,1.003328065388399e-05,1.7403077392027102e-05,2.14911075601700673054485035186971460047985568690515255534096219453229328005062670634943448e-177,2.149110756017007e-177
blaschke_mu_0p3,exact,80,80,blaschke_mu_0p3,64,(0.00000493903877831314507958628988810186003289298403968158508564998617205466563404163746346012415 - 0.0000112331424098982791931164134213641261852499891708388207876914135905418014226086048893948129j),4.939038778313145e-06,-1.1233142409898279e-05,1.227100617124514e-05,2.14911075601700673054485035186971460047985568690515255534096219453229328005062670634943448e-177,2.149110756017007e-177
blaschke_mu_0p3,exact,80,80,blaschke_mu_0p3,65,(0.00000493903877831314507958628988810186003289298403968158508564998617205466563404163746346012415 + 0.0000112331424098982791931164134213641261852499891708388207876914135905418014226086048893948129j),4.939038778313145e-06,1.1233142409898279e-05,1.227100617124514e-05,2.14911075601700673054485035186971460047985568690515255534096219453229328005062670634943448e-177,2.149110756017007e-177
blaschke_mu_0p3,exact,80,80,blaschke_mu_0p3,66,(-0.00000151131743269861090974039598118378030550751558743278038471714378973720759874604878854775331 - 0.00000844492114880225988652348665732003889124773078946281355707420985362319476032042665696300691j),-1.511317432698611e-06,-8.444921148802259e-06,8.579089321825854e-06,2.14911075601700673054485035186971460047985568690515255534096219453229328005062670634943448e-177,2.149110756017007e-177
blaschke_mu_0p3,exact,80,80,blaschke_mu_0p3,67,(-0.00000151131743269861090974039598118378030550751558743278038471714378973720759874604878854775331 + 0.00000844492114880225988652348665732003889124773078946281355707420985362319476032042665696300691j),-1.511317432698611e-06,8.444921148802259e-06,8.579089321825854e-06,2.14911075601700673054485035186971460047985568690515255534096219453229328005062670634943448e-177,2.149110756017007e-177
blaschke_mu_0p3,exact,80,80,blaschke_mu_0p3,68,(-0.00000433701107862909696889194787218429397528143653328051386107971430829109999379653744056687097 - 0.00000398919757061903090021052863616540154289476590329708679219942472997059139167065999691097502j),-4.337011078629097e-06,-3.989197570619031e-06,5.8926532524478566e-06,2.14911075601700673054485035186971460047985568690515255534096219453229328005062670634943448e-177,2.149110756017007e-177
blaschke_mu_0p3,exact,80,80,blaschke_mu_0p3,69,(-0.00000433701107862909696889194787218429397528143653328051386107971430829109999379653744056687097 + 0.00000398919757061903090021052863616540154289476590329708679219942472997059139167065999691097502j),-4.337011078629097e-06,3.989197570619031e-06,5.8926532524478566e-06,2.14911075601700673054485035186971460047985568690515255534096219453229328005062670634943448e-177,2.149110756017007e-177
blaschke_mu_0p3,exact,80,80,blaschke_mu_0p3,70,-0.00000434503679437125846270527558144098679108892774576007379584691951538097026430749663849352252,-4.345036794371258e-06,-2.6710104698934462e-179,4.345036794371258e-06,2.14911075601700673054485035186971460047985568690515255534096219453229328005062670634943448e-177,2.149110756017007e-177
blaschke_mu_0p3,exact,80,80,blaschke_mu_0p3,71,-0.00000290539330674810035475994969596694801057583238171628482780052574639308478634495508539325435,-2.9053933067481e-06,4.723189902260212e-180,2.9053933067481e-06,2.14911075601700673054485035186971460047985568690515255534096219453229328005062670634943448e-177,2.149110756017007e-177
blaschke_mu_0p3,exact,80,80,blaschke_mu_0p3,72,(-0.00000153480504954340302266825041679342410614967237856140568178142255761851499634657462649672636 - 0.00000111160125872982880156449474962146715503574623095620543350460394468947438659673418727373895j),-1.534805049543403e-06,-1.1116012587298288e-06,1.8950683097222821e-06,2.14911075601700673054485035186971460047985568690515255534096219453229328005062670634943448e-177,2.149110756017007e-177
blaschke_mu_0p3,exact,80,80,blaschke_mu_0p3,73,(-0.00000153480504954340302266825041679342410614967237856140568178142255761851499634657462649672636 + 0.00000111160125872982880156449474962146715503574623095620543350460394468947438659673418727373895j),-1.534805049543403e-06,1.1116012587298288e-06,1.8950683097222821e-06,2.14911075601700673054485035186971460047985568690515255534096219453229328005062670634943448e-177,2.149110756017007e-177
blaschke_mu_0p3,exact,80,80,blaschke_mu_0p3,74,(-0.0000000088494625251016402713159215974741138133343812860600928168107452664620258319944458526833206 - 0.00000115870407141610766716957246961484608721992950948817211859788426762472191119226824126691729j),-8.84946252510164e-09,-1.1587040714161078e-06,1.1587378642744215e-06,2.14911075601700673054485035186971460047985568690515255534096219453229328005062670634943448e-177,2.149110756017007e-177
blaschke_mu_0p3,exact,80,80,blaschke_mu_0p3,75,(-0.0000000088494625251016402713159215974741138133343812860600928168107452664620258319944458526833206 + 0.00000115870407141610766716957246961484608721992950948817211859788426762472191119226824126691729j),-8.84946252510164e-09,1.1587040714161078e-06,1.1587378642744215e-06,2.14911075601700673054485035186971460047985568690515255534096219453229328005062670634943448e-177,2.149110756017007e-177
blaschke_mu_0p3,exact,80,80,blaschke_mu_0p3,76,(0.000000581535017273460302530501803875985583568911526362490576791178173539750496506533540412425347 - 0.000000298518687524258411137844069069897672434583667390818742083363712162446948757631569972088226j),5.815350172734603e-07,-2.985186875242584e-07,6.536791132631129e-07,2.14911075601700673054485035186971460047985568690515255534096219453229328005062670634943448e-177,2.149110756017007e-177
blaschke_mu_0p3,exact,80,80,blaschke_mu_0p3,77,(0.000000581535017273460302530501803875985583568911526362490576791178173539750496506533540412425347 + 0.000000298518687524258411137844069069897672434583667390818742083363712162446948757631569972088226j),5.815350172734603e-07,2.985186875242584e-07,6.536791132631129e-07,2.14911075601700673054485035186971460047985568690515255534096219453229328005062670634943448e-177,2.149110756017007e-177
blaschke_mu_0p3,exact,80,80,blaschke_mu_0p3,78,(0.000000172472248664454680398848297586848971026027248551641215533222147327396805314315526140081814 - 0.000000214955198825322227894402842085966883954126129746272319695169048317597371053248448032637348j),1.724722486644547e-07,-2.1495519882532223e-07,2.7559465535711554e-07,2.14911075601700673054485035186971460047985568690515255534096219453229328005062670634943448e-177,2.149110756017007e-177
blaschke_mu_0p3,exact,80,80,blaschke_mu_0p3,79,(0.000000172472248664454680398848297586848971026027248551641215533222147327396805314315526140081814 + 0.000000214955198825322227894402842085966883954126129746272319695169048317597371053248448032637348j),1.724722486644547e-07,2.1495519882532223e-07,2.7559465535711554e-07,2.14911075601700673054485035186971460047985568690515255534096219453229328005062670634943448e-177,2.149110756017007e-177
blaschke_mu_0p3,exact,90,90,blaschke_mu_0p3,0,1.0,1.0,3.9910739014138953e-181,1.0,2.22430198857389882207716322595744253629524908898989827553402087136340676668872677453114725e-177,2.224301988573899e-177
blaschke_mu_0p3,exact,90,90,blaschke_mu_0p3,1,0.422500000000000000000000000000000000000000000000000000019431201738374120473517484046125575,0.4225,-2.8707366452162656e-182,0.4225,2.22430198857389882207716322595744253629524908898989827553402087136340676668872677453114725e-177,2.224301988573899e-177
blaschke_mu_0p3,exact,90,90,blaschke_mu_0p3,2,0.650000000000000000000000000000000000000000000000000000000000852998014125724910010948275476,0.65,-2.5752152171194975e-181,0.65,2.22430198857389882207716322595744253629524908898989827553402087136340676668872677453114725e-177,2.224301988573899e-177
blaschke_mu_0p3,exact,90,90,blaschke_mu_0p3,3,0.178506250000000000000000000000000000000000000000008920528133480699559267791683773956948834,0.17850625,-1.3289749296299753e-182,0.17850625,2.22430198857389882207716322595744253629524908898989827553402087136340676668872677453114725e-177,2.224301988573899e-177
blaschke_mu_0p3,exact,90,90,blaschke_mu_0p3,4,0.3,0.3,4.148533264910501e-182,0.3,2.22430198857389882207716322595744253629524908898989827553402087136340676668872677453114725e-177,2.224301988573899e-177
blaschke_mu_0p3,exact,90,90,blaschke_mu_0p3,5,0.3,0.3,-6.789495966388425e-182,0.3,2.22430198857389882207716322595744253629524908898989827553402087136340676668872677453114725e-177,2.224301988573899e-177
blaschke_mu_0p3,exact,90,90,blaschke_mu_0p3,6,0.274625000000000000000000000000000000000000000000000008514486749598256596900364045864279059,0.274625,-2.559571214024262e-181,0.274625,2.22430198857389882207716322595744253629524908898989827553402087136340676668872677453114725e-177,2.224301988573899e-177
blaschke_mu_0p3,exact,90,90,blaschke_mu_0p3,7,0.0754188906250000000000000000000000000000000001444910965928102759305650989204432111142003419,0.075418890625,4.1946955125436084e-182,0.075418890625,2.22430198857389882207716322595744253629524908898989827553402087136340676668872677453114725e-177,2.224301988573899e-177
blaschke_mu_0p3,exact,90,90,blaschke_mu_0p3,8,0.0900000000000000000000000000000000000000000000000000000000000000000000000000000001788900089,0.09,-1.2477076214383223e-182,0.09,2.22430198857389882207716322595744253629524908898989827553402087136340676668872677453114725e-177,2.224301988573899e-177
blaschke_mu_0p3,exact,90,90,blaschke_mu_0p3,9,0.090000000000000000000000000000000000000000000000000000000000000000000000000000000009353148,0.09,-2.250142746464906e-182,0.09,2.22430198857389882207716322595744253629524908898989827553402087136340676668872677453114725e-177,2.224301988573899e-177
blaschke_mu_0p3,exact,90,90,blaschke_mu_0p3,10,0.116029062500000000000000000000000000000000000001119465191654571436659841851198648628339672,0.1160290625,2.9647601289155306e-182,0.1160290625,2.22430198857389882207716322595744253629524908898989827553402087136340676668872677453114725e-177,2.224301988573899e-177
blaschke_mu_0p3,exact,90,90,blaschke_mu_0p3,11,0.0318644812890624999999999999999999999999978147449496825337688767856640118373215768474671857,0.0318644812890625,1.1130372441151347e-183,0.0318644812890625,2.22430198857389882207716322595744253629524908898989827553402087136340676668872677453114725e-177,2.224301988573899e-177
blaschke_mu_0p3,exact,90,90,blaschke_mu_0p3,12,0.0490222789062500000000000000000000000000000113496492177588798995168593253884992629457002777,0.04902227890625,-3.817218914528573e-183,0.04902227890625,2.22430198857389882207716322595744253629524908898989827553402087136340676668872677453114725e-177,2.224301988573899e-177
blaschke_mu_0p3,exact,90,90,blaschke_mu_0p3,13,0.0134627433446289062499999999999999999827121100983117722259420544770764963240583857168955508,0.013462743344628906,8.811569806069644e-184,0.013462743344628906,2.22430198857389882207716322595744253629524908898989827553402087136340676668872677453114725e-177,2.224301988573899e-177
blaschke_mu_0p3,exact,90,90,blaschke_mu_0p3,14,0.0269999999999999999999999999999999999999999999999999999999999895704485281487697278612363112,0.027,-2.1719400197252976e-183,0.027,2.22430198857389882207716322595744253629524908898989827553402087136340676668872677453114725e-177,2.224301988573899e-177
blaschke_mu_0p3,exact,90,90,blaschke_mu_0p3,15,0.0270000000000000000000000000000000000000000000000000000000000007594643759925032511697820594,0.027,5.04340641825554e-183,0.027,2.22430198857389882207716322595744253629524908898989827553402087136340676668872677453114725e-177,2.224301988573899e-177
blaschke_mu_0p3,exact,90,90,blaschke_mu_0p3,16,0.0207119128378906249999999999999999999999593648759036088608026141026067952852315721403765583,0.020711912837890624,5.060808944152957e-183,0.020711912837890624,2.22430198857389882207716322595744253629524908898989827553402087136340676668872677453114725e-177,2.224301988573899e-177
blaschke_mu_0p3,exact,90,90,blaschke_mu_0p3,17,0.00568800906310571289062499999999997271815712228082910332521183750719299909973994267771703889,0.005688009063105713,-5.910795302024983e-183,0.005688009063105713,2.22430198857389882207716322595744253629524908898989827553402087136340676668872677453114725e-177,2.224301988573899e-177
blaschke_mu_0p3,exact,90,90,blaschke_mu_0p3,18,0.00809999999999999999999999999999999999999999999895485502538949421418006563625175717824753659,0.0081,-1.7453162104618377e-182,0.0081,2.22430198857389882207716322595744253629524908898989827553402087136340676668872677453114725e-177,2.224301988573899e-177
blaschke_mu_0p3,exact,90,90,blaschke_mu_0p3,19,0.0080999999999999999999999999999999999999999999994837628241786240615465737990951997130241207,0.0081,-2.0612061778081858e-182,0.0081,2.22430198857389882207716322595744253629524908898989827553402087136340676668872677453114725e-177,2.224301988573899e-177
blaschke_mu_0p3,exact,90,90,blaschke_mu_0p3,20,0.00875078317400878906249999999999999969885758961842236666050107907410397031156058045254344359,0.00875078317400879,-9.73285629052362e-184,0.00875078317400879,2.22430198857389882207716322595744253629524908898989827553402087136340676668872677453114725e-177,2.224301988573899e-177
blaschke_mu_0p3,exact,90,90,blaschke_mu_0p3,21,0.00240318382916216369628906249998984664228987953131070323550148793174696519556759647884805893,0.0024031838291621636,3.95907884261955e-185,0.0024031838291621636,2.22430198857389882207716322595744253629524908898989827553402087136340676668872677453114725e-177,2.224301988573899e-177
blaschke_mu_0p3,exact,90,90,blaschke_mu_0p3,22,0.00242999999999999999999999999999999733035297579819358396717926203883185036275727236265565874,0.00243,-9.77437397157583e-183,0.00243,2.22430198857389882207716322595744253629524908898989827553402087136340676668872677453114725e-177,2.224301988573899e-177
blaschke_mu_0p3,exact,90,90,blaschke_mu_0p3,23,0.00101534516782101416168212890864622527558129042226622143053416800523663247650714774638431489,0.0010153451678210142,-4.737920187987142e-183,0.0010153451678210142,2.22430198857389882207716322595744253629524908898989827553402087136340676668872677453114725e-177,2.224301988573899e-177
blaschke_mu_0p3,exact,90,90,blaschke_mu_0p3,24,0.00369720589101871337890624999999961926712700788823411402581806655527329291815725450830387742,0.0036972058910187135,2.3211153928898275e-182,0.0036972058910187135,2.22430198857389882207716322595744253629524908898989827553402087136340676668872677453114725e-177,2.224301988573899e-177
blaschke_mu_0p3,exact,90,90,blaschke_mu_0p3,25,0.00242999999999999999999999999999999998026669813294458519578309233444796275421430415061084168,0.00243,-2.495920408315355e-182,0.00243,2.22430198857389882207716322595744253629524908898989827553402087136340676668872677453114725e-177,2.224301988573899e-177
blaschke_mu_0p3,exact,90,90,blaschke_mu_0p3,26,0.0007290000000000000000000000905848259203110892935083178513157976088727777587133343920794656,0.000729,-7.981442751206152e-182,0.000729,2.22430198857389882207716322595744253629524908898989827553402087136340676668872677453114725e-177,2.224301988573899e-177
blaschke_mu_0p3,exact,90,90,blaschke_mu_0p3,27,0.000428983333404378483310547148220991838568831056271732712572112967917765534455949224236147339,0.0004289833334043785,3.4431500630376546e-183,0.0004289833334043785,2.22430198857389882207716322595744253629524908898989827553402087136340676668872677453114725e-177,2.224301988573899e-177
blaschke_mu_0p3,exact,90,90,blaschke_mu_0p3,28,0.00156206948895540640258789062486751831317053222862402806515771469503144600938188682469182965,0.0015620694889554065,1.6598727561005887e-182,0.0015620694889554065,2.22430198857389882207716322595744253629524908898989827553402087136340676668872677453114725e-177,2.224301988573899e-177
blaschke_mu_0p3,exact,90,90,blaschke_mu_0p3,29,0.000181245458363349879204601115806487516719624384607191649441675680316610508233147882740071968,0.00018124545836334987,2.0133022019418367e-183,0.00018124545836334987,2.22430198857389882207716322595744253629524908898989827553402087136340676668872677453114725e-177,2.224301988573899e-177
blaschke_mu_0p3,exact,90,90,blaschke_mu_0p3,30,0.000728999999999999999999999946308316972079971474712660901717244403150180108844925787555852658,0.000729,-1.2461584595012686e-181,0.000729,2.22430198857389882207716322595744253629524908898989827553402087136340676668872677453114725e-177,2.224301988573899e-177
blaschke_mu_0p3,exact,90,90,blaschke_mu_0p3,31,0.000659974359083659205093384045164604765007945528320889872458621445090603080365479095527776426,0.0006599743590836592,-4.04531761738328e-182,0.0006599743590836592,2.22430198857389882207716322595744253629524908898989827553402087136340676668872677453114725e-177,2.224301988573899e-177
blaschke_mu_0p3,exact,90,90,blaschke_mu_0p3,32,0.000218700000000000002914048973009303317864347060643326601236907089018073105053190401444452752,0.0002187,-1.0963022269683336e-182,0.0002187,2.22430198857389882207716322595744253629524908898989827553402087136340676668872677453114725e-177,2.224301988573899e-177
blaschke_mu_0p3,exact,90,90,blaschke_mu_0p3,33,0.0000765762061593737936557912805593052883860012587118828094504322018367289963466094281516082643,7.65762061593738e-05,3.3037147582330342e-183,7.65762061593738e-05,2.22430198857389882207716322595744253629524908898989827553402087136340676668872677453114725e-177,2.224301988573899e-177
blaschke_mu_0p3,exact,90,90,blaschke_mu_0p3,34,0.000278839166712846014127406942308410570223445922375683081508946180360032136161199152423385323,0.000278839166712846,5.6099213060767615e-179,0.000278839166712846,2.22430198857389882207716322595744253629524908898989827553402087136340676668872677453114725e-177,2.224301988573899e-177
blaschke_mu_0p3,exact,90,90,blaschke_mu_0p3,35,0.00006560999999527066686651668953961924386902973294980105652932023648031214110243180324964887,6.560999999527067e-05,-1.858047920804915e-184,6.560999999527067e-05,2.22430198857389882207716322595744253629524908898989827553402087136340676668872677453114725e-177,2.224301988573899e-177
blaschke_mu_0p3,exact,90,90,blaschke_mu_0p3,36,0.000218700000000000000644670114211239610533750195584924072305823492447017277828862483432239625,0.0002187,-1.8987877977819214e-178,0.0002187,2.22430198857389882207716322595744253629524908898989827553402087136340676668872677453114725e-177,2.224301988573899e-177
blaschke_mu_0p3,exact,90,90,blaschke_mu_0p3,37,0.0000323534497066459154542579144889690177216226110103784827528876797343652950649146095037567905,3.235344970664592e-05,8.483893230542573e-183,3.235344970664592e-05,2.22430198857389882207716322595744253629524908898989827553402087136340676668872677453114725e-177,2.224301988573899e-177
blaschke_mu_0p3,exact,90,90,blaschke_mu_0p3,38,0.00011780954793617668518779434100535781924348656828874650534288073045809863104882758413491116,0.00011780954793617668,1.1142037318316807e-177,0.00011780954793617668,2.22430198857389882207716322595744253629524908898989827553402087136340676668872677453114725e-177,2.224301988573899e-177
blaschke_mu_0p3,exact,90,90,blaschke_mu_0p3,39,0.0000196826136702969224608199415984201890402286049577657746848674324802896952454988158209945664,1.9682613670296923e-05,9.360168040180497e-184,1.9682613670296923e-05,2.22430198857389882207716322595744253629524908898989827553402087136340676668872677453114725e-177,2.224301988573899e-177
blaschke_mu_0p3,exact,90,90,blaschke_mu_0p3,40,0.0000136776157653416290088841765474668958429805490238750920277037466970545847867968961167019186,1.367761576534163e-05,-1.4359676506550089e-182,1.367761576534163e-05,2.22430198857389882207716322595744253629524908898989827553402087136340676668872677453114725e-177,2.224301988573899e-177
blaschke_mu_0p3,exact,90,90,blaschke_mu_0p3,41,0.0000656100000009593485307304083702303922981352940270825524123779366805395557240700479857583197,6.561000000095935e-05,-9.020060345348775e-177,6.561000000095935e-05,2.22430198857389882207716322595744253629524908898989827553402087136340676668872677453114725e-177,2.224301988573899e-177
blaschke_mu_0p3,exact,90,90,blaschke_mu_0p3,42,0.0000497745339862344408431045222955843372398466174569640458431191916227633455587030652960775772,4.977453398623444e-05,1.4661009767208624e-176,4.977453398623444e-05,2.22430198857389882207716322595744253629524908898989827553402087136340676668872677453114725e-177,2.224301988573899e-177
blaschke_mu_0p3,exact,90,90,blaschke_mu_0p3,43,(0.00000696808559777454944519672592205540550387198835416970298169905794395170846277206094715795815 - 0.0000014415187306557041638854566689799604788571112674207894336562567467895502529102143439474224j),6.968085597774549e-06,-1.4415187306557041e-06,7.1156302003929585e-06,2.22430198857389882207716322595744253629524908898989827553402087136340676668872677453114725e-177,2.224301988573899e-177
blaschke_mu_0p3,exact,90,90,blaschke_mu_0p3,44,(0.00000696808559777454944519672592205540550387198835416970298169905794395170846277206094715795815 + 0.0000014415187306557041638854566689799604788571112674207894336562567467895502529102143439474224j),6.968085597774549e-06,1.4415187306557041e-06,7.1156302003929585e-06,2.22430198857389882207716322595744253629524908898989827553402087136340676668872677453114725e-177,2.224301988573899e-177
blaschke_mu_0p3,exact,90,90,blaschke_mu_0p3,45,(0.00000414850260923808470206514618232897133770257022033297278793843131334788571481100304165221547 - 0.00000316174604954995078636780167588167547773851225581996231140624237756926633885060177011810245j),4.148502609238085e-06,-3.1617460495499508e-06,5.216005366245314e-06,2.22430198857389882207716322595744253629524908898989827553402087136340676668872677453114725e-177,2.224301988573899e-177
blaschke_mu_0p3,exact,90,90,blaschke_mu_0p3,46,(0.00000414850260923808470206514618232897133770257022033297278793843131334788571481100304165221547 + 0.00000316174604954995078636780167588167547773851225581996231140624237756926633885060177011810245j),4.148502609238085e-06,3.1617460495499508e-06,5.216005366245314e-06,2.22430198857389882207716322595744253629524908898989827553402087136340676668872677453114725e-177,2.224301988573899e-177
blaschke_mu_0p3,exact,90,90,blaschke_mu_0p3,47,(0.00000137631972758456717276520572154441852905815820165416342847114534422188260704474603540506965 - 0.00000341858352319110921800298388113799098328758995042032861016481100883338244847659357560669851j),1.3763197275845672e-06,-3.418583523191109e-06,3.685236667782979e-06,2.22430198857389882207716322595744253629524908898989827553402087136340676668872677453114725e-177,2.224301988573899e-177
blaschke_mu_0p3,exact,90,90,blaschke_mu_0p3,48,(0.00000137631972758456717276520572154441852905815820165416342847114534422188260704474603540506965 + 0.00000341858352319110921800298388113799098328758995042032861016481100883338244847659357560669851j),1.3763197275845672e-06,3.418583523191109e-06,3.685236667782979e-06,2.22430198857389882207716322595744253629524908898989827553402087136340676668872677453114725e-177,2.224301988573899e-177
blaschke_mu_0p3,exact,90,90,blaschke_mu_0p3,49,(-0.000000508719010845228672554538849762519982585985234332406882875238276700525367292523429738503884 - 0.00000253453208846842434740729643533140302331534474588883250495108327550817948245636960038216795j),-5.087190108452287e-07,-2.5345320884684244e-06,2.585081805179763e-06,2.22430198857389882207716322595744253629524908898989827553402087136340676668872677453114725e-177,2.224301988573899e-177
blaschke_mu_0p3,exact,90,90,blaschke_mu_0p3,50,(-0.000000508719010845228672554538849762519982585985234332406882875238276700525367292523429738503884 + 0.00000253453208846842434740729643533140302331534474588883250495108327550817948245636960038216795j),-5.087190108452287e-07,2.5345320884684244e-06,2.585081805179763e-06,2.22430198857389882207716322595744253629524908898989827553402087136340676668872677453114725e-177,2.224301988573899e-177
blaschke_mu_0p3,exact,90,90,blaschke_mu_0p3,51,0.0000210300591529480878385722186648316268922696556686493961185512559170661365790230415821852172,2.1030059152948087e-05,-1.6421366396421336e-175,2.1030059152948087e-05,2.22430198857389882207716322595744253629524908898989827553402087136340676668872677453114725e-177,2.224301988573899e-177
blaschke_mu_0p3,exact,90,90,blaschke_mu_0p3,52,0.0000196824094594601335928395722665089720650478062025636364199004114941010877419575222069204936,1.9682409459460135e-05,1.6550322847582478e-175,1.9682409459460135e-05,2.22430198857389882207716322595744253629524908898989827553402087136340676668872677453114725e-177,2.224301988573899e-177
blaschke_mu_0p3,exact,90,90,blaschke_mu_0p3,53,(-0.00000131894922883166576289980663747428538263961092420645949338911289617676363511793402032270263 - 0.00000120762646575326331107138266148177198325305968181206543204067522202841604211511651558574054j),-1.3189492288316657e-06,-1.2076264657532633e-06,1.7882921319022134e-06,2.22430198857389882207716322595744253629524908898989827553402087136340676668872677453114725e-177,2.224301988573899e-177
blaschke_mu_0p3,exact,90,90,blaschke_mu_0p3,54,(-0.00000131894922883166576289980663747428538263961092420645949338911289617676363511793402032270263 + 0.00000120762646575326331107138266148177198325305968181206543204067522202841604211511651558574054j),-1.3189492288316657e-06,1.2076264657532633e-06,1.7882921319022134e-06,2.22430198857389882207716322595744253629524908898989827553402087136340676668872677453114725e-177,2.224301988573899e-177
blaschke_mu_0p3,exact,90,90,blaschke_mu_0p3,55,-0.00000131171614230687944835804772546683836980378523984513304699444606631626101555520608589403896,-1.3117161423068794e-06,7.472721879604503e-182,1.3117161423068794e-06,2.22430198857389882207716322595744253629524908898989827553402087136340676668872677453114725e-177,2.224301988573899e-177
blaschke_mu_0p3,exact,90,90,blaschke_mu_0p3,56,-0.00000093178758112817139576056450405503792190848405163517104942721264752911374582577989168353542,-9.317875811281714e-07,-8.73427823152839e-183,9.317875811281714e-07,2.22430198857389882207716322595744253629524908898989827553402087136340676668872677453114725e-177,2.224301988573899e-177
blaschke_mu_0p3,exact,90,90,blaschke_mu_0p3,57,(-0.000000504501916873682721625176632965513892562177307945380856811043648638133053222096475128857318 - 0.000000299081832353937719486100412508941516146906159864842435077598392486982093726340173819635505j),-5.045019168736827e-07,-2.990818323539377e-07,5.864913695643007e-07,2.22430198857389882207716322595744253629524908898989827553402087136340676668872677453114725e-177,2.224301988573899e-177
blaschke_mu_0p3,exact,90,90,blaschke_mu_0p3,58,(-0.000000504501916873682721625176632965513892562177307945380856811043648638133053222096475128857318 + 0.000000299081832353937719486100412508941516146906159864842435077598392486982093726340173819635505j),-5.045019168736827e-07,2.990818323539377e-07,5.864913695643007e-07,2.22430198857389882207716322595744253629524908898989827553402087136340676668872677453114725e-177,2.224301988573899e-177
blaschke_mu_0p3,exact,90,90,blaschke_mu_0p3,59,(-0.0000000690567664548312665757139222518578967945734468482059889404945613754169479640833274096203666 - 0.00000036244048543618979607715287151157637682243814837333767063798377744220165587648413686424164j),-6.905676645483126e-08,-3.624404854361898e-07,3.6896062456096586e-07,2.22430198857389882207716322595744253629524908898989827553402087136340676668872677453114725e-177,2.224301988573899e-177
blaschke_mu_0p3,exact,90,90,blaschke_mu_0p3,60,(-0.0000000690567664548312665757139222518578967945734468482059889404945613754169479640833274096203666 + 0.00000036244048543618979607715287151157637682243814837333767063798377744220165587648413686424164j),-6.905676645483126e-08,3.624404854361898e-07,3.6896062456096586e-07,2.22430198857389882207716322595744253629524908898989827553402087136340676668872677453114725e-177,2.224301988573899e-177
blaschke_mu_0p3,exact,90,90,blaschke_mu_0p3,61,(0.000000158754540765683576151062521880819109869938113893205796608866561895964796535158604474716756 - 0.000000155189998867234311969845603841725846608705785202028993446327387104745650466557956626363686j),1.5875454076568358e-07,-1.551899988672343e-07,2.2200662143759423e-07,2.22430198857389882207716322595744253629524908898989827553402087136340676668872677453114725e-177,2.224301988573899e-177
blaschke_mu_0p3,exact,90,90,blaschke_mu_0p3,62,(0.000000158754540765683576151062521880819109869938113893205796608866561895964796535158604474716756 + 0.000000155189998867234311969845603841725846608705785202028993446327387104745650466557956626363686j),1.5875454076568358e-07,1.551899988672343e-07,2.2200662143759423e-07,2.22430198857389882207716322595744253629524908898989827553402087136340676668872677453114725e-177,2.224301988573899e-177
blaschke_mu_0p3,exact,90,90,blaschke_mu_0p3,63,(0.000000101055731926005888566466821721735344941915143643789938042013481840632590014420204584729905 - 0.0000000291919085522287409367972710505857627071743245598742728390090206140042039603146071381864643j),1.0105573192600588e-07,-2.919190855222874e-08,1.0518758710048659e-07,2.22430198857389882207716322595744253629524908898989827553402087136340676668872677453114725e-177,2.224301988573899e-177
blaschke_mu_0p3,exact,90,90,blaschke_mu_0p3,64,(0.000000101055731926005888566466821721735344941915143643789938042013481840632590014420204584729905 + 0.0000000291919085522287409367972710505857627071743245598742728390090206140042039603146071381864643j),1.0105573192600588e-07,2.919190855222874e-08,1.0518758710048659e-07,2.22430198857389882207716322595744253629524908898989827553402087136340676668872677453114725e-177,2.224301988573899e-177
blaschke_mu_0p3,exact,90,90,blaschke_mu_0p3,65,(-0.00000000996146093178844652553842268383100693399733927684647207887371092194563854882660620647225867 - 0.0000000468527766708329291685480781714081179959906503934071625234846687945328216419595246346421811j),-9.961460931788447e-09,-4.6852776670832926e-08,4.7900035340931575e-08,2.22430198857389882207716322595744253629524908898989827553402087136340676668872677453114725e-177,2.224301988573899e-177
blaschke_mu_0p3,exact,90,90,blaschke_mu_0p3,66,(-0.00000000996146093178844652553842268383100693399733927684647207887371092194563854882660620647225867 + 0.0000000468527766708329291685480781714081179959906503934071625234846687945328216419595246346421811j),-9.961460931788447e-09,4.6852776670832926e-08,4.7900035340931575e-08,2.22430198857389882207716322595744253629524908898989827553402087136340676668872677453114725e-177,2.224301988573899e-177
blaschke_mu_0p3,exact,90,90,blaschke_mu_0p3,67,0.0000089906720459993804627965324210911660717686200182887129942636731381230686146943476377056555,8.99067204599938e-06,1.4312388928236448e-175,8.99067204599938e-06,2.22430198857389882207716322595744253629524908898989827553402087136340676668872677453114725e-177,2.224301988573899e-177
blaschke_mu_0p3,exact,90,90,blaschke_mu_0p3,68,(0.00000615150261238023677769752660433295141265749214166780807619018827532057742496890117354013644 - 0.00000150728617121309851358704844113612295886699878359627556973341013904418817184761115432127873j),6.1515026123802365e-06,-1.5072861712130985e-06,6.33347424341894e-06,2.22430198857389882207716322595744253629524908898989827553402087136340676668872677453114725e-177,2.224301988573899e-177
blaschke_mu_0p3,exact,90,90,blaschke_mu_0p3,69,(0.00000615150261238023677769752660433295141265749214166780807619018827532057742496890117354013644 + 0.00000150728617121309851358704844113612295886699878359627556973341013904418817184761115432127873j),6.1515026123802365e-06,1.5072861712130985e-06,6.33347424341894e-06,2.22430198857389882207716322595744253629524908898989827553402087136340676668872677453114725e-177,2.224301988573899e-177
blaschke_mu_0p3,exact,90,90,blaschke_mu_0p3,70,(0.00000334813906891851456606487972554544513290328820749140859510697760682794899023936193838965821 - 0.00000299738122224026942214614631373232511790179208040539348504002550619346270951311069867173737j),3.3481390689185145e-06,-2.9973812222402695e-06,4.493810122408057e-06,2.22430198857389882207716322595744253629524908898989827553402087136340676668872677453114725e-177,2.224301988573899e-177
blaschke_mu_0p3,exact,90,90,blaschke_mu_0p3,71,(0.00000334813906891851456606487972554544513290328820749140859510697760682794899023936193838965821 + 0.00000299738122224026942214614631373232511790179208040539348504002550619346270951311069867173737j),3.3481390689185145e-06,2.9973812222402695e-06,4.493810122408057e-06,2.22430198857389882207716322595744253629524908898989827553402087136340676668872677453114725e-177,2.224301988573899e-177
blaschke_mu_0p3,exact,90,90,blaschke_mu_0p3,72,(0.000000933870625500145182860676277650649083535355516724875957422653370002952073992382763156884354 - 0.00000304309236049204564422469973113584002486173677227948338118142710874417603725599943624526666j),9.338706255001451e-07,-3.0430923604920456e-06,3.183162807595157e-06,2.22430198857389882207716322595744253629524908898989827553402087136340676668872677453114725e-177,2.224301988573899e-177
blaschke_mu_0p3,exact,90,90,blaschke_mu_0p3,73,(0.000000933870625500145182860676277650649083535355516724875957422653370002952073992382763156884354 + 0.00000304309236049204564422469973113584002486173677227948338118142710874417603725599943624526666j),9.338706255001451e-07,3.0430923604920456e-06,3.183162807595157e-06,2.22430198857389882207716322595744253629524908898989827553402087136340676668872677453114725e-177,2.224301988573899e-177
blaschke_mu_0p3,exact,90,90,blaschke_mu_0p3,74,(-0.00000063474880754490462929994923488165566754061626805158577414231121618104919035268537270233583 - 0.00000214043553223806783441367106178656818850343575840842764587713749583968245799206931299150855j),-6.347488075449046e-07,-2.140435532238068e-06,2.2325703384993134e-06,2.22430198857389882207716322595744253629524908898989827553402087136340676668872677453114725e-177,2.224301988573899e-177
blaschke_mu_0p3,exact,90,90,blaschke_mu_0p3,75,(-0.00000063474880754490462929994923488165566754061626805158577414231121618104919035268537270233583 + 0.00000214043553223806783441367106178656818850343575840842764587713749583968245799206931299150855j),-6.347488075449046e-07,2.140435532238068e-06,2.2325703384993134e-06,2.22430198857389882207716322595744253629524908898989827553402087136340676668872677453114725e-177,2.224301988573899e-177
blaschke_mu_0p3,exact,90,90,blaschke_mu_0p3,76,(-0.00000123270890300397889666362061827629345510302082772522587621948831880551087896698864655687476 - 0.000000927294429135984554086656567402628129266686092618495779572708278234444355315884915280813004j),-1.2327089030039788e-06,-9.272944291359846e-07,1.5425453633044003e-06,2.22430198857389882207716322595744253629524908898989827553402087136340676668872677453114725e-177,2.224301988573899e-177
blaschke_mu_0p3,exact,90,90,blaschke_mu_0p3,77,(-0.00000123270890300397889666362061827629345510302082772522587621948831880551087896698864655687476 + 0.000000927294429135984554086656567402628129266686092618495779572708278234444355315884915280813004j),-1.2327089030039788e-06,9.272944291359846e-07,1.5425453633044003e-06,2.22430198857389882207716322595744253629524908898989827553402087136340676668872677453114725e-177,2.224301988573899e-177
blaschke_mu_0p3,exact,90,90,blaschke_mu_0p3,78,-0.00000114967738167202369473004932851339510000100270159750907671317898165784233300631072234851586,-1.1496773816720236e-06,-3.2962812114992265e-179,1.1496773816720236e-06,2.22430198857389882207716322595744253629524908898989827553402087136340676668872677453114725e-177,2.224301988573899e-177
blaschke_mu_0p3,exact,90,90,blaschke_mu_0p3,79,-0.000000725346042952056147271677927196511143604040200193305121896363113785544452412840255939214046,-7.253460429520561e-07,2.767503901066499e-179,7.253460429520561e-07,2.22430198857389882207716322595744253629524908898989827553402087136340676668872677453114725e-177,2.224301988573899e-177
blaschke_mu_0p3,exact,90,90,blaschke_mu_0p3,80,(-0.000000404925754795826827647650687457944833338696341839224486982979190776240258085761384489355681 - 0.000000302088189365520889580728709894291450946681940285068309281871642804999143153475972666415147j),-4.049257547958268e-07,-3.020881893655209e-07,5.051951514524946e-07,2.22430198857389882207716322595744253629524908898989827553402087136340676668872677453114725e-177,2.224301988573899e-177
blaschke_mu_0p3,exact,90,90,blaschke_mu_0p3,81,(-0.000000404925754795826827647650687457944833338696341839224486982979190776240258085761384489355681 + 0.000000302088189365520889580728709894291450946681940285068309281871642804999143153475972666415147j),-4.049257547958268e-07,3.020881893655209e-07,5.051951514524946e-07,2.22430198857389882207716322595744253629524908898989827553402087136340676668872677453114725e-177,2.224301988573899e-177
blaschke_mu_0p3,exact,90,90,blaschke_mu_0p3,82,(-0.0000000242541484705925656154370021229142596417884761085542838680438561434018234753165214945496989 - 0.000000315919689400394230737836326965818260435750392608892544000735455619034286714402509685869651j),-2.4254148470592567e-08,-3.1591968940039424e-07,3.168493551656293e-07,2.22430198857389882207716322595744253629524908898989827553402087136340676668872677453114725e-177,2.224301988573899e-177
blaschke_mu_0p3,exact,90,90,blaschke_mu_0p3,83,(-0.0000000242541484705925656154370021229142596417884761085542838680438561434018234753165214945496989 + 0.000000315919689400394230737836326965818260435750392608892544000735455619034286714402509685869651j),-2.4254148470592567e-08,3.1591968940039424e-07,3.168493551656293e-07,2.22430198857389882207716322595744253629524908898989827553402087136340676668872677453114725e-177,2.224301988573899e-177
blaschke_mu_0p3,exact,90,90,blaschke_mu_0p3,84,(0.000000151240332214387505307406876720496809237948831436554621665491497904996389604158005334567196 - 0.000000117667399581904008316068384609319619287620437158608221489732328803475588820645826104842353j),1.5124033221438752e-07,-1.1766739958190401e-07,1.9162268919072647e-07,2.22430198857389882207716322595744253629524908898989827553402087136340676668872677453114725e-177,2.224301988573899e-177
blaschke_mu_0p3,exact,90,90,blaschke_mu_0p3,85,(0.000000151240332214387505307406876720496809237948831436554621665491497904996389604158005334567196 + 0.000000117667399581904008316068384609319619287620437158608221489732328803475588820645826104842353j),1.5124033221438752e-07,1.1766739958190401e-07,1.9162268919072647e-07,2.22430198857389882207716322595744253629524908898989827553402087136340676668872677453114725e-177,2.224301988573899e-177
blaschke_mu_0p3,exact,90,90,blaschke_mu_0p3,86,(0.0000000795954068007697148156833362143558215094477143706188059064420938547754876489819211156815718 - 0.000000036065138988988227391066939843192441603145635004709981198391576771924262812244881599185701j),7.959540680076971e-08,-3.606513898898823e-08,8.738491308043429e-08,2.22430198857389882207716322595744253629524908898989827553402087136340676668872677453114725e-177,2.224301988573899e-177
blaschke_mu_0p3,exact,90,90,blaschke_mu_0p3,87,(0.0000000795954068007697148156833362143558215094477143706188059064420938547754876489819211156815718 + 0.000000036065138988988227391066939843192441603145635004709981198391576771924262812244881599185701j),7.959540680076971e-08,3.606513898898823e-08,8.738491308043429e-08,2.22430198857389882207716322595744253629524908898989827553402087136340676668872677453114725e-177,2.224301988573899e-177
blaschke_mu_0p3,exact,90,90,blaschke_mu_0p3,88,(-0.0000000138103971332293291402000738918925697043327262522676314833001864081839351368475968279883669 - 0.0000000382453553937986313070940157762425480174298847974413928893149115276726494948718373915805137j),-1.381039713322933e-08,-3.8245355393798634e-08,4.0662443091573714e-08,2.22430198857389882207716322595744253629524908898989827553402087136340676668872677453114725e-177,2.224301988573899e-177
blaschke_mu_0p3,exact,90,90,blaschke_mu_0p3,89,(-0.0000000138103971332293291402000738918925697043327262522676314833001864081839351368475968279883669 + 0.0000000382453553937986313070940157762425480174298847974413928893149115276726494948718373915805137j),-1.381039713322933e-08,3.8245355393798634e-08,4.0662443091573714e-08,2.22430198857389882207716322595744253629524908898989827553402087136340676668872677453114725e-177,2.224301988573899e-177
blaschke_mu_0p3,exact,100,100,blaschke_mu_0p3,0,1.0,1.0,-5.509614695918623e-182,1.0,4.44820095539165646459041712619704765666534375380351464978650878539080829922524278248266012e-177,4.4482009553916565e-177
blaschke_mu_0p3,exact,100,100,blaschke_mu_0p3,1,0.422500000000000000000000000000000000000000000000000000000000006015873376087107154401789833,0.4225,1.2129034692714798e-181,0.4225,4.44820095539165646459041712619704765666534375380351464978650878539080829922524278248266012e-177,4.4482009553916565e-177
blaschke_mu_0p3,exact,100,100,blaschke_mu_0p3,2,0.650000000000000000000000000000000000000000000000000000000000000000399818525447466615460698,0.65,-2.4072433663568566e-181,0.65,4.44820095539165646459041712619704765666534375380351464978650878539080829922524278248266012e-177,4.4482009553916565e-177
blaschke_mu_0p3,exact,100,100,blaschke_mu_0p3,3,0.3,0.3,-2.5398007902401336e-182,0.3,4.44820095539165646459041712619704765666534375380351464978650878539080829922524278248266012e-177,4.4482009553916565e-177
blaschke_mu_0p3,exact,100,100,blaschke_mu_0p3,4,0.3,0.3,6.547527838789004e-183,0.3,4.44820095539165646459041712619704765666534375380351464978650878539080829922524278248266012e-177,4.4482009553916565e-177
blaschke_mu_0p3,exact,100,100,blaschke_mu_0p3,5,0.178506250000000000000000000000000000000000000000000000002630221409185746658964531241251742,0.17850625,-2.5155619537675568e-182,0.17850625,4.44820095539165646459041712619704765666534375380351464978650878539080829922524278248266012e-177,4.4482009553916565e-177
blaschke_mu_0p3,exact,100,100,blaschke_mu_0p3,6,0.274625000000000000000000000000000000000000000000000000000003525308347662504767913074184433,0.274625,9.231866907073225e-182,0.274625,4.44820095539165646459041712619704765666534375380351464978650878539080829922524278248266012e-177,4.4482009553916565e-177
blaschke_mu_0p3,exact,100,100,blaschke_mu_0p3,7,0.0754188906249999999999999999999999999999999999999999389879882362164889057492822456730019613,0.075418890625,3.793750864955998e-182,0.075418890625,4.44820095539165646459041712619704765666534375380351464978650878539080829922524278248266012e-177,4.4482009553916565e-177
blaschke_mu_0p3,exact,100,100,blaschke_mu_0p3,8,0.09,0.09,-3.020179767989063e-182,0.09,4.44820095539165646459041712619704765666534375380351464978650878539080829922524278248266012e-177,4.4482009553916565e-177
blaschke_mu_0p3,exact,100,100,blaschke_mu_0p3,9,0.09,0.09,-4.4924703378368795e-182,0.09,4.44820095539165646459041712619704765666534375380351464978650878539080829922524278248266012e-177,4.4482009553916565e-177
blaschke_mu_0p3,exact,100,100,blaschke_mu_0p3,10,0.116029062500000000000000000000000000000000000000000000467917510164334253547287442522836175,0.1160290625,-2.3417338259999495e-182,0.1160290625,4.44820095539165646459041712619704765666534375380351464978650878539080829922524278248266012e-177,4.4482009553916565e-177
blaschke_mu_0p3,exact,100,100,blaschke_mu_0p3,11,0.0318644812890624999999999999999999999999999999955283131578400676717609308535185029640689377,0.0318644812890625,4.572856763312749e-183,0.0318644812890625,4.44820095539165646459041712619704765666534375380351464978650878539080829922524278248266012e-177,4.4482009553916565e-177
blaschke_mu_0p3,exact,100,100,blaschke_mu_0p3,12,0.0490222789062499999999999999999999999999999999999997724548625087014945655421891289505756575,0.04902227890625,-9.696315525387695e-183,0.04902227890625,4.44820095539165646459041712619704765666534375380351464978650878539080829922524278248266012e-177,4.4482009553916565e-177
blaschke_mu_0p3,exact,100,100,blaschke_mu_0p3,13,0.0134627433446289062499999999999999999999999691894798556781521725892527268585027701746649289,0.013462743344628906,-2.4073511892420448e-183,0.013462743344628906,4.44820095539165646459041712619704765666534375380351464978650878539080829922524278248266012e-177,4.4482009553916565e-177
blaschke_mu_0p3,exact,100,100,blaschke_mu_0p3,14,0.0270000000000000000000000000000000000000000000000000000000000000000000000045698117923230422,0.027,1.5723526422948512e-182,0.027,4.44820095539165646459041712619704765666534375380351464978650878539080829922524278248266012e-177,4.4482009553916565e-177
blaschke_mu_0p3,exact,100,100,blaschke_mu_0p3,15,0.0269999999999999999999999999999999999999999999999999999999999999999999999997012361384423243,0.027,1.9713192244866584e-182,0.027,4.44820095539165646459041712619704765666534375380351464978650878539080829922524278248266012e-177,4.4482009553916565e-177
blaschke_mu_0p3,exact,100,100,blaschke_mu_0p3,16,0.0207119128378906249999999999999999999999999998611689394327861287683422531687369909283778386,0.020711912837890624,-4.9277038894036355e-183,0.020711912837890624,4.44820095539165646459041712619704765666534375380351464978650878539080829922524278248266012e-177,4.4482009553916565e-177
blaschke_mu_0p3,exact,100,100,blaschke_mu_0p3,17,0.00568800906310571289062499999999999999995102002193444284630075213536579871131793696050799742,0.005688009063105713,1.227632963232466e-183,0.005688009063105713,4.44820095539165646459041712619704765666534375380351464978650878539080829922524278248266012e-177,4.4482009553916565e-177
blaschke_mu_0p3,exact,100,100,blaschke_mu_0p3,18,0.0081000000000000000000000000000000000000000000000000000000149733513919735622913519219032122,0.0081,-1.6377865060882562e-182,0.0081,4.44820095539165646459041712619704765666534375380351464978650878539080829922524278248266012e-177,4.4482009553916565e-177
blaschke_mu_0p3,exact,100,100,blaschke_mu_0p3,19,0.00810000000000000000000000000000000000000000000000000000000661985655018530142051625629000558,0.0081,5.6358768036323754e-183,0.0081,4.44820095539165646459041712619704765666534375380351464978650878539080829922524278248266012e-177,4.4482009553916565e-177
blaschke_mu_0p3,exact,100,100,blaschke_mu_0p3,20,0.00875078317400878906249999999999999999999928256184003263204681974947441289890908304865615035,0.00875078317400879,-4.8004688629147594e-182,0.00875078317400879,4.44820095539165646459041712619704765666534375380351464978650878539080829922524278248266012e-177,4.4482009553916565e-177
blaschke_mu_0p3,exact,100,100,blaschke_mu_0p3,21,0.00240318382916216369628906250000000000052097413659509895482839887843637146257330016293002642,0.0024031838291621636,-1.5602514259671626e-183,0.0024031838291621636,4.44820095539165646459041712619704765666534375380351464978650878539080829922524278248266012e-177,4.4482009553916565e-177
blaschke_mu_0p3,exact,100,100,blaschke_mu_0p3,22,0.00369720589101871337890624999999999999906781879669620350502385085014190699707974864081984547,0.0036972058910187135,2.6110876500561872e-182,0.0036972058910187135,4.44820095539165646459041712619704765666534375380351464978650878539080829922524278248266012e-177,4.4482009553916565e-177
blaschke_mu_0p3,exact,100,100,blaschke_mu_0p3,23,0.00243000000000000000000000000000000000000000066199706400975357227942664712385754509962201807,0.00243,-3.1196577426238193e-183,0.00243,4.44820095539165646459041712619704765666534375380351464978650878539080829922524278248266012e-177,4.4482009553916565e-177
blaschke_mu_0p3,exact,100,100,blaschke_mu_0p3,24,0.00101534516782101416168212890625003771883179849468113034749400185576315138367730146819734054,0.0010153451678210142,-1.770650700662949e-184,0.0010153451678210142,4.44820095539165646459041712619704765666534375380351464978650878539080829922524278248266012e-177,4.4482009553916565e-177
blaschke_mu_0p3,exact,100,100,blaschke_mu_0p3,25,0.00243000000000000000000000000000000000000000000436223039729718717697766304670816725802484828,0.00243,-4.229923442905854e-183,0.00243,4.44820095539165646459041712619704765666534375380351464978650878539080829922524278248266012e-177,4.4482009553916565e-177
blaschke_mu_0p3,exact,100,100,blaschke_mu_0p3,26,0.000728999999999999999999999999999999738889847144866169411505480521301185021321120874842061415,0.000729,-7.58112599744269e-183,0.000729,4.44820095539165646459041712619704765666534375380351464978650878539080829922524278248266012e-177,4.4482009553916565e-177
blaschke_mu_0p3,exact,100,100,blaschke_mu_0p3,27,0.00156206948895540640258789062499999983291381845628813433482492510403481178023051603123056055,0.0015620694889554065,1.4139077253709362e-182,0.0015620694889554065,4.44820095539165646459041712619704765666534375380351464978650878539080829922524278248266012e-177,4.4482009553916565e-177
blaschke_mu_0p3,exact,100,100,blaschke_mu_0p3,28,0.000428983333404378483310699462913503567574163615090300591244973936719563892165343729882003508,0.0004289833334043785,-4.4720250621447237e-184,0.0004289833334043785,4.44820095539165646459041712619704765666534375380351464978650878539080829922524278248266012e-177,4.4482009553916565e-177
blaschke_mu_0p3,exact,100,100,blaschke_mu_0p3,29,0.000729000000000000000000000000000000137281024782343693662828353278327376089804995065637387433,0.000729,-3.958178196213408e-182,0.000729,4.44820095539165646459041712619704765666534375380351464978650878539080829922524278248266012e-177,4.4482009553916565e-177
blaschke_mu_0p3,exact,100,100,blaschke_mu_0p3,30,0.000659974359083659205093383789062781203452746429854155157365998903637790559654162100980295983,0.0006599743590836592,-7.223157970389042e-183,0.0006599743590836592,4.44820095539165646459041712619704765666534375380351464978650878539080829922524278248266012e-177,4.4482009553916565e-177
blaschke_mu_0p3,exact,100,100,blaschke_mu_0p3,31,0.000181245458363349909198771584463223288681572377849922603386201695509041188067816477348274367,0.0001812454583633499,-2.320187363207398e-184,0.0001812454583633499,4.44820095539165646459041712619704765666534375380351464978650878539080829922524278248266012e-177,4.4482009553916565e-177
blaschke_mu_0p3,exact,100,100,blaschke_mu_0p3,32,0.00021869999999999999999999992554037629316247075854430428890791812544992128847581080355195573,0.0002187,8.316846740557187e-183,0.0002187,4.44820095539165646459041712619704765666534375380351464978650878539080829922524278248266012e-177,4.4482009553916565e-177
blaschke_mu_0p3,exact,100,100,blaschke_mu_0p3,33,0.000278839166712846014151954651399688000767931621400070193064176921914111779068143723652902967,0.000278839166712846,-1.635782012281997e-180,0.000278839166712846,4.44820095539165646459041712619704765666534375380351464978650878539080829922524278248266012e-177,4.4482009553916565e-177
blaschke_mu_0p3,exact,100,100,blaschke_mu_0p3,34,0.0000765762061585153365114281831441776437771598552058791670745601559189022596513702152144349801,7.657620615851534e-05,1.4515850007035587e-183,7.657620615851534e-05,4.44820095539165646459041712619704765666534375380351464978650878539080829922524278248266012e-177,4.4482009553916565e-177
blaschke_mu_0p3,exact,100,100,blaschke_mu_0p3,35,0.000218699999999999999999999985475280332674972544781846378954548175326619365636695780234920447,0.0002187,4.380793175470521e-180,0.0002187,4.44820095539165646459041712619704765666534375380351464978650878539080829922524278248266012e-177,4.4482009553916565e-177
blaschke_mu_0p3,exact,100,100,blaschke_mu_0p3,36,0.0000656100000000000008810345108173624842655134902053734788795469104951524784393216268231836698,6.561e-05,-2.7933377841449805e-184,6.561e-05,4.44820095539165646459041712619704765666534375380351464978650878539080829922524278248266012e-177,4.4482009553916565e-177
blaschke_mu_0p3,exact,100,100,blaschke_mu_0p3,37,0.000117809547936177440979248964813078482577501136791806493307656208289261711886114526244069044,0.00011780954793617744,-1.6131576136883318e-179,0.00011780954793617744,4.44820095539165646459041712619704765666534375380351464978650878539080829922524278248266012e-177,4.4482009553916565e-177
blaschke_mu_0p3,exact,100,100,blaschke_mu_0p3,38,0.0000323534471019712785285763313346328219727037923984397003481890116572923994438288523415794474,3.235344710197128e-05,2.27134256948277e-183,3.235344710197128e-05,4.44820095539165646459041712619704765666534375380351464978650878539080829922524278248266012e-177,4.4482009553916565e-177
blaschke_mu_0p3,exact,100,100,blaschke_mu_0p3,39,0.000065609999999999999843494410321046248672917743466905601151637823215625538025876584373493867,6.561e-05,-2.566599891177149e-178,6.561e-05,4.44820095539165646459041712619704765666534375380351464978650878539080829922524278248266012e-177,4.4482009553916565e-177
blaschke_mu_0p3,exact,100,100,blaschke_mu_0p3,40,0.0000136693313839701844041331706572128386592100988541342397775877139699807333737548379900438987,1.3669331383970184e-05,2.4954887276836086e-183,1.3669331383970184e-05,4.44820095539165646459041712619704765666534375380351464978650878539080829922524278248266012e-177,4.4482009553916565e-177
blaschke_mu_0p3,exact,100,100,blaschke_mu_0p3,41,0.0000497745340030349730351625973628319121338705757487572082663672459613372870089294495854777789,4.9774534003034976e-05,1.4347911990051106e-177,4.9774534003034976e-05,4.44820095539165646459041712619704765666534375380351464978650878539080829922524278248266012e-177,4.4482009553916565e-177
blaschke_mu_0p3,exact,100,100,blaschke_mu_0p3,42,0.000019683000000452630504248800724253813420531916320139923685178271238308552443497661007714583,1.9683000000452632e-05,8.62584066501538e-184,1.9683000000452632e-05,4.44820095539165646459041712619704765666534375380351464978650878539080829922524278248266012e-177,4.4482009553916565e-177
blaschke_mu_0p3,exact,100,100,blaschke_mu_0p3,43,0.00000577442054893293457758136342829973808773881657156093304970099203578579579520131873205695857,5.7744205489329345e-06,1.5001976854833096e-183,5.7744205489329345e-06,4.44820095539165646459041712619704765666534375380351464978650878539080829922524278248266012e-177,4.4482009553916565e-177
blaschke_mu_0p3,exact,100,100,blaschke_mu_0p3,44,0.00000590561268641960600383752366832326120559161708428392332604232145503742990166442971301812162,5.905612686419606e-06,-3.0454186718037673e-184,5.905612686419606e-06,4.44820095539165646459041712619704765666534375380351464978650878539080829922524278248266012e-177,4.4482009553916565e-177
blaschke_mu_0p3,exact,100,100,blaschke_mu_0p3,45,0.0000210297406159878762663703663083803831559193860402649730177732169224732381733066651049772624,2.1029740615987878e-05,-2.326223589153293e-175,2.1029740615987878e-05,4.44820095539165646459041712619704765666534375380351464978650878539080829922524278248266012e-177,4.4482009553916565e-177
blaschke_mu_0p3,exact,100,100,blaschke_mu_0p3,46,0.0000196830000006014928849311797239128159434669874676768359065670614526289928742796772982255687,1.9683000000601493e-05,2.9141039630338925e-175,1.9683000000601493e-05,4.44820095539165646459041712619704765666534375380351464978650878539080829922524278248266012e-177,4.4482009553916565e-177
blaschke_mu_0p3,exact,100,100,blaschke_mu_0p3,47,0.00000251864518214361503011735427431502981070825380458713261611967938860497329743674354540646291,2.518645182143615e-06,1.0031890669606446e-182,2.518645182143615e-06,4.44820095539165646459041712619704765666534375380351464978650878539080829922524278248266012e-177,4.4482009553916565e-177
blaschke_mu_0p3,exact,100,100,blaschke_mu_0p3,48,0.00000888506502974630692171780501328258031572184310418810397143477308416171767435526521675528144,8.885065029746306e-06,-3.679828794093365e-175,8.885065029746306e-06,4.44820095539165646459041712619704765666534375380351464978650878539080829922524278248266012e-177,4.4482009553916565e-177
blaschke_mu_0p3,exact,100,100,blaschke_mu_0p3,49,(0.00000184014394306024899716246658450868484092605161780123069902223952054780242877257347921539257 - 0.000000519669677333500406193587191651827622814854288104684839117596935991932503649184047083752172j),1.840143943060249e-06,-5.196696773335004e-07,1.9121156619622216e-06,4.44820095539165646459041712619704765666534375380351464978650878539080829922524278248266012e-177,4.4482009553916565e-177
blaschke_mu_0p3,exact,100,100,blaschke_mu_0p3,50,(0.00000184014394306024899716246658450868484092605161780123069902223952054780242877257347921539257 + 0.000000519669677333500406193587191651827622814854288104684839117596935991932503649184047083752172j),1.840143943060249e-06,5.196696773335004e-07,1.9121156619622216e-06,4.44820095539165646459041712619704765666534375380351464978650878539080829922524278248266012e-177,4.4482009553916565e-177
blaschke_mu_0p3,exact,100,100,blaschke_mu_0p3,51,(0.000000971438033459058714517678975171138325594130971824742905215842873651221747385688152974486984 - 0.000000935838314650355040304633434122109355601023207642805084400719640317836150322155973458503173j),9.714380334590588e-07,-9.35838314650355e-07,1.3488829467446092e-06,4.44820095539165646459041712619704765666534375380351464978650878539080829922524278248266012e-177,4.4482009553916565e-177
blaschke_mu_0p3,exact,100,100,blaschke_mu_0p3,52,(0.000000971438033459058714517678975171138325594130971824742905215842873651221747385688152974486984 + 0.000000935838314650355040304633434122109355601023207642805084400719640317836150322155973458503173j),9.714380334590588e-07,9.35838314650355e-07,1.3488829467446092e-06,4.44820095539165646459041712619704765666534375380351464978650878539080829922524278248266012e-177,4.4482009553916565e-177
blaschke_mu_0p3,exact,100,100,blaschke_mu_0p3,53,0.00000590492195448249469647770084213798263000602545171591348267362301692680967610245830534824224,5.904921954482494e-06,2.2589152961950914e-175,5.904921954482494e-06,4.44820095539165646459041712619704765666534375380351464978650878539080829922524278248266012e-177,4.4482009553916565e-177
blaschke_mu_0p3,exact,100,100,blaschke_mu_0p3,54,(0.000000251184371315405379405025939187468614385222462888883162317355493730743971031939517180670249 - 0.000000923508439879813604358670409008233989944482559939321866091171253465833495969602522542641063j),2.511843713154054e-07,-9.235084398798136e-07,9.570587374463297e-07,4.44820095539165646459041712619704765666534375380351464978650878539080829922524278248266012e-177,4.4482009553916565e-177
blaschke_mu_0p3,exact,100,100,blaschke_mu_0p3,55,(0.000000251184371315405379405025939187468614385222462888883162317355493730743971031939517180670249 + 0.000000923508439879813604358670409008233989944482559939321866091171253465833495969602522542641063j),2.511843713154054e-07,9.235084398798136e-07,9.570587374463297e-07,4.44820095539165646459041712619704765666534375380351464978650878539080829922524278248266012e-177,4.4482009553916565e-177
blaschke_mu_0p3,exact,100,100,blaschke_mu_0p3,56,(-0.00000020615467248827950201804023075808963553386225659321587439319534894869725272194679597659443 - 0.000000640680321098968598201428162354449444416216623363931403526373316302681785655281583933803171j),-2.061546724882795e-07,-6.406803210989686e-07,6.730312198050157e-07,4.44820095539165646459041712619704765666534375380351464978650878539080829922524278248266012e-177,4.4482009553916565e-177
blaschke_mu_0p3,exact,100,100,blaschke_mu_0p3,57,(-0.00000020615467248827950201804023075808963553386225659321587439319534894869725272194679597659443 + 0.000000640680321098968598201428162354449444416216623363931403526373316302681785655281583933803171j),-2.061546724882795e-07,6.406803210989686e-07,6.730312198050157e-07,4.44820095539165646459041712619704765666534375380351464978650878539080829922524278248266012e-177,4.4482009553916565e-177
blaschke_mu_0p3,exact,100,100,blaschke_mu_0p3,58,0.00000375297059822177505525908346048661506750173287364593942373403839081278531110449088353344146,3.752970598221775e-06,2.7545755582137893e-174,3.752970598221775e-06,4.44820095539165646459041712619704765666534375380351464978650878539080829922524278248266012e-177,4.4482009553916565e-177
blaschke_mu_0p3,exact,100,100,blaschke_mu_0p3,59,(-0.000000375470145077478992922503034068637206886717305707209330282593790866065441673512953233642222 - 0.000000278238076322896593729797432976461096822032145871788256709011245414406064942298775267750319j),-3.75470145077479e-07,-2.782380763228966e-07,4.673267132963503e-07,4.44820095539165646459041712619704765666534375380351464978650878539080829922524278248266012e-177,4.4482009553916565e-177
blaschke_mu_0p3,exact,100,100,blaschke_mu_0p3,60,(-0.000000375470145077478992922503034068637206886717305707209330282593790866065441673512953233642222 + 0.000000278238076322896593729797432976461096822032145871788256709011245414406064942298775267750319j),-3.75470145077479e-07,2.782380763228966e-07,4.673267132963503e-07,4.44820095539165646459041712619704765666534375380351464978650878539080829922524278248266012e-177,4.4482009553916565e-177
blaschke_mu_0p3,exact,100,100,blaschke_mu_0p3,61,-0.000000350894550513393625539233128767794197053473734836264131040787907426577324846156433557291875,-3.5089455051339363e-07,5.891652294448383e-183,3.5089455051339363e-07,4.44820095539165646459041712619704765666534375380351464978650878539080829922524278248266012e-177,4.4482009553916565e-177
blaschke_mu_0p3,exact,100,100,blaschke_mu_0p3,62,0.00000203076099004129706730103059948837790254668305481094262782085139773262209207188920198857605,2.030760990041297e-06,-1.5110459634212018e-173,2.030760990041297e-06,4.44820095539165646459041712619704765666534375380351464978650878539080829922524278248266012e-177,4.4482009553916565e-177
blaschke_mu_0p3,exact,100,100,blaschke_mu_0p3,63,-0.000000223795270758809977930444201506003941534889772423153132420755639849676413323900160873595999,-2.2379527075880997e-07,2.9234808190846754e-183,2.2379527075880997e-07,4.44820095539165646459041712619704765666534375380351464978650878539080829922524278248266012e-177,4.4482009553916565e-177
blaschke_mu_0p3,exact,100,100,blaschke_mu_0p3,64,(-0.00000012946534619974153949832579113830355431458241171084128847342276410742479965629404591667498 - 0.000000084737094738815866912478986460526303645161575649926163278177788589511931223217301356672657j),-1.2946534619974155e-07,-8.473709473881587e-08,1.547308989549081e-07,4.44820095539165646459041712619704765666534375380351464978650878539080829922524278248266012e-177,4.4482009553916565e-177
blaschke_mu_0p3,exact,100,100,blaschke_mu_0p3,65,(-0.00000012946534619974153949832579113830355431458241171084128847342276410742479965629404591667498 + 0.000000084737094738815866912478986460526303645161575649926163278177788589511931223217301356672657j),-1.2946534619974155e-07,8.473709473881587e-08,1.547308989549081e-07,4.44820095539165646459041712619704765666534375380351464978650878539080829922524278248266012e-177,4.4482009553916565e-177
blaschke_mu_0p3,exact,100,100,blaschke_mu_0p3,66,(0.00000155870821454656855714288266483145898549174463704648769167055688572772786305375877030554554 - 0.000000570044324121269816645660123745841004032670748775666557176891055146103530750327676909592189j),1.5587082145465685e-06,-5.700443241212698e-07,1.6596752180947413e-06,4.44820095539165646459041712619704765666534375380351464978650878539080829922524278248266012e-177,4.4482009553916565e-177
blaschke_mu_0p3,exact,100,100,blaschke_mu_0p3,67,(0.00000155870821454656855714288266483145898549174463704648769167055688572772786305375877030554554 + 0.000000570044324121269816645660123745841004032670748775666557176891055146103530750327676909592189j),1.5587082145465685e-06,5.700443241212698e-07,1.6596752180947413e-06,4.44820095539165646459041712619704765666534375380351464978650878539080829922524278248266012e-177,4.4482009553916565e-177
blaschke_mu_0p3,exact,100,100,blaschke_mu_0p3,68,(-0.0000000192561258730713826034029317856614625524087014974595987092267048970902712822667568434521834 - 0.0000000975421087296104498809411594524258113179268277311817212226791284774235014728381896079026368j),-1.9256125873071383e-08,-9.754210872961045e-08,9.942465166677083e-08,4.44820095539165646459041712619704765666534375380351464978650878539080829922524278248266012e-177,4.4482009553916565e-177
blaschke_mu_0p3,exact,100,100,blaschke_mu_0p3,69,(-0.0000000192561258730713826034029317856614625524087014974595987092267048970902712822667568434521834 + 0.0000000975421087296104498809411594524258113179268277311817212226791284774235014728381896079026368j),-1.9256125873071383e-08,9.754210872961045e-08,9.942465166677083e-08,4.44820095539165646459041712619704765666534375380351464978650878539080829922524278248266012e-177,4.4482009553916565e-177
blaschke_mu_0p3,exact,100,100,blaschke_mu_0p3,70,(0.000000039432513077420175503708372545515340175763379291235009370248069681762082319946069636855676 - 0.0000000468925605095140609028170404252702338376548725569860977154037155346401616958378554896146974j),3.9432513077420175e-08,-4.689256050951406e-08,6.126855081311579e-08,4.44820095539165646459041712619704765666534375380351464978650878539080829922524278248266012e-177,4.4482009553916565e-177
blaschke_mu_0p3,exact,100,100,blaschke_mu_0p3,71,(0.000000039432513077420175503708372545515340175763379291235009370248069681762082319946069636855676 + 0.0000000468925605095140609028170404252702338376548725569860977154037155346401616958378554896146974j),3.9432513077420175e-08,4.689256050951406e-08,6.126855081311579e-08,4.44820095539165646459041712619704765666534375380351464978650878539080829922524278248266012e-177,4.4482009553916565e-177
blaschke_mu_0p3,exact,100,100,blaschke_mu_0p3,72,0.0000000387806908870354768767854496551706091000829786074144530608587177454744196144352702386305876,3.8780690887035477e-08,2.1407083920639615e-183,3.8780690887035477e-08,4.44820095539165646459041712619704765666534375380351464978650878539080829922524278248266012e-177,4.4482009553916565e-177
blaschke_mu_0p3,exact,100,100,blaschke_mu_0p3,73,(0.00000000480596303750624500926537619861832666108913720684022355009656863818976425669157193489089599 - 0.000000014667156299312262095928016365054237784906478096271807724509295191108331342590769821413194j),4.805963037506245e-09,-1.4667156299312262e-08,1.5434466450976905e-08,4.44820095539165646459041712619704765666534375380351464978650878539080829922524278248266012e-177,4.4482009553916565e-177
blaschke_mu_0p3,exact,100,100,blaschke_mu_0p3,74,0.000000025878019102143339336520604837025170772482531019041406522266656441034276020535138163028389,2.587801910214334e-08,2.552039291619701e-183,2.587801910214334e-08,4.44820095539165646459041712619704765666534375380351464978650878539080829922524278248266012e-177,4.4482009553916565e-177
blaschke_mu_0p3,exact,100,100,blaschke_mu_0p3,75,(0.00000000480596303750624500926537619861832666108913720684022355009656863818976425669157193489089599 + 0.000000014667156299312262095928016365054237784906478096271807724509295191108331342590769821413194j),4.805963037506245e-09,1.4667156299312262e-08,1.5434466450976905e-08,4.44820095539165646459041712619704765666534375380351464978650878539080829922524278248266012e-177,4.4482009553916565e-177
blaschke_mu_0p3,exact,100,100,blaschke_mu_0p3,76,(-0.00000000672952992891074830312696499699209602649330133267041362033461343614810338875927688503633255 - 0.00000000176964230395649018484226669100585842726047434565720039060717380599464256705508423878569088j),-6.729529928910749e-09,-1.7696423039564903e-09,6.95831926172247e-09,4.44820095539165646459041712619704765666534375380351464978650878539080829922524278248266012e-177,4.4482009553916565e-177
blaschke_mu_0p3,exact,100,100,blaschke_mu_0p3,77,(-0.00000000672952992891074830312696499699209602649330133267041362033461343614810338875927688503633255 + 0.00000000176964230395649018484226669100585842726047434565720039060717380599464256705508423878569088j),-6.729529928910749e-09,1.7696423039564903e-09,6.95831926172247e-09,4.44820095539165646459041712619704765666534375380351464978650878539080829922524278248266012e-177,4.4482009553916565e-177
blaschke_mu_0p3,exact,100,100,blaschke_mu_0p3,78,(0.000000771624392739769077573413759395113846926803501391794671512936956706644092281467749666619483 - 0.000000872305332842206251737827036410650844834016771320254086707418662788972399833344805299775834j),7.716243927397691e-07,-8.723053328422063e-07,1.164611865462468e-06,4.44820095539165646459041712619704765666534375380351464978650878539080829922524278248266012e-177,4.4482009553916565e-177
blaschke_mu_0p3,exact,100,100,blaschke_mu_0p3,79,(0.000000771624392739769077573413759395113846926803501391794671512936956706644092281467749666619483 + 0.000000872305332842206251737827036410650844834016771320254086707418662788972399833344805299775834j),7.716243927397691e-07,8.723053328422063e-07,1.164611865462468e-06,4.44820095539165646459041712619704765666534375380351464978650878539080829922524278248266012e-177,4.4482009553916565e-177
blaschke_mu_0p3,exact,100,100,blaschke_mu_0p3,80,(0.000000148749377296140241899765475172696312590884807333554464748487124988542697421287397095745393 - 0.000000813463848586939373329712572856747109913715232443292971633758911203113841956076045096286458j),1.4874937729614024e-07,-8.134638485869394e-07,8.269521208654492e-07,4.44820095539165646459041712619704765666534375380351464978650878539080829922524278248266012e-177,4.4482009553916565e-177
blaschke_mu_0p3,exact,100,100,blaschke_mu_0p3,81,(0.000000148749377296140241899765475172696312590884807333554464748487124988542697421287397095745393 + 0.000000813463848586939373329712572856747109913715232443292971633758911203113841956076045096286458j),1.4874937729614024e-07,8.134638485869394e-07,8.269521208654492e-07,4.44820095539165646459041712619704765666534375380351464978650878539080829922524278248266012e-177,4.4482009553916565e-177
blaschke_mu_0p3,exact,100,100,blaschke_mu_0p3,82,(-0.000000226769984701336196231014809545744034900615538774377502628484010058497348382211368075837745 - 0.00000053538721901530100501599668604861635859742646707603390801881450278365668834671476468193227j),-2.267699847013362e-07,-5.35387219015301e-07,5.814327994243033e-07,4.44820095539165646459041712619704765666534375380351464978650878539080829922524278248266012e-177,4.4482009553916565e-177
blaschke_mu_0p3,exact,100,100,blaschke_mu_0p3,83,(-0.000000226769984701336196231014809545744034900615538774377502628484010058497348382211368075837745 + 0.00000053538721901530100501599668604861635859742646707603390801881450278365668834671476468193227j),-2.267699847013362e-07,5.35387219015301e-07,5.814327994243033e-07,4.44820095539165646459041712619704765666534375380351464978650878539080829922524278248266012e-177,4.4482009553916565e-177
blaschke_mu_0p3,exact,100,100,blaschke_mu_0p3,84,(-0.00000034599597466542616735336629470392873822287274752393675582440204812175536211140207601937422 - 0.000000208063470195829415457133470810350914644232496067586973818762437907948465667507467375726466j),-3.459959746654262e-07,-2.0806347019582942e-07,4.037370705231426e-07,4.44820095539165646459041712619704765666534375380351464978650878539080829922524278248266012e-177,4.4482009553916565e-177
blaschke_mu_0p3,exact,100,100,blaschke_mu_0p3,85,(-0.00000034599597466542616735336629470392873822287274752393675582440204812175536211140207601937422 + 0.000000208063470195829415457133470810350914644232496067586973818762437907948465667507467375726466j),-3.459959746654262e-07,2.0806347019582942e-07,4.037370705231426e-07,4.44820095539165646459041712619704765666534375380351464978650878539080829922524278248266012e-177,4.4482009553916565e-177
blaschke_mu_0p3,exact,100,100,blaschke_mu_0p3,86,-0.000000289956976692608771287623559761838015155135077201683631669247798633503653842032546051736216,-2.8995697669260876e-07,-1.0855074607762244e-178,2.8995697669260876e-07,4.44820095539165646459041712619704765666534375380351464978650878539080829922524278248266012e-177,4.4482009553916565e-177
blaschke_mu_0p3,exact,100,100,blaschke_mu_0p3,87,-0.000000183955177832218786639526479486037798508579338528472549161021990949217983281746680879433954,-1.8395517783221878e-07,8.57481595302823e-178,1.8395517783221878e-07,4.44820095539165646459041712619704765666534375380351464978650878539080829922524278248266012e-177,4.4482009553916565e-177
blaschke_mu_0p3,exact,100,100,blaschke_mu_0p3,88,(-0.000000103237003967073946534670849309612287028091791255230709181309320310934340000702748251759348 - 0.0000000840378188949307847546980878797460794283297747861149149208598306742642364032300824505478972j),-1.0323700396707395e-07,-8.403781889493078e-08,1.331173692375072e-07,4.44820095539165646459041712619704765666534375380351464978650878539080829922524278248266012e-177,4.4482009553916565e-177
blaschke_mu_0p3,exact,100,100,blaschke_mu_0p3,89,(-0.000000103237003967073946534670849309612287028091791255230709181309320310934340000702748251759348 + 0.0000000840378188949307847546980878797460794283297747861149149208598306742642364032300824505478972j),-1.0323700396707395e-07,8.403781889493078e-08,1.331173692375072e-07,4.44820095539165646459041712619704765666534375380351464978650878539080829922524278248266012e-177,4.4482009553916565e-177
blaschke_mu_0p3,exact,100,100,blaschke_mu_0p3,90,(-0.00000000739681242526341543273904134363802203922846313405353867888656601024094887800953385210570541 - 0.0000000851356238393049771805654712208810589959896091332798265555991394346080894565143460323368604j),-7.396812425263416e-09,-8.513562383930497e-08,8.545634722220559e-08,4.44820095539165646459041712619704765666534375380351464978650878539080829922524278248266012e-177,4.4482009553916565e-177
blaschke_mu_0p3,exact,100,100,blaschke_mu_0p3,91,(-0.00000000739681242526341543273904134363802203922846313405353867888656601024094887800953385210570541 + 0.0000000851356238393049771805654712208810589959896091332798265555991394346080894565143460323368604j),-7.396812425263416e-09,8.513562383930497e-08,8.545634722220559e-08,4.44820095539165646459041712619704765666534375380351464978650878539080829922524278248266012e-177,4.4482009553916565e-177
blaschke_mu_0p3,exact,100,100,blaschke_mu_0p3,92,(0.0000000384667674715622401371198896665317925026800894053457063701417170619463255970013450314499468 - 0.000000036106039900122557269816011211251485171592212279019850243646619839278888651551465840385467j),3.846676747156224e-08,-3.610603990012256e-08,5.27573532029468e-08,4.44820095539165646459041712619704765666534375380351464978650878539080829922524278248266012e-177,4.4482009553916565e-177
blaschke_mu_0p3,exact,100,100,blaschke_mu_0p3,93,(0.0000000384667674715622401371198896665317925026800894053457063701417170619463255970013450314499468 + 0.000000036106039900122557269816011211251485171592212279019850243646619839278888651551465840385467j),3.846676747156224e-08,3.610603990012256e-08,5.27573532029468e-08,4.44820095539165646459041712619704765666534375380351464978650878539080829922524278248266012e-177,4.4482009553916565e-177
blaschke_mu_0p3,exact,100,100,blaschke_mu_0p3,94,(0.0000000263232543125976091928173601481656276979318686383178598340543777449328638588740560316487866 - 0.00000000193867499580252772704572113319412111705626829904250079275436391526965006506471209302393223j),2.632325431259761e-08,-1.9386749958025276e-09,2.6394548269387725e-08,4.44820095539165646459041712619704765666534375380351464978650878539080829922524278248266012e-177,4.4482009553916565e-177
blaschke_mu_0p3,exact,100,100,blaschke_mu_0p3,95,(0.0000000263232543125976091928173601481656276979318686383178598340543777449328638588740560316487866 + 0.00000000193867499580252772704572113319412111705626829904250079275436391526965006506471209302393223j),2.632325431259761e-08,1.9386749958025276e-09,2.6394548269387725e-08,4.44820095539165646459041712619704765666534375380351464978650878539080829922524278248266012e-177,4.4482009553916565e-177
blaschke_mu_0p3,exact,100,100,blaschke_mu_0p3,96,(0.00000000245738249493173017241578402404396793482811591254983229641770201311553268102210482163747769 - 0.0000000129282120227717499597844223899378726820058906691302754142482833206058960168744694294105602j),2.45738249493173e-09,-1.292821202277175e-08,1.3159688249808083e-08,4.44820095539165646459041712619704765666534375380351464978650878539080829922524278248266012e-177,4.4482009553916565e-177
blaschke_mu_0p3,exact,100,100,blaschke_mu_0p3,97,-0.00000000651853304733798213116800050316281661344337008043049641434144777136474933000818379407471498,-6.518533047337982e-09,2.6487219587452862e-180,6.518533047337982e-09,4.44820095539165646459041712619704765666534375380351464978650878539080829922524278248266012e-177,4.4482009553916565e-177
blaschke_mu_0p3,exact,100,100,blaschke_mu_0p3,98,-0.00000000531854411771285653540424163447819661088182652502827903264003658711044519805013114104742111,-5.318544117712857e-09,-2.2587607772091295e-180,5.318544117712857e-09,4.44820095539165646459041712619704765666534375380351464978650878539080829922524278248266012e-177,4.4482009553916565e-177
blaschke_mu_0p3,exact,100,100,blaschke_mu_0p3,99,(0.00000000245738249493173017241578402404396793482811591254983229641770201311553268102210482163747769 + 0.0000000129282120227717499597844223899378726820058906691302754142482833206058960168744694294105602j),2.45738249493173e-09,1.292821202277175e-08,1.3159688249808083e-08,4.44820095539165646459041712619704765666534375380351464978650878539080829922524278248266012e-177,4.4482009553916565e-177
