map_label,target_mode,N,M,map_name,name,family,power,multiplicity,target,target_float,target_real_float,target_imag_float,target_abs_float,error,error_float,selected,gram_error,gram_error_float
blaschke_mu_0p3,exact,10,10,blaschke_mu_0p3,alpha^1,alpha,1,1,0.65,0.65,0.65,0.0,0.65,0.0000000576688848305973288609396835780980103767622317096415909386900827056067589460941654765492914,5.7668884830597326e-08,['0.650000057668884830597328860939683578098010376762231709641590938690082705606758946094165477'],3.74450843309529220012902090589489395366560974844887542454596447076272285323339422846345252e-179,3.744508433095292e-179
blaschke_mu_0p3,exact,10,10,blaschke_mu_0p3,alpha^2,alpha,2,1,0.4225,0.4225,0.4225,0.0,0.4225,0.0000445988354707227722205332873917535443196375752883592369150155080325697682038687194472970636,4.459883547072277e-05,['0.422455401164529277227779466712608246455680362424711640763084984491967430231796131280552703'],3.74450843309529220012902090589489395366560974844887542454596447076272285323339422846345252e-179,3.744508433095292e-179
blaschke_mu_0p3,exact,10,10,blaschke_mu_0p3,mu^1,mu,1,2,0.3,0.3,0.3,0.0,0.3,0.00700934956530128972215794650093333188867311867957981642161506560759096935388569408016354763,0.00700934956530129,"['0.303607503810292790770988687282956455028575772476958582383552196822102323498549319283779469', '0.292990650434698710277842053499066668111326881320420183578384934392409030646114305919836452']",3.74450843309529220012902090589489395366560974844887542454596447076272285323339422846345252e-179,3.744508433095292e-179
blaschke_mu_0p3,exact,10,10,blaschke_mu_0p3,alpha^3,alpha,3,1,0.274625,0.274625,0.274625,0.0,0.274625,0.0123311371684770325770068105520637317720874368413227290370362133195129735826714416283177469,0.012331137168477033,['0.286956137168477032577006810552063731772087436841322729037036213319512973582671441628317747'],3.74450843309529220012902090589489395366560974844887542454596447076272285323339422846345252e-179,3.744508433095292e-179
blaschke_mu_0p3,exact,10,10,blaschke_mu_0p3,alpha^4,alpha,4,1,0.17850625,0.17850625,0.17850625,0.0,0.17850625,0.0659553656427027384830094840466221876142275248917325949972173363015445435697621884212914046,0.06595536564270274,['(0.188591796363799145143907584385325812278455876441146071822685283189141707089442019953642327 + 0.0651796901772804582943121673826578747033309275109255686666762271704142600596873000210716199j)'],3.74450843309529220012902090589489395366560974844887542454596447076272285323339422846345252e-179,3.744508433095292e-179
blaschke_mu_0p3,exact,10,10,blaschke_mu_0p3,alpha^5,alpha,5,1,0.1160290625,0.1160290625,0.1160290625,0.0,0.1160290625,0.0806501420561081073735765625747800023247264247996381685066475179270765414180488947711606171,0.08065014205610811,['(0.153521462358657070926512953965762573727309294087662983041355936570757225385242452094637088 + 0.0714056395987669093382000928811487111622700635097366640333340579044347368578924188900153618j)'],3.74450843309529220012902090589489395366560974844887542454596447076272285323339422846345252e-179,3.744508433095292e-179
blaschke_mu_0p3,exact,10,10,blaschke_mu_0p3,mu^2,mu,2,2,0.09,0.09,0.09,0.0,0.09,0.11818940020935510695255270000933109172927002452542607190924377865120397451113724596454478,0.1181894002093551,"['(0.153521462358657070926512953965762573727309294087662983041355936570757225385242452094637088 - 0.0714056395987669093382000928811487111622700635097366640333340579044347368578924188900153618j)', '(0.188591796363799145143907584385325812278455876441146071822685283189141707089442019953642327 - 0.0651796901772804582943121673826578747033309275109255686666762271704142600596873000210716199j)']",3.74450843309529220012902090589489395366560974844887542454596447076272285323339422846345252e-179,3.744508433095292e-179
blaschke_mu_0p3,exact,10,10,blaschke_mu_0p3,alpha^6,alpha,6,1,0.075418890625,0.075418890625,0.075418890625,0.0,0.075418890625,0.924581109375,0.924581109375,['1.0'],3.74450843309529220012902090589489395366560974844887542454596447076272285323339422846345252e-179,3.744508433095292e-179
blaschke_mu_0p3,exact,10,10,blaschke_mu_0p3,alpha^7,alpha,7,1,0.04902227890625,0.04902227890625,0.04902227890625,0.0,0.04902227890625,nan,,[],3.74450843309529220012902090589489395366560974844887542454596447076272285323339422846345252e-179,3.744508433095292e-179
blaschke_mu_0p3,exact,10,10,blaschke_mu_0p3,alpha^8,alpha,8,1,0.0318644812890625,0.0318644812890625,0.0318644812890625,0.0,0.0318644812890625,nan,,[],3.74450843309529220012902090589489395366560974844887542454596447076272285323339422846345252e-179,3.744508433095292e-179
blaschke_mu_0p3,exact,10,10,blaschke_mu_0p3,mu^3,mu,3,2,0.027,0.027,0.027,0.0,0.027,nan,,[],3.74450843309529220012902090589489395366560974844887542454596447076272285323339422846345252e-179,3.744508433095292e-179
blaschke_mu_0p3,exact,10,10,blaschke_mu_0p3,alpha^9,alpha,9,1,0.020711912837890625,0.020711912837890624,0.020711912837890624,0.0,0.020711912837890624,nan,,[],3.74450843309529220012902090589489395366560974844887542454596447076272285323339422846345252e-179,3.744508433095292e-179
blaschke_mu_0p3,exact,10,10,blaschke_mu_0p3,alpha^10,alpha,10,1,0.01346274334462890625,0.013462743344628906,0.013462743344628906,0.0,0.013462743344628906,nan,,[],3.74450843309529220012902090589489395366560974844887542454596447076272285323339422846345252e-179,3.744508433095292e-179
blaschke_mu_0p3,exact,10,10,blaschke_mu_0p3,alpha^11,alpha,11,1,0.0087507831740087890625,0.00875078317400879,0.00875078317400879,0.0,0.00875078317400879,nan,,[],3.74450843309529220012902090589489395366560974844887542454596447076272285323339422846345252e-179,3.744508433095292e-179
blaschke_mu_0p3,exact,10,10,blaschke_mu_0p3,mu^4,mu,4,2,0.0081,0.0081,0.0081,0.0,0.0081,nan,,[],3.74450843309529220012902090589489395366560974844887542454596447076272285323339422846345252e-179,3.744508433095292e-179
blaschke_mu_0p3,exact,10,10,blaschke_mu_0p3,alpha^12,alpha,12,1,0.005688009063105712890625,0.005688009063105713,0.005688009063105713,0.0,0.005688009063105713,nan,,[],3.74450843309529220012902090589489395366560974844887542454596447076272285323339422846345252e-179,3.744508433095292e-179
blaschke_mu_0p3,exact,10,10,blaschke_mu_0p3,alpha^13,alpha,13,1,0.00369720589101871337890625,0.0036972058910187135,0.0036972058910187135,0.0,0.0036972058910187135,nan,,[],3.74450843309529220012902090589489395366560974844887542454596447076272285323339422846345252e-179,3.744508433095292e-179
blaschke_mu_0p3,exact,10,10,blaschke_mu_0p3,mu^5,mu,5,2,0.00243,0.00243,0.00243,0.0,0.00243,nan,,[],3.74450843309529220012902090589489395366560974844887542454596447076272285323339422846345252e-179,3.744508433095292e-179
blaschke_mu_0p3,exact,10,10,blaschke_mu_0p3,alpha^14,alpha,14,1,0.0024031838291621636962890625,0.0024031838291621636,0.0024031838291621636,0.0,0.0024031838291621636,nan,,[],3.74450843309529220012902090589489395366560974844887542454596447076272285323339422846345252e-179,3.744508433095292e-179
blaschke_mu_0p3,exact,10,10,blaschke_mu_0p3,alpha^15,alpha,15,1,0.001562069488955406402587890625,0.0015620694889554065,0.0015620694889554065,0.0,0.0015620694889554065,nan,,[],3.74450843309529220012902090589489395366560974844887542454596447076272285323339422846345252e-179,3.744508433095292e-179
blaschke_mu_0p3,exact,10,10,blaschke_mu_0p3,alpha^16,alpha,16,1,0.00101534516782101416168212890625,0.0010153451678210142,0.0010153451678210142,0.0,0.0010153451678210142,nan,,[],3.74450843309529220012902090589489395366560974844887542454596447076272285323339422846345252e-179,3.744508433095292e-179
blaschke_mu_0p3,exact,10,10,blaschke_mu_0p3,mu^6,mu,6,2,0.000729,0.000729,0.000729,0.0,0.000729,nan,,[],3.74450843309529220012902090589489395366560974844887542454596447076272285323339422846345252e-179,3.744508433095292e-179
blaschke_mu_0p3,exact,10,10,blaschke_mu_0p3,alpha^17,alpha,17,1,0.0006599743590836592050933837890625,0.0006599743590836592,0.0006599743590836592,0.0,0.0006599743590836592,nan,,[],3.74450843309529220012902090589489395366560974844887542454596447076272285323339422846345252e-179,3.744508433095292e-179
blaschke_mu_0p3,exact,10,10,blaschke_mu_0p3,alpha^18,alpha,18,1,0.000428983333404378483310699462890625,0.0004289833334043785,0.0004289833334043785,0.0,0.0004289833334043785,nan,,[],3.74450843309529220012902090589489395366560974844887542454596447076272285323339422846345252e-179,3.744508433095292e-179
blaschke_mu_0p3,exact,20,20,blaschke_mu_0p3,alpha^1,alpha,1,1,0.65,0.65,0.65,0.0,0.65,0.00000000000000414751884161933767973725287216033068936545578010120122492395676990473595762068402871408471,4.1475188416193376e-15,['0.649999999999995852481158380662320262747127839669310634544219898798775076043230095264042379'],8.0314757334801923103678227715692411057743351121745827118136539398171143432398397302345444e-179,8.031475733480193e-179
blaschke_mu_0p3,exact,20,20,blaschke_mu_0p3,alpha^2,alpha,2,1,0.4225,0.4225,0.4225,0.0,0.4225,0.00000000000996285921303389963528387751729055372257478321489138234403211138722301230117341729802929203,9.9628592130339e-12,['0.422499999990037140786966100364716122482709446277425216785108617655967888612776987698826583'],8.0314757334801923103678227715692411057743351121745827118136539398171143432398397302345444e-179,8.031475733480193e-179
blaschke_mu_0p3,exact,20,20,blaschke_mu_0p3,mu^1,mu,1,2,0.3,0.3,0.3,0.0,0.3,0.0000000000104709158988001781403343171539089781966737326862641064321795424691010868382503657943511862,1.0470915898800179e-11,"['0.300000000004816359865057368465021311320649527441093970795228372717016356053113828009839817', '0.299999999989529084101199821859665682846091021803326267313735893567820457530898913161749634']",8.0314757334801923103678227715692411057743351121745827118136539398171143432398397302345444e-179,8.031475733480193e-179
blaschke_mu_0p3,exact,20,20,blaschke_mu_0p3,alpha^3,alpha,3,1,0.274625,0.274625,0.274625,0.0,0.274625,0.000000000233684486199166917840571393645850422746491464616387529104346586811979879542159690684640615,2.336844861991669e-10,['0.274624999766315513800833082159428606354149577253508535383612470895653413188020120457840309'],8.0314757334801923103678227715692411057743351121745827118136539398171143432398397302345444e-179,8.031475733480193e-179
blaschke_mu_0p3,exact,20,20,blaschke_mu_0p3,alpha^4,alpha,4,1,0.17850625,0.17850625,0.17850625,0.0,0.17850625,0.0000000681535264104822877131311569834487789728326719998714154003198330137419613195946027344752875,6.815352641048228e-08,['0.178506318153526410482287713131156983448778972832671999871415400319833013741961319594602734'],8.0314757334801923103678227715692411057743351121745827118136539398171143432398397302345444e-179,8.031475733480193e-179
blaschke_mu_0p3,exact,20,20,blaschke_mu_0p3,alpha^5,alpha,5,1,0.1160290625,0.1160290625,0.1160290625,0.0,0.1160290625,0.00000979734328396735485927712226499371482966958373703757364096059088272474836213174815442630872,9.797343283967355e-06,['0.116038859843283967354859277122264993714829669583737037573640960590882724748362131748154426'],8.0314757334801923103678227715692411057743351121745827118136539398171143432398397302345444e-179,8.031475733480193e-179
blaschke_mu_0p3,exact,20,20,blaschke_mu_0p3,mu^2,mu,2,2,0.09,0.09,0.09,0.0,0.09,0.00075179216532706447917154296437387217174923829230781123802518122561262088964768660164686636,0.0007517921653270645,"['0.0898261441263216715559588197136356706544854074510010452588713308718353515209339502361784196', '0.0892482078346729355208284570356261278282507617076921887619748187743873791103523133983531336']",8.0314757334801923103678227715692411057743351121745827118136539398171143432398397302345444e-179,8.031475733480193e-179
blaschke_mu_0p3,exact,20,20,blaschke_mu_0p3,alpha^6,alpha,6,1,0.075418890625,0.075418890625,0.075418890625,0.0,0.075418890625,0.00284516691101501336526124872574339444787722509284296453079883196057514646095372273647688569,0.0028451669110150135,['0.0782640575360150133652612487257433944478772250928429645307988319605751464609537227364768857'],8.0314757334801923103678227715692411057743351121745827118136539398171143432398397302345444e-179,8.031475733480193e-179
blaschke_mu_0p3,exact,20,20,blaschke_mu_0p3,alpha^7,alpha,7,1,0.04902227890625,0.04902227890625,0.04902227890625,0.0,0.04902227890625,0.00687704262910355246666776299696857857517589014101079000509514733640557120195019255595429253,0.006877042629103552,['0.0558993215353535524666677629969685785751758901410107900050951473364055712019501925559542925'],8.0314757334801923103678227715692411057743351121745827118136539398171143432398397302345444e-179,8.031475733480193e-179
blaschke_mu_0p3,exact,20,20,blaschke_mu_0p3,alpha^8,alpha,8,1,0.0318644812890625,0.0318644812890625,0.0318644812890625,0.0,0.0318644812890625,0.0216512354847592176842733603799308163793204996274552058757247374245847906958548728373907115,0.021651235484759217,['(0.0372000494701469601127069611076993947422584464236747824919664530855400900637399162641959666 - 0.0209835104356133838449416375106423979353054203327579020348411627676394152892005241997256454j)'],8.0314757334801923103678227715692411057743351121745827118136539398171143432398397302345444e-179,8.031475733480193e-179
blaschke_mu_0p3,exact,20,20,blaschke_mu_0p3,mu^3,mu,3,2,0.027,0.027,0.027,0.0,0.027,0.0267120868148542794893779244716389250495197929321122684934074986207707531112829341942239969,0.02671208681485428,"['(0.0372000494701469601127069611076993947422584464236747824919664530855400900637399162641959666 + 0.0209835104356133838449416375106423979353054203327579020348411627676394152892005241997256454j)', '(0.0450024508863542930921506768766517387559529803242277453567803893276743306163911460943694307 + 0.019734420287627234310842692768836698563044942317833647665038922558194462349633899819570974j)']",8.0314757334801923103678227715692411057743351121745827118136539398171143432398397302345444e-179,8.031475733480193e-179
blaschke_mu_0p3,exact,20,20,blaschke_mu_0p3,alpha^9,alpha,9,1,0.020711912837890625,0.020711912837890624,0.020711912837890624,0.0,0.020711912837890624,0.0303650138097817785166253436068407593998752510343685469825064773175433781491298254111966265,0.03036501380978178,['(0.0074041274400414663188282100755423869431431163162937167565088636987970038637769132023576666 + 0.027293532411049890131874956116871510440874554391665846446133197986463775838385771523039507j)'],8.0314757334801923103678227715692411057743351121745827118136539398171143432398397302345444e-179,8.031475733480193e-179
blaschke_mu_0p3,exact,20,20,blaschke_mu_0p3,alpha^10,alpha,10,1,0.01346274334462890625,0.013462743344628906,0.013462743344628906,0.0,0.013462743344628906,0.0279578922337208874187262555495257471911356725851735262316897842395291396235420188972516442,0.027957892233720888,['(0.0074041274400414663188282100755423869431431163162937167565088636987970038637769132023576666 - 0.027293532411049890131874956116871510440874554391665846446133197986463775838385771523039507j)'],8.0314757334801923103678227715692411057743351121745827118136539398171143432398397302345444e-179,8.031475733480193e-179
blaschke_mu_0p3,exact,20,20,blaschke_mu_0p3,alpha^11,alpha,11,1,0.0087507831740087890625,0.00875078317400879,0.00875078317400879,0.0,0.00875078317400879,0.0307961212499128874959268424128510368356594894700069126318089063118018420742656524466233622,0.030796121249912888,['(0.0123521036580644934130958952633150679534361290145892173310075285478752686881413426667878231 + 0.0305848258914523967464792561390631963815881297083194649255203487968559046109182192865863609j)'],8.0314757334801923103678227715692411057743351121745827118136539398171143432398397302345444e-179,8.031475733480193e-179
blaschke_mu_0p3,exact,20,20,blaschke_mu_0p3,mu^4,mu,4,2,0.0081,0.0081,0.0081,0.0,0.0081,0.0418477983352589784156481565620546999867677546833216176224112667844326620059492300711726968,0.04184779833525898,"['(0.0123521036580644934130958952633150679534361290145892173310075285478752686881413426667878231 - 0.0305848258914523967464792561390631963815881297083194649255203487968559046109182192865863609j)', '(0.0450024508863542930921506768766517387559529803242277453567803893276743306163911460943694307 - 0.019734420287627234310842692768836698563044942317833647665038922558194462349633899819570974j)']",8.0314757334801923103678227715692411057743351121745827118136539398171143432398397302345444e-179,8.031475733480193e-179
blaschke_mu_0p3,exact,20,20,blaschke_mu_0p3,alpha^12,alpha,12,1,0.005688009063105712890625,0.005688009063105713,0.005688009063105713,0.0,0.005688009063105713,0.994311990936894287109375,0.9943119909368943,['1.0'],8.0314757334801923103678227715692411057743351121745827118136539398171143432398397302345444e-179,8.031475733480193e-179
blaschke_mu_0p3,exact,20,20,blaschke_mu_0p3,alpha^13,alpha,13,1,0.00369720589101871337890625,0.0036972058910187135,0.0036972058910187135,0.0,0.0036972058910187135,nan,,[],8.0314757334801923103678227715692411057743351121745827118136539398171143432398397302345444e-179,8.031475733480193e-179
blaschke_mu_0p3,exact,20,20,blaschke_mu_0p3,mu^5,mu,5,2,0.00243,0.00243,0.00243,0.0,0.00243,nan,,[],8.0314757334801923103678227715692411057743351121745827118136539398171143432398397302345444e-179,8.031475733480193e-179
blaschke_mu_0p3,exact,20,20,blaschke_mu_0p3,alpha^14,alpha,14,1,0.0024031838291621636962890625,0.0024031838291621636,0.0024031838291621636,0.0,0.0024031838291621636,nan,,[],8.0314757334801923103678227715692411057743351121745827118136539398171143432398397302345444e-179,8.031475733480193e-179
blaschke_mu_0p3,exact,20,20,blaschke_mu_0p3,alpha^15,alpha,15,1,0.001562069488955406402587890625,0.0015620694889554065,0.0015620694889554065,0.0,0.0015620694889554065,nan,,[],8.0314757334801923103678227715692411057743351121745827118136539398171143432398397302345444e-179,8.031475733480193e-179
blaschke_mu_0p3,exact,20,20,blaschke_mu_0p3,alpha^16,alpha,16,1,0.00101534516782101416168212890625,0.0010153451678210142,0.0010153451678210142,0.0,0.0010153451678210142,nan,,[],8.0314757334801923103678227715692411057743351121745827118136539398171143432398397302345444e-179,8.031475733480193e-179
blaschke_mu_0p3,exact,20,20,blaschke_mu_0p3,mu^6,mu,6,2,0.000729,0.000729,0.000729,0.0,0.000729,nan,,[],8.0314757334801923103678227715692411057743351121745827118136539398171143432398397302345444e-179,8.031475733480193e-179
blaschke_mu_0p3,exact,20,20,blaschke_mu_0p3,alpha^17,alpha,17,1,0.0006599743590836592050933837890625,0.0006599743590836592,0.0006599743590836592,0.0,0.0006599743590836592,nan,,[],8.0314757334801923103678227715692411057743351121745827118136539398171143432398397302345444e-179,8.031475733480193e-179
blaschke_mu_0p3,exact,20,20,blaschke_mu_0p3,alpha^18,alpha,18,1,0.000428983333404378483310699462890625,0.0004289833334043785,0.0004289833334043785,0.0,0.0004289833334043785,nan,,[],8.0314757334801923103678227715692411057743351121745827118136539398171143432398397302345444e-179,8.031475733480193e-179
blaschke_mu_0p3,exact,30,30,blaschke_mu_0p3,alpha^1,alpha,1,1,0.65,0.65,0.65,0.0,0.65,0.00000000000000000000467717071780367775072611995321537481303971677701904568555350600412595136066661307998962869,4.677170717803678e-21,['0.649999999999999999995322829282196322249273880046784625186960283222980954314446493995874049'],1.77436652171873881623401074375944909969734446012688714808256539603539568711992767128056817e-178,1.7743665217187388e-178
blaschke_mu_0p3,exact,30,30,blaschke_mu_0p3,alpha^2,alpha,2,1,0.4225,0.4225,0.4225,0.0,0.4225,0.00000000000000000791101803140097636330250331652220749651352967277566351063077072207593423820221579745664036,7.911018031400976e-18,['0.422499999999999992088981968599023636697496683477792503486470327224336489369229277924065762'],1.77436652171873881623401074375944909969734446012688714808256539603539568711992767128056817e-178,1.7743665217187388e-178
blaschke_mu_0p3,exact,30,30,blaschke_mu_0p3,mu^1,mu,1,2,0.3,0.3,0.3,0.0,0.3,0.0000000000000000000000459675402082475297884846418438633568587760215450461556764816207197264953258476762743452119,4.596754020824753e-23,"['0.299999999999999999999985906163300145410337652498393579224886114596391785383160846893578172', '0.300000000000000000000045967540208247529788484641843863356858776021545046155676481620719726']",1.77436652171873881623401074375944909969734446012688714808256539603539568711992767128056817e-178,1.7743665217187388e-178
blaschke_mu_0p3,exact,30,30,blaschke_mu_0p3,alpha^3,alpha,3,1,0.274625,0.274625,0.274625,0.0,0.274625,0.000000000000000419759831281045024273104711471248900024884736138834405101531417676637107900908246092575967,4.19759831281045e-16,['0.274624999999999580240168718954975726895288528751099975115263861165594898468582323362892099'],1.77436652171873881623401074375944909969734446012688714808256539603539568711992767128056817e-178,1.7743665217187388e-178
blaschke_mu_0p3,exact,30,30,blaschke_mu_0p3,alpha^4,alpha,4,1,0.17850625,0.17850625,0.17850625,0.0,0.17850625,0.0000000000000338270349876092272224602030733615411973924258595148312275617768672700006609082747314363718,3.3827034987609226e-14,['0.178506249999966172965012390772777539796926638458802607574140485168772438223132729999339092'],1.77436652171873881623401074375944909969734446012688714808256539603539568711992767128056817e-178,1.7743665217187388e-178
blaschke_mu_0p3,exact,30,30,blaschke_mu_0p3,alpha^5,alpha,5,1,0.1160290625,0.1160290625,0.1160290625,0.0,0.1160290625,0.000000000000577749742659955923648476077607732499640881030702543761186019460209097306578141269125496624,5.777497426599559e-13,['0.116029062499422250257340044076351523922392267500359118969297456238813980539790902693421859'],1.77436652171873881623401074375944909969734446012688714808256539603539568711992767128056817e-178,1.7743665217187388e-178
blaschke_mu_0p3,exact,30,30,blaschke_mu_0p3,mu^2,mu,2,2,0.09,0.09,0.09,0.0,0.09,0.0000000000311151081728024349669639921108266699378621372593294075687222542973585697495071467033973489,3.1115108172802436e-11,"['0.0900000000050470335048591062508311501555380441414574253106375915677084469704667862492042093', '0.0900000000311151081728024349669639921108266699378621372593294075687222542973585697495071467']",1.77436652171873881623401074375944909969734446012688714808256539603539568711992767128056817e-178,1.7743665217187388e-178
blaschke_mu_0p3,exact,30,30,blaschke_mu_0p3,alpha^6,alpha,6,1,0.075418890625,0.075418890625,0.075418890625,0.0,0.075418890625,0.000000000430183993458391279292154381629489385789100730551670931215904388198320375175468287142178391,4.3018399345839127e-10,['0.0754188901948160065416087207078456183705106142108992694483290687840956118016796248245317129'],1.77436652171873881623401074375944909969734446012688714808256539603539568711992767128056817e-178,1.7743665217187388e-178
blaschke_mu_0p3,exact,30,30,blaschke_mu_0p3,alpha^7,alpha,7,1,0.04902227890625,0.04902227890625,0.04902227890625,0.0,0.04902227890625,0.0000000160397189883252125777806635303490826946965798437026734869801339762156486138007961260950884,1.6039718988325212e-08,['0.0490222628665310116747874222193364696509173053034201562973265130198660237843513861992038739'],1.77436652171873881623401074375944909969734446012688714808256539603539568711992767128056817e-178,1.7743665217187388e-178
blaschke_mu_0p3,exact,30,30,blaschke_mu_0p3,alpha^8,alpha,8,1,0.0318644812890625,0.0318644812890625,0.0318644812890625,0.0,0.0318644812890625,0.000015226518186342852224225376765720940077645374024820289637132205819441241068708073362759024,1.5226518186342852e-05,['0.031879707807248842852224225376765720940077645374024820289637132205819441241068708073362759'],1.77436652171873881623401074375944909969734446012688714808256539603539568711992767128056817e-178,1.7743665217187388e-178
blaschke_mu_0p3,exact,30,30,blaschke_mu_0p3,mu^3,mu,3,2,0.027,0.027,0.027,0.0,0.027,0.0000796834815392556680542175016676155096138138568979329186918358560405683855622682445468741029,7.968348153925567e-05,"['0.0270190952251974649621733208575951315549752065987434084302517718378471327835675139468157644', '0.0269203165184607443319457824983323844903861861431020670813081641439594316144377317554531259']",1.77436652171873881623401074375944909969734446012688714808256539603539568711992767128056817e-178,1.7743665217187388e-178
blaschke_mu_0p3,exact,30,30,blaschke_mu_0p3,alpha^9,alpha,9,1,0.020711912837890625,0.020711912837890624,0.020711912837890624,0.0,0.020711912837890624,0.000219375929927870573616229370173956992516901843204162556465528609909272857365194630650107035,0.00021937592992787058,['0.020492536907962754426383770629826043007483098156795837443534471390090727142634805369349893'],1.77436652171873881623401074375944909969734446012688714808256539603539568711992767128056817e-178,1.7743665217187388e-178
blaschke_mu_0p3,exact,30,30,blaschke_mu_0p3,alpha^10,alpha,10,1,0.01346274334462890625,0.013462743344628906,0.013462743344628906,0.0,0.013462743344628906,0.00023703529233125164038611031049358419466134748673702069792791541757959803914561413442161928,0.00023703529233125165,['0.0136997786369601578903861103104935841946613474867370206979279154175795980391456141344216193'],1.77436652171873881623401074375944909969734446012688714808256539603539568711992767128056817e-178,1.7743665217187388e-178
blaschke_mu_0p3,exact,30,30,blaschke_mu_0p3,alpha^11,alpha,11,1,0.0087507831740087890625,0.00875078317400879,0.00875078317400879,0.0,0.00875078317400879,0.00617426626030623218710435278710928492475697702936082417972699264622677716320736361352386388,0.006174266260306233,['(0.00881315492506097141065575969125132603539206015288312367602446265419635897888919201966950376 - 0.0061739512160225715790113102505760968026631692411191650364062382383776853043722452440717574j)'],1.77436652171873881623401074375944909969734446012688714808256539603539568711992767128056817e-178,1.7743665217187388e-178
blaschke_mu_0p3,exact,30,30,blaschke_mu_0p3,mu^4,mu,4,2,0.0081,0.0081,0.0081,0.0,0.0081,0.00678188014129027157545208141361928055133496307947664525894202183311938054881830145504868807,0.006781880141290272,"['(0.00881315492506097141065575969125132603539206015288312367602446265419635897888919201966950376 + 0.0061739512160225715790113102505760968026631692411191650364062382383776853043722452440717574j)', '(0.0108412626167327746609061339962980551648688596873029349853639079894871430294595818598898737 - 0.00620317479335628063219584560955108263453061278458225405367320213008343806442459188609231157j)']",1.77436652171873881623401074375944909969734446012688714808256539603539568711992767128056817e-178,1.7743665217187388e-178
blaschke_mu_0p3,exact,30,30,blaschke_mu_0p3,alpha^12,alpha,12,1,0.005688009063105712890625,0.005688009063105713,0.005688009063105713,0.0,0.005688009063105713,0.00793269843542836567480117809740844514679187885462608033083997892609173152860087357731136689,0.007932698435428365,['(0.00195591087467240300343039531791403460151080457807351498055876323057688110787283478923155181 + 0.00699993911254522607704802418587608246920528977070554454486437083601630591945065570435688828j)'],1.77436652171873881623401074375944909969734446012688714808256539603539568711992767128056817e-178,1.7743665217187388e-178
blaschke_mu_0p3,exact,30,30,blaschke_mu_0p3,alpha^13,alpha,13,1,0.00369720589101871337890625,0.0036972058910187135,0.0036972058910187135,0.0,0.0036972058910187135,0.007213269433016691672097207554420975428691670129641061113131250762846823018415500357663998,0.0072132694330166915,['(0.00195591087467240300343039531791403460151080457807351498055876323057688110787283478923155181 - 0.00699993911254522607704802418587608246920528977070554454486437083601630591945065570435688828j)'],1.77436652171873881623401074375944909969734446012688714808256539603539568711992767128056817e-178,1.7743665217187388e-178
blaschke_mu_0p3,exact,30,30,blaschke_mu_0p3,mu^5,mu,5,2,0.00243,0.00243,0.00243,0.0,0.00243,0.00631203534140484530255558679807943791927641775913620005962088673472713994267603127267776853,0.006312035341404845,"['(-0.00288918815952608759930202901924780102633475371033751242547444910380405260510975423918829087 - 0.00339823887840470315236805595756467947534142081378453818397595201193265491382104302511227029j)', '(-0.00288918815952608759930202901924780102633475371033751242547444910380405260510975423918829087 + 0.00339823887840470315236805595756467947534142081378453818397595201193265491382104302511227029j)']",1.77436652171873881623401074375944909969734446012688714808256539603539568711992767128056817e-178,1.7743665217187388e-178
blaschke_mu_0p3,exact,30,30,blaschke_mu_0p3,alpha^14,alpha,14,1,0.0024031838291621636962890625,0.0024031838291621636,0.0024031838291621636,0.0,0.0024031838291621636,0.00682983034688421880279923898870131116115208332961895378697265082474189189198347941908639153,0.006829830346884219,['(-0.00282867683650396091955003220249809248228856073927246606726849518341774766704547151239822484 + 0.00439024105742227142730334602491714278420843238613459577319497607135248264865391853145615657j)'],1.77436652171873881623401074375944909969734446012688714808256539603539568711992767128056817e-178,1.7743665217187388e-178
blaschke_mu_0p3,exact,30,30,blaschke_mu_0p3,alpha^15,alpha,15,1,0.001562069488955406402587890625,0.0015620694889554065,0.0015620694889554065,0.0,0.0015620694889554065,0.00620909573422822659832030516529830983445344717197873499560075664833206740564252171678784896,0.006209095734228226,['(-0.00282867683650396091955003220249809248228856073927246606726849518341774766704547151239822484 - 0.00439024105742227142730334602491714278420843238613459577319497607135248264865391853145615657j)'],1.77436652171873881623401074375944909969734446012688714808256539603539568711992767128056817e-178,1.7743665217187388e-178
blaschke_mu_0p3,exact,30,30,blaschke_mu_0p3,alpha^16,alpha,16,1,0.00101534516782101416168212890625,0.0010153451678210142,0.0010153451678210142,0.0,0.0010153451678210142,0.00815044445013608118078162118870802987608387849840131478159506663570483389530995268851940235,0.008150444450136081,['(0.00313270262306455705045942994657280723655276814253110083803189487994958396417471232732218385 - 0.00787061256456437671231894458486287480004882169952779790704262678398123084324580859589270294j)'],1.77436652171873881623401074375944909969734446012688714808256539603539568711992767128056817e-178,1.7743665217187388e-178
blaschke_mu_0p3,exact,30,30,blaschke_mu_0p3,mu^6,mu,6,2,0.000729,0.000729,0.000729,0.0,0.000729,0.0118632724299285110026874718899329964807142453127390108529134552364299535853576961142985803,0.01186327242992851,"['(0.00313270262306455705045942994657280723655276814253110083803189487994958396417471232732218385 + 0.00787061256456437671231894458486287480004882169952779790704262678398123084324580859589270294j)', '(0.0108412626167327746609061339962980551648688596873029349853639079894871430294595818598898737 + 0.00620317479335628063219584560955108263453061278458225405367320213008343806442459188609231157j)']",1.77436652171873881623401074375944909969734446012688714808256539603539568711992767128056817e-178,1.7743665217187388e-178
blaschke_mu_0p3,exact,30,30,blaschke_mu_0p3,alpha^17,alpha,17,1,0.0006599743590836592050933837890625,0.0006599743590836592,0.0006599743590836592,0.0,0.0006599743590836592,0.0153811467148731347976385637127555378153704110539100429332036529303220669141884763594891642,0.015381146714873135,['0.0160411210739567940027319475018180378153704110539100429332036529303220669141884763594891642'],1.77436652171873881623401074375944909969734446012688714808256539603539568711992767128056817e-178,1.7743665217187388e-178
blaschke_mu_0p3,exact,30,30,blaschke_mu_0p3,alpha^18,alpha,18,1,0.000428983333404378483310699462890625,0.0004289833334043785,0.0004289833334043785,0.0,0.0004289833334043785,0.999571016666595621516689300537109375,0.9995710166665956,['1.0'],1.77436652171873881623401074375944909969734446012688714808256539603539568711992767128056817e-178,1.7743665217187388e-178
blaschke_mu_0p3,exact,40,40,blaschke_mu_0p3,alpha^1,alpha,1,1,0.65,0.65,0.65,0.0,0.65,0.00000000000000000000000000172197849984668999800635467762982002230788371207520247489554122974024629722427561328722461,1.72197849984669e-27,['0.64999999999999999999999999827802150015331000199364532237017997769211628792479752510445877'],2.00766010980935748415707616255038616793868114750360876631643637253856756585629232299218566e-178,2.0076601098093574e-178
blaschke_mu_0p3,exact,40,40,blaschke_mu_0p3,alpha^2,alpha,2,1,0.4225,0.4225,0.4225,0.0,0.4225,0.00000000000000000000000326745243229947189226990316623348735808092252918476750474913634829349238252716475455076374,3.267452432299472e-24,['0.422499999999999999999996732547567700528107730096833766512641919077470815232495250863651707'],2.00766010980935748415707616255038616793868114750360876631643637253856756585629232299218566e-178,2.0076601098093574e-178
blaschke_mu_0p3,exact,40,40,blaschke_mu_0p3,mu^1,mu,1,2,0.3,0.3,0.3,0.0,0.3,4.43666214049260326676525420285834556670677489032023265390457800762266386316962295691740702e-36,4.436662140492603e-36,"['0.300000000000000000000000000000000001024577499903735931271526408947442588847062917613253164', '0.299999999999999999999999999999999995563337859507396733234745797141654433293225109679767346']",2.00766010980935748415707616255038616793868114750360876631643637253856756585629232299218566e-178,2.0076601098093574e-178
blaschke_mu_0p3,exact,40,40,blaschke_mu_0p3,alpha^3,alpha,3,1,0.274625,0.274625,0.274625,0.0,0.274625,0.000000000000000000000335238265513663759062867956129356306365257525471128279096989753068753171635022823513287039,3.3523826551366375e-22,['0.274624999999999999999664761734486336240937132043870643693634742474528871720903010246931247'],2.00766010980935748415707616255038616793868114750360876631643637253856756585629232299218566e-178,2.0076601098093574e-178
blaschke_mu_0p3,exact,40,40,blaschke_mu_0p3,alpha^4,alpha,4,1,0.17850625,0.17850625,0.17850625,0.0,0.17850625,0.0000000000000000000230277082552266818602066467809985914470269197267032941988718382776015590269717173410315514,2.3027708255226682e-20,['0.178506249999999999976972291744773318139793353219001408552973080273296705801128161722398441'],2.00766010980935748415707616255038616793868114750360876631643637253856756585629232299218566e-178,2.0076601098093574e-178
blaschke_mu_0p3,exact,40,40,blaschke_mu_0p3,alpha^5,alpha,5,1,0.1160290625,0.1160290625,0.1160290625,0.0,0.1160290625,0.000000000000000000864935435163323314684446292889889272478928142415541380803413815526825832122700710852527001,8.649354351633233e-19,['0.116029062499999999135064564836676685315553707110110727521071857584458619196586184473174168'],2.00766010980935748415707616255038616793868114750360876631643637253856756585629232299218566e-178,2.0076601098093574e-178
blaschke_mu_0p3,exact,40,40,blaschke_mu_0p3,mu^2,mu,2,2,0.09,0.09,0.09,0.0,0.09,0.0000000000000000000161000966141207403883450136487044310235460835942311069071243804737471910880949593926411028,1.610009661412074e-20,"['0.0899999999999999999980755973608305489077487429382180513248360294880889320191018837384008428', '0.0899999999999999999838999033858792596116549863512955689764539164057688930928756195262528089']",2.00766010980935748415707616255038616793868114750360876631643637253856756585629232299218566e-178,2.0076601098093574e-178
blaschke_mu_0p3,exact,40,40,blaschke_mu_0p3,alpha^6,alpha,6,1,0.075418890625,0.075418890625,0.075418890625,0.0,0.075418890625,0.0000000000000000805692307270348895382400569333355853667835031041857558745698704659397492308924884652941382,8.056923072703489e-17,['0.0754188906250000805692307270348895382400569333355853667835031041857558745698704659397492309'],2.00766010980935748415707616255038616793868114750360876631643637253856756585629232299218566e-178,2.0076601098093574e-178
blaschke_mu_0p3,exact,40,40,blaschke_mu_0p3,alpha^7,alpha,7,1,0.04902227890625,0.04902227890625,0.04902227890625,0.0,0.04902227890625,0.000000000000000786277464587593350647715075289563938602886254577024480419205755181838389964148584794315997,7.862774645875934e-16,['0.0490222789062507862774645875933506477150752895639386028862545770244804192057551818383899641'],2.00766010980935748415707616255038616793868114750360876631643637253856756585629232299218566e-178,2.0076601098093574e-178
blaschke_mu_0p3,exact,40,40,blaschke_mu_0p3,alpha^8,alpha,8,1,0.0318644812890625,0.0318644812890625,0.0318644812890625,0.0,0.0318644812890625,0.00000000000118006367825841425847130474186320663888627503380103439273997298754537539505423889820911865,1.1800636782584143e-12,['0.0318644812878824363217415857415286952581367933611137249661989656072600270124546246049457611'],2.00766010980935748415707616255038616793868114750360876631643637253856756585629232299218566e-178,2.0076601098093574e-178
blaschke_mu_0p3,exact,40,40,blaschke_mu_0p3,mu^3,mu,3,2,0.027,0.027,0.027,0.0,0.027,0.0000000000130720853426292091675939236042711164873339949211066282686129527851214444711558972506520787,1.3072085342629208e-11,"['0.0269999999977257826185857000432019467846742427994850703216454769052877782181028968522692339', '0.0270000000130720853426292091675939236042711164873339949211066282686129527851214444711558973']",2.00766010980935748415707616255038616793868114750360876631643637253856756585629232299218566e-178,2.0076601098093574e-178
blaschke_mu_0p3,exact,40,40,blaschke_mu_0p3,alpha^9,alpha,9,1,0.020711912837890625,0.020711912837890624,0.020711912837890624,0.0,0.020711912837890624,0.0000000000722097396277538355367910491436296185332262813421377876126010842958189580533299141384967848,7.220973962775383e-11,['0.0207119129101003646277538355367910491436296185332262813421377876126010842958189580533299141'],2.00766010980935748415707616255038616793868114750360876631643637253856756585629232299218566e-178,2.0076601098093574e-178
blaschke_mu_0p3,exact,40,40,blaschke_mu_0p3,alpha^10,alpha,10,1,0.01346274334462890625,0.013462743344628906,0.013462743344628906,0.0,0.013462743344628906,0.0000000254294227765251795857543626904993163898637581031040817099315219754843415991816613905427839,2.5429422776525178e-08,['0.0134627179152061297248204142456373095006836101362418968959182900684780245156584008183386095'],2.00766010980935748415707616255038616793868114750360876631643637253856756585629232299218566e-178,2.0076601098093574e-178
blaschke_mu_0p3,exact,40,40,blaschke_mu_0p3,alpha^11,alpha,11,1,0.0087507831740087890625,0.00875078317400879,0.00875078317400879,0.0,0.00875078317400879,0.00000345855555280615051504542053069939380759172806207345589950706243123510585902801772377562004,3.4585555528061504e-06,['0.00874732461845598291198495457946930060619240827193792654410049293756876489414097198227622438'],2.00766010980935748415707616255038616793868114750360876631643637253856756585629232299218566e-178,2.0076601098093574e-178
blaschke_mu_0p3,exact,40,40,blaschke_mu_0p3,mu^4,mu,4,2,0.0081,0.0081,0.0081,0.0,0.0081,0.00000727087706285960764569154387219259338461845306952030567273028091550791245492959785143230797,7.270877062859607e-06,"['0.0081057241188141161901195811363591734524666128574868828547749276465060419228893272819720536', '0.00810727087706285960764569154387219259338461845306952030567273028091550791245492959785143231']",2.00766010980935748415707616255038616793868114750360876631643637253856756585629232299218566e-178,2.0076601098093574e-178
blaschke_mu_0p3,exact,40,40,blaschke_mu_0p3,alpha^12,alpha,12,1,0.005688009063105712890625,0.005688009063105713,0.005688009063105713,0.0,0.005688009063105713,0.000127239860751047420031026496810767744238713657708240032611679657229642511951181389138691108,0.00012723986075104742,['0.00556076920235466547059397350318923225576128634229175996738832034277035748804881861086130889'],2.00766010980935748415707616255038616793868114750360876631643637253856756585629232299218566e-178,2.0076601098093574e-178
blaschke_mu_0p3,exact,40,40,blaschke_mu_0p3,alpha^13,alpha,13,1,0.00369720589101871337890625,0.0036972058910187135,0.0036972058910187135,0.0,0.0036972058910187135,0.000458048063047080643784157505607588563514943292414589512278469773528153300423716182202313224,0.00045804806304708065,['0.00415525395406579402269040750560758856351494329241458951227846977352815330042371618220231322'],2.00766010980935748415707616255038616793868114750360876631643637253856756585629232299218566e-178,2.0076601098093574e-178
blaschke_mu_0p3,exact,40,40,blaschke_mu_0p3,mu^5,mu,5,2,0.00243,0.00243,0.00243,0.0,0.00243,0.00152481543375099135383645948325085968093449875938570430794628063818261056546431797078122582,0.0015248154337509914,"['(0.00377206597291503464766916425544794944709343344960012897629170434681320512894350768882106955 + 0.00072382389525964489935945646543495155623739432378621031818031092744122878519433197575837737j)', '(0.00377206597291503464766916425544794944709343344960012897629170434681320512894350768882106955 - 0.00072382389525964489935945646543495155623739432378621031818031092744122878519433197575837737j)']",2.00766010980935748415707616255038616793868114750360876631643637253856756585629232299218566e-178,2.0076601098093574e-178
blaschke_mu_0p3,exact,40,40,blaschke_mu_0p3,alpha^14,alpha,14,1,0.0024031838291621636962890625,0.0024031838291621636,0.0024031838291621636,0.0,0.0024031838291621636,0.00181776557509802659007282693838982739106982827640134920896104734648841632155721145839792542,0.0018177655750980265,['(0.00207581853217517091745650634459423793512978425727441799552875254419186795566803007862601487 + 0.00178804464383305523868140689895863211174288506541143639640559480550597721988118126149253756j)'],2.00766010980935748415707616255038616793868114750360876631643637253856756585629232299218566e-178,2.0076601098093574e-178
blaschke_mu_0p3,exact,40,40,blaschke_mu_0p3,alpha^15,alpha,15,1,0.001562069488955406402587890625,0.0015620694889554065,0.0015620694889554065,0.0,0.0015620694889554065,0.00186038752085400229681876459852925952577868814321085681715424559853928174765066492952071921,0.0018603875208540023,['(0.00207581853217517091745650634459423793512978425727441799552875254419186795566803007862601487 - 0.00178804464383305523868140689895863211174288506541143639640559480550597721988118126149253756j)'],2.00766010980935748415707616255038616793868114750360876631643637253856756585629232299218566e-178,2.0076601098093574e-178
blaschke_mu_0p3,exact,40,40,blaschke_mu_0p3,alpha^16,alpha,16,1,0.00101534516782101416168212890625,0.0010153451678210142,0.0010153451678210142,0.0,0.0010153451678210142,0.0015677799028775876994682746472088529572221309614281206705309037901250895341938253165537114,0.0015677799028775876,['-0.000552434735056573537786145740958852957222130961428120670530903790125089534193825316553711395'],2.00766010980935748415707616255038616793868114750360876631643637253856756585629232299218566e-178,2.0076601098093574e-178
blaschke_mu_0p3,exact,40,40,blaschke_mu_0p3,mu^6,mu,6,2,0.000729,0.000729,0.000729,0.0,0.000729,0.00152302701102315307072358928751918131650043844611173795767800916481413462232333223383474261,0.001523027011023153,"['-0.000625826433968368846287763217537729709747828967439904745297055231945438674070396594460719693', '-0.000794027011023153070723589287519181316500438446111737957678009164814134622323332233834742613']",2.00766010980935748415707616255038616793868114750360876631643637253856756585629232299218566e-178,2.0076601098093574e-178
blaschke_mu_0p3,exact,40,40,blaschke_mu_0p3,alpha^17,alpha,17,1,0.0006599743590836592050933837890625,0.0006599743590836592,0.0006599743590836592,0.0,0.0006599743590836592,0.00164850675843935185452551031393167304859333072219525239563928143868068757636344051129147908,0.0016485067584393518,['-0.000988532399355692649432126524869173048593330722195252395639281438680687576363440511291479083'],2.00766010980935748415707616255038616793868114750360876631643637253856756585629232299218566e-178,2.0076601098093574e-178
blaschke_mu_0p3,exact,40,40,blaschke_mu_0p3,alpha^18,alpha,18,1,0.000428983333404378483310699462890625,0.0004289833334043785,0.0004289833334043785,0.0,0.0004289833334043785,0.00150503892643795323883969727327226504905019617860722993125917026650088969832495868947819427,0.0015050389264379533,['(-0.000713290492563479215629439093264623467579355790878677858510121907001616110882673916079071511 + 0.000979975855111879357495739236810886675737685642756067946042223972475057203685335067807662889j)'],2.00766010980935748415707616255038616793868114750360876631643637253856756585629232299218566e-178,2.0076601098093574e-178
blaschke_mu_0p3,exact,50,50,blaschke_mu_0p3,alpha^1,alpha,1,1,0.65,0.65,0.65,0.0,0.65,4.67133667677794731907690522330050216823637218031316474049756853985446105587856788989971705e-34,4.671336676777947e-34,['0.64999999999999999999999999999999953286633232220526809230947766994978317636278196868352595'],5.35023056997474261440439987175510679227200392858999669548585556978575971878518636054337186e-178,5.350230569974743e-178
blaschke_mu_0p3,exact,50,50,blaschke_mu_0p3,alpha^2,alpha,2,1,0.4225,0.4225,0.4225,0.0,0.4225,8.07109560200824575221595942884820221685244350596250109885154643311808704623814702668160702e-31,8.071095602008246e-31,['0.422499999999999999999999999999192890439799175424778404057115179778314755649403749890114845'],5.35023056997474261440439987175510679227200392858999669548585556978575971878518636054337186e-178,5.350230569974743e-178
blaschke_mu_0p3,exact,50,50,blaschke_mu_0p3,mu^1,mu,1,2,0.3,0.3,0.3,0.0,0.3,2.72023497427847475135747983810938855595559299019016682992348280549612184617844445329432643e-50,2.720234974278475e-50,"['0.299999999999999999999999999999999999999999999999994961233387034039482360990159779418993122', '0.300000000000000000000000000000000000000000000000027202349742784747513574798381093885559556']",5.35023056997474261440439987175510679227200392858999669548585556978575971878518636054337186e-178,5.350230569974743e-178
blaschke_mu_0p3,exact,50,50,blaschke_mu_0p3,alpha^3,alpha,3,1,0.274625,0.274625,0.274625,0.0,0.274625,0.000000000000000000000000000147545954516589202992290980225517321210985247831607190685736842032588100107567684433835547,1.475459545165892e-28,['0.274624999999999999999999999852454045483410797007709019774482678789014752168392809314263158'],5.35023056997474261440439987175510679227200392858999669548585556978575971878518636054337186e-178,5.350230569974743e-178
blaschke_mu_0p3,exact,50,50,blaschke_mu_0p3,alpha^4,alpha,4,1,0.17850625,0.17850625,0.17850625,0.0,0.17850625,0.0000000000000000000000000118031344908145142598062336819747820139813608031300635044005724773022751540566882239492896,1.1803134490814515e-26,['0.178506250000000000000000011803134490814514259806233681974782013981360803130063504400572477'],5.35023056997474261440439987175510679227200392858999669548585556978575971878518636054337186e-178,5.350230569974743e-178
blaschke_mu_0p3,exact,50,50,blaschke_mu_0p3,alpha^5,alpha,5,1,0.1160290625,0.1160290625,0.1160290625,0.0,0.1160290625,0.0000000000000000000000000826257896435345608282126506198656095016491057897606546230997448799796385193416120463916821,8.262578964353456e-26,['0.11602906249999999999999991737421035646543917178734938013439049835089421023934537690025512'],5.35023056997474261440439987175510679227200392858999669548585556978575971878518636054337186e-178,5.350230569974743e-178
blaschke_mu_0p3,exact,50,50,blaschke_mu_0p3,mu^2,mu,2,2,0.09,0.09,0.09,0.0,0.09,3.62959878611531056558005288551643855914841174118546443053200979571629647195367824633908987e-31,3.6295987861153107e-31,"['0.0900000000000000000000000000000344277963167630551400515188687998322387516748571174131235928', '0.090000000000000000000000000000362959878611531056558005288551643855914841174118546443053201']",5.35023056997474261440439987175510679227200392858999669548585556978575971878518636054337186e-178,5.350230569974743e-178
blaschke_mu_0p3,exact,50,50,blaschke_mu_0p3,alpha^6,alpha,6,1,0.075418890625,0.075418890625,0.075418890625,0.0,0.075418890625,0.000000000000000000000282184501919132649635799686098631853990955627004235375482458922336826150662358231017165123,2.8218450191913265e-22,['0.0754188906250000000002821845019191326496357996860986318539909556270042353754824589223368262'],5.35023056997474261440439987175510679227200392858999669548585556978575971878518636054337186e-178,5.350230569974743e-178
blaschke_mu_0p3,exact,50,50,blaschke_mu_0p3,alpha^7,alpha,7,1,0.04902227890625,0.04902227890625,0.04902227890625,0.0,0.04902227890625,0.0000000000000000000038948563994778321019537841013194128442178171288623033397092083903179489602827487172081053,3.894856399477832e-21,['0.049022278906250000003894856399477832101953784101319412844217817128862303339709208390317949'],5.35023056997474261440439987175510679227200392858999669548585556978575971878518636054337186e-178,5.350230569974743e-178
blaschke_mu_0p3,exact,50,50,blaschke_mu_0p3,alpha^8,alpha,8,1,0.0318644812890625,0.0318644812890625,0.0318644812890625,0.0,0.0318644812890625,0.000000000000000000420078404394901755532506533935489799454763846705130254186161843486311112496710920975587453,4.2007840439490174e-19,['0.0318644812890625004200784043949017555325065339354897994547638467051302541861618434863111125'],5.35023056997474261440439987175510679227200392858999669548585556978575971878518636054337186e-178,5.350230569974743e-178
blaschke_mu_0p3,exact,50,50,blaschke_mu_0p3,mu^3,mu,3,2,0.027,0.027,0.027,0.0,0.027,0.0000000000000000000636960658599267551926570126561596535676774367726440468153610404614497292420868587190154969,6.369606585992676e-20,"['0.0270000000000000000086259283269941833642664327985239163227367031379102566143775917325545572', '0.0269999999999999999363039341400732448073429873438403464323225632273559531846389595385502708']",5.35023056997474261440439987175510679227200392858999669548585556978575971878518636054337186e-178,5.350230569974743e-178
blaschke_mu_0p3,exact,50,50,blaschke_mu_0p3,alpha^9,alpha,9,1,0.020711912837890625,0.020711912837890624,0.020711912837890624,0.0,0.020711912837890624,0.00000000000000000331724358524068237419419217856229711554730090508452917099314314206119669223401436513919608,3.3172435852406824e-18,['0.0207119128378906283172435852406823741941921785622971155473009050845291709931431420611966922'],5.35023056997474261440439987175510679227200392858999669548585556978575971878518636054337186e-178,5.350230569974743e-178
blaschke_mu_0p3,exact,50,50,blaschke_mu_0p3,alpha^10,alpha,10,1,0.01346274334462890625,0.013462743344628906,0.013462743344628906,0.0,0.013462743344628906,0.00000000000000171551504736645738262993610849706208649056145324314263068088907144023792767726789153946022,1.7155150473664573e-15,['0.0134627433446306217650473664573826299361084970620864905614532431426306808890714402379276773'],5.35023056997474261440439987175510679227200392858999669548585556978575971878518636054337186e-178,5.350230569974743e-178
blaschke_mu_0p3,exact,50,50,blaschke_mu_0p3,alpha^11,alpha,11,1,0.0087507831740087890625,0.00875078317400879,0.00875078317400879,0.0,0.00875078317400879,0.000000000000692721757696994340077185831537800918247705742920416604232346060892071994565203726901456091,6.927217576969944e-13,['0.00875078317470151082019699434007718583153780091824770574292041660423234606089207199456520373'],5.35023056997474261440439987175510679227200392858999669548585556978575971878518636054337186e-178,5.350230569974743e-178
blaschke_mu_0p3,exact,50,50,blaschke_mu_0p3,mu^4,mu,4,2,0.0081,0.0081,0.0081,0.0,0.0081,0.00000000000197260837292140178777237562624500429820242800696712328177282549785278163379556844966340947,1.9726083729214016e-12,"['0.00809999999812072702340985212711573050058882385258168823681067127496461965414566143937663559', '0.00809999999802739162707859821222762437375499570179757199303287671822717450214721836620443155']",5.35023056997474261440439987175510679227200392858999669548585556978575971878518636054337186e-178,5.350230569974743e-178
blaschke_mu_0p3,exact,50,50,blaschke_mu_0p3,alpha^12,alpha,12,1,0.005688009063105712890625,0.005688009063105713,0.005688009063105713,0.0,0.005688009063105713,0.000000000114376337081854796121495752882774551172236496718332857309236941702466277866635870971872874,1.1437633708185479e-10,['0.00568800917748204997247979612149575288277455117223649671833285730923694170246627786663587097'],5.35023056997474261440439987175510679227200392858999669548585556978575971878518636054337186e-178,5.350230569974743e-178
blaschke_mu_0p3,exact,50,50,blaschke_mu_0p3,alpha^13,alpha,13,1,0.00369720589101871337890625,0.0036972058910187135,0.0036972058910187135,0.0,0.0036972058910187135,0.00000000354412626309895026281426553604202028572844951060712690505552594842590468143704543441355362,3.5441262630989504e-09,['0.00369720943514497647785651281426553604202028572844951060712690505552594842590468143704543441'],5.35023056997474261440439987175510679227200392858999669548585556978575971878518636054337186e-178,5.350230569974743e-178
blaschke_mu_0p3,exact,50,50,blaschke_mu_0p3,mu^5,mu,5,2,0.00243,0.00243,0.00243,0.0,0.00243,0.0000223661861830324390742225195178505121009213057099709040481183776477513483689539581265342703,2.236618618303244e-05,"['0.00242971921998951864124488866633759471093206923121412090783758307401536022637802482834046119', '(0.00241758480056616760450448199373512177503251460622318247688251049292147267276402159029657231 - 0.000018604007831438873928827895360617461157567796777305195476663659658412409929014820351915538j)']",5.35023056997474261440439987175510679227200392858999669548585556978575971878518636054337186e-178,5.350230569974743e-178
blaschke_mu_0p3,exact,50,50,blaschke_mu_0p3,alpha^14,alpha,14,1,0.0024031838291621636962890625,0.0024031838291621636,0.0024031838291621636,0.0,0.0024031838291621636,0.0000235265187558885823355608578903012696665667456180778088680086884439054915654461712833500014,2.3526518755888582e-05,['(0.00241758480056616760450448199373512177503251460622318247688251049292147267276402159029657231 + 0.000018604007831438873928827895360617461157567796777305195476663659658412409929014820351915538j)'],5.35023056997474261440439987175510679227200392858999669548585556978575971878518636054337186e-178,5.350230569974743e-178
blaschke_mu_0p3,exact,50,50,blaschke_mu_0p3,alpha^15,alpha,15,1,0.001562069488955406402587890625,0.0015620694889554065,0.0015620694889554065,0.0,0.0015620694889554065,0.000010603722937587707564092019751584301586009845340323128558652085266946056013238882948397815,1.0603722937587708e-05,['0.00157267321189299411015198264475158430158600984534032312855865208526694605601323888294839781'],5.35023056997474261440439987175510679227200392858999669548585556978575971878518636054337186e-178,5.350230569974743e-178
blaschke_mu_0p3,exact,50,50,blaschke_mu_0p3,alpha^16,alpha,16,1,0.00101534516782101416168212890625,0.0010153451678210142,0.0010153451678210142,0.0,0.0010153451678210142,0.000263556624451589229724684454211588498677157748615098850828483724396250764903762734772648459,0.00026355662445158926,['(0.00110293160819854839463521077429138886131518290412620006185781755168183311228858861029294189 + 0.000248577371766435495914452483867119342474299456754130741817594372650966644056333498185166821j)'],5.35023056997474261440439987175510679227200392858999669548585556978575971878518636054337186e-178,5.350230569974743e-178
blaschke_mu_0p3,exact,50,50,blaschke_mu_0p3,mu^6,mu,6,2,0.000729,0.000729,0.000729,0.0,0.000729,0.000346381043216516994500918659765082696120821927196596070089197127723188556797072999542912612,0.000346381043216517,"['(0.000936270904779240243993775761083967647252655793361750486957086766919010657891460423387814953 + 0.000277522249795863642557233867783735989842508318643550773133181284577258109096613520089736773j)', '(0.000936270904779240243993775761083967647252655793361750486957086766919010657891460423387814953 - 0.000277522249795863642557233867783735989842508318643550773133181284577258109096613520089736773j)']",5.35023056997474261440439987175510679227200392858999669548585556978575971878518636054337186e-178,5.350230569974743e-178
blaschke_mu_0p3,exact,50,50,blaschke_mu_0p3,alpha^17,alpha,17,1,0.0006599743590836592050933837890625,0.0006599743590836592,0.0006599743590836592,0.0,0.0006599743590836592,0.000507938809599875605439648868787014302908761617905493548060779832409564808646551144429630245,0.0005079388095998756,['(0.00110293160819854839463521077429138886131518290412620006185781755168183311228858861029294189 - 0.000248577371766435495914452483867119342474299456754130741817594372650966644056333498185166821j)'],5.35023056997474261440439987175510679227200392858999669548585556978575971878518636054337186e-178,5.350230569974743e-178
blaschke_mu_0p3,exact,50,50,blaschke_mu_0p3,alpha^18,alpha,18,1,0.000428983333404378483310699462890625,0.0004289833334043785,0.0004289833334043785,0.0,0.0004289833334043785,0.000481842630604092252124563159455432219744261320068797521532067585548790071560240918538386343,0.00048184263060409223,['(-0.0000461382341645274720645196398750556241368584649505978726437814492110652411265040137128487086 - 0.0000801986078329121128822332898318988064591396981299482987051990451712284127281520432040647444j)'],5.35023056997474261440439987175510679227200392858999669548585556978575971878518636054337186e-178,5.350230569974743e-178
blaschke_mu_0p3,exact,60,60,blaschke_mu_0p3,alpha^1,alpha,1,1,0.65,0.65,0.65,0.0,0.65,9.95167336656859976903195657792448767863885956802637454830362532629370575218977689806561145e-41,9.9516733665686e-41,['0.649999999999999999999999999999999999999900483266334314002309680434220755123213611404319736'],1.10063862578736550099235201794717254498540291604966137030147477703825050101821707230492961e-177,1.1006386257873655e-177
blaschke_mu_0p3,exact,60,60,blaschke_mu_0p3,alpha^2,alpha,2,1,0.4225,0.4225,0.4225,0.0,0.4225,4.60417695318036905695193307222033651356391396993299875808800785529163633697247201812335942e-38,4.604176953180369e-38,['0.422499999999999999999999999999999999953958230468196309430480669277796634864360860300670012'],1.10063862578736550099235201794717254498540291604966137030147477703825050101821707230492961e-177,1.1006386257873655e-177
blaschke_mu_0p3,exact,60,60,blaschke_mu_0p3,mu^1,mu,1,2,0.3,0.3,0.3,0.0,0.3,1.92092520588733345872613994173605878211757434299749825130711552605928848082399145035326888e-65,1.9209252058873336e-65,"['0.300000000000000000000000000000000000000000000000000000000000000002971367014814440003036096', '0.299999999999999999999999999999999999999999999999999999999999999980790747941126665412738601']",1.10063862578736550099235201794717254498540291604966137030147477703825050101821707230492961e-177,1.1006386257873655e-177
blaschke_mu_0p3,exact,60,60,blaschke_mu_0p3,alpha^3,alpha,3,1,0.274625,0.274625,0.274625,0.0,0.274625,2.8615490232800607996482611095575929075981471579307239807564803658823266023097069182806926e-35,2.8615490232800607e-35,['0.274624999999999999999999999999999971384509767199392003517388904424070924018528420692760192'],1.10063862578736550099235201794717254498540291604966137030147477703825050101821707230492961e-177,1.1006386257873655e-177
blaschke_mu_0p3,exact,60,60,blaschke_mu_0p3,alpha^4,alpha,4,1,0.17850625,0.17850625,0.17850625,0.0,0.17850625,3.39386228329490274148041663047560004979911855604712833568498112431484591950752331367931556e-32,3.3938622832949026e-32,['0.17850625000000000000000000000003393862283294902741480416630475600049799118556047128335685'],1.10063862578736550099235201794717254498540291604966137030147477703825050101821707230492961e-177,1.1006386257873655e-177
blaschke_mu_0p3,exact,60,60,blaschke_mu_0p3,alpha^5,alpha,5,1,0.1160290625,0.1160290625,0.1160290625,0.0,0.1160290625,1.32961924678356135359413546182127100140432525854784423661612784315853168598300374809100426e-30,1.3296192467835614e-30,['0.116029062500000000000000000001329619246783561353594135461821271001404325258547844236616128'],1.10063862578736550099235201794717254498540291604966137030147477703825050101821707230492961e-177,1.1006386257873655e-177
blaschke_mu_0p3,exact,60,60,blaschke_mu_0p3,mu^2,mu,2,2,0.09,0.09,0.09,0.0,0.09,7.41914832207875801649516509927396713810863755778403704522658339409363091614279548454412723e-43,7.419148322078758e-43,"['0.0899999999999999999999999999999999999999999415922753147026258367057106023936287370189257841', '0.0899999999999999999999999999999999999999992580851677921241983504834900726032861891362442216']",1.10063862578736550099235201794717254498540291604966137030147477703825050101821707230492961e-177,1.1006386257873655e-177
blaschke_mu_0p3,exact,60,60,blaschke_mu_0p3,alpha^6,alpha,6,1,0.075418890625,0.075418890625,0.075418890625,0.0,0.075418890625,0.00000000000000000000000000052391988670827218532780770242369319874948605600199187519599159251503218954904237787883167,5.239198867082721e-28,['0.0754188906250000000000000005239198867082721853278077024236931987494860560019918751959915925'],1.10063862578736550099235201794717254498540291604966137030147477703825050101821707230492961e-177,1.1006386257873655e-177
blaschke_mu_0p3,exact,60,60,blaschke_mu_0p3,alpha^7,alpha,7,1,0.04902227890625,0.04902227890625,0.04902227890625,0.0,0.04902227890625,0.0000000000000000000000000115638362182223345540924303859971277433585727479629172574859543221269530598438047881489816,1.1563836218222335e-26,['0.0490222789062500000000000115638362182223345540924303859971277433585727479629172574859543221'],1.10063862578736550099235201794717254498540291604966137030147477703825050101821707230492961e-177,1.1006386257873655e-177
blaschke_mu_0p3,exact,60,60,blaschke_mu_0p3,alpha^8,alpha,8,1,0.0318644812890625,0.0318644812890625,0.0318644812890625,0.0,0.0318644812890625,0.00000000000000000000000101139865676424484703619412821045140151563003090627835989856883547823435511942122311629347,1.0113986567642448e-24,['0.0318644812890625000000010113986567642448470361941282104514015156300309062783598985688354782'],1.10063862578736550099235201794717254498540291604966137030147477703825050101821707230492961e-177,1.1006386257873655e-177
blaschke_mu_0p3,exact,60,60,blaschke_mu_0p3,mu^3,mu,3,2,0.027,0.027,0.027,0.0,0.027,0.0000000000000000000000000000217957201997781845565122435196876038682312422168124871501232425525460635056834016396098794,2.1795720199778184e-29,"['0.026999999999999999999999999997576912938939011015762569085178193645104234019837031473068235', '0.0270000000000000000000000000217957201997781845565122435196876038682312422168124871501232426']",1.10063862578736550099235201794717254498540291604966137030147477703825050101821707230492961e-177,1.1006386257873655e-177
blaschke_mu_0p3,exact,60,60,blaschke_mu_0p3,alpha^9,alpha,9,1,0.020711912837890625,0.020711912837890624,0.020711912837890624,0.0,0.020711912837890624,0.0000000000000000000000144903679416816166821321649126197602978526961592171101435018054121445821772805415562890216,1.4490367941681617e-23,['0.0207119128378906250000144903679416816166821321649126197602978526961592171101435018054121446'],1.10063862578736550099235201794717254498540291604966137030147477703825050101821707230492961e-177,1.1006386257873655e-177
blaschke_mu_0p3,exact,60,60,blaschke_mu_0p3,alpha^10,alpha,10,1,0.01346274334462890625,0.013462743344628906,0.013462743344628906,0.0,0.013462743344628906,0.00000000000000000000034260915188599467168690080902812712958553178624569723484703525300839520235687857142581934,3.4260915188599465e-22,['0.0134627433446289062503426091518859946716869008090281271295855317862456972348470352530083952'],1.10063862578736550099235201794717254498540291604966137030147477703825050101821707230492961e-177,1.1006386257873655e-177
blaschke_mu_0p3,exact,60,60,blaschke_mu_0p3,alpha^11,alpha,11,1,0.0087507831740087890625,0.00875078317400879,0.00875078317400879,0.0,0.00875078317400879,0.00000000000000000000367687146916377329924333604703896143283626498119660641458503847637289653913860389744333719,3.676871469163773e-21,['0.00875078317400878905882312853083622670075666395296103856716373501880339358541496152362710346'],1.10063862578736550099235201794717254498540291604966137030147477703825050101821707230492961e-177,1.1006386257873655e-177
blaschke_mu_0p3,exact,60,60,blaschke_mu_0p3,mu^4,mu,4,2,0.0081,0.0081,0.0081,0.0,0.0081,0.0000000000000000000359760889534940434771388481995378209695264727660253655857410892265587988040351911510371018,3.597608895349404e-20,"['0.00810000000000000002768399656900291185819935933134927592462012626721251753387559229773961707', '0.0081000000000000000359760889534940434771388481995378209695264727660253655857410892265587988']",1.10063862578736550099235201794717254498540291604966137030147477703825050101821707230492961e-177,1.1006386257873655e-177
blaschke_mu_0p3,exact,60,60,blaschke_mu_0p3,alpha^12,alpha,12,1,0.005688009063105712890625,0.005688009063105713,0.005688009063105713,0.0,0.005688009063105713,0.00000000000000000591688180251019551538109376515560628750599699938469371316912808800070173931610703534166826,5.9168818025101954e-18,['0.00568800906310570697374319748980448461890623484439371249400300061530628683087191199929826068'],1.10063862578736550099235201794717254498540291604966137030147477703825050101821707230492961e-177,1.1006386257873655e-177
blaschke_mu_0p3,exact,60,60,blaschke_mu_0p3,alpha^13,alpha,13,1,0.00369720589101871337890625,0.0036972058910187135,0.0036972058910187135,0.0,0.0036972058910187135,0.000000000000000486396165643910907483196541956241828035903765800614351290092458657853350231120082884036827,4.863961656439109e-16,['0.00369720589101822698274060608909251680345804375817196409623419938564870990754134214664976888'],1.10063862578736550099235201794717254498540291604966137030147477703825050101821707230492961e-177,1.1006386257873655e-177
blaschke_mu_0p3,exact,60,60,blaschke_mu_0p3,mu^5,mu,5,2,0.00243,0.00243,0.00243,0.0,0.00243,0.00000000000995434454404313261992242660602249669475904257259708897142185648140347638494187648090306501,9.954344544043132e-12,"['0.00243000000011774879324584335363977727459541371994135378178584550004227871800815057819101798', '0.00243000000995434454404313261992242660602249669475904257259708897142185648140347638494187648']",1.10063862578736550099235201794717254498540291604966137030147477703825050101821707230492961e-177,1.1006386257873655e-177
blaschke_mu_0p3,exact,60,60,blaschke_mu_0p3,alpha^14,alpha,14,1,0.0024031838291621636962890625,0.0024031838291621636,0.0024031838291621636,0.0,0.0024031838291621636,0.0000000000113420579067133383638729753029218071833872417547818254237191167011948623325402493011430008,1.1342057906713338e-11,['0.0024031838178201057895757241361270246970781928166127582452181745762808832988051376674597507'],1.10063862578736550099235201794717254498540291604966137030147477703825050101821707230492961e-177,1.1006386257873655e-177
blaschke_mu_0p3,exact,60,60,blaschke_mu_0p3,alpha^15,alpha,15,1,0.001562069488955406402587890625,0.0015620694889554065,0.0015620694889554065,0.0,0.0015620694889554065,0.0000000000145200078955153865126991266574869851285274771843254075288106204029736100039710017166440789,1.4520007895515387e-11,['0.00156206947443539850707250411230087334251301487147252281567459247118937959702638999602899828'],1.10063862578736550099235201794717254498540291604966137030147477703825050101821707230492961e-177,1.1006386257873655e-177
blaschke_mu_0p3,exact,60,60,blaschke_mu_0p3,alpha^16,alpha,16,1,0.00101534516782101416168212890625,0.0010153451678210142,0.0010153451678210142,0.0,0.0010153451678210142,0.00000000450457431741978808531109817713769097719398873333724223109053304404575817415767946193219514,4.504574317419788e-09,['0.00101534967239533158147021421734817713769097719398873333724223109053304404575817415767946193'],1.10063862578736550099235201794717254498540291604966137030147477703825050101821707230492961e-177,1.1006386257873655e-177
blaschke_mu_0p3,exact,60,60,blaschke_mu_0p3,mu^6,mu,6,2,0.000729,0.000729,0.000729,0.0,0.000729,0.000000117766772884373632718633640107899020908402565098061611843175599668193056518949553979629853,1.1776677288437363e-07,"['0.000729115041731254216934719707431878519977881342597577518196462116891595964012763354034872035', '0.00072888223322711562636728136635989210097909159743490193838815682440033180694348105044602037']",1.10063862578736550099235201794717254498540291604966137030147477703825050101821707230492961e-177,1.1006386257873655e-177
blaschke_mu_0p3,exact,60,60,blaschke_mu_0p3,alpha^17,alpha,17,1,0.0006599743590836592050933837890625,0.0006599743590836592,0.0006599743590836592,0.0,0.0006599743590836592,0.000000285994326287468438668988535301127656433668468801502271517012470928083637242696582360388017,2.8599432628746843e-07,['0.000659688364757371736654714800527198872343566331531198497728482987529071916362757303417639612'],1.10063862578736550099235201794717254498540291604966137030147477703825050101821707230492961e-177,1.1006386257873655e-177
blaschke_mu_0p3,exact,60,60,blaschke_mu_0p3,alpha^18,alpha,18,1,0.000428983333404378483310699462890625,0.0004289833334043785,0.0004289833334043785,0.0,0.0004289833334043785,0.00000689580207548230414558210698839231240216791097251888757581178782949150132903167192180710207,6.895802075482304e-06,['0.000435879135479860787456281569879017312402167910972518887575811787829491501329031671921807102'],1.10063862578736550099235201794717254498540291604966137030147477703825050101821707230492961e-177,1.1006386257873655e-177
blaschke_mu_0p3,exact,70,70,blaschke_mu_0p3,alpha^1,alpha,1,1,0.65,0.65,0.65,0.0,0.65,1.47461439446408249208593125840064097299957990750167523229853904635482619186077232044023606e-47,1.4746143944640825e-47,['0.649999999999999999999999999999999999999999999985253856055359175079140687415993590270004201'],1.63180245606285767774043933945408007231097531495897630466759308771361597221825764009874609e-177,1.6318024560628576e-177
blaschke_mu_0p3,exact,70,70,blaschke_mu_0p3,alpha^2,alpha,2,1,0.4225,0.4225,0.4225,0.0,0.4225,7.25612955088984582808035697615308268472473536550709966307026637511095813081374619137714332e-44,7.256129550889845e-44,['0.422500000000000000000000000000000000000000072561295508898458280803569761530826847247353655'],1.63180245606285767774043933945408007231097531495897630466759308771361597221825764009874609e-177,1.6318024560628576e-177
blaschke_mu_0p3,exact,70,70,blaschke_mu_0p3,mu^1,mu,1,2,0.3,0.3,0.3,0.0,0.3,2.29428923672142606503779193862804210397709840393596828720068718700460304423225988854787293e-81,2.294289236721426e-81,"['0.299999999999999999999999999999999999999999999999999999999999999999999999999999999695119577', '0.300000000000000000000000000000000000000000000000000000000000000000000000000000002294289237']",1.63180245606285767774043933945408007231097531495897630466759308771361597221825764009874609e-177,1.6318024560628576e-177
blaschke_mu_0p3,exact,70,70,blaschke_mu_0p3,alpha^3,alpha,3,1,0.274625,0.274625,0.274625,0.0,0.274625,1.18976556762239573070545312575526518610970888362293082420995892140689474128566412528426395e-41,1.1897655676223957e-41,['0.274625000000000000000000000000000000000011897655676223957307054531257552651861097088836229'],1.63180245606285767774043933945408007231097531495897630466759308771361597221825764009874609e-177,1.6318024560628576e-177
blaschke_mu_0p3,exact,70,70,blaschke_mu_0p3,alpha^4,alpha,4,1,0.17850625,0.17850625,0.17850625,0.0,0.17850625,3.24862800107564707918150624566391920979435122887940704952702187857862453155300681875801275e-38,3.248628001075647e-38,['0.17850625000000000000000000000000000003248628001075647079181506245663919209794351228879407'],1.63180245606285767774043933945408007231097531495897630466759308771361597221825764009874609e-177,1.6318024560628576e-177
blaschke_mu_0p3,exact,70,70,blaschke_mu_0p3,alpha^5,alpha,5,1,0.1160290625,0.1160290625,0.1160290625,0.0,0.1160290625,2.07895319331144256049662153199982427700986187814707046675813782559740545484628619515568903e-36,2.0789531933114426e-36,['0.116029062500000000000000000000000002078953193311442560496621531999824277009861878147070467'],1.63180245606285767774043933945408007231097531495897630466759308771361597221825764009874609e-177,1.6318024560628576e-177
blaschke_mu_0p3,exact,70,70,blaschke_mu_0p3,mu^2,mu,2,2,0.09,0.09,0.09,0.0,0.09,2.17879472045408289544876801062424003822721092286659167686779384969710532992144414637184004e-55,2.178794720454083e-55,"['0.0900000000000000000000000000000000000000000000000000000146717185197915713914304159435263877', '0.0900000000000000000000000000000000000000000000000000002178794720454082895448768010624240038']",1.63180245606285767774043933945408007231097531495897630466759308771361597221825764009874609e-177,1.6318024560628576e-177
blaschke_mu_0p3,exact,70,70,blaschke_mu_0p3,alpha^6,alpha,6,1,0.075418890625,0.075418890625,0.075418890625,0.0,0.075418890625,5.92743386572346683487478357385421265091632170094590467890924343258563417392021454168536837e-34,5.927433865723467e-34,['0.0754188906250000000000000000000005927433865723466834874783573854212650916321700945904678909'],1.63180245606285767774043933945408007231097531495897630466759308771361597221825764009874609e-177,1.6318024560628576e-177
blaschke_mu_0p3,exact,70,70,blaschke_mu_0p3,alpha^7,alpha,7,1,0.04902227890625,0.04902227890625,0.04902227890625,0.0,0.04902227890625,1.94113261664582276556696862646894046011381748794164916134013601267283446301858498828450562e-32,1.9411326166458229e-32,['0.0490222789062500000000000000000194113261664582276556696862646894046011381748794164916134014'],1.63180245606285767774043933945408007231097531495897630466759308771361597221825764009874609e-177,1.6318024560628576e-177
blaschke_mu_0p3,exact,70,70,blaschke_mu_0p3,alpha^8,alpha,8,1,0.0318644812890625,0.0318644812890625,0.0318644812890625,0.0,0.0318644812890625,1.24218229769385133562106970095252784526286600673988980744280770180746732741926378198314876e-30,1.2421822976938513e-30,['0.0318644812890625000000000000012421822976938513356210697009525278452628660067398898074428077'],1.63180245606285767774043933945408007231097531495897630466759308771361597221825764009874609e-177,1.6318024560628576e-177
blaschke_mu_0p3,exact,70,70,blaschke_mu_0p3,mu^3,mu,3,2,0.027,0.027,0.027,0.0,0.027,9.01374839221578852481465075295655681306529167354212485489141128970865465902814889117695589e-40,9.013748392215788e-40,"['0.0270000000000000000000000000000000000000851489892910847061387676557907794785996639157094017', '0.0269999999999999999999999999999999999990986251607784211475185349247043443186934708326457875']",1.63180245606285767774043933945408007231097531495897630466759308771361597221825764009874609e-177,1.6318024560628576e-177
blaschke_mu_0p3,exact,70,70,blaschke_mu_0p3,alpha^9,alpha,9,1,0.020711912837890625,0.020711912837890624,0.020711912837890624,0.0,0.020711912837890624,0.0000000000000000000000000000280614657700083840442758797811406310227714857173800442452558579604745385912550167522805885,2.806146577000838e-29,['0.020711912837890625000000000028061465770008384044275879781140631022771485717380044245255858'],1.63180245606285767774043933945408007231097531495897630466759308771361597221825764009874609e-177,1.6318024560628576e-177
blaschke_mu_0p3,exact,70,70,blaschke_mu_0p3,alpha^10,alpha,10,1,0.01346274334462890625,0.013462743344628906,0.013462743344628906,0.0,0.013462743344628906,0.000000000000000000000000000608291000689972284267795004445251271718468920094483081311754093980113900367452094832086259,6.082910006899723e-28,['0.013462743344628906249999999391708999310027715732204995554748728281531079905516918688245906'],1.63180245606285767774043933945408007231097531495897630466759308771361597221825764009874609e-177,1.6318024560628576e-177
blaschke_mu_0p3,exact,70,70,blaschke_mu_0p3,alpha^11,alpha,11,1,0.0087507831740087890625,0.00875078317400879,0.00875078317400879,0.0,0.00875078317400879,0.00000000000000000000000000108971390217024604224549327346223032528226440812387218099724184809624646697196567148368328,1.089713902170246e-27,['0.0087507831740087890624999989102860978297539577545067265377696747177355918761278190027581519'],1.63180245606285767774043933945408007231097531495897630466759308771361597221825764009874609e-177,1.6318024560628576e-177
blaschke_mu_0p3,exact,70,70,blaschke_mu_0p3,mu^4,mu,4,2,0.0081,0.0081,0.0081,0.0,0.0081,0.000000000000000000000000000065889757129400841999054179589636786916213942864205764216021105216680296870255033092192409,6.588975712940084e-29,"['0.00809999999999999999999999995733266409997133526278846458360503092541483835758650233402746017', '0.00809999999999999999999999993411024287059915800094582041036321308378605713579423578397889478']",1.63180245606285767774043933945408007231097531495897630466759308771361597221825764009874609e-177,1.6318024560628576e-177
blaschke_mu_0p3,exact,70,70,blaschke_mu_0p3,alpha^12,alpha,12,1,0.005688009063105712890625,0.005688009063105713,0.005688009063105713,0.0,0.005688009063105713,0.00000000000000000000000132478131345236496900983749981650046151170974595846854083342518957445619288329692856190029,1.324781313452365e-24,['0.00568800906310571289062367521868654763503099016250018349953848829025404153145916657481042554'],1.63180245606285767774043933945408007231097531495897630466759308771361597221825764009874609e-177,1.6318024560628576e-177
blaschke_mu_0p3,exact,70,70,blaschke_mu_0p3,alpha^13,alpha,13,1,0.00369720589101871337890625,0.0036972058910187135,0.0036972058910187135,0.0,0.0036972058910187135,0.00000000000000000000000310557886851852811654820691411628421983063313015272208664964477718820182149058332642803104,3.1055788685185283e-24,['0.0036972058910187133789031444211314814718834517930858837157801693668698472779133503552228118'],1.63180245606285767774043933945408007231097531495897630466759308771361597221825764009874609e-177,1.6318024560628576e-177
blaschke_mu_0p3,exact,70,70,blaschke_mu_0p3,mu^5,mu,5,2,0.00243,0.00243,0.00243,0.0,0.00243,0.000000000000000000433768575891189913120582962229274791008115859267636453259457231422760111659502493958094549,4.337685758911899e-19,"['0.00242999999999999999573780342967720054877380773168651773256391755638412176336596506234920115', '0.00242999999999999956623142410881008687941703777072520899188414073236354674054276857723988834']",1.63180245606285767774043933945408007231097531495897630466759308771361597221825764009874609e-177,1.6318024560628576e-177
blaschke_mu_0p3,exact,70,70,blaschke_mu_0p3,alpha^14,alpha,14,1,0.0024031838291621636962890625,0.0024031838291621636,0.0024031838291621636,0.0,0.0024031838291621636,0.00000000000000000050747643844386427230027171221095034041910651375574021891872964905871766248834073408156,5.074764384438643e-19,['0.00240318382916216420376550094386427230027171221095034041910651375574021891872964905871766249'],1.63180245606285767774043933945408007231097531495897630466759308771361597221825764009874609e-177,1.6318024560628576e-177
blaschke_mu_0p3,exact,70,70,blaschke_mu_0p3,alpha^15,alpha,15,1,0.001562069488955406402587890625,0.0015620694889554065,0.0015620694889554065,0.0,0.0015620694889554065,0.00000000000000000150534059051090868616170685155286512195077433507715630832102579128926654873809780880486898,1.5053405905109088e-18,['0.00156206948895540790792848113590868616170685155286512195077433507715630832102579128926654874'],1.63180245606285767774043933945408007231097531495897630466759308771361597221825764009874609e-177,1.6318024560628576e-177
blaschke_mu_0p3,exact,70,70,blaschke_mu_0p3,alpha^16,alpha,16,1,0.00101534516782101416168212890625,0.0010153451678210142,0.0010153451678210142,0.0,0.0010153451678210142,0.00000000000000152481131569739542363793797599177398144342847357178360058424338453069263710591265722688738,1.5248113156973954e-15,['0.00101534516781948935036643151082636206202400822601855657152642821639941575661546930736289409'],1.63180245606285767774043933945408007231097531495897630466759308771361597221825764009874609e-177,1.6318024560628576e-177
blaschke_mu_0p3,exact,70,70,blaschke_mu_0p3,mu^6,mu,6,2,0.000729,0.000729,0.000729,0.0,0.000729,0.0000000000000832331491854959237616159716362092605875302484429290464794927680742125395840001970013257896,8.323314918549592e-14,"['0.000728999999933279607550976763914599833930682444155183797395754866066250511257993978229790202', '0.000729000000083233149185495923761615971636209260587530248442929046479492768074212539584000197']",1.63180245606285767774043933945408007231097531495897630466759308771361597221825764009874609e-177,1.6318024560628576e-177
blaschke_mu_0p3,exact,70,70,blaschke_mu_0p3,alpha^17,alpha,17,1,0.0006599743590836592050933837890625,0.0006599743590836592,0.0006599743590836592,0.0,0.0006599743590836592,0.000000000000205261546914041689339755328170684608399533054963532150437916544168446770521676109918039753,2.0526154691404168e-13,['0.00065997435928892075200742547840225532817068460839953305496353215043791654416844677052167611'],1.63180245606285767774043933945408007231097531495897630466759308771361597221825764009874609e-177,1.6318024560628576e-177
blaschke_mu_0p3,exact,70,70,blaschke_mu_0p3,alpha^18,alpha,18,1,0.000428983333404378483310699462890625,0.0004289833334043785,0.0004289833334043785,0.0,0.0004289833334043785,0.0000000000173932463957825904114035500697908481947990304359013646830817954897243748644940767993680214,1.739324639578259e-11,['0.000428983316011132087528109051487074930209151805200969564098635316918204510275625135505923201'],1.63180245606285767774043933945408007231097531495897630466759308771361597221825764009874609e-177,1.6318024560628576e-177
blaschke_mu_0p3,exact,80,80,blaschke_mu_0p3,alpha^1,alpha,1,1,0.65,0.65,0.65,0.0,0.65,2.23171208049791235422521760991902764455606483587054282297992250862295552609917464060279614e-55,2.2317120804979123e-55,['0.649999999999999999999999999999999999999999999999999999776828791950208764577478239008097236'],2.14911075601700673054485035186971460047985568690515255534096219453229328005062670634943448e-177,2.149110756017007e-177
blaschke_mu_0p3,exact,80,80,blaschke_mu_0p3,alpha^2,alpha,2,1,0.4225,0.4225,0.4225,0.0,0.4225,4.76770613218435215257561293936731164079660581821804313425140274812740866127385257353530896e-50,4.767706132184353e-50,['0.422500000000000000000000000000000000000000000000047677061321843521525756129393673116407966'],2.14911075601700673054485035186971460047985568690515255534096219453229328005062670634943448e-177,2.149110756017007e-177
blaschke_mu_0p3,exact,80,80,blaschke_mu_0p3,mu^1,mu,1,2,0.3,0.3,0.3,0.0,0.3,6.07239448743901461403232642718192759838814291355792450121854467719643840795075901931409054e-98,6.072394487439015e-98,"['0.3', '0.3']",2.14911075601700673054485035186971460047985568690515255534096219453229328005062670634943448e-177,2.149110756017007e-177
blaschke_mu_0p3,exact,80,80,blaschke_mu_0p3,alpha^3,alpha,3,1,0.274625,0.274625,0.274625,0.0,0.274625,1.47536263286763870966160410826505633237737901755754865998159779619362678237622429027985688e-47,1.4753626328676387e-47,['0.27462500000000000000000000000000000000000000001475362632867638709661604108265056332377379'],2.14911075601700673054485035186971460047985568690515255534096219453229328005062670634943448e-177,2.149110756017007e-177
blaschke_mu_0p3,exact,80,80,blaschke_mu_0p3,alpha^4,alpha,4,1,0.17850625,0.17850625,0.17850625,0.0,0.17850625,2.01379408729048529788468794552616701275311467299353587188581450058248352881117507742106213e-44,2.0137940872904853e-44,['0.17850625000000000000000000000000000000000002013794087290485297884687945526167012753114673'],2.14911075601700673054485035186971460047985568690515255534096219453229328005062670634943448e-177,2.149110756017007e-177
blaschke_mu_0p3,exact,80,80,blaschke_mu_0p3,alpha^5,alpha,5,1,0.1160290625,0.1160290625,0.1160290625,0.0,0.1160290625,1.83851405021973390857751810790654072228017241642993139172338079669256790337524629622777008e-42,1.8385140502197338e-42,['0.11602906250000000000000000000000000000000183851405021973390857751810790654072228017241643'],2.14911075601700673054485035186971460047985568690515255534096219453229328005062670634943448e-177,2.149110756017007e-177
blaschke_mu_0p3,exact,80,80,blaschke_mu_0p3,mu^2,mu,2,2,0.09,0.09,0.09,0.0,0.09,1.2575219740702143357410045535123126101482239812173385059790204733519811392307687449317866e-68,1.2575219740702143e-68,"['0.0899999999999999999999999999999999999999999999999999999999999999999992598778819879292336473', '0.08999999999999999999999999999999999999999999999999999999999999999998742478025929785664259']",2.14911075601700673054485035186971460047985568690515255534096219453229328005062670634943448e-177,2.149110756017007e-177
blaschke_mu_0p3,exact,80,80,blaschke_mu_0p3,alpha^6,alpha,6,1,0.075418890625,0.075418890625,0.075418890625,0.0,0.075418890625,4.18645729908098688081798247807312981805240153557204290615961856393578314546011355057435737e-40,4.186457299080987e-40,['0.0754188906250000000000000000000000000004186457299080986880817982478073129818052401535572043'],2.14911075601700673054485035186971460047985568690515255534096219453229328005062670634943448e-177,2.149110756017007e-177
blaschke_mu_0p3,exact,80,80,blaschke_mu_0p3,alpha^7,alpha,7,1,0.04902227890625,0.04902227890625,0.04902227890625,0.0,0.04902227890625,1.9838888310528906670776090771788528839514359590229949330930264143339988179540335631276459e-38,1.9838888310528906e-38,['0.0490222789062500000000000000000000000198388883105289066707760907717885288395143595902299493'],2.14911075601700673054485035186971460047985568690515255534096219453229328005062670634943448e-177,2.149110756017007e-177
blaschke_mu_0p3,exact,80,80,blaschke_mu_0p3,alpha^8,alpha,8,1,0.0318644812890625,0.0318644812890625,0.0318644812890625,0.0,0.0318644812890625,1.69258185475503245923726615907729993887075011569757148552184768664953636566815738527220534e-37,1.6925818547550325e-37,['0.0318644812890625000000000000000000001692581854755032459237266159077299938870750115697571486'],2.14911075601700673054485035186971460047985568690515255534096219453229328005062670634943448e-177,2.149110756017007e-177
blaschke_mu_0p3,exact,80,80,blaschke_mu_0p3,mu^3,mu,3,2,0.027,0.027,0.027,0.0,0.027,6.47156991719404924113800747315061476739713271792166086728543225105538410321622990240347504e-51,6.47156991719405e-51,"['0.0269999999999999999999999999999999999999999999999994679588462634289014978952087513554669418', '0.0270000000000000000000000000000000000000000000000064715699171940492411380074731506147673971']",2.14911075601700673054485035186971460047985568690515255534096219453229328005062670634943448e-177,2.149110756017007e-177
blaschke_mu_0p3,exact,80,80,blaschke_mu_0p3,alpha^9,alpha,9,1,0.020711912837890625,0.020711912837890624,0.020711912837890624,0.0,0.020711912837890624,1.90691079203271858114966442137725388698848506504963223771034082351831336299541644626886701e-35,1.9069107920327186e-35,['0.0207119128378906250000000000000000190691079203271858114966442137725388698848506504963223771'],2.14911075601700673054485035186971460047985568690515255534096219453229328005062670634943448e-177,2.149110756017007e-177
blaschke_mu_0p3,exact,80,80,blaschke_mu_0p3,alpha^10,alpha,10,1,0.01346274334462890625,0.013462743344628906,0.013462743344628906,0.0,0.013462743344628906,5.79168964928277846379976144672802947446611117271625382413459238830729653750677703706499482e-33,5.791689649282779e-33,['0.0134627433446289062499999999999942083103507172215362002385532719705255338888272837461758654'],2.14911075601700673054485035186971460047985568690515255534096219453229328005062670634943448e-177,2.149110756017007e-177
blaschke_mu_0p3,exact,80,80,blaschke_mu_0p3,alpha^11,alpha,11,1,0.0087507831740087890625,0.00875078317400879,0.00875078317400879,0.0,0.00875078317400879,6.94895538139576058144486085283827953519347432057148066358497960236508336395348110253838897e-32,6.94895538139576e-32,['0.0087507831740087890624999999999305104461860423941855513914716172046480652567942851933641502'],2.14911075601700673054485035186971460047985568690515255534096219453229328005062670634943448e-177,2.149110756017007e-177
blaschke_mu_0p3,exact,80,80,blaschke_mu_0p3,mu^4,mu,4,2,0.0081,0.0081,0.0081,0.0,0.0081,1.83889438605948380839011572919443327715087680798537323820397297186560257235029065527357672e-38,1.8388943860594838e-38,"['0.00810000000000000000000000000000000001029870172651966639755461938769742793763841116195308905', '0.00810000000000000000000000000000000001838894386059483808390115729194433277150876807985373238']",2.14911075601700673054485035186971460047985568690515255534096219453229328005062670634943448e-177,2.149110756017007e-177
blaschke_mu_0p3,exact,80,80,blaschke_mu_0p3,alpha^12,alpha,12,1,0.005688009063105712890625,0.005688009063105713,0.005688009063105713,0.0,0.005688009063105713,8.60330404424947086951130861255302232384180510698976871045830505426278459240207300968545318e-30,8.60330404424947e-30,['0.00568800906310571289062499999139669595575052913048869138744697767615819489301023128954169495'],2.14911075601700673054485035186971460047985568690515255534096219453229328005062670634943448e-177,2.149110756017007e-177
blaschke_mu_0p3,exact,80,80,blaschke_mu_0p3,alpha^13,alpha,13,1,0.00369720589101871337890625,0.0036972058910187135,0.0036972058910187135,0.0,0.0036972058910187135,0.0000000000000000000000000000885232669415760437977558088272993485662815993334881823601247660177255348723651387622941693,8.852326694157604e-29,['0.00369720589101871337890624991147673305842395620224419117270065143371840066651181763987523398'],2.14911075601700673054485035186971460047985568690515255534096219453229328005062670634943448e-177,2.149110756017007e-177
blaschke_mu_0p3,exact,80,80,blaschke_mu_0p3,mu^5,mu,5,2,0.00243,0.00243,0.00243,0.0,0.00243,0.00000000000000000000000000250891227023286095116031510050371129965141471075747754683777643009919130931889608098524889,2.508912270232861e-27,"['0.00243000000000000000000000002114608475395489956195453709374279306566115415342358754574774872', '0.0024300000000000000000000025089122702328609511603151005037112996514147107574775468377764301']",2.14911075601700673054485035186971460047985568690515255534096219453229328005062670634943448e-177,2.149110756017007e-177
blaschke_mu_0p3,exact,80,80,blaschke_mu_0p3,alpha^14,alpha,14,1,0.0024031838291621636962890625,0.0024031838291621636,0.0024031838291621636,0.0,0.0024031838291621636,0.00000000000000000000000000626962824685589906299627583494652369749855590550232335788700018655207808091894090322539842,6.269628246855899e-27,['0.00240318382916216369628905623037175314410093700372416505347630250144409449767664211299981345'],2.14911075601700673054485035186971460047985568690515255534096219453229328005062670634943448e-177,2.149110756017007e-177
blaschke_mu_0p3,exact,80,80,blaschke_mu_0p3,alpha^15,alpha,15,1,0.001562069488955406402587890625,0.0015620694889554065,0.0015620694889554065,0.0,0.0015620694889554065,0.0000000000000000000000000489099326549581036187935570262683316048680256758946363845535590287820836080234578509628102,4.8909932654958105e-26,['0.00156206948895540640258784171506734504189638120644297373166839513197432410536361544644097122'],2.14911075601700673054485035186971460047985568690515255534096219453229328005062670634943448e-177,2.149110756017007e-177
blaschke_mu_0p3,exact,80,80,blaschke_mu_0p3,alpha^16,alpha,16,1,0.00101534516782101416168212890625,0.0010153451678210142,0.0010153451678210142,0.0,0.0010153451678210142,0.0000000000000000000000615677843116823787670178034397627718976380372751562789292714169668795539793213562083418129,6.156778431168237e-23,['0.00101534516782101416174369669056168237876701780343976277189763803727515627892927141696687955'],2.14911075601700673054485035186971460047985568690515255534096219453229328005062670634943448e-177,2.149110756017007e-177
blaschke_mu_0p3,exact,80,80,blaschke_mu_0p3,mu^6,mu,6,2,0.000729,0.000729,0.000729,0.0,0.000729,0.00000000000000000000675036027796726616731915784571973251615153280276313448159223887084668123801233765464706728,6.750360277967266e-21,"['0.000729000000000000004594185712943482991659184365170066760834817713395946330540643475609649373', '0.000728999999999999993249639722032733832680842154280267483848467197236865518407761129153318762']",2.14911075601700673054485035186971460047985568690515255534096219453229328005062670634943448e-177,2.149110756017007e-177
blaschke_mu_0p3,exact,80,80,blaschke_mu_0p3,alpha^17,alpha,17,1,0.0006599743590836592050933837890625,0.0006599743590836592,0.0006599743590836592,0.0,0.0006599743590836592,0.0000000000000000000173360394211195560528457369183151808281726117489736045499542436144971879902799804720035879,1.7336039421119556e-20,['0.00065997435908365918775734436794294394715426308168481917182738825102639545004575638550281201'],2.14911075601700673054485035186971460047985568690515255534096219453229328005062670634943448e-177,2.149110756017007e-177
blaschke_mu_0p3,exact,80,80,blaschke_mu_0p3,alpha^18,alpha,18,1,0.000428983333404378483310699462890625,0.0004289833334043785,0.0004289833334043785,0.0,0.0004289833334043785,0.00000000000000000412840354347648582138743975748359378989401921626490910635822923400396127874253963775372278,4.128403543476486e-18,['0.000428983333404382611714242939376446387439757483593789894019216264909106358229234003961278743'],2.14911075601700673054485035186971460047985568690515255534096219453229328005062670634943448e-177,2.149110756017007e-177
blaschke_mu_0p3,exact,90,90,blaschke_mu_0p3,alpha^1,alpha,1,1,0.65,0.65,0.65,0.0,0.65,8.52998014125724910010948275476163438058600583772409643052472265906574708560909533423775487e-61,8.529980141257249e-61,['0.650000000000000000000000000000000000000000000000000000000000852998014125724910010948275476'],2.22430198857389882207716322595744253629524908898989827553402087136340676668872677453114725e-177,2.224301988573899e-177
blaschke_mu_0p3,exact,90,90,blaschke_mu_0p3,alpha^2,alpha,2,1,0.4225,0.4225,0.4225,0.0,0.4225,1.94312017383741204735174840461255749120560213936363566775546901901961002594424716939516259e-56,1.943120173837412e-56,['0.422500000000000000000000000000000000000000000000000000019431201738374120473517484046125575'],2.22430198857389882207716322595744253629524908898989827553402087136340676668872677453114725e-177,2.224301988573899e-177
blaschke_mu_0p3,exact,90,90,blaschke_mu_0p3,mu^1,mu,1,2,0.3,0.3,0.3,0.0,0.3,4.33451692642696397148347064794041671960277972443650254337578350922877317686871288193686114e-115,4.334516926426964e-115,"['0.3', '0.3']",2.22430198857389882207716322595744253629524908898989827553402087136340676668872677453114725e-177,2.224301988573899e-177
blaschke_mu_0p3,exact,90,90,blaschke_mu_0p3,alpha^3,alpha,3,1,0.274625,0.274625,0.274625,0.0,0.274625,8.51448674959825659690036404586427905942682771138333416901326943501349975117223052693643541e-54,8.514486749598257e-54,['0.274625000000000000000000000000000000000000000000000008514486749598256596900364045864279059'],2.22430198857389882207716322595744253629524908898989827553402087136340676668872677453114725e-177,2.224301988573899e-177
blaschke_mu_0p3,exact,90,90,blaschke_mu_0p3,alpha^4,alpha,4,1,0.17850625,0.17850625,0.17850625,0.0,0.17850625,8.92052813348069955926779168377395694883401628095168906343388710228395186164613782267709702e-51,8.9205281334807e-51,['0.178506250000000000000000000000000000000000000000008920528133480699559267791683773956948834'],2.22430198857389882207716322595744253629524908898989827553402087136340676668872677453114725e-177,2.224301988573899e-177
blaschke_mu_0p3,exact,90,90,blaschke_mu_0p3,alpha^5,alpha,5,1,0.1160290625,0.1160290625,0.1160290625,0.0,0.1160290625,1.11946519165457143665984185119864862833967242907194209332866534601358869890211361629726061e-48,1.1194651916545715e-48,['0.116029062500000000000000000000000000000000000001119465191654571436659841851198648628339672'],2.22430198857389882207716322595744253629524908898989827553402087136340676668872677453114725e-177,2.224301988573899e-177
blaschke_mu_0p3,exact,90,90,blaschke_mu_0p3,mu^2,mu,2,2,0.09,0.09,0.09,0.0,0.09,1.78890008923188292936563477901384577432808256281102018522994858905086562004629854049673609e-82,1.788900089231883e-82,"['0.090000000000000000000000000000000000000000000000000000000000000000000000000000000009353148', '0.0900000000000000000000000000000000000000000000000000000000000000000000000000000001788900089']",2.22430198857389882207716322595744253629524908898989827553402087136340676668872677453114725e-177,2.224301988573899e-177
blaschke_mu_0p3,exact,90,90,blaschke_mu_0p3,alpha^6,alpha,6,1,0.075418890625,0.075418890625,0.075418890625,0.0,0.075418890625,1.44491096592810275930565098920443211114200341855091922612726115883038578889752286838797862e-46,1.4449109659281028e-46,['0.0754188906250000000000000000000000000000000001444910965928102759305650989204432111142003419'],2.22430198857389882207716322595744253629524908898989827553402087136340676668872677453114725e-177,2.224301988573899e-177
blaschke_mu_0p3,exact,90,90,blaschke_mu_0p3,alpha^7,alpha,7,1,0.04902227890625,0.04902227890625,0.04902227890625,0.0,0.04902227890625,1.13496492177588798995168593253884992629457002776504397164054942351333848923320389253525462e-44,1.134964921775888e-44,['0.0490222789062500000000000000000000000000000113496492177588798995168593253884992629457002777'],2.22430198857389882207716322595744253629524908898989827553402087136340676668872677453114725e-177,2.224301988573899e-177
blaschke_mu_0p3,exact,90,90,blaschke_mu_0p3,alpha^8,alpha,8,1,0.0318644812890625,0.0318644812890625,0.0318644812890625,0.0,0.0318644812890625,2.18525505031746623112321433598816267842315253281432550655084492939555689420988790632698244e-42,2.1852550503174663e-42,['0.0318644812890624999999999999999999999999978147449496825337688767856640118373215768474671857'],2.22430198857389882207716322595744253629524908898989827553402087136340676668872677453114725e-177,2.224301988573899e-177
blaschke_mu_0p3,exact,90,90,blaschke_mu_0p3,mu^3,mu,3,2,0.027,0.027,0.027,0.0,0.027,1.04295514718512302721387636888457304883633588902409204159533625519317831061654978538864234e-62,1.0429551471851231e-62,"['0.0270000000000000000000000000000000000000000000000000000000000007594643759925032511697820594', '0.0269999999999999999999999999999999999999999999999999999999999895704485281487697278612363112']",2.22430198857389882207716322595744253629524908898989827553402087136340676668872677453114725e-177,2.224301988573899e-177
blaschke_mu_0p3,exact,90,90,blaschke_mu_0p3,alpha^9,alpha,9,1,0.020711912837890625,0.020711912837890624,0.020711912837890624,0.0,0.020711912837890624,4.06351240963911391973858973932047147684278596234416915951234662745857129536409559854032654e-41,4.063512409639114e-41,['0.0207119128378906249999999999999999999999593648759036088608026141026067952852315721403765583'],2.22430198857389882207716322595744253629524908898989827553402087136340676668872677453114725e-177,2.224301988573899e-177
blaschke_mu_0p3,exact,90,90,blaschke_mu_0p3,alpha^10,alpha,10,1,0.01346274334462890625,0.013462743344628906,0.013462743344628906,0.0,0.013462743344628906,1.72878899016882277740579455229235036759416142831044491603319460211514039045834357409695153e-38,1.7287889901688229e-38,['0.0134627433446289062499999999999999999827121100983117722259420544770764963240583857168955508'],2.22430198857389882207716322595744253629524908898989827553402087136340676668872677453114725e-177,2.224301988573899e-177
blaschke_mu_0p3,exact,90,90,blaschke_mu_0p3,alpha^11,alpha,11,1,0.0087507831740087890625,0.00875078317400879,0.00875078317400879,0.0,0.00875078317400879,3.011424103815776333394989209258960296884394195474565564094417509066029492967688526885219e-37,3.011424103815776e-37,['0.00875078317400878906249999999999999969885758961842236666050107907410397031156058045254344359'],2.22430198857389882207716322595744253629524908898989827553402087136340676668872677453114725e-177,2.224301988573899e-177
blaschke_mu_0p3,exact,90,90,blaschke_mu_0p3,mu^4,mu,4,2,0.0081,0.0081,0.0081,0.0,0.0081,1.0451449746105057858199343637482428217524634107257009497999692990209537966311894199109499e-48,1.0451449746105058e-48,"['0.0080999999999999999999999999999999999999999999994837628241786240615465737990951997130241207', '0.00809999999999999999999999999999999999999999999895485502538949421418006563625175717824753659']",2.22430198857389882207716322595744253629524908898989827553402087136340676668872677453114725e-177,2.224301988573899e-177
blaschke_mu_0p3,exact,90,90,blaschke_mu_0p3,alpha^12,alpha,12,1,0.005688009063105712890625,0.005688009063105713,0.005688009063105713,0.0,0.005688009063105713,2.72818428777191708966747881624928070009002600573222829611127543342955638368497018025660551e-35,2.728184287771917e-35,['0.00568800906310571289062499999999997271815712228082910332521183750719299909973994267771703889'],2.22430198857389882207716322595744253629524908898989827553402087136340676668872677453114725e-177,2.224301988573899e-177
blaschke_mu_0p3,exact,90,90,blaschke_mu_0p3,alpha^13,alpha,13,1,0.00369720589101871337890625,0.0036972058910187135,0.0036972058910187135,0.0,0.0036972058910187135,3.80732872992111765885974181933444726707081842745491696122581259636946473877121168684263001e-34,3.8073287299211177e-34,['0.00369720589101871337890624999999961926712700788823411402581806655527329291815725450830387742'],2.22430198857389882207716322595744253629524908898989827553402087136340676668872677453114725e-177,2.224301988573899e-177
blaschke_mu_0p3,exact,90,90,blaschke_mu_0p3,mu^5,mu,5,2,0.00243,0.00243,0.00243,0.0,0.00243,2.66964702420180641603282073796116814963724272763734434126226514289521801785420260931078415e-36,2.6696470242018064e-36,"['0.00242999999999999999999999999999999998026669813294458519578309233444796275421430415061084168', '0.00242999999999999999999999999999999733035297579819358396717926203883185036275727236265565874']",2.22430198857389882207716322595744253629524908898989827553402087136340676668872677453114725e-177,2.224301988573899e-177
blaschke_mu_0p3,exact,90,90,blaschke_mu_0p3,alpha^14,alpha,14,1,0.0024031838291621636962890625,0.0024031838291621636,0.0024031838291621636,0.0,0.0024031838291621636,1.01533577101204686892967644985120682530348044324035211519410729477575820232003276027395013e-32,1.0153357710120469e-32,['0.00240318382916216369628906249998984664228987953131070323550148793174696519556759647884805893'],2.22430198857389882207716322595744253629524908898989827553402087136340676668872677453114725e-177,2.224301988573899e-177
blaschke_mu_0p3,exact,90,90,blaschke_mu_0p3,alpha^15,alpha,15,1,0.001562069488955406402587890625,0.0015620694889554065,0.0015620694889554065,0.0,0.0015620694889554065,1.32481686829467771375971934842285304968553990618113175308170352679816361604011801388446196e-31,1.3248168682946778e-31,['0.00156206948895540640258789062486751831317053222862402806515771469503144600938188682469182965'],2.22430198857389882207716322595744253629524908898989827553402087136340676668872677453114725e-177,2.224301988573899e-177
blaschke_mu_0p3,exact,90,90,blaschke_mu_0p3,alpha^16,alpha,16,1,0.00101534516782101416168212890625,0.0010153451678210142,0.0010153451678210142,0.0,0.0010153451678210142,2.39622527558129042226622143053416800523663247650714774638431488758108282150705249430558899e-30,2.3962252755812903e-30,['0.00101534516782101416168212890864622527558129042226622143053416800523663247650714774638431489'],2.22430198857389882207716322595744253629524908898989827553402087136340676668872677453114725e-177,2.224301988573899e-177
blaschke_mu_0p3,exact,90,90,blaschke_mu_0p3,mu^6,mu,6,2,0.000729,0.000729,0.000729,0.0,0.000729,0.0000000000000000000000000000905848259203110892935083178513157976088727777587133343920794656004389478632165414158814976,9.058482592031108e-29,"['0.000728999999999999999999999946308316972079971474712660901717244403150180108844925787555852658', '0.0007290000000000000000000000905848259203110892935083178513157976088727777587133343920794656']",2.22430198857389882207716322595744253629524908898989827553402087136340676668872677453114725e-177,2.224301988573899e-177
blaschke_mu_0p3,exact,90,90,blaschke_mu_0p3,alpha^17,alpha,17,1,0.0006599743590836592050933837890625,0.0006599743590836592,0.0006599743590836592,0.0,0.0006599743590836592,0.000000000000000000000000000256102104765007945528320889872458621445090603080365479095527776426331829243060298195711123,2.5610210476500797e-28,['0.000659974359083659205093384045164604765007945528320889872458621445090603080365479095527776426'],2.22430198857389882207716322595744253629524908898989827553402087136340676668872677453114725e-177,2.224301988573899e-177
blaschke_mu_0p3,exact,90,90,blaschke_mu_0p3,alpha^18,alpha,18,1,0.000428983333404378483310699462890625,0.0004289833334043785,0.0004289833334043785,0.0,0.0004289833334043785,0.000000000000000000000000152314669633161431168943728267287427887032082234465544050775763852660685524974638902192941,1.5231466963316143e-25,['0.000428983333404378483310547148220991838568831056271732712572112967917765534455949224236147339'],2.22430198857389882207716322595744253629524908898989827553402087136340676668872677453114725e-177,2.224301988573899e-177
blaschke_mu_0p3,exact,100,100,blaschke_mu_0p3,alpha^1,alpha,1,1,0.65,0.65,0.65,0.0,0.65,3.99818525447466615460697696125027485018344413223924915664866509307076333543360716876759392e-67,3.998185254474666e-67,['0.650000000000000000000000000000000000000000000000000000000000000000399818525447466615460698'],4.44820095539165646459041712619704765666534375380351464978650878539080829922524278248266012e-177,4.4482009553916565e-177
blaschke_mu_0p3,exact,100,100,blaschke_mu_0p3,alpha^2,alpha,2,1,0.4225,0.4225,0.4225,0.0,0.4225,6.01587337608710715440178983346915161213312561973410557061760484336610104361373006674141569e-63,6.015873376087107e-63,['0.422500000000000000000000000000000000000000000000000000000000006015873376087107154401789833'],4.44820095539165646459041712619704765666534375380351464978650878539080829922524278248266012e-177,4.4482009553916565e-177
blaschke_mu_0p3,exact,100,100,blaschke_mu_0p3,mu^1,mu,1,2,0.3,0.3,0.3,0.0,0.3,9.71563378538771060239914644668057264852932639084115360684968791288752393189160961231642769e-133,9.71563378538771e-133,"['0.3', '0.3']",4.44820095539165646459041712619704765666534375380351464978650878539080829922524278248266012e-177,4.4482009553916565e-177
blaschke_mu_0p3,exact,100,100,blaschke_mu_0p3,alpha^3,alpha,3,1,0.274625,0.274625,0.274625,0.0,0.274625,3.52530834766250476791307418443306132338730859726560165704354261311238037023523162330246814e-60,3.5253083476625047e-60,['0.274625000000000000000000000000000000000000000000000000000003525308347662504767913074184433'],4.44820095539165646459041712619704765666534375380351464978650878539080829922524278248266012e-177,4.4482009553916565e-177
blaschke_mu_0p3,exact,100,100,blaschke_mu_0p3,alpha^4,alpha,4,1,0.17850625,0.17850625,0.17850625,0.0,0.17850625,2.63022140918574665896453124125174209227195039320736034962273539716099795417670210537813476e-57,2.6302214091857465e-57,['0.178506250000000000000000000000000000000000000000000000002630221409185746658964531241251742'],4.44820095539165646459041712619704765666534375380351464978650878539080829922524278248266012e-177,4.4482009553916565e-177
blaschke_mu_0p3,exact,100,100,blaschke_mu_0p3,alpha^5,alpha,5,1,0.1160290625,0.1160290625,0.1160290625,0.0,0.1160290625,4.67917510164334253547287442522836175249839602272161142311836465875882800477842300679425661e-55,4.6791751016433426e-55,['0.116029062500000000000000000000000000000000000000000000467917510164334253547287442522836175'],4.44820095539165646459041712619704765666534375380351464978650878539080829922524278248266012e-177,4.4482009553916565e-177
blaschke_mu_0p3,exact,100,100,blaschke_mu_0p3,mu^2,mu,2,2,0.09,0.09,0.09,0.0,0.09,7.44386186073379133385101807621678016579634804554702965835807791742087662068397041254771667e-97,7.443861860733791e-97,"['0.09', '0.09']",4.44820095539165646459041712619704765666534375380351464978650878539080829922524278248266012e-177,4.4482009553916565e-177
blaschke_mu_0p3,exact,100,100,blaschke_mu_0p3,alpha^6,alpha,6,1,0.075418890625,0.075418890625,0.075418890625,0.0,0.075418890625,6.10120117637835110942507177543269980387107551707893439214337348559337093577844440244071615e-53,6.1012011763783515e-53,['0.0754188906249999999999999999999999999999999999999999389879882362164889057492822456730019613'],4.44820095539165646459041712619704765666534375380351464978650878539080829922524278248266012e-177,4.4482009553916565e-177
blaschke_mu_0p3,exact,100,100,blaschke_mu_0p3,alpha^7,alpha,7,1,0.04902227890625,0.04902227890625,0.04902227890625,0.0,0.04902227890625,2.27545137491298505434457810871049424342459141062220022612028935048009688537128744663732663e-52,2.275451374912985e-52,['0.0490222789062499999999999999999999999999999999999997724548625087014945655421891289505756575'],4.44820095539165646459041712619704765666534375380351464978650878539080829922524278248266012e-177,4.4482009553916565e-177
blaschke_mu_0p3,exact,100,100,blaschke_mu_0p3,alpha^8,alpha,8,1,0.0318644812890625,0.0318644812890625,0.0318644812890625,0.0,0.0318644812890625,4.47168684215993232823906914648149703593106225675654184939234054150252343431023089462351479e-48,4.471686842159932e-48,['0.0318644812890624999999999999999999999999999999955283131578400676717609308535185029640689377'],4.44820095539165646459041712619704765666534375380351464978650878539080829922524278248266012e-177,4.4482009553916565e-177
blaschke_mu_0p3,exact,100,100,blaschke_mu_0p3,mu^3,mu,3,2,0.027,0.027,0.027,0.0,0.027,4.5698117923230422241064387625788553336752431978843693692003005350799342802296666629057788e-75,4.569811792323042e-75,"['0.0269999999999999999999999999999999999999999999999999999999999999999999999997012361384423243', '0.0270000000000000000000000000000000000000000000000000000000000000000000000045698117923230422']",4.44820095539165646459041712619704765666534375380351464978650878539080829922524278248266012e-177,4.4482009553916565e-177
blaschke_mu_0p3,exact,100,100,blaschke_mu_0p3,alpha^9,alpha,9,1,0.020711912837890625,0.020711912837890624,0.020711912837890624,0.0,0.020711912837890624,1.38831060567213871231657746831263009071622161354762962904233833862751498013822395928504919e-46,1.3883106056721388e-46,['0.0207119128378906249999999999999999999999999998611689394327861287683422531687369909283778386'],4.44820095539165646459041712619704765666534375380351464978650878539080829922524278248266012e-177,4.4482009553916565e-177
blaschke_mu_0p3,exact,100,100,blaschke_mu_0p3,alpha^10,alpha,10,1,0.01346274334462890625,0.013462743344628906,0.013462743344628906,0.0,0.013462743344628906,3.08105201443218478274107472731414972298253350710986498461890163222304185656860202557925158e-44,3.081052014432185e-44,['0.0134627433446289062499999999999999999999999691894798556781521725892527268585027701746649289'],4.44820095539165646459041712619704765666534375380351464978650878539080829922524278248266012e-177,4.4482009553916565e-177
blaschke_mu_0p3,exact,100,100,blaschke_mu_0p3,alpha^11,alpha,11,1,0.0087507831740087890625,0.00875078317400879,0.00875078317400879,0.0,0.00875078317400879,7.17438159967367953180250525587101090916951343849648952397324040269154692462998920536544158e-43,7.1743815996736796e-43,['0.00875078317400878906249999999999999999999928256184003263204681974947441289890908304865615035'],4.44820095539165646459041712619704765666534375380351464978650878539080829922524278248266012e-177,4.4482009553916565e-177
blaschke_mu_0p3,exact,100,100,blaschke_mu_0p3,mu^4,mu,4,2,0.0081,0.0081,0.0081,0.0,0.0081,1.49733513919735622913519219032122008600567356231087285520154804260128414544182081277111459e-59,1.4973351391973563e-59,"['0.00810000000000000000000000000000000000000000000000000000000661985655018530142051625629000558', '0.0081000000000000000000000000000000000000000000000000000000149733513919735622913519219032122']",4.44820095539165646459041712619704765666534375380351464978650878539080829922524278248266012e-177,4.4482009553916565e-177
blaschke_mu_0p3,exact,100,100,blaschke_mu_0p3,alpha^12,alpha,12,1,0.005688009063105712890625,0.005688009063105713,0.005688009063105713,0.0,0.005688009063105713,4.89799780655571536992478646342012886820630394920025768718682807372545861567433026980119701e-41,4.897997806555716e-41,['0.00568800906310571289062499999999999999995102002193444284630075213536579871131793696050799742'],4.44820095539165646459041712619704765666534375380351464978650878539080829922524278248266012e-177,4.4482009553916565e-177
blaschke_mu_0p3,exact,100,100,blaschke_mu_0p3,alpha^13,alpha,13,1,0.00369720589101871337890625,0.0036972058910187135,0.0036972058910187135,0.0,0.0036972058910187135,9.32181203303796494976149149858093002920251359180154533970246485233622582526399321669231422e-40,9.321812033037965e-40,['0.00369720589101871337890624999999999999906781879669620350502385085014190699707974864081984547'],4.44820095539165646459041712619704765666534375380351464978650878539080829922524278248266012e-177,4.4482009553916565e-177
blaschke_mu_0p3,exact,100,100,blaschke_mu_0p3,mu^5,mu,5,2,0.00243,0.00243,0.00243,0.0,0.00243,6.61997064009753572279426647123857545099622018071541387593438406072720972472331149793164192e-46,6.619970640097536e-46,"['0.00243000000000000000000000000000000000000000000436223039729718717697766304670816725802484828', '0.00243000000000000000000000000000000000000000066199706400975357227942664712385754509962201807']",4.44820095539165646459041712619704765666534375380351464978650878539080829922524278248266012e-177,4.4482009553916565e-177
blaschke_mu_0p3,exact,100,100,blaschke_mu_0p3,alpha^14,alpha,14,1,0.0024031838291621636962890625,0.0024031838291621636,0.0024031838291621636,0.0,0.0024031838291621636,5.20974136595098954828398878436371462573300162930026417084695799544915175858617782115386858e-40,5.2097413659509895e-40,['0.00240318382916216369628906250000000000052097413659509895482839887843637146257330016293002642'],4.44820095539165646459041712619704765666534375380351464978650878539080829922524278248266012e-177,4.4482009553916565e-177
blaschke_mu_0p3,exact,100,100,blaschke_mu_0p3,alpha^15,alpha,15,1,0.001562069488955406402587890625,0.0015620694889554065,0.0015620694889554065,0.0,0.0015620694889554065,1.67086181543711865665175074895965188219769483968769439446099324713588699546997107202307254e-37,1.6708618154371187e-37,['0.00156206948895540640258789062499999983291381845628813433482492510403481178023051603123056055'],4.44820095539165646459041712619704765666534375380351464978650878539080829922524278248266012e-177,4.4482009553916565e-177
blaschke_mu_0p3,exact,100,100,blaschke_mu_0p3,alpha^16,alpha,16,1,0.00101534516782101416168212890625,0.0010153451678210142,0.0010153451678210142,0.0,0.0010153451678210142,3.77188317984946811303474940018557631513836773014681973405449359654126987221317057095979829e-35,3.771883179849468e-35,['0.00101534516782101416168212890625003771883179849468113034749400185576315138367730146819734054'],4.44820095539165646459041712619704765666534375380351464978650878539080829922524278248266012e-177,4.4482009553916565e-177
blaschke_mu_0p3,exact,100,100,blaschke_mu_0p3,mu^6,mu,6,2,0.000729,0.000729,0.000729,0.0,0.000729,2.61110152855133830588494519478698814978678879125157938585047638193562091639787401602972684e-37,2.6111015285513383e-37,"['0.000729000000000000000000000000000000137281024782343693662828353278327376089804995065637387433', '0.000728999999999999999999999999999999738889847144866169411505480521301185021321120874842061415']",4.44820095539165646459041712619704765666534375380351464978650878539080829922524278248266012e-177,4.4482009553916565e-177
blaschke_mu_0p3,exact,100,100,blaschke_mu_0p3,alpha^17,alpha,17,1,0.0006599743590836592050933837890625,0.0006599743590836592,0.0006599743590836592,0.0,0.0006599743590836592,2.8120345274642985415515736599890363779055965416210098029598254005545389224694833140587978e-34,2.8120345274642987e-34,['0.000659974359083659205093383789062781203452746429854155157365998903637790559654162100980295983'],4.44820095539165646459041712619704765666534375380351464978650878539080829922524278248266012e-177,4.4482009553916565e-177
blaschke_mu_0p3,exact,100,100,blaschke_mu_0p3,alpha^18,alpha,18,1,0.000428983333404378483310699462890625,0.0004289833334043785,0.0004289833334043785,0.0,0.0004289833334043785,2.28785675741636150903005912449739367195638921653437298820035083842344831748353322764684378e-32,2.2878567574163616e-32,['0.000428983333404378483310699462913503567574163615090300591244973936719563892165343729882003508'],4.44820095539165646459041712619704765666534375380351464978650878539080829922524278248266012e-177,4.4482009553916565e-177
